filename_stem	cdrh3_seq	cluster_rep
10en_FE_agC _ D_m0	ARLTTVVEGAMDY	10en_FE_agC _ D_m0
10en_JI_agA _ B_m0	ARLTTVVEGAMDY	10en_FE_agC _ D_m0
10ev_FG_agA_m0	AREQYSSSPIDY	10ev_FG_agA_m0
10ev_HI_agC_m0	AREQYSSSPIDY	10ev_FG_agA_m0
10ex_FE_agD _ C_m0	ARSYDSFAY	10ex_FE_agD _ C_m0
10ex_JI_agB _ A_m0	ARSYDSFAY	10ex_FE_agD _ C_m0
10ey_FE_agC_m0	ALYGNYEGGYAMDY	10ey_FE_agC_m0
10ey_JI_agA_m0	ALYGNYEGGYAMDY	10ey_FE_agC_m0
10ez_FE_agA _ B_m0	ARLTTVVEGAMDY	10en_FE_agC _ D_m0
10ez_JI_agC _ D_m0	ARLTTVVEGAMDY	10en_FE_agC _ D_m0
10fd_FE_agD_m0	ARQDWTGAWFAY	10fd_FE_agD_m0
10fd_JI_agB_m0	ARQDWTGAWFAY	10fd_FE_agD_m0
10fe_FG_agC_m0	AREQYSSSPIDY	10ev_FG_agA_m0
10fe_HI_agA_m0	AREQYSSSPIDY	10ev_FG_agA_m0
10ff_FE_agD _ C_m0	ARSYDSFAY	10ex_FE_agD _ C_m0
10ff_JI_agB _ A_m0	ARSYDSFAY	10ex_FE_agD _ C_m0
10fl_FE_agD_m0	ARQDWTGAWFAY	10fd_FE_agD_m0
10fn_FE_agB _ A_m0	ARSYDSFTY	10fn_FE_agB _ A_m0
10fn_JI_agD _ C_m0	ARSYDSFTY	10fn_FE_agB _ A_m0
10fo_FE_agD_m0	ALYGNYEGGYAMDY	10ey_FE_agC_m0
10gh_CB_agA_m0	ARSYWGYYGLDY	10gh_CB_agA_m0
10op_GH_agA_m0	AREDRSGFYGLDV	10op_GH_agA_m0
10op_IJ_agE_m0	AREDRSGFYGLDV	10op_GH_agA_m0
10op_KL_agC_m0	AREDRSGFYGLDV	10op_GH_agA_m0
10op_MN_agB_m0	ARSSSSWSGYYHYYMDV	10op_MN_agB_m0
10op_OP_agF_m0	ARSSSSWSGYYHYYMDV	10op_MN_agB_m0
10op_QR_agD_m0	ARSSSSWSGYYHYYMDV	10op_MN_agB_m0
10op_ST_agB_m0	ARDRRRPRIDHGYGMDV	10op_ST_agB_m0
10op_UV_agF_m0	ARDRRRPRIDHGYGMDV	10op_ST_agB_m0
10op_WX_agD_m0	ARDRRRPRIDHGYGMDV	10op_ST_agB_m0
10or_GH_agA_m0	VTLIGAIGKIDSLDV	10or_GH_agA_m0
10or_IJ_agE_m0	VTLIGAIGKIDSLDV	10or_GH_agA_m0
10or_KL_agC_m0	VTLIGAIGKIDSLDV	10or_GH_agA_m0
10or_MN_agB_m0	ARSSSSWSGYYHYYMDV	10op_MN_agB_m0
10or_OP_agF_m0	ARSSSSWSGYYHYYMDV	10op_MN_agB_m0
10or_QR_agD_m0	ARSSSSWSGYYHYYMDV	10op_MN_agB_m0
10or_ST_agB_m0	ARDRRRPRIDHGYGMDV	10op_ST_agB_m0
10or_UV_agF_m0	ARDRRRPRIDHGYGMDV	10op_ST_agB_m0
10or_WX_agD_m0	ARDRRRPRIDHGYGMDV	10op_ST_agB_m0
10zo_ANA_agB_m0	AQGWGIASMRY	10zo_ANA_agB_m0
10zo_CNA_agD_m0	AQGWGIASMRY	10zo_ANA_agB_m0
12e8_HL_agNA_m0	NAGHDYDRGRFPY	12e8_HL_agNA_m0
12e8_PM_agNA_m0	NAGHDYDRGRFPY	12e8_HL_agNA_m0
15c8_HL_ag_m0	AADPPYYGHGDY	15c8_HL_ag_m0
1a0q_HL_ag_m0	KRGYYVDY	1a0q_HL_ag_m0
1a14_HL_agN_m0	ARSGGSYRDYGGFDY	1a14_HL_agN_m0
1a2y_BA_agC_m0	ARERDYRLDY	1kiq_BA_agC_m0
1a3l_HL_agL_m0	ARAGGYYTGGDY	1a3l_HL_agL_m0
1a3r_HL_agP_m0	DGYYSYYDMDY	1a3r_HL_agP_m0
1a4j_BA_ag_m0	VQAERLRRTFDY	1a4j_BA_ag_m0
1a4j_HL_ag_m0	VQAERLRRTFDY	1a4j_BA_ag_m0
1a4k_BA_agB_m0	VQAERLRRTFDY	1a4j_BA_ag_m0
1a4k_HL_agH_m0	VQAERLRRTFDY	1a4j_BA_ag_m0
1a5f_HL_ag_m0	ARVYAMDY	1a5f_HL_ag_m0
1a6t_BA_ag_m0	ARRDDYYFDF	1a6t_BA_ag_m0
1a6t_DC_ag_m0	ARRDDYYFDF	1a6t_BA_ag_m0
1a6u_HL_ag_m0	ARYDYYGSSYFDY	2xzq_HL_agP_m0
1a6v_HL_agH_m0	ARYDYYGSSYFDY	2xzq_HL_agP_m0
1a6v_IM_agI_m0	ARYDYYGSSYFDY	2xzq_HL_agP_m0
1a6v_JN_agJ_m0	ARYDYYGSSYFDY	2xzq_HL_agP_m0
1a6w_HL_agH_m0	ARYDYYGSSYFDY	2xzq_HL_agP_m0
1a7n_HL_ag_m0	ARERDYRLDY	1kiq_BA_agC_m0
1a7o_HL_ag_m0	ARERDYRLDY	1kiq_BA_agC_m0
1a7p_HL_ag_m0	ARERDYRLDY	1kiq_BA_agC_m0
1a7q_HL_ag_m0	ARERDYRLDY	1kiq_BA_agC_m0
1a7r_HL_ag_m0	ARERDYRLDY	1kiq_BA_agC_m0
1acy_HL_agP_m0	SRENHMYETYFDV	1acy_HL_agP_m0
1ad0_BA_ag_m0	TRDRGLRFYFDY	1ad0_BA_ag_m0
1ad0_DC_ag_m0	TRDRGLRFYFDY	1ad0_BA_ag_m0
1ad9_BA_ag_m0	AREKTTYYYAMDY	1ad9_BA_ag_m0
1ad9_HL_ag_m0	AREKTTYYYAMDY	1ad9_BA_ag_m0
1adq_HL_agA_m0	AKTRSYVVEAAYYFHY	1adq_HL_agA_m0
1ae6_HL_ag_m0	AREKTTYYYAMDY	1ad9_BA_ag_m0
1afv_HL_agA_m0	ARWRYGSPYYFDY	1afv_HL_agA_m0
1afv_KM_agB_m0	ARWRYGSPYYFDY	1afv_HL_agA_m0
1ahw_BA_agC_m0	ARDNSYYFDY	1ahw_BA_agC_m0
1ahw_ED_agF_m0	ARDNSYYFDY	1ahw_BA_agC_m0
1ai1_HL_agP_m0	SRENHMYETYFDV	1acy_HL_agP_m0
1aif_BA_ag_m0	VLRPLFYYAVDY	1aif_BA_ag_m0
1aif_HL_ag_m0	VLRPLFYYAVDY	1aif_BA_ag_m0
1aj7_HL_agH_m0	ASYYGIY	1aj7_HL_agH_m0
1ap2_BA_ag_m0	ARREVYSYYSPLDV	1mvu_BA_agP_m0
1ap2_DC_ag_m0	ARREVYSYYSPLDV	1mvu_BA_agP_m0
1aqk_HL_ag_m0	ARVLFQQLYLVAPFDI	1aqk_HL_ag_m0
1ar1_CD_agB_m0	VRHEYYYAMDY	1ar1_CD_agB_m0
1axs_BA_agB_m0	ARGHSYYFYDGDY	1axs_BA_agB_m0
1axs_HL_agH_m0	ARGHSYYFYDGDY	1axs_BA_agB_m0
1axt_HL_ag_m0	KIYFYSFSY	1axt_HL_ag_m0
1ay1_HL_ag_m0	ARYYYGYWYFDV	1ay1_HL_ag_m0
1b2w_HL_ag_m0	ARGFLPWFAD	1b2w_HL_ag_m0
1b4j_HL_ag_m0	ARGFLPWFAD	1b2w_HL_ag_m0
1baf_HL_agL_m0	ARGWPLAY	1baf_HL_agL_m0
1bbd_HL_ag_m0	DGYYSYYDMDY	1a3r_HL_agP_m0
1bbj_BA_ag_m0	KRSYYGH	1bbj_BA_ag_m0
1bbj_HL_ag_m0	KRSYYGH	1bbj_BA_ag_m0
1bey_HL_ag_m0	AREGHTAAPFDY	1bey_HL_ag_m0
1bfo_BA_ag_m0	AREGHTAAPFDY	1bey_HL_ag_m0
1bfo_DC_ag_m0	AREGHTAAPFDY	1bey_HL_ag_m0
1bfo_FE_ag_m0	AREGHTAAPFDY	1bey_HL_ag_m0
1bfo_HG_ag_m0	AREGHTAAPFDY	1bey_HL_ag_m0
1bfv_HL_agH_m0	ARLNYAVYGMDY	1bfv_HL_agH_m0
1bgx_HL_agT_m0	ARYYYGYWYFDV	1ay1_HL_ag_m0
1bj1_HL_agW_m0	AKYPHYYGHSSWYFDV	1bj1_HL_agW_m0
1bj1_KJ_agV_m0	AKYPHYYGHSSWYFDV	1bj1_HL_agW_m0
1bln_BA_ag_m0	ARYYRYEAWFAS	1bln_BA_ag_m0
1bln_DC_ag_m0	ARYYRYEAWFAS	1bln_BA_ag_m0
1bm3_HL_ag_m0	TRHAMDH	1bm3_HL_ag_m0
1bog_BA_agC_m0	TRKDY	1bog_BA_agC_m0
1bql_HL_agY_m0	LHGNYDFDG	1bql_HL_agY_m0
1bvk_BA_agC_m0	ARERDYRLDY	1kiq_BA_agC_m0
1bvk_ED_agF_m0	ARERDYRLDY	1kiq_BA_agC_m0
1bvl_AB_ag_m0	ARERDYRLDY	1kiq_BA_agC_m0
1bvl_CD_ag_m0	ARERDYRLDY	1kiq_BA_agC_m0
1bz7_BA_ag_m0	TRGGTGTRLSYYFDY	1bz7_BA_ag_m0
1bzq_KNA_agD_m0	AAGGYELDRRTYGQ	4ppt_ANA_ag_m0
1bzq_LNA_agA_m0	AAGGYELDRRTYGQ	4ppt_ANA_ag_m0
1bzq_MNA_agC_m0	AAGGYELDRRTYGQ	4ppt_ANA_ag_m0
1bzq_NNA_agB_m0	AAGGYELDRRTYGQ	4ppt_ANA_ag_m0
1c08_BA_agC_m0	ANWDGDY	1c08_BA_agC_m0
1c12_BA_agA_m0	VTSLTWLRLRKRSY	1c12_BA_agA_m0
1c1e_HL_agH_m0	ARGTTIVRAMDY	3o2v_HL_ag_m0
1c5b_HL_ag_m0	VRIAY	1c5b_HL_ag_m0
1c5c_HL_agL_m0	VRIAY	1c5b_HL_ag_m0
1c5d_BA_ag_m0	TREDGWNYFDY	1c5d_BA_ag_m0
1c5d_HL_ag_m0	TREDGWNYFDY	1c5d_BA_ag_m0
1cbv_HL_agD_m0	VRDQTGTAWFAY	1cbv_HL_agD_m0
1ce1_HL_agP_m0	AREGHTAAPFDY	1bey_HL_ag_m0
1cf8_HL_agH_m0	AIGYGNSDY	1cf8_HL_agH_m0
1cfn_BA_agC_m0	TRKDY	1bog_BA_agC_m0
1cfq_BA_ag_m0	TRKDY	1bog_BA_agC_m0
1cfs_BA_agC_m0	TRKDY	1bog_BA_agC_m0
1cft_BA_agC_m0	TRKDY	1bog_BA_agC_m0
1cfv_HL_agH_m0	ARLNYAVYGMDY	1bfv_HL_agH_m0
1cgs_HL_ag_m0	TRGYSSMDY	1cgs_HL_ag_m0
1cic_BA_ag_m0	ARGLAFYFDH	1cic_BA_ag_m0
1cic_DC_ag_m0	ARERDYRLDY	1kiq_BA_agC_m0
1ck0_HL_ag_m0	VRGRDGEAMDY	1ck0_HL_ag_m0
1cl7_HL_ag_m0	VRDRHDYGEIFTY	1cl7_HL_ag_m0
1clo_HL_ag_m0	TRDRGLRFYFDY	1ad0_BA_ag_m0
1cly_HL_agH_m0	ARGLDDGAWFAY	1cly_HL_agH_m0
1clz_HL_agH_m0	ARGLDDGAWFAY	1cly_HL_agH_m0
1cr9_HL_ag_m0	NADLHDY	1cr9_HL_ag_m0
1ct8_BA_agD_m0	ARYRYDEGFAY	1ct8_BA_agD_m0
1ct8_DC_agD_m0	ARYRYDEGFAY	1ct8_BA_agD_m0
1cu4_HL_agP_m0	NADLHDY	1cr9_HL_ag_m0
1cz8_HL_agW_m0	AKYPYYYGHSTWYFDV	1cz8_HL_agW_m0
1cz8_YX_agV_m0	AKYPYYYGHSTWYFDV	1cz8_HL_agW_m0
1d5b_BA_ag_m0	ARGHSYYFYDGDY	1axs_BA_agB_m0
1d5b_HL_ag_m0	ARGHSYYFYDGDY	1axs_BA_agB_m0
1d5i_HL_ag_m0	ARGHSYYFYDGDY	1axs_BA_agB_m0
1d6v_HL_agH_m0	ARGHSYYFYDGDY	1axs_BA_agB_m0
1dba_HL_ag_m0	TRGDYVNWYFDV	1dba_HL_ag_m0
1dbb_HL_agH_m0	TRGDYVNWYFDV	1dba_HL_ag_m0
1dbj_HL_agH_m0	TRGDYVNWYFDV	1dba_HL_ag_m0
1dbk_HL_agH_m0	TRGDYVNWYFDV	1dba_HL_ag_m0
1dbm_HL_agH_m0	TRGDYVNWYFDV	1dba_HL_ag_m0
1dee_BA_ag_m0	AKVKFYDTPAPNDY	1dee_BA_ag_m0
1dee_DC_agG_m0	AKVKFYDTPAPNDY	1dee_BA_ag_m0
1dee_FE_agH_m0	AKVKFYDTPAPNDY	1dee_BA_ag_m0
1dfb_HL_ag_m0	VKGRDYYDSGTFYGVAFDI	1dfb_HL_ag_m0
1dl7_HL_agL_m0	ARDYGPY	1dl7_HL_agL_m0
1dlf_HL_ag_m0	TGIYYHYPWFAY	1dlf_HL_ag_m0
1dn0_BA_ag_m0	ARPPHDTGSHYWNY	1dn0_BA_ag_m0
1dn0_DC_ag_m0	ARPPHDTGSHYWNY	1dn0_BA_ag_m0
1dqd_HL_ag_m0	ASPPGYYGPGSYAMDY	1dqd_HL_ag_m0
1dqj_BA_agC_m0	ASWGGDV	1dqj_BA_agC_m0
1dql_HL_ag_m0	ARGNPPYSWGSGGGDY	1dql_HL_ag_m0
1dqm_HL_ag_m0	ASWGGDV	1dqj_BA_agC_m0
1dqq_BA_ag_m0	ASWGGDV	1dqj_BA_agC_m0
1dqq_DC_ag_m0	ASWGGDV	1dqj_BA_agC_m0
1dsf_HL_ag_m0	GRSPIYYYDAPFTY	1dsf_HL_ag_m0
1dvf_BA_ag_m0	ARERDYRLDY	1kiq_BA_agC_m0
1dvf_DC_ag_m0	ATKVIYYQRGGAMDY	1dvf_DC_ag_m0
1dzb_Aa_agX_m0	ARWDWYFDV	1dzb_Aa_agX_m0
1dzb_Bb_agY_m0	ARWDWYFDV	1dzb_Aa_agX_m0
1e4w_HL_agP_m0	ARSPSDY	1e4w_HL_agP_m0
1e4x_HL_agP_m0	ARSPSDY	1e4w_HL_agP_m0
1e4x_IM_agQ_m0	ARSPSDY	1e4w_HL_agP_m0
1e6j_HL_agP_m0	SRPVVRLGYNFDY	1e6j_HL_agP_m0
1e6o_HL_ag_m0	SRPVVRLGYNFDY	1e6j_HL_agP_m0
1eap_BA_agB_m0	KRSYYGSSYVDY	1eap_BA_agB_m0
1egj_HL_agA_m0	SRGDGIHGGFAY	1egj_HL_agA_m0
1ehl_HL_agA_m0	TRRSGYKYYALDY	1ehl_HL_agA_m0
1ejo_HL_agP_m0	VRRAFDSDVGFAS	1ejo_HL_agP_m0
1emt_HL_ag_m0	ATSSAY	1emt_HL_ag_m0
1eo8_HL_agA_m0	ARPTGRLWFSY	1eo8_HL_agA_m0
1etz_BA_agB_m0	ARRTFSYYYFSSGYYFDN	1etz_BA_agB_m0
1etz_HL_agH_m0	ARRTFSYYYFSSGYYFDN	1etz_BA_agB_m0
1ezv_XY_agE_m0	ARSEYYSVGTYAMDY	1ezv_XY_agE_m0
1f11_BA_ag_m0	ANDYGSTYGFAY	1f11_BA_ag_m0
1f11_DC_ag_m0	ANDYGSTYGFAY	1f11_BA_ag_m0
1f2x_KNA_ag_m0	AGSTVASTGWCPRLRSYDYHY	1f2x_KNA_ag_m0
1f2x_LNA_ag_m0	AGSTVASTGWCPRLRSYDYHY	1f2x_KNA_ag_m0
1f3d_HL_agL_m0	ANDYDGVY	1f3d_HL_agL_m0
1f3d_KJ_agJ_m0	ANDYDGVY	1f3d_HL_agL_m0
1f4w_HL_ag_m0	TRHFYAVLDY	1f4w_HL_ag_m0
1f4x_HL_agH_m0	TRHFYAVLDY	1f4w_HL_ag_m0
1f4y_HL_agH_m0	TRHFYAVLDY	1f4w_HL_ag_m0
1f58_HL_agP_m0	AREEAMPYGNYYAQYAMDC	1f58_HL_agP_m0
1f8t_HL_ag_m0	ASYDDYTWFTY	1f8t_HL_ag_m0
1f90_HL_agE_m0	ASYDDYTWFTY	1f8t_HL_ag_m0
1fai_HL_ag_m0	ARSFYGGSDVALYYFDS	1fai_HL_ag_m0
1fbi_HL_agX_m0	ASLYYYGTYSGVLDY	1fbi_HL_agX_m0
1fbi_QP_agY_m0	ASLYYYGTYSGVLDY	1fbi_HL_agX_m0
1fdl_HL_agY_m0	ARERDYRLDY	1kiq_BA_agC_m0
1fe8_HL_agA_m0	AGNYYGMDY	1fe8_HL_agA_m0
1fe8_IM_agB_m0	AGNYYGMDY	1fe8_HL_agA_m0
1fe8_JN_agC_m0	AGNYYGMDY	1fe8_HL_agA_m0
1fgn_HL_ag_m0	ARDNSYYFDY	1ahw_BA_agC_m0
1fgv_HL_ag_m0	ARWRGLDVRYFDV	1fgv_HL_ag_m0
1fh5_HL_ag_m0	ARDAMDY	1fh5_HL_ag_m0
1fig_HL_agH_m0	ARRRDGNYGFTY	1fig_HL_agH_m0
1fj1_BA_agF_m0	ARGLDS	1fj1_BA_agF_m0
1fj1_DC_agE_m0	ARGLDS	1fj1_BA_agF_m0
1fl3_AB_agA_m0	ARGQGRPY	1fl3_AB_agA_m0
1fl3_HL_agL_m0	ARGQGRPY	1fl3_AB_agA_m0
1fl5_BA_ag_m0	ARDGSYAMDY	1fl5_BA_ag_m0
1fl5_HL_ag_m0	ARDGSYAMDY	1fl5_BA_ag_m0
1fl6_BA_agB_m0	ARDGSYAMDY	1fl5_BA_ag_m0
1fl6_HL_agH_m0	ARDGSYAMDY	1fl5_BA_ag_m0
1flr_HL_agL_m0	TGSYYGMDY	1flr_HL_agL_m0
1fn4_BA_ag_m0	TRDLYGGYPFGLWYFDF	1fn4_BA_ag_m0
1fn4_DC_ag_m0	TRDLYGGYPFGLWYFDF	1fn4_BA_ag_m0
1fns_HL_agA_m0	VRDPADYGDYNYALDY	1fns_HL_agA_m0
1for_HL_ag_m0	ARSGNYPYAMDY	1for_HL_ag_m0
1fpt_HL_agP_m0	ARDFYDYDVGFDY	1fpt_HL_agP_m0
1frg_HL_agP_m0	ARRERYDEKGFAY	1frg_HL_agP_m0
1fsk_CB_agA_m0	TRGARDTWFAY	1fsk_CB_agA_m0
1fsk_FE_agD_m0	TRGARDTWFAY	1fsk_CB_agA_m0
1fsk_IH_agG_m0	TRGARDTWFAY	1fsk_CB_agA_m0
1fsk_LK_agJ_m0	TRGARDTWFAY	1fsk_CB_agA_m0
1fvc_BA_ag_m0	SRWGGDGFYAMDY	3b9v_ANA_ag_m0
1fvc_DC_ag_m0	SRWGGDGFYAMDY	3b9v_ANA_ag_m0
1fvd_BA_ag_m0	SRWGGDGFYAMDV	3b9v_ANA_ag_m0
1fvd_DC_ag_m0	SRWGGDGFYAMDV	3b9v_ANA_ag_m0
1fve_BA_ag_m0	SRWGGDGFYAMDY	3b9v_ANA_ag_m0
1fve_DC_ag_m0	SRWGGDGFYAMDY	3b9v_ANA_ag_m0
1g6v_KNA_agA_m0	AGSTVASTGWCPRLRSYDYHY	1f2x_KNA_ag_m0
1g7h_BA_agC_m0	ARERDYRLDY	1kiq_BA_agC_m0
1g7i_BA_agC_m0	ARERDYRLDY	1kiq_BA_agC_m0
1g7j_BA_agC_m0	ARERDYRLDY	1kiq_BA_agC_m0
1g7l_BA_agC_m0	ARERDYRLDY	1kiq_BA_agC_m0
1g7m_BA_agC_m0	ARERDYRLDY	1kiq_BA_agC_m0
1g9e_ANA_agNA_m0	GAGEGGTWDS	1g9e_ANA_agNA_m0
1g9e_ANA_agNA_m1	GAGEGGTWDS	1g9e_ANA_agNA_m0
1g9e_ANA_agNA_m10	GAGEGGTWDS	1g9e_ANA_agNA_m0
1g9e_ANA_agNA_m11	GAGEGGTWDS	1g9e_ANA_agNA_m0
1g9e_ANA_agNA_m12	GAGEGGTWDS	1g9e_ANA_agNA_m0
1g9e_ANA_agNA_m13	GAGEGGTWDS	1g9e_ANA_agNA_m0
1g9e_ANA_agNA_m14	GAGEGGTWDS	1g9e_ANA_agNA_m0
1g9e_ANA_agNA_m15	GAGEGGTWDS	1g9e_ANA_agNA_m0
1g9e_ANA_agNA_m16	GAGEGGTWDS	1g9e_ANA_agNA_m0
1g9e_ANA_agNA_m17	GAGEGGTWDS	1g9e_ANA_agNA_m0
1g9e_ANA_agNA_m18	GAGEGGTWDS	1g9e_ANA_agNA_m0
1g9e_ANA_agNA_m19	GAGEGGTWDS	1g9e_ANA_agNA_m0
1g9e_ANA_agNA_m2	GAGEGGTWDS	1g9e_ANA_agNA_m0
1g9e_ANA_agNA_m3	GAGEGGTWDS	1g9e_ANA_agNA_m0
1g9e_ANA_agNA_m4	GAGEGGTWDS	1g9e_ANA_agNA_m0
1g9e_ANA_agNA_m5	GAGEGGTWDS	1g9e_ANA_agNA_m0
1g9e_ANA_agNA_m6	GAGEGGTWDS	1g9e_ANA_agNA_m0
1g9e_ANA_agNA_m7	GAGEGGTWDS	1g9e_ANA_agNA_m0
1g9e_ANA_agNA_m8	GAGEGGTWDS	1g9e_ANA_agNA_m0
1g9e_ANA_agNA_m9	GAGEGGTWDS	1g9e_ANA_agNA_m0
1g9m_HL_agG_m0	AGVYEGEADEGNNRYEGFLKH	1gc1_HL_agG_m0
1g9n_HL_agG_m0	AGVYEGEADEGNNRYEGFLKH	1gc1_HL_agG_m0
1gaf_HL_agH_m0	ASYYGIY	1aj7_HL_agH_m0
1gc1_HL_agG_m0	AGVYEGEADEGNNDYEGFLKH	1gc1_HL_agG_m0
1ggb_HL_ag_m0	VQEGYIY	1ggb_HL_ag_m0
1ggc_HL_ag_m0	VQEGYIY	1ggb_HL_ag_m0
1ggi_HL_agP_m0	VQEGYIY	1ggb_HL_ag_m0
1ggi_JM_agQ_m0	VQEGYIY	1ggb_HL_ag_m0
1ghf_HL_ag_m0	ARVEAGFDY	1ghf_HL_ag_m0
1gig_HL_ag_m0	ARDFYDYDYFVYAMDY	1gig_HL_ag_m0
1gpo_HL_ag_m0	ANWHGDY	1gpo_HL_ag_m0
1gpo_IM_ag_m0	ANWHGDY	1gpo_HL_ag_m0
1h0d_BA_agC_m0	TRLGDYGAYYTMDY	1h0d_BA_agC_m0
1h3p_HL_ag_m0	ASFNWDVAY	1h3p_HL_ag_m0
1hcv_ANA_ag_m0	GAGEGGTWDS	1g9e_ANA_agNA_m0
1hez_BA_agE_m0	AKVKFYDTPAPNDY	1dee_BA_ag_m0
1hez_DC_agE_m0	AKVKFYDTPAPNDY	1dee_BA_ag_m0
1hh6_BA_agC_m0	TRKDY	1bog_BA_agC_m0
1hh9_BA_agC_m0	TRKDY	1bog_BA_agC_m0
1hi6_BA_agC_m0	TRKDY	1bog_BA_agC_m0
1hil_BA_ag_m0	ARRERYDENGFAY	1frg_HL_agP_m0
1hil_DC_ag_m0	ARRERYDENGFAY	1frg_HL_agP_m0
1him_LH_agP_m0	ARRERYDENGFAY	1frg_HL_agP_m0
1him_MJ_agR_m0	ARRERYDENGFAY	1frg_HL_agP_m0
1hin_HL_agP_m0	ARRERYDENGFAY	1frg_HL_agP_m0
1hkl_HL_ag_m0	ASYYGIY	1aj7_HL_agH_m0
1hq4_BA_ag_m0	AIGYGNSDY	1cf8_HL_agH_m0
1hq4_DC_ag_m0	AIGYGNSDY	1cf8_HL_agH_m0
1hys_DC_agB_m0	AQSAITSVDTSAMDH	1hys_DC_agB_m0
1hzh_HL_ag_m0	ARVGPYSWDDNDQPSYYMDV	1hzh_HL_ag_m0
1hzh_KM_ag_m0	ARVGPYSWDDNDQPSYYMDV	1hzh_HL_ag_m0
1i3g_HL_ag_m0	ARWGY	1i3g_HL_ag_m0
1i3v_ANA_agNA_m0	AAKTTTWGGPDNNNWNY	1i3v_ANA_agNA_m0
1i3v_BNA_agNA_m0	AAKTTTWGGPDNNNWNY	1i3v_ANA_agNA_m0
1i7z_BA_agA_m0	ETYDSPLGDY	1i7z_BA_agA_m0
1i7z_DC_agC_m0	ETYDSPLGDY	1i7z_BA_agA_m0
1i8i_BA_agC_m0	TRGYSSTSYAMDY	1i8i_BA_agC_m0
1i8k_BA_agC_m0	TRGYSSTSYAMDY	1i8i_BA_agC_m0
1i8m_BA_agD_m0	VRGGYRPYYAMDY	1i8m_BA_agD_m0
1i8m_HL_agT_m0	VRGGYRPYYAMDY	1i8m_BA_agD_m0
1i9i_HL_ag_m0	AREYYGYVGLAY	1i9i_HL_ag_m0
1i9j_HL_agH_m0	AREYYGYVGLAY	1i9i_HL_ag_m0
1i9r_HL_agA_m0	TRSDGRNDMDS	1i9r_HL_agA_m0
1i9r_KM_agB_m0	TRSDGRNDMDS	1i9r_HL_agA_m0
1i9r_XY_agC_m0	TRSDGRNDMDS	1i9r_HL_agA_m0
1iai_HL_ag_m0	ARDGYYEYNYAMDY	1iai_HL_ag_m0
1iai_IM_ag_m0	VLRPLFYYAVDY	1aif_BA_ag_m0
1ibg_HL_agH_m0	ARFRFASYDYYAVDY	1ibg_HL_agH_m0
1ic4_HL_agY_m0	ANWDGDY	1c08_BA_agC_m0
1ic5_HL_agY_m0	ANWAGDY	1ic5_HL_agY_m0
1ic7_HL_agY_m0	ANWAGDY	1ic5_HL_agY_m0
1ieh_ANA_ag_m0	AKYSGGALDA	1ieh_ANA_ag_m0
1ieh_ANA_ag_m1	AKYSGGALDA	1ieh_ANA_ag_m0
1ieh_ANA_ag_m2	AKYSGGALDA	1ieh_ANA_ag_m0
1ieh_ANA_ag_m3	AKYSGGALDA	1ieh_ANA_ag_m0
1ieh_ANA_ag_m4	AKYSGGALDA	1ieh_ANA_ag_m0
1ieh_ANA_ag_m5	AKYSGGALDA	1ieh_ANA_ag_m0
1ieh_ANA_ag_m6	AKYSGGALDA	1ieh_ANA_ag_m0
1ieh_ANA_ag_m7	AKYSGGALDA	1ieh_ANA_ag_m0
1ieh_ANA_ag_m8	AKYSGGALDA	1ieh_ANA_ag_m0
1ieh_ANA_ag_m9	AKYSGGALDA	1ieh_ANA_ag_m0
1ifh_HL_agP_m0	ARRERYDENGFAY	1frg_HL_agP_m0
1iga_AC_ag_m0	ARDPYGGKGSEFDY	1iga_AC_ag_m0
1iga_BD_ag_m0	ARDPYGGKGSEFDY	1iga_AC_ag_m0
1igc_HL_ag_m0	ARWGNYPYYAMDY	3j42_GH_agE_m0
1igf_HL_ag_m0	TRYSSDPFYFDY	1igf_HL_ag_m0
1igf_JM_ag_m0	TRYSSDPFYFDY	1igf_HL_ag_m0
1igi_HL_ag_m0	AGSSGNKWAMDY	1igi_HL_ag_m0
1igj_BA_agB_m0	AGSSGNKWAMDY	1igi_HL_ag_m0
1igj_DC_agD_m0	AGSSGNKWAMDY	1igi_HL_ag_m0
1igm_HL_ag_m0	AKHRVSYLVTGFDS	1igm_HL_ag_m0
1igt_BA_ag_m0	ARHGGYYAMDY	1igt_BA_ag_m0
1igt_DC_ag_m0	ARHGGYYAMDY	1igt_BA_ag_m0
1igy_BA_ag_m0	VREGEVPY	1igy_BA_ag_m0
1igy_DC_ag_m0	VREGEVPY	1igy_BA_ag_m0
1ikf_HL_agC_m0	TRHTLYDTLYPYNGVWFAD	1ikf_HL_agC_m0
1il1_AB_ag_m0	NAISTTRYDYALDY	1il1_AB_ag_m0
1ind_HL_agH_m0	ASHRFVH	1ind_HL_agH_m0
1ine_HL_agH_m0	ASHRFVH	1ind_HL_agH_m0
1iqd_BA_agC_m0	AVPDPDAFDI	1iqd_BA_agC_m0
1iqw_HL_ag_m0	ARNRDYSNNWYFDV	1iqw_HL_ag_m0
1it9_HL_ag_m0	ARNRDYSNNWYFDV	1iqw_HL_ag_m0
1j05_BA_ag_m0	APFGYYVDSYAMAY	1j05_BA_ag_m0
1j05_HL_ag_m0	APFGYYVDSYAMAY	1j05_BA_ag_m0
1j1o_HL_agY_m0	ANWDGDY	1c08_BA_agC_m0
1j1p_HL_agY_m0	ANWDGDY	1c08_BA_agC_m0
1j1x_HL_agY_m0	ANWDGDY	1c08_BA_agC_m0
1j5o_HL_agB_m0	AQSAITSVDTSAMDH	1hys_DC_agB_m0
1jfq_HL_ag_m0	ARSEYYGSGYKFDY	1jfq_HL_ag_m0
1jgl_HL_agL_m0	ATWGGNSAY	1jgl_HL_agL_m0
1jgu_HL_agH_m0	SRGDAYSRYFDV	1jgu_HL_agH_m0
1jgv_HL_ag_m0	SRGDAYSRYFDV	1jgu_HL_agH_m0
1jhk_HL_ag_m0	ATWGGNSAY	1jgl_HL_agL_m0
1jhl_HL_agA_m0	TRDDNYGAMDY	1jhl_HL_agA_m0
1jn6_BA_ag_m0	SRGRSLYYTMDY	1jn6_BA_ag_m0
1jnh_BA_agB_m0	SRGRSLYYTMDY	1jn6_BA_ag_m0
1jnh_DC_agH_m0	SRGRSLYYTMDY	1jn6_BA_ag_m0
1jnh_FE_agF_m0	SRGRSLYYTMDY	1jn6_BA_ag_m0
1jnh_HG_agH_m0	SRGRSLYYTMDY	1jn6_BA_ag_m0
1jnl_HL_ag_m0	AIEKDLP	1jnl_HL_ag_m0
1jnn_HL_agH_m0	AIEKDLP	1jnl_HL_ag_m0
1jps_HL_agT_m0	ARDTAAYFDY	1jps_HL_agT_m0
1jpt_HL_ag_m0	ARDTAAYFDY	1jps_HL_agT_m0
1jrh_HL_agI_m0	ARRAPFYNGHAMDY	1jrh_HL_agI_m0
1jto_ANA_agL_m0	AADSTIYASYYECGGTSLGHGYGYDS	1jto_ANA_agL_m0
1jto_BNA_agM_m0	AADSTIYASYYECGGTSLGHGYGYDS	1jto_ANA_agL_m0
1jtp_ANA_agL_m0	AADSTIYASYYECGGTSLGHGYGYDS	1jto_ANA_agL_m0
1jtp_BNA_agM_m0	AADSTIYASYYECGGTSLGHGYGYDS	1jto_ANA_agL_m0
1jtt_ANA_agL_m0	AADSTIYASYYECGGTSLGHGYGYDS	1jto_ANA_agL_m0
1jv5_BA_ag_m0	AGQYGNLWFAY	1jv5_BA_ag_m0
1k4c_AB_agC_m0	ARERGDGYFAV	1k4c_AB_agC_m0
1k4d_AB_agC_m0	ARERGDGYFAV	1k4c_AB_agC_m0
1k6q_HL_ag_m0	ARDTAAYFDY	1jps_HL_agT_m0
1kb5_HL_agA _ B_m0	ARSRTDLYYFDY	1kb5_HL_agA _ B_m0
1kb9_JK_agE_m0	ARSEYYSVGTYAMDY	1ezv_XY_agE_m0
1kc5_HL_agP_m0	ARGGTGFDY	1kc5_HL_agP_m0
1kcr_HL_agP_m0	ARGGTGFTY	1kcr_HL_agP_m0
1kcs_HL_agP_m0	ARGGTGFPY	1kcs_HL_agP_m0
1kcu_HL_ag_m0	ARGGTGFDY	1kc5_HL_agP_m0
1kcv_HL_ag_m0	ARGGTGFPY	1kcs_HL_agP_m0
1keg_HL_agA_m0	TRRSGYKYYALDY	1ehl_HL_agA_m0
1kel_HL_agH_m0	ARWGSYAMDY	3b9v_BNA_ag_m0
1kem_HL_ag_m0	ARWGSYAMDY	3b9v_BNA_ag_m0
1ken_HL_agA_m0	AAFYYDYDFFFDY	1ken_HL_agA_m0
1ken_TU_agC _ E_m0	AAFYYDYDFFFDY	1ken_HL_agA_m0
1kfa_HL_agH_m0	TREGLLLYDFTMDY	1kfa_HL_agH_m0
1kfa_IM_agI_m0	TREGLLLYDFTMDY	1kfa_HL_agH_m0
1kip_BA_agC_m0	ARERDYRLDY	1kiq_BA_agC_m0
1kiq_BA_agC_m0	ARERDFRLDY	1kiq_BA_agC_m0
1kir_BA_agC_m0	ARERDYRLDY	1kiq_BA_agC_m0
1kn2_HL_agL_m0	TRWGFIPVDERYVMDY	1yee_HL_agH_m0
1kn4_HL_agL_m0	TRWGFIPVDERYVMDY	1yee_HL_agH_m0
1kno_BA_agB_m0	ARGDYYGSRGAY	1kno_BA_agB_m0
1kno_DC_agD_m0	ARGDYYGSRGAY	1kno_BA_agB_m0
1kno_FE_agF_m0	ARGDYYGSRGAY	1kno_BA_agB_m0
1ktr_HL_agP_m0	ESQSGAY	1ktr_HL_agP_m0
1kxq_ENA_agD_m0	ATGNSVRLWSAEGYFY	1kxq_ENA_agD_m0
1kxq_FNA_agC_m0	ATGNSVRLWSAEGYFY	1kxq_ENA_agD_m0
1kxq_GNA_agB_m0	ATGNSVRLWSAEGYFY	1kxq_ENA_agD_m0
1kxq_HNA_agA_m0	ATGNSVRLWSAEGYFY	1kxq_ENA_agD_m0
1kxt_BNA_agA_m0	AAGPGSGKLVVCTRGAYGPNY	1kxt_BNA_agA_m0
1kxt_DNA_agC_m0	AAGPGSGKLVVCTRGAYGPNY	1kxt_BNA_agA_m0
1kxt_FNA_agE_m0	AAGPGSGKLVVCTRGAYGPNY	1kxt_BNA_agA_m0
1kxv_CNA_agA_m0	KPSLRYGLGPCPIIP	1kxv_CNA_agA_m0
1kxv_DNA_agB_m0	KPSLRYGLGPCPIIP	1kxv_CNA_agA_m0
1kyo_JK_agE_m0	ARSEYYSVGTYAMDY	1ezv_XY_agE_m0
1kyo_UV_agP_m0	ARSEYYSVGTYAMDY	1ezv_XY_agE_m0
1l7i_HL_ag_m0	ARNLGPSFYFDY	1l7i_HL_ag_m0
1l7t_HL_ag_m0	ARAYYGYVGLVH	1l7t_HL_ag_m0
1lk3_HL_agA_m0	TRGVPGNNWFPY	1lk3_HL_agA_m0
1lk3_IM_agB_m0	TRGVPGNNWFPY	1lk3_HL_agA_m0
1lmk_Aa_ag_m0	ARGEDYYAWYYVLDY	1lmk_Aa_ag_m0
1lmk_Cc_ag_m0	ARGEDYYAWYYVLDY	1lmk_Aa_ag_m0
1lmk_Ee_ag_m0	ARGEDYYAWYYVLDY	1lmk_Aa_ag_m0
1lmk_Gg_ag_m0	ARGEDYYAWYYVLDY	1lmk_Aa_ag_m0
1lo0_HL_agH_m0	IRGDSFLVWFTF	1lo0_HL_agH_m0
1lo0_YX_agY_m0	IRGDSFLVWFTF	1lo0_HL_agH_m0
1lo2_HL_agH_m0	IRGDSFLVWFTF	1lo0_HL_agH_m0
1lo2_YX_agY_m0	IRGDSFLVWFTF	1lo0_HL_agH_m0
1lo3_HL_agH_m0	IRGDSFLVWFTF	1lo0_HL_agH_m0
1lo3_YX_agY_m0	IRGDSFLVWFTF	1lo0_HL_agH_m0
1lo4_HL_ag_m0	ARGTSFVRYFDV	1lo4_HL_ag_m0
1m71_BA_ag_m0	TRGGAVGAMDY	1m71_BA_ag_m0
1m7d_BA_agA_m0	TRGGAVGAMDY	1m71_BA_ag_m0
1m7i_BA_agA_m0	TRGGAVGAMDY	1m71_BA_ag_m0
1mam_HL_ag_m0	TRDPYGPAAY	1mam_HL_ag_m0
1mco_HL_ag_m0	ARVPLVVNP	1mco_HL_ag_m0
1mcp_HL_ag_m0	ARNYYGSTWYFDV	1mcp_HL_ag_m0
1mel_ANA_agL_m0	AADSTIYASYYECGGTSLGHGYGYDS	1jto_ANA_agL_m0
1mel_BNA_agM_m0	AADSTIYASYYECGGTSLGHGYGYDS	1jto_ANA_agL_m0
1mex_HL_agH_m0	KMEYLDY	1mex_HL_agH_m0
1mf2_HL_ag_m0	ARSGGIERYYTGDYVMDY	1mf2_HL_ag_m0
1mf2_NM_ag_m0	ARSGGIERYYTGDYVMDY	1mf2_HL_ag_m0
1mfa_HL_agA_m0	TRGGHGYYGDY	1mfa_HL_agA_m0
1mfb_HL_agH_m0	TRGGHGYYGDY	1mfa_HL_agA_m0
1mfc_HL_agH_m0	TRGGHGYYGDY	1mfa_HL_agA_m0
1mfd_HL_agH_m0	TRGGHGYYGDY	1mfa_HL_agA_m0
1mfe_HL_agH_m0	TRGGHGYYGDY	1mfa_HL_agA_m0
1mh5_BA_agB_m0	VRKHYSYDGVVY	1mj8_HL_ag_m0
1mh5_HL_agH_m0	VRKHYSYDGVVY	1mj8_HL_ag_m0
1mhh_BA_ag_m0	ARFLLRQYFDV	1mhh_BA_ag_m0
1mhh_DC_ag_m0	ARFLLRQYFDV	1mhh_BA_ag_m0
1mhp_HL_agA_m0	TRGFGDGGYFDV	1mhp_HL_agA_m0
1mhp_XY_agB_m0	TRGFGDGGYFDV	1mhp_HL_agA_m0
1mie_HL_ag_m0	VRPY	1mie_HL_ag_m0
1mim_HL_ag_m0	SRDYGYYFDF	1mim_HL_ag_m0
1mj7_HL_agH_m0	VRKDFPY	1mj7_HL_agH_m0
1mj8_HL_ag_m0	ARKHYFYDGVVY	1mj8_HL_ag_m0
1mjj_BA_agA_m0	ANKLGWFPY	1mjj_BA_agA_m0
1mjj_HL_agH_m0	ANKLGWFPY	1mjj_BA_agA_m0
1mju_HL_ag_m0	ANKLGWFPY	1mjj_BA_agA_m0
1mlb_BA_ag_m0	ARGDGNYGY	1mlb_BA_ag_m0
1mlc_BA_agE_m0	ARGDGNYGY	1mlb_BA_ag_m0
1mlc_DC_agF_m0	ARGDGNYGY	1mlb_BA_ag_m0
1mnu_HL_ag_m0	SIIYFDYDAFIMDY	1mnu_HL_ag_m0
1mpa_HL_agP_m0	SIIYFDYDAFIMDY	1mnu_HL_ag_m0
1mqk_HL_ag_m0	VRHEYYYAMDY	1ar1_CD_agB_m0
1mrc_HL_ag_m0	ANLRGYFDY	1mrc_HL_ag_m0
1mrd_HL_agL_m0	ANLRGYFDY	1mrc_HL_ag_m0
1mre_HL_agL_m0	ANLRGYFDY	1mrc_HL_ag_m0
1mrf_HL_agL_m0	ANLRGYFDY	1mrc_HL_ag_m0
1mvf_ANA_agE_m0	AASSRWMDYSATLAKAYNS	1mvf_ANA_agE_m0
1mvf_BNA_agD_m0	AASSRWMDYSATLAKAYNS	1mvf_ANA_agE_m0
1mvu_BA_agP_m0	ARRELYSYYSPLDV	1mvu_BA_agP_m0
1n0x_HL_agP_m0	ARVGPYSWDDNDQPSYYMDV	1hzh_HL_ag_m0
1n0x_KM_agR_m0	ARVGPYSWDDNDQPSYYMDV	1hzh_HL_ag_m0
1n4x_HL_ag_m0	VRDRHDYGEIFTY	1cl7_HL_ag_m0
1n4x_IM_ag_m0	VRDRHDYGEIFTY	1cl7_HL_ag_m0
1n5y_HL_agB_m0	AQSAITSVDTSAMDH	1hys_DC_agB_m0
1n64_HL_agP_m0	ARFLLRQYFDV	1mhh_BA_ag_m0
1n6q_HL_agB_m0	AQSAITSVDTSAMDH	1hys_DC_agB_m0
1n7m_LH_agL_m0	TRRDSDY	1n7m_LH_agL_m0
1n8z_BA_agC_m0	SRWGGDGFYAMDY	3b9v_ANA_ag_m0
1nak_HL_agP_m0	AIDDFDI	1nak_HL_agP_m0
1nak_IM_agQ_m0	AIDDFDI	1nak_HL_agP_m0
1nbv_HL_ag_m0	VRDQTGTAWFAY	1cbv_HL_agD_m0
1nby_BA_agC_m0	ASWGGDV	1dqj_BA_agC_m0
1nbz_BA_agC_m0	ASWGGDV	1dqj_BA_agC_m0
1nc2_BA_agB_m0	ARRGSYPYNYFDV	1nc2_BA_agB_m0
1nc2_DC_agD_m0	ARRGSYPYNYFDV	1nc2_BA_agB_m0
1nc4_BA_agB_m0	ARRGSYPYNYFDV	1nc2_BA_agB_m0
1nc4_DC_agD_m0	ARRGSYPYNYFDV	1nc2_BA_agB_m0
1nca_HL_agN_m0	ARGEDNFGSLSDY	1nca_HL_agN_m0
1ncb_HL_agN_m0	ARGEDNFGSLSDY	1nca_HL_agN_m0
1ncc_HL_agN_m0	ARGEDNFGSLSDY	1nca_HL_agN_m0
1ncd_HL_agN_m0	ARGEDNFGSLSDY	1nca_HL_agN_m0
1ncw_HL_ag_m0	AGLLWYDGGAGS	1ncw_HL_ag_m0
1nd0_BA_agA_m0	AGLLWYDGGAGS	1ncw_HL_ag_m0
1nd0_DC_agC_m0	AGLLWYDGGAGS	1ncw_HL_ag_m0
1nd0_FE_agE_m0	AGLLWYDGGAGS	1ncw_HL_ag_m0
1nd0_HG_agG_m0	AGLLWYDGGAGS	1ncw_HL_ag_m0
1ndg_BA_agC_m0	ANWDGTY	1ndg_BA_agC_m0
1ndm_BA_agC_m0	ARWEMDY	1ndm_BA_agC_m0
1nfd_FE_agB_m0	TRAGRFDHFDY	1nfd_FE_agB_m0
1nfd_HG_agD_m0	TRAGRFDHFDY	1nfd_FE_agB_m0
1ngp_HL_agH_m0	ARYDYYGSSYFDY	2xzq_HL_agP_m0
1ngq_HL_ag_m0	ARYDYYGSSYFDY	2xzq_HL_agP_m0
1ngw_BA_agB_m0	TRRDMDY	1ngw_BA_agB_m0
1ngw_HL_agH_m0	TRRDMDY	1ngw_BA_agB_m0
1ngx_BA_agB_m0	TRRDSDY	1n7m_LH_agL_m0
1ngx_HL_agH_m0	TRRDSDY	1n7m_LH_agL_m0
1ngy_BA_ag_m0	TRRDMDY	1ngw_BA_agB_m0
1ngz_BA_ag_m0	TRRDSDY	1n7m_LH_agL_m0
1nj9_BA_ag_m0	ARGGGLFAF	1nj9_BA_ag_m0
1nj9_HL_ag_m0	ARGGGLFAF	1nj9_BA_ag_m0
1nl0_HL_agG_m0	ARASIAAARVLDY	1nl0_HL_agG_m0
1nlb_HL_ag_m0	ARFLLRQYFDV	1mhh_BA_ag_m0
1nld_HL_ag_m0	ARRGGDF	1nld_HL_ag_m0
1nma_HL_agN_m0	ARSGGSYRDYGGFDY	1a14_HL_agN_m0
1nmb_HL_agN_m0	ARSGGSYRDYGGFDY	1a14_HL_agN_m0
1nmc_BC_agA_m0	ARSGGSYRDYGGFDY	1a14_HL_agN_m0
1nmc_HL_agN_m0	ARSGGSYRDYGGFDY	1a14_HL_agN_m0
1nqb_Aa_ag_m0	ARYDYYGSSYFDY	2xzq_HL_agP_m0
1nqb_Cc_ag_m0	ARYDYYGSSYFDY	2xzq_HL_agP_m0
1nsn_HL_agS_m0	TRGNGD	1nsn_HL_agS_m0
1oak_HL_agA_m0	VRDPADYGDYNYALDY	1fns_HL_agA_m0
1oaq_HL_ag_m0	ARMWYYGTYYFDY	1oaq_HL_ag_m0
1oar_HL_ag_m0	ARMWYYGTYYFDY	1oaq_HL_ag_m0
1oar_IM_agI_m0	ARMWYYGTYYFDY	1oaq_HL_ag_m0
1oar_JN_ag_m0	ARMWYYGTYYFDY	1oaq_HL_ag_m0
1oar_KO_agK_m0	YYFDYWGQGTTL	1oar_KO_agK_m0
1oau_HL_agH_m0	ARMWYYGTYYFDY	1oaq_HL_ag_m0
1oau_INA_ag_m0	FGTT	1oau_INA_ag_m0
1oau_JN_agJ_m0	ARMWYYGTYYFDY	1oaq_HL_ag_m0
1oau_KNA_ag_m0	DWGTT	1oau_KNA_ag_m0
1oax_HL_agH_m0	ARMWYYGTYYFDY	1oaq_HL_ag_m0
1oax_JN_agJ_m0	ARMWYYGTYYFDY	1oaq_HL_ag_m0
1oay_HL_agH_m0	ARMWYYGTYYFDY	1oaq_HL_ag_m0
1oay_JN_agJ_m0	ARMWYYGTYYFDY	1oaq_HL_ag_m0
1oaz_HL_agA_m0	ARMWYYGTYYFDY	1oaq_HL_ag_m0
1oaz_JN_agB_m0	ARMWYYGTYYFDY	1oaq_HL_ag_m0
1ob1_BA_agC_m0	ARNYYRFDGGMDF	1ob1_BA_agC_m0
1ob1_ED_agF_m0	ARNYYRFDGGMDF	1ob1_BA_agC_m0
1ocw_HL_ag_m0	ARMWYYGTYYFDY	1oaq_HL_ag_m0
1ohq_ANA_ag_m0	ASALEPLSEPLGF	1ohq_ANA_ag_m0
1ohq_BNA_ag_m0	ASALEPLSEPLGF	1ohq_ANA_ag_m0
1ol0_ANA_ag_m0	AREPRIPPRPSFDY	1ol0_ANA_ag_m0
1ol0_BNA_ag_m0	AREPRIPPRPSFDY	1ol0_ANA_ag_m0
1op9_ANA_agB_m0	AATEVAGWPIDLGIYDY	1op9_ANA_agB_m0
1opg_HL_ag_m0	TRHPFYRYDYNGGYAMDH	1opg_HL_ag_m0
1orq_BA_agC_m0	TRGVDYFAMDY	1orq_BA_agC_m0
1ors_BA_agC_m0	VRGYDYFAMDY	1ors_BA_agC_m0
1osp_HL_agO_m0	ARSRDYYSGSGFAF	1osp_HL_agO_m0
1ots_CD_agA_m0	ARLYYGYYGWYFDV	1ots_CD_agA_m0
1ots_EF_agB_m0	ARLYYGYYGWYFDV	1ots_CD_agA_m0
1ott_CD_agA_m0	ARLYYGYYGWYFDV	1ots_CD_agA_m0
1ott_EF_agB_m0	ARLYYGYYGWYFDV	1ots_CD_agA_m0
1otu_CD_agA_m0	ARLYYGYYGWYFDV	1ots_CD_agA_m0
1otu_EF_agB_m0	ARLYYGYYGWYFDV	1ots_CD_agA_m0
1p2c_BA_agC_m0	ARGDGFYVY	1p2c_BA_agC_m0
1p2c_ED_agF_m0	ARGDGFYVY	1p2c_BA_agC_m0
1p4b_HL_agP_m0	VTGLFDY	1p4b_HL_agP_m0
1p4i_HL_ag_m0	VTGLFDY	1p4b_HL_agP_m0
1p7k_BA_ag_m0	VRGGYRPYYAMDY	1i8m_BA_agD_m0
1p7k_HL_ag_m0	VRGGYRPYYAMDY	1i8m_BA_agD_m0
1p84_JK_agE_m0	ARSEYYSVGTYAMDY	1ezv_XY_agE_m0
1pg7_HL_ag_m0	ARDTAAYFDY	1jps_HL_agT_m0
1pg7_IM_ag_m0	ARDTAAYFDY	1jps_HL_agT_m0
1pg7_XW_ag_m0	AREDFRYHYSMDY	1pg7_XW_ag_m0
1pg7_ZY_ag_m0	AREDFRYHYSMDY	1pg7_XW_ag_m0
1pkq_BA_agE_m0	ATGNTMVNMPY	1pkq_BA_agE_m0
1pkq_GF_agJ_m0	ATGNTMVNMPY	1pkq_BA_agE_m0
1plg_HL_ag_m0	ARGGKFAMDY	1plg_HL_ag_m0
1psk_HL_ag_m0	TSKSFDY	1psk_HL_ag_m0
1pz5_BA_agC_m0	TRGGAVGAMDY	1m71_BA_ag_m0
1q0x_HL_ag_m0	ARWVLDYYGMDY	1q0x_HL_ag_m0
1q0y_HL_ag_m0	ARWVLDYYGMDY	1q0x_HL_ag_m0
1q1j_HL_agP_m0	TTDGFIMIRGVYYYDESYYMDV	1q1j_HL_agP_m0
1q1j_IM_agQ_m0	TTDGFIMIRGVYYYDESYYMDV	1q1j_HL_agP_m0
1q72_HL_agH_m0	TSVPQLGRGFAY	1q72_HL_agH_m0
1q9k_BA_ag_m0	ARDHDGYYERFSY	4hgw_BA_agB_m0
1q9l_BA_ag_m0	ARDHDGYYERFSY	4hgw_BA_agB_m0
1q9l_DC_ag_m0	ARDHDGYYERFSY	4hgw_BA_agB_m0
1q9o_BA_ag_m0	VRDIYSFGRSDGMDY	1q9o_BA_ag_m0
1q9o_DC_ag_m0	VRDIYSFGRSDGMDY	1q9o_BA_ag_m0
1q9w_BA_agB_m0	VRDIYSFGRSDGMDY	1q9o_BA_ag_m0
1q9w_DC_agC_m0	VRDIYSFGRSDGMDY	1q9o_BA_ag_m0
1qbl_HL_ag_m0	AGYDYGNFDY	1qbl_HL_ag_m0
1qbm_HL_ag_m0	AGYDYGNFDY	1qbl_HL_ag_m0
1qd0_ANA_agA_m0	AARPVRVADPLSIVGFDY	1qd0_ANA_agA_m0
1qfu_HL_agA_m0	TRFLQITTIIYGMDY	1qfu_HL_agA_m0
1qfw_HL_agA_m0	ARRYGNSFDY	1qfw_HL_agA_m0
1qfw_IM_agB_m0	ARQGTAAQYPWYFDV	1qfw_IM_agB_m0
1qgc_A4_ag5 _ 1 _ 3_m0	VRREDGGDEGFAY	1qgc_A4_ag5 _ 1 _ 3_m0
1qkz_HL_agP_m0	ARDPLEYYGMDY	1qkz_HL_agP_m0
1qle_HL_agB_m0	VRHEYYYAMDY	1ar1_CD_agB_m0
1qlr_BA_ag_m0	ARPPHDTGSHYWNY	1dn0_BA_ag_m0
1qlr_DC_ag_m0	ARPPHDTGSHYWNY	1dn0_BA_ag_m0
1qnz_HL_agP_m0	AIHYGSAYAMDY	1qnz_HL_agP_m0
1qyg_HL_agH_m0	TSVPQLGRGFAY	1q72_HL_agH_m0
1r0a_HL_agB_m0	AQSAITSVDTSAMDH	1hys_DC_agB_m0
1r24_BA_ag_m0	TRGGTGTRLSYYFDY	1bz7_BA_ag_m0
1r24_DC_ag_m0	TRGGTGTRLSYYFDY	1bz7_BA_ag_m0
1r3i_HL_agC_m0	ARERGDGYFAV	1k4c_AB_agC_m0
1r3j_BA_agC_m0	ARERGDGYFAV	1k4c_AB_agC_m0
1r3k_BA_agC_m0	ARERGDGYFAV	1k4c_AB_agC_m0
1r3l_BA_agC_m0	ARERGDGYFAV	1k4c_AB_agC_m0
1r70_BA_ag_m0	ARDPYGGKGSEFDY	1iga_AC_ag_m0
1r70_DC_ag_m0	ARDPYGGKGSEFDY	1iga_AC_ag_m0
1rfd_HL_ag_m0	TSVPQLGRGFAY	1q72_HL_agH_m0
1rhh_BA_ag_m0	ARDFGPDWEDGDRGSGDYSGFFDF	1rhh_BA_ag_m0
1rhh_DC_ag_m0	ARDFGPDWEDGDRGSGDYSGFFDF	1rhh_BA_ag_m0
1ri8_ANA_agB_m0	AAGWSSLGSCRNTGNRYNY	1ri8_ANA_agB_m0
1rih_HL_ag_m0	ARESPRLRRYYIGYAMDY	1rih_HL_ag_m0
1riu_HL_agH_m0	TSVPQLGRGFAY	1q72_HL_agH_m0
1riv_HL_agH_m0	TSVPQLGRGFAY	1q72_HL_agH_m0
1rjc_ANA_agB_m0	AADTSTWYRGYPNTGCNYFSY	1rjc_ANA_agB_m0
1rjl_BA_agC_m0	ARMRYGDYYAMDN	1rjl_BA_agC_m0
1rmf_HL_ag_m0	ARGGWLLLSFDY	1rmf_HL_ag_m0
1ru9_HL_ag_m0	AGLLWYDGGAGS	1ncw_HL_ag_m0
1rua_HL_ag_m0	AGLLWYDGGAGS	1ncw_HL_ag_m0
1ruk_HL_ag_m0	AGLLWYDGGAGS	1ncw_HL_ag_m0
1rul_HL_ag_m0	AGLLWYDGGAGS	1ncw_HL_ag_m0
1rum_HL_ag_m0	AGLLWYDGGAGS	1ncw_HL_ag_m0
1rup_HL_ag_m0	AGLLWYDGGAGS	1ncw_HL_ag_m0
1ruq_HL_ag_m0	ARAGGYYTGGDY	1a3l_HL_agL_m0
1rur_HL_ag_m0	ARAGGYYTGGDY	1a3l_HL_agL_m0
1rvf_HL_ag1 _ 3_m0	ARSGNYPYAMDY	1for_HL_ag_m0
1rz7_HL_ag_m0	AADPWELNAFNV	1rz7_HL_ag_m0
1rz8_BA_ag_m0	AGVYEGEADEGNNDYEGFLKH	1gc1_HL_agG_m0
1rz8_DC_ag_m0	AGVYEGEADEGNNDYEGFLKH	1gc1_HL_agG_m0
1rzf_HL_ag_m0	ASNSIAGGYYYDMDV	1rzf_HL_ag_m0
1rzg_AB_ag_m0	ASPYPNDGSMWYFDL	1rzg_AB_ag_m0
1rzg_CD_ag_m0	ASPYPNDGSMWYFDL	1rzg_AB_ag_m0
1rzi_BA_ag_m0	AKGGHGMDV	1rzi_BA_ag_m0
1rzi_DC_ag_m0	AKGGHGMDV	1rzi_BA_ag_m0
1rzi_FE_ag_m0	AKGGHGMDV	1rzi_BA_ag_m0
1rzi_HG_ag_m0	AKGGHGMDV	1rzi_BA_ag_m0
1rzi_JI_ag_m0	AKGGHGMDV	1rzi_BA_ag_m0
1rzi_LK_ag_m0	AKGHGMDV	1rzi_LK_ag_m0
1rzi_NM_ag_m0	AKGGHGMDV	1rzi_BA_ag_m0
1rzi_PO_ag_m0	AKGGHGMDV	1rzi_BA_ag_m0
1rzj_HL_agG_m0	AGVYEGEADEGNNDYEGFLKH	1gc1_HL_agG_m0
1rzk_HL_agG_m0	AGVYEGEADEGNNDYEGFLKH	1gc1_HL_agG_m0
1s3k_HL_agH_m0	ARGTRDGSWFAY	1s3k_HL_agH_m0
1s5h_BA_agC_m0	ARERGDGYFAV	1k4c_AB_agC_m0
1s5i_HL_ag_m0	ASYDDYTWFTY	1f8t_HL_ag_m0
1s78_DC_agA_m0	ARNLGPSFYFDY	1l7i_HL_ag_m0
1s78_FE_agB_m0	ARNLGPSFYFDY	1l7i_HL_ag_m0
1sbs_HL_ag_m0	TRGAYYRDYYAMDY	1sbs_HL_ag_m0
1seq_HL_ag_m0	ARGAMFGNKFDYPMDR	1seq_HL_ag_m0
1shm_ANA_ag_m0	GAGRIRESWVTW	1shm_ANA_ag_m0
1shm_BNA_ag_m0	GAGRIESWVTW	1shm_BNA_ag_m0
1shm_DNA_ag_m0	GAGRIESWVTW	1shm_BNA_ag_m0
1shm_ENA_ag_m0	GAGRIRESWVTW	1shm_ANA_ag_m0
1sjv_ANA_ag_m0	YTHYFRSY	1sjv_ANA_ag_m0
1sjx_ANA_ag_m0	AAEDRHRIGTVGY	1sjx_ANA_ag_m0
1sm3_HL_agP_m0	TGVGQFAY	1sm3_HL_agP_m0
1sq2_NNA_agL_m0	GLGVAGGYCDSCLAYSRYAE	1sq2_NNA_agL_m0
1sy6_HL_agA_m0	ARYYDDHYCLDY	1sy6_HL_agA_m0
1t03_HL_agB_m0	AQSAITSVDTSAMDH	1hys_DC_agB_m0
1t04_BA_ag_m0	ARGFLPWFAD	1b2w_HL_ag_m0
1t04_DC_ag_m0	ARGFLPWFAD	1b2w_HL_ag_m0
1t2j_ANA_ag_m0	ARDWYGMDV	1t2j_ANA_ag_m0
1t2q_HL_ag_m0	ARNRGYSYAMDS	1t2q_HL_ag_m0
1t3f_BA_ag_m0	ARGFLPWFAD	1b2w_HL_ag_m0
1t4k_BA_ag_m0	AKHTYGGPGDS	1t4k_BA_ag_m0
1t4k_DC_ag_m0	AKHTYGGPGDS	1t4k_BA_ag_m0
1t66_DC_agC_m0	TSYGYHGAY	1t66_DC_agC_m0
1t66_HL_agL_m0	TSYGYHGAY	1t66_DC_agC_m0
1t6v_NNA_agL_m0	GLGVAGGYCDSCLAYSRYAE	1sq2_NNA_agL_m0
1t6v_ONA_agM_m0	GLGVAGGYCDSCLAYSRYAE	1sq2_NNA_agL_m0
1tet_HL_agP_m0	ARRSWYFDV	1tet_HL_agP_m0
1tjg_HL_agP_m0	AHRRGPTTLFGVVPGRAIPNAMDV	1tjg_HL_agP_m0
1tjh_HL_agP_m0	AHRRGPTTLFGVVPGRAIPNAMDV	1tjg_HL_agP_m0
1tji_HL_agP_m0	AHRRGPTTLFGVVPGRAIPNAMDV	1tjg_HL_agP_m0
1tpx_BC_agA_m0	TRGTDY	1tpx_BC_agA_m0
1tqb_BC_agA_m0	TRGTDY	1tpx_BC_agA_m0
1tqc_BC_agA_m0	TRGTDY	1tpx_BC_agA_m0
1tzg_HL_agP_m0	AREGTTGWGWIPKGLGAFAH	1tzg_HL_agP_m0
1tzg_IM_agQ_m0	AREGTTGWGWIPKGLGAFAH	1tzg_HL_agP_m0
1tzh_BA_agW_m0	SRSSDASYYSSAMDY	1tzh_BA_agW_m0
1tzh_HL_agV_m0	SRSSDASYYSSAMDY	1tzh_BA_agW_m0
1tzi_BA_agV_m0	SRSSYAYYAAMDY	1tzi_BA_agV_m0
1u0q_ANA_ag_m0	AVRMPYSGDSSRYGTYDY	1u0q_ANA_ag_m0
1u0q_BNA_ag_m0	AVRMPYSGDSSRYGTYDY	1u0q_ANA_ag_m0
1u6a_HL_ag_m0	ARGPVPAVFDGYYRLDP	1u6a_HL_ag_m0
1u8h_BA_agC_m0	AHRRGPTTLFGVVPGRAIPNAMDV	1tjg_HL_agP_m0
1u8i_BA_agC_m0	AHRRGPTTLFGVVPGRAIPNAMDV	1tjg_HL_agP_m0
1u8j_BA_agC_m0	AHRRGPTTLFGVVPGRAIPNAMDV	1tjg_HL_agP_m0
1u8k_BA_agC_m0	AHRRGPTTLFGVVPGRAIPNAMDV	1tjg_HL_agP_m0
1u8l_BA_agC_m0	AHRRGPTTLFGVVPGRAIPNAMDV	1tjg_HL_agP_m0
1u8m_BA_agC_m0	AHRRGPTTLFGVVPGRAIPNAMDV	1tjg_HL_agP_m0
1u8n_BA_agC_m0	AHRRGPTTLFGVVPGRAIPNAMDV	1tjg_HL_agP_m0
1u8o_BA_agC_m0	AHRRGPTTLFGVVPGRAIPNAMDV	1tjg_HL_agP_m0
1u8p_BA_agC_m0	AHRRGPTTLFGVVPGRAIPNAMDV	1tjg_HL_agP_m0
1u8q_BA_agC_m0	AHRRGPTTLFGVVPGRAIPNAMDV	1tjg_HL_agP_m0
1u91_BA_agC_m0	AHRRGPTTLFGVVPGRAIPNAMDV	1tjg_HL_agP_m0
1u92_BA_agC_m0	AHRRGPTTLFGVVPGRAIPNAMDV	1tjg_HL_agP_m0
1u93_BA_agC_m0	AHRRGPTTLFGVVPGRAIPNAMDV	1tjg_HL_agP_m0
1u95_BA_agC_m0	AHRRGPTTLFGVVPGRAIPNAMDV	1tjg_HL_agP_m0
1ua6_HL_agY_m0	ANWDGDY	1c08_BA_agC_m0
1uac_HL_agY_m0	ANWDGDY	1c08_BA_agC_m0
1ub5_AB_agB_m0	ARGQGRPY	1fl3_AB_agA_m0
1ub5_HL_agH_m0	ARGQGRPY	1fl3_AB_agA_m0
1ub6_AB_ag_m0	ARGQGRPY	1fl3_AB_agA_m0
1ub6_HL_ag_m0	ARGQGRPY	1fl3_AB_agA_m0
1ucb_HL_ag_m0	ARGLDDGAWFAY	1cly_HL_agH_m0
1uj3_BA_agC_m0	ARDSGYAMDY	1uj3_BA_agC_m0
1um4_HL_agH_m0	ARSSMSDPGAN	1um4_HL_agH_m0
1um5_HL_agH_m0	ARSSMSDPGAN	1um4_HL_agH_m0
1um6_HL_ag_m0	ARSSMSDPGAN	1um4_HL_agH_m0
1uwe_HL_ag_m0	AIFYGNFFDY	1uwe_HL_ag_m0
1uwe_VU_ag_m0	AIFYGNFFDY	1uwe_HL_ag_m0
1uwe_YX_ag_m0	AIFYGNFFDY	1uwe_HL_ag_m0
1uwg_HL_agH_m0	AIFYGNFFDY	1uwe_HL_ag_m0
1uwg_YX_agY_m0	AIFYGNFFDY	1uwe_HL_ag_m0
1uwx_HL_agP_m0	ARGFYYYGYRSFYFDY	1uwx_HL_agP_m0
1uwx_MK_agQ_m0	ARGFYYYGYRSFYFDY	1uwx_HL_agP_m0
1uyw_HL_ag_m0	ARIYHYDGYFDV	1uyw_HL_ag_m0
1uyw_MN_ag_m0	ARIYHYDGYFDV	1uyw_HL_ag_m0
1uz6_FE_ag_m0	ARETGTRFDY	1uz6_FE_ag_m0
1uz6_HL_ag_m0	ARETGTRFDY	1uz6_FE_ag_m0
1uz6_PM_ag_m0	ARETGTRFDY	1uz6_FE_ag_m0
1uz6_WV_ag_m0	ARETGTRFDY	1uz6_FE_ag_m0
1uz8_BA_agH_m0	ARETGTRFDY	1uz6_FE_ag_m0
1uz8_HL_agH_m0	ARETGTRFDY	1uz6_FE_ag_m0
1v7m_HL_agV_m0	SGWSFLY	1v7m_HL_agV_m0
1v7m_IM_agX_m0	SGWSFLY	1v7m_HL_agV_m0
1v7n_HL_agV_m0	SGWSFLY	1v7m_HL_agV_m0
1v7n_IM_agX_m0	SGWSFLY	1v7m_HL_agV_m0
1v7n_JN_agY_m0	SGWSFLY	1v7m_HL_agV_m0
1v7n_KO_agZ_m0	SGWSFLY	1v7m_HL_agV_m0
1ver_ANA_agNA_m0	GAFRLSE	1ver_ANA_agNA_m0
1ves_ANA_agNA_m0	QAFYSLPLGDLSYNYLFRGE	2z8w_CNA_agB_m0
1ves_BNA_agNA_m0	QAFYSLPLGDLSYNYLFRGE	2z8w_CNA_agB_m0
1vfa_BA_ag_m0	ARERDYRLDY	1kiq_BA_agC_m0
1vfb_BA_agC_m0	ARERDYRLDY	1kiq_BA_agC_m0
1vge_HL_ag_m0	ARDPYGGKGSEFDY	1iga_AC_ag_m0
1vhp_ANA_ag_m0	ARLKKYAFDY	1vhp_ANA_ag_m0
1vhp_ANA_ag_m1	ARLKKYAFDY	1vhp_ANA_ag_m0
1vhp_ANA_ag_m10	ARLKKYAFDY	1vhp_ANA_ag_m0
1vhp_ANA_ag_m11	ARLKKYAFDY	1vhp_ANA_ag_m0
1vhp_ANA_ag_m12	ARLKKYAFDY	1vhp_ANA_ag_m0
1vhp_ANA_ag_m13	ARLKKYAFDY	1vhp_ANA_ag_m0
1vhp_ANA_ag_m14	ARLKKYAFDY	1vhp_ANA_ag_m0
1vhp_ANA_ag_m15	ARLKKYAFDY	1vhp_ANA_ag_m0
1vhp_ANA_ag_m16	ARLKKYAFDY	1vhp_ANA_ag_m0
1vhp_ANA_ag_m17	ARLKKYAFDY	1vhp_ANA_ag_m0
1vhp_ANA_ag_m18	ARLKKYAFDY	1vhp_ANA_ag_m0
1vhp_ANA_ag_m19	ARLKKYAFDY	1vhp_ANA_ag_m0
1vhp_ANA_ag_m2	ARLKKYAFDY	1vhp_ANA_ag_m0
1vhp_ANA_ag_m3	ARLKKYAFDY	1vhp_ANA_ag_m0
1vhp_ANA_ag_m4	ARLKKYAFDY	1vhp_ANA_ag_m0
1vhp_ANA_ag_m5	ARLKKYAFDY	1vhp_ANA_ag_m0
1vhp_ANA_ag_m6	ARLKKYAFDY	1vhp_ANA_ag_m0
1vhp_ANA_ag_m7	ARLKKYAFDY	1vhp_ANA_ag_m0
1vhp_ANA_ag_m8	ARLKKYAFDY	1vhp_ANA_ag_m0
1vhp_ANA_ag_m9	ARLKKYAFDY	1vhp_ANA_ag_m0
1vpo_HL_agH_m0	ARAYYGYVGLVH	1l7t_HL_ag_m0
1w72_HL_agA _ C_m0	ARGRGFHYYYYGMDI	1w72_HL_agA _ C_m0
1w72_IM_agD _ F_m0	ARGRGFHYYYYGMDI	1w72_HL_agA _ C_m0
1wc7_BA_agA_m0	VRDKGSYGEYNAWFAY	1wc7_BA_agA_m0
1wc7_HL_ag_m0	VRDKGSYGEYNAWFAY	1wc7_BA_agA_m0
1wcb_BA_ag_m0	VRDKGSYGEYNAWFAY	1wc7_BA_agA_m0
1wcb_HL_ag_m0	VRDKGSYGEYNAWFAY	1wc7_BA_agA_m0
1wej_HL_agF_m0	AGYDYGNFDY	1qbl_HL_ag_m0
1wt5_AC_ag_m0	ARSGGPYFFDY	2z4q_BA_ag_m0
1wt5_BD_ag_m0	ARSGGPYFFDY	2z4q_BA_ag_m0
1wz1_HL_ag_m0	TGIYYHYPWFAY	1dlf_HL_ag_m0
1xcq_BA_agP _ L_m0	ARFLLRQYFDV	1mhh_BA_ag_m0
1xcq_DC_agQ _ M_m0	ARFLLRQYFDV	1mhh_BA_ag_m0
1xcq_FE_agP _ N_m0	ARFLLRQYFDV	1mhh_BA_ag_m0
1xcq_HG_agS_m0	ARFLLRQYFDV	1mhh_BA_ag_m0
1xct_BA_agP _ L_m0	ARFLLRQYFDV	1mhh_BA_ag_m0
1xct_DC_agQ _ M_m0	ARFLLRQYFDV	1mhh_BA_ag_m0
1xf2_BA_ag_m0	VRGGYRPYYAMDY	1i8m_BA_agD_m0
1xf2_HL_agT_m0	VRGGYRPYYAMDY	1i8m_BA_agD_m0
1xf3_BA_ag_m0	VRGGYRPYYAMDY	1i8m_BA_agD_m0
1xf3_HL_ag_m0	VRGGYRPYYAMDY	1i8m_BA_agD_m0
1xf4_BA_ag_m0	VRGGYRPYYAMDY	1i8m_BA_agD_m0
1xf4_HL_ag_m0	VRGGYRPYYAMDY	1i8m_BA_agD_m0
1xf5_BA_agP _ L_m0	ARFLLRQYFDV	1mhh_BA_ag_m0
1xf5_DC_agQ_m0	ARFLLRQYFDV	1mhh_BA_ag_m0
1xfp_ANA_agL_m0	AADSTIYASYYECGGTSLGHGYGYDS	1jto_ANA_agL_m0
1xgp_BA_agC_m0	ASWGGDV	1dqj_BA_agC_m0
1xgq_BA_agC_m0	ASWGGDV	1dqj_BA_agC_m0
1xgr_BA_agC_m0	ASWGGDV	1dqj_BA_agC_m0
1xgt_BA_agC_m0	ASWGGDV	1dqj_BA_agC_m0
1xgu_BA_agC_m0	ASWGGDV	1dqj_BA_agC_m0
1xgy_HL_agP_m0	ATTVSYVMDY	1xgy_HL_agP_m0
1xgy_IM_agQ_m0	ATTVSYVMDY	1xgy_HL_agP_m0
1xiw_DC_agA _ F_m0	ARSGYYGDDSWYFDV	1xiw_DC_agA _ F_m0
1xiw_HG_agE _ B_m0	ARSGYYGDDSWYFDV	1xiw_DC_agA _ F_m0
1y0l_BA_agA_m0	VRLDFDVYYHNYVLDY	1y0l_BA_agA_m0
1y0l_DC_agD_m0	VRLDFDVYYHNYVLDY	1y0l_BA_agA_m0
1y0l_FE_agF_m0	VRLDFDVYYHNYVLDY	1y0l_BA_agA_m0
1y0l_HL_agH_m0	VRLDFDVYYHNYVLDY	1y0l_BA_agA_m0
1y18_BA_agB_m0	VRLDFDVYYHNYVLDY	1y0l_BA_agA_m0
1y18_DC_agD_m0	VRLDFDVYYHNYVLDY	1y0l_BA_agA_m0
1y18_FE_agE_m0	VRLDFDVYYHNYVLDY	1y0l_BA_agA_m0
1y18_HL_agH_m0	VRLDFDVYYHNYVLDY	1y0l_BA_agA_m0
1yc7_ANA_ag_m0	QIQCGVRSIREY	1yc7_ANA_ag_m0
1yc7_BNA_ag_m0	QIQCGVRSIREY	1yc7_ANA_ag_m0
1yc8_ANA_ag_m0	QIQCGVSIREY	1yc8_ANA_ag_m0
1yc8_BNA_ag_m0	QIQCRSIREY	1yc8_BNA_ag_m0
1yec_HL_agH_m0	TRWGFIPVDERYVMDY	1yee_HL_agH_m0
1yed_BA_agA_m0	TRWGFTTVRYNEYAMDY	1yed_BA_agA_m0
1yed_HL_agL_m0	TRWGFTTVRYNEYAMDY	1yed_BA_agA_m0
1yee_HL_agH_m0	VRWGFIPVDERYVLDY	1yee_HL_agH_m0
1yef_HL_agL_m0	TRWGFIPVDERYVMDY	1yee_HL_agH_m0
1yeg_HL_agL_m0	TRWGFIPVDERYVMDY	1yee_HL_agH_m0
1yeh_HL_ag_m0	TRWGFIPVDERYVMDY	1yee_HL_agH_m0
1yei_HL_agL_m0	TRWGFIPVDERYVMDY	1yee_HL_agH_m0
1yej_HL_agL_m0	TRWGFIPVDERYVMDY	1yee_HL_agH_m0
1yek_HL_agH_m0	TRWGFIPVDERYVMDY	1yee_HL_agH_m0
1yjd_HL_agC_m0	TRSHYGLDWNFDV	1yjd_HL_agC_m0
1ymh_BA_agE_m0	ARFLLRQYFDV	1mhh_BA_ag_m0
1ymh_DC_agF_m0	ARFLLRQYFDV	1mhh_BA_ag_m0
1ynk_HL_agH_m0	TRGYSSMDY	1cgs_HL_ag_m0
1ynl_HL_agL_m0	TRGYSSMDY	1cgs_HL_ag_m0
1ynt_BA_agF _ E_m0	ARSSTWYYFDY	1ynt_BA_agF _ E_m0
1ynt_DC_agG_m0	ARSSTWYYFDY	1ynt_BA_agF _ E_m0
1yqv_HL_agY_m0	LHGNYDFDG	1bql_HL_agY_m0
1yuh_BA_agB_m0	ARYAYCRPMDY	1yuh_BA_agB_m0
1yuh_HL_agH_m0	ARYAYCRPMDY	1yuh_BA_agB_m0
1yy8_BA_ag_m0	ARALTYYDYEFAY	1yy8_BA_ag_m0
1yy8_DC_ag_m0	ARALTYYDYEFAY	1yy8_BA_ag_m0
1yy9_DC_agA_m0	ARALTYYDYEFAY	1yy8_BA_ag_m0
1yyl_HL_agG_m0	AGVYEGEADEGNNDYEGFLKH	1gc1_HL_agG_m0
1yyl_RQ_agP_m0	AGVYEGEADEGNNDYEGFLKH	1gc1_HL_agG_m0
1yym_HL_agG_m0	AGVYEGEADEGNNDYEGFLKH	1gc1_HL_agG_m0
1yym_RQ_agP_m0	AGVYEGEADEGNNDYEGFLKH	1gc1_HL_agG_m0
1yzz_ANA_ag_m0	QIQCGSIREY	1yzz_ANA_ag_m0
1yzz_BNA_ag_m0	QIQCGVIREY	1yzz_BNA_ag_m0
1z3g_HL_agA_m0	ARGWDVAY	1z3g_HL_agA_m0
1z3g_IM_agB_m0	ARGWDVAY	1z3g_HL_agA_m0
1za3_BA_agS_m0	SRYSSYYSYYYSYSSSSYAMDY	1za3_BA_agS_m0
1za3_HL_agR_m0	SRYSSYYSYYYSYSSSSYAMDY	1za3_BA_agS_m0
1za6_BA_ag_m0	TRSLNMAY	1za6_BA_ag_m0
1za6_DC_ag_m0	TRSLNMAY	1za6_BA_ag_m0
1za6_FE_ag_m0	TRSLNMAY	1za6_BA_ag_m0
1za6_HG_ag_m0	TRSLNMAY	1za6_BA_ag_m0
1zan_HL_ag_m0	ARDGGYSSLTSYAMDA	1zan_HL_ag_m0
1zea_HL_agA_m0	ARRSWYFDV	1tet_HL_agP_m0
1zmy_ANA_agL_m0	AADSTIYASYYECGGTSLGHGYGYDS	1jto_ANA_agL_m0
1ztx_HL_agE_m0	ARSASYGDYADY	1ztx_HL_agE_m0
1zv5_ANA_agL_m0	AAGYRNYQGCATRY	1zv5_ANA_agL_m0
1zvh_ANA_agL_m0	AAARQGWYISNLPYGYNY	1zvh_ANA_agL_m0
1zvo_CB_ag_m0	ARGNPPPYYDIDSGTGDGIDV	1zvo_CB_ag_m0
1zvo_DA_ag_m0	ARGNPPPYYDIDSGTGDGIDV	1zvo_CB_ag_m0
1zvy_ANA_agB_m0	GATRKYVPVRQDLAFSSYDY	6jb2_ANA_agB_m0
1zwi_AB_agC_m0	ARERGDGYFAV	1k4c_AB_agC_m0
21du_NNA_agA _ B_m0	ARCPAPFTRDCSTVDFTTYAY	6oya_NNA_agA _ B_m0
22ps_AB_agC_m0	ARGTHYFHGWHFAV	2xa8_HL_ag_m0
22ps_DE_agF_m0	ARGTHYFHGWHFAV	2xa8_HL_ag_m0
25c8_HL_agL_m0	AADPPYYGHGDY	15c8_HL_ag_m0
2a0l_DC_agA_m0	VRGYDYFAMDY	1ors_BA_agC_m0
2a0l_FE_agB_m0	VRGYDYFAMDY	1ors_BA_agC_m0
2a1w_HL_ag_m0	ARHDDYYGPSKYFFDV	2a1w_HL_ag_m0
2a1w_IM_ag_m0	ARHDDYYGPSKYFFDV	2a1w_HL_ag_m0
2a6d_BA_agP_m0	ARSVYYGSGYYFDY	2a6d_BA_agP_m0
2a6d_HL_ag_m0	ARSVYYGSGYYFDY	2a6d_BA_agP_m0
2a6i_BA_agP_m0	ARSVYYGSGYYFDY	2a6d_BA_agP_m0
2a6j_BA_ag_m0	ARSVYYGSGYYFDY	2a6d_BA_agP_m0
2a6j_HL_ag_m0	ARSVYYGSGYYFDY	2a6d_BA_agP_m0
2a6k_BA_ag_m0	ARSVYYGSGYYFDY	2a6d_BA_agP_m0
2a6k_HL_agP_m0	ARSVYYGSGYYFDY	2a6d_BA_agP_m0
2a77_HL_ag_m0	ARHDDYPYFFDV	2a77_HL_ag_m0
2a9m_HL_ag_m0	ARRSYDSSGYYFHGWSYMDV	2a9n_HL_agH_m0
2a9m_IM_ag_m0	ARRSYDSSGYYFHGWSYMDV	2a9n_HL_agH_m0
2a9n_HL_agH_m0	ARRSYDSSGYYFHGASYMDV	2a9n_HL_agH_m0
2a9n_IM_agI_m0	ARRSYDSSGYYFHGASYMDV	2a9n_HL_agH_m0
2aab_HL_ag_m0	ARSNYVGYRVHWYFDV	2aab_HL_ag_m0
2adf_HL_agA_m0	ARDNPYYALDY	2adf_HL_agA_m0
2adg_BA_ag_m0	ARHEDGNWNYFDY	2adg_BA_ag_m0
2adi_BA_ag_m0	ARHEDGNWNYFDY	2adg_BA_ag_m0
2adj_BA_ag_m0	ARHEDGNWNYFDY	2adg_BA_ag_m0
2aep_HL_agA_m0	ARVDYGTNYDY	2aep_HL_agA_m0
2aeq_HL_agA_m0	ARVDYGTNYDY	2aep_HL_agA_m0
2agj_HL_ag_m0	ARTSGWDIEFEY	2agj_HL_ag_m0
2ai0_HL_ag_m0	ARHDFFDV	2ai0_HL_ag_m0
2ai0_IM_ag_m0	ARHDDYYGPSKYFFDV	2a1w_HL_ag_m0
2ai0_JN_ag_m0	ARHDDYYGPSKYFFDV	2a1w_HL_ag_m0
2ai0_KO_ag_m0	ARHDSPYFFDV	2ai0_KO_ag_m0
2aj3_BA_ag_m0	ARYHRHFIPGRLSFDY	2aj3_BA_ag_m0
2aj3_DC_ag_m0	ARYHRHFIPGRLSFDY	2aj3_BA_ag_m0
2aj3_FE_ag_m0	ARYHRHFIPGRLSFDY	2aj3_BA_ag_m0
2ajs_HL_ag_m0	ARYDYYGNTGDY	2ajs_HL_ag_m0
2aju_HL_ag_m0	ARYDYYGNTGDY	2ajs_HL_ag_m0
2ajv_HL_agL_m0	ARYDYYGNTGDY	2ajs_HL_ag_m0
2ajx_HL_agL_m0	ARYDYYGNTGDY	2ajs_HL_ag_m0
2ajy_HL_agL_m0	ARYDYYGNTGDY	2ajs_HL_ag_m0
2ajz_BA_agA_m0	ARYDYYGNTGDY	2ajs_HL_ag_m0
2ajz_HL_agL_m0	ARYDYYGNTGDY	2ajs_HL_ag_m0
2ak1_HL_ag_m0	ARYDYYGNTGDY	2ajs_HL_ag_m0
2ap2_BA_agP_m0	ARREVYSYYSPLDV	1mvu_BA_agP_m0
2ap2_DC_agQ_m0	ARREVYSYYSPLDV	1mvu_BA_agP_m0
2arj_BA_agR_m0	TPLIGSWYFDF	2arj_BA_agR_m0
2arj_HL_agQ_m0	TPLIGSWYFDF	2arj_BA_agR_m0
2atk_AB_agC_m0	ARERGDGYFAV	1k4c_AB_agC_m0
2b0s_HL_agP_m0	ARLGGDYEDAGSDAFDF	2b0s_HL_agP_m0
2b1a_HL_agP_m0	ARLGGDYEDAGSDAFDF	2b0s_HL_agP_m0
2b1h_HL_agP_m0	ARLGGDYEDAGSDAFDF	2b0s_HL_agP_m0
2b2x_HL_agA_m0	TRGFGDGGYFDV	1mhp_HL_agA_m0
2b2x_IM_agB_m0	TRGFGDGGYFDV	1mhp_HL_agA_m0
2b4c_HL_agG _ C_m0	ARDFGPDWEDGDRGSGDYSGFFDF	1rhh_BA_ag_m0
2bdn_HL_agA_m0	ARGVFGFFDY	2bdn_HL_agA_m0
2bfv_HL_agH_m0	ARLNYAVYGMDY	1bfv_HL_agH_m0
2bjm_HL_agH_m0	ARMWYYGTYYFDY	1oaq_HL_ag_m0
2bmk_BA_ag_m0	VRDKGSYGEYNAWFAY	1wc7_BA_agA_m0
2bmk_HL_ag_m0	VRDKGSYGEYNAWFAY	1wc7_BA_agA_m0
2bob_AB_agC_m0	ARERGDGYFAV	1k4c_AB_agC_m0
2boc_AB_agC_m0	ARERGDGYFAV	1k4c_AB_agC_m0
2brr_HL_agP_m0	ARDYYGSTYPYYAMDY	2brr_HL_agP_m0
2brr_YX_agP_m0	ARDYYGSTYPYYAMDY	2brr_HL_agP_m0
2bse_DNA_agB_m0	AARSGGFSRNSELYDG	2bse_DNA_agB_m0
2bse_ENA_agA_m0	AARSGGFSRNSELYDG	2bse_DNA_agB_m0
2bse_FNA_agC_m0	AARSGGFSRNSELYDG	2bse_DNA_agB_m0
2c1o_BA_ag_m0	ARDDYDGAF	2c1o_BA_ag_m0
2c1o_HL_ag_m0	ARDDYDGAF	2c1o_BA_ag_m0
2c1p_BA_agB_m0	ARDDYDGAF	2c1o_BA_ag_m0
2c1p_HL_agH_m0	ARDDYDGAF	2c1o_BA_ag_m0
2cgr_HL_agH_m0	TRGYSSMDY	1cgs_HL_ag_m0
2cju_HL_agH_m0	ARGYGYGAWFAY	2cju_HL_agH_m0
2ck0_HL_agP_m0	VRGRDGEAMDY	1ck0_HL_ag_m0
2cmr_HL_agA_m0	ARDNPTLLGSDY	2cmr_HL_agA_m0
2coq_ANA_agNA_m0	KAYRRCAFTNGVGYK	2coq_ANA_agNA_m0
2d03_HL_ag_m0	ARNRGYSYAMDS	1t2q_HL_ag_m0
2d7t_HL_ag_m0	ATGWWGMDV	2d7t_HL_ag_m0
2dbl_HL_agL_m0	TRGDYVNWYFDV	1dba_HL_ag_m0
2dd8_HL_agS_m0	ARDTVMGGMDV	2dd8_HL_agS_m0
2ddq_HL_agL_m0	APYGGY	2ddq_HL_agL_m0
2dlf_HL_ag_m0	TGIYYHYPWFAY	1dlf_HL_ag_m0
2dqc_HL_agY_m0	ANWDGDY	1c08_BA_agC_m0
2dqd_HL_agY_m0	ANWDGDY	1c08_BA_agC_m0
2dqe_HL_agY_m0	ANWDGDY	1c08_BA_agC_m0
2dqf_BA_agC_m0	ANWDGDY	1c08_BA_agC_m0
2dqf_ED_agF_m0	ANWDGDY	1c08_BA_agC_m0
2dqg_HL_agY_m0	ANWDGDY	1c08_BA_agC_m0
2dqh_HL_agY_m0	ANWDGDY	1c08_BA_agC_m0
2dqi_HL_agY_m0	ANWDGDY	1c08_BA_agC_m0
2dqj_HL_agY_m0	ANWDGDY	1c08_BA_agC_m0
2dqt_HL_agH_m0	ARVSHYDGDRSWYFDV	2dqt_HL_agH_m0
2dqu_HL_agH_m0	ARVSHYDGDRSWYFDV	2dqt_HL_agH_m0
2dtm_HL_ag_m0	ARVSHYDDWYFDV	2dtm_HL_ag_m0
2dwd_AB_agC_m0	ARERGDGYFAV	1k4c_AB_agC_m0
2dwe_AB_agC_m0	ARERGDGYFAV	1k4c_AB_agC_m0
2e27_HL_agH_m0	ARSDYGGDY	2e27_HL_agH_m0
2eh7_HL_ag_m0	AREYDEAY	2eh7_HL_ag_m0
2eh8_HL_agP_m0	AREYDEAY	2eh7_HL_ag_m0
2eiz_BA_agC_m0	ARWDGDY	2eiz_BA_agC_m0
2eks_BA_agC_m0	ARWDGDY	2eiz_BA_agC_m0
2esg_AL_ag_m0	ARDPYGGKGSEFDY	1iga_AC_ag_m0
2esg_BM_ag_m0	ARDPYGGKGSEFDY	1iga_AC_ag_m0
2exw_CD_agA_m0	ARLYYGYYGWYFDV	1ots_CD_agA_m0
2exw_EF_agB_m0	ARLYYGYYGWYFDV	1ots_CD_agA_m0
2exy_CD_agA_m0	ARLYYGYYGWYFDV	1ots_CD_agA_m0
2exy_EF_agB_m0	ARLYYGYYGWYFDV	1ots_CD_agA_m0
2ez0_CD_agA_m0	ARLYYGYYGWYFDV	1ots_CD_agA_m0
2ez0_EF_agB_m0	ARLYYGYYGWYFDV	1ots_CD_agA_m0
2f19_HL_ag_m0	ARSFYGGSDVALYYFDS	1fai_HL_ag_m0
2f58_HL_agP_m0	AREEAMPYGNYYAQYAMDC	1f58_HL_agP_m0
2f5a_HL_ag_m0	AHRRGPTTLAAAVPGAAAANAMDV	2f5a_HL_ag_m0
2f5b_HL_agP_m0	AHRRGPTTLFGVVPGRAIPNAMDV	1tjg_HL_agP_m0
2fat_HL_ag_m0	ARWGPHWYFDV	2fat_HL_ag_m0
2fb4_HL_ag_m0	ARDGGHGFCSCSASFGPDY	2fb4_HL_ag_m0
2fbj_HL_agH_m0	ARLHYYGYNAY	2fbj_HL_agH_m0
2fd6_HL_agU_m0	ARWGPHWYFDV	2fat_HL_ag_m0
2fec_IL_agB_m0	ARLYYGYYGWYFDV	1ots_CD_agA_m0
2fec_JO_agA_m0	ARLYYGYYGWYFDV	1ots_CD_agA_m0
2fed_CD_agA_m0	ARLYYGYYGWYFDV	1ots_CD_agA_m0
2fed_EF_agB_m0	ARLYYGYYGWYFDV	1ots_CD_agA_m0
2fee_IL_agB_m0	ARLYYGYYGWYFDV	1ots_CD_agA_m0
2fee_JO_agA_m0	ARLYYGYYGWYFDV	1ots_CD_agA_m0
2fgw_HL_ag_m0	ARWRRYFDV	2fgw_HL_ag_m0
2fjf_BA_ag_m0	ARFVFFLPYAMDY	2fjf_BA_ag_m0
2fjf_DC_ag_m0	ARFVFFLPYAMDY	2fjf_BA_ag_m0
2fjf_FE_ag_m0	ARFVFFLPYAMDY	2fjf_BA_ag_m0
2fjf_HL_ag_m0	ARFVFFLPYAMDY	2fjf_BA_ag_m0
2fjf_IG_ag_m0	ARFVFFLPYAMDY	2fjf_BA_ag_m0
2fjf_KJ_ag_m0	ARFVFFLPYAMDY	2fjf_BA_ag_m0
2fjf_NM_ag_m0	ARFVFFLPYAMDY	2fjf_BA_ag_m0
2fjf_PO_ag_m0	ARFVFFLPYAMDY	2fjf_BA_ag_m0
2fjf_RQ_ag_m0	ARFVFFLPYAMDY	2fjf_BA_ag_m0
2fjf_TS_ag_m0	ARFVFFLPYAMDY	2fjf_BA_ag_m0
2fjf_VU_ag_m0	ARFVFFLPYAMDY	2fjf_BA_ag_m0
2fjf_XW_ag_m0	ARFVFFLPYAMDY	2fjf_BA_ag_m0
2fjg_BA_agV_m0	ARFVFFLPYAMDY	2fjf_BA_ag_m0
2fjg_HL_agW_m0	ARFVFFLPYAMDY	2fjf_BA_ag_m0
2fjh_BA_agW_m0	ARWGHSTPSWAMDY	2fjh_BA_agW_m0
2fjh_HL_agV_m0	ARWGHSTPSWAMDY	2fjh_BA_agW_m0
2fl5_BA_agB_m0	ARVSDFGDYGPDF	2fl5_BA_agB_m0
2fl5_DC_agD_m0	ARVSDFGDYGPDF	2fl5_BA_agB_m0
2fl5_FE_agF_m0	ARVSDFGDYGPDF	2fl5_BA_agB_m0
2fl5_HL_agH_m0	ARVSDFGDYGPDF	2fl5_BA_agB_m0
2fr4_BA_agM_m0	VRGGYRPYYAMDY	1i8m_BA_agD_m0
2fr4_HL_agN_m0	VRGGYRPYYAMDY	1i8m_BA_agD_m0
2fx7_HL_agP_m0	AREGTTGWGWIPKGLGAFAH	1tzg_HL_agP_m0
2fx8_HL_agP_m0	AREGTTGWGWIPKGLGAFAH	1tzg_HL_agP_m0
2fx8_IM_agQ_m0	AREGTTGWGWIPKGLGAFAH	1tzg_HL_agP_m0
2fx8_JN_agR_m0	AREGTTGWGWIPKGLGAFAH	1tzg_HL_agP_m0
2fx8_KO_agS_m0	AREGTTGWGWIPKGLGAFAH	1tzg_HL_agP_m0
2fx9_HL_agP_m0	AREGTTGWGWIPKGLGAFAH	1tzg_HL_agP_m0
2fx9_IM_agQ_m0	AREGTTGWGWIPKGLGAFAH	1tzg_HL_agP_m0
2g2r_BA_agA_m0	VPYDYAADRVY	2g2r_BA_agA_m0
2g2r_HL_agL_m0	VPYDYAADRVY	2g2r_BA_agA_m0
2g5b_BA_agI_m0	VRDNGSDRYWYFDV	2g5b_BA_agI_m0
2g5b_DC_agJ_m0	VRDNGSDRYWYFDV	2g5b_BA_agI_m0
2g5b_FE_agK_m0	VRDNGSDRYWYFDV	2g5b_BA_agI_m0
2g5b_HG_agL_m0	VRDNGSDRYWYFDV	2g5b_BA_agI_m0
2g60_HL_ag_m0	ARAAAAGADY	2g60_HL_ag_m0
2g75_AB_ag_m0	ARDTVMGGMDV	2dd8_HL_agS_m0
2g75_CD_ag_m0	ARDTVMGGMDV	2dd8_HL_agS_m0
2gcy_BA_ag_m0	SRYRYDDAMDY	2gcy_BA_ag_m0
2gfb_BA_ag_m0	ARGDYYGSRGAY	1kno_BA_agB_m0
2gfb_DC_ag_m0	ARGDYYGSRGAY	1kno_BA_agB_m0
2gfb_FE_ag_m0	ARGDYYGSRGAY	1kno_BA_agB_m0
2gfb_HG_ag_m0	ARGDYYGSRGAY	1kno_BA_agB_m0
2gfb_JI_ag_m0	ARGDYYGSRGAY	1kno_BA_agB_m0
2gfb_LK_ag_m0	ARGDYYGSRGAY	1kno_BA_agB_m0
2gfb_NM_ag_m0	ARGDYYGSRGAY	1kno_BA_agB_m0
2gfb_PO_ag_m0	ARGDYYGSRGAY	1kno_BA_agB_m0
2ghw_Bb_agA_m0	ARDRSYYLDY	2ghw_Bb_agA_m0
2ghw_Dd_agC_m0	ARDRSYYLDY	2ghw_Bb_agA_m0
2gjz_BA_ag_m0	AKHWGGYYPIYGMDH	2gjz_BA_ag_m0
2gjz_HL_ag_m0	AKHWGGYYPIYGMDH	2gjz_BA_ag_m0
2gk0_BA_ag_m0	AKHWGYGMDH	2gk0_BA_ag_m0
2gk0_HL_ag_m0	AKHWGGYYPIYGMDH	2gjz_BA_ag_m0
2gki_Aa_ag_m0	ARGAYKRGYAMDY	2gki_Aa_ag_m0
2gki_Bb_ag_m0	ARGAYKRGYAMDY	2gki_Aa_ag_m0
2gsg_BA_ag_m0	ARGRGYVWFAY	2gsg_BA_ag_m0
2gsg_DC_ag_m0	ARGRGYVWFAY	2gsg_BA_ag_m0
2gsi_BA_agW_m0	NAGVITMAMDY	2gsi_BA_agW_m0
2gsi_DC_agX_m0	NAGVITMQAMDY	2gsi_DC_agX_m0
2gsi_FE_agY_m0	NAGVITMAMDY	2gsi_BA_agW_m0
2gsi_HG_agZ_m0	NAGVITMMYGQAMDY	2gsi_HG_agZ_m0
2h1p_HL_agP_m0	ARRDSSASLYFDY	2h1p_HL_agP_m0
2h2p_CD_agA_m0	ARLYYGYYGWYFDV	1ots_CD_agA_m0
2h2p_EF_agB_m0	ARLYYGYYGWYFDV	1ots_CD_agA_m0
2h2s_CD_agA_m0	ARLYYGYYGWYFDV	1ots_CD_agA_m0
2h2s_EF_agB_m0	ARLYYGYYGWYFDV	1ots_CD_agA_m0
2h32_HA_agB_m0	ARHYYYYYGMDV	2h32_HA_agB_m0
2h8p_AB_agC_m0	ARERGDGYFAV	1k4c_AB_agC_m0
2h9g_BA_agR_m0	ARRLALVRMWMDY	2h9g_BA_agR_m0
2h9g_HL_agS_m0	ARRLALVRMWMDY	2h9g_BA_agR_m0
2hfe_AB_agC_m0	ARERGDGYFAV	1k4c_AB_agC_m0
2hff_BA_ag_m0	ARRVCYAGGMDY	2hff_BA_ag_m0
2hff_HL_ag_m0	ARRVCAGGMDY	2hff_HL_ag_m0
2hfg_HL_agR_m0	ARRVCYNRLACVGGGMDY	2hfg_HL_agR_m0
2hg5_AB_agC_m0	ARERGDGYFAV	1k4c_AB_agC_m0
2hh0_HL_agP_m0	GRGAYYIKEDF	2hh0_HL_agP_m0
2hjf_AB_agC_m0	ARERGDGYFAV	1k4c_AB_agC_m0
2hkf_HL_agP_m0	VTYGNHPFAY	2hkf_HL_agP_m0
2hkh_HL_ag_m0	VTYGNHPFAY	2hkf_HL_agP_m0
2hlf_CD_agA_m0	ARLYYGYYGWYFDV	1ots_CD_agA_m0
2hlf_EF_agB_m0	ARLYYGYYGWYFDV	1ots_CD_agA_m0
2hmi_DC_agB_m0	AQSAITSVDTSAMDH	1hys_DC_agB_m0
2hrp_HL_agP_m0	ARSGGIERYYTGDYVMDY	1mf2_HL_ag_m0
2hrp_NM_agQ_m0	ARSGGIERYYTGDYVMDY	1mf2_HL_ag_m0
2ht2_CD_agA_m0	ARLYYGYYGWYFDV	1ots_CD_agA_m0
2ht2_EF_agB_m0	ARLYYGYYGWYFDV	1ots_CD_agA_m0
2ht3_CD_agA_m0	ARLYYGYYGWYFDV	1ots_CD_agA_m0
2ht3_EF_agB_m0	ARLYYGYYGWYFDV	1ots_CD_agA_m0
2ht4_CD_agA_m0	ARLYYGYYGWYFDV	1ots_CD_agA_m0
2ht4_EF_agB_m0	ARLYYGYYGWYFDV	1ots_CD_agA_m0
2htk_CD_agA_m0	ARLYYGYYGWYFDV	1ots_CD_agA_m0
2htk_EF_agB_m0	ARLYYGYYGWYFDV	1ots_CD_agA_m0
2htl_CD_agA_m0	ARLYYGYYGWYFDV	1ots_CD_agA_m0
2htl_EF_agB_m0	ARLYYGYYGWYFDV	1ots_CD_agA_m0
2hvj_AB_agC_m0	ARERGDGYFAV	1k4c_AB_agC_m0
2hvk_AB_agC_m0	ARERGDGYFAV	1k4c_AB_agC_m0
2hwz_HL_ag_m0	ARSMITNWYFDV	2hwz_HL_ag_m0
2i25_NNA_agL_m0	KPESRYGSYDACVAALNDQ	2i26_NNA_agL_m0
2i25_ONA_agM_m0	KPESRYGSYDACVAALNDQ	2i26_NNA_agL_m0
2i26_NNA_agL_m0	KPESRYGSYDACEAALNDQ	2i26_NNA_agL_m0
2i26_ONA_agM_m0	KPESRYGSYDACEAALNDQ	2i26_NNA_agL_m0
2i26_PNA_agQ_m0	KPESRYGSYDACEAALNDQ	2i26_NNA_agL_m0
2i27_NNA_agNA_m0	KPESRDAEACALNDQ	2i27_NNA_agNA_m0
2i27_ONA_agNA_m0	KPESRDAEACALNDQ	2i27_NNA_agNA_m0
2i5y_HL_agG_m0	AGVYEGEADEGNNDYEGFLKH	1gc1_HL_agG_m0
2i5y_RQ_agP_m0	AGVYEGEADEGNNDYEGFLKH	1gc1_HL_agG_m0
2i60_HL_agG_m0	AGVYEGEADEGNNDYEGFLKH	1gc1_HL_agG_m0
2i60_RQ_agP_m0	AGVYEGEADEGNNDYEGFLKH	1gc1_HL_agG_m0
2i9l_BA_agI_m0	ARTTVDGYDFAY	2i9l_BA_agI_m0
2i9l_DC_agJ_m0	ARTTVDGYDFAY	2i9l_BA_agI_m0
2i9l_FE_agK_m0	ARTTVDGYDFAY	2i9l_BA_agI_m0
2i9l_HG_agL_m0	ARTTVDGYDFAY	2i9l_BA_agI_m0
2ibz_XY_agE_m0	ARSEYYSVGTYAMDY	1ezv_XY_agE_m0
2iff_HL_agY_m0	LHGNYDFDG	1bql_HL_agY_m0
2ig2_HL_ag_m0	ARDGGHGFCSCSASFGPDY	2fb4_HL_ag_m0
2igf_HL_agP_m0	TRYSSDPFYFDY	1igf_HL_ag_m0
2ih1_AB_agC_m0	ARERGDGYFAV	1k4c_AB_agC_m0
2ih3_AB_agC_m0	ARERGDGYFAV	1k4c_AB_agC_m0
2ipt_HL_ag_m0	VRRAHTTVGLDWFAY	2ipt_HL_ag_m0
2ipu_GK_agP_m0	VRRAHTTVGLDWFAY	2ipt_HL_ag_m0
2ipu_HL_agQ_m0	VRRAHTTVGLDWFAY	2ipt_HL_ag_m0
2iq9_HL_ag_m0	VRRAHNVVGLDWFAY	2iq9_HL_ag_m0
2iqa_BA_ag_m0	VRRAHNVGLDWFAY	2iqa_BA_ag_m0
2iqa_HL_ag_m0	VRRAHNVGLDWFAY	2iqa_BA_ag_m0
2itc_AB_agC_m0	ARERGDGYFAV	1k4c_AB_agC_m0
2itd_AB_agC_m0	ARERGDGYFAV	1k4c_AB_agC_m0
2j4w_HL_agD_m0	ARDGPTDSYGSGGFGY	2j4w_HL_agD_m0
2j5l_CB_agA_m0	ARDGPTDSYGSGGFGY	2j4w_HL_agD_m0
2j6e_HL_agA_m0	ARLGPDDYLTDGMDV	2j6e_HL_agA_m0
2j6e_IM_agB_m0	ARLGPDDYLTDGMDV	2j6e_HL_agA_m0
2j88_HL_agA_m0	TLYYGSVDY	2j88_HL_agA_m0
2jb5_HL_agH_m0	ARYFMSYKHLSDY	2jb5_HL_agH_m0
2jb6_BA_agB_m0	ARYFMSYKHLSDY	2jb5_HL_agH_m0
2jb6_HL_agH_m0	ARYFMSYKHLSDY	2jb5_HL_agH_m0
2jel_HL_agP_m0	ARVMGEQYFDV	2jel_HL_agP_m0
2jix_DG_agE_m0	ARERLGIGDY	2jix_DG_agE_m0
2jix_FA_agC _ B_m0	ARERLGIGDY	2jix_DG_agE_m0
2jix_HL_agE_m0	ARERLGIGDY	2jix_DG_agE_m0
2jk5_AB_agC_m0	ARERGDGYFAV	1k4c_AB_agC_m0
2mcp_HL_agH_m0	ARNYYGSTWYFDV	1mcp_HL_ag_m0
2mpa_HL_agP_m0	SIIYFDYDAFIMDY	1mnu_HL_ag_m0
2nlj_BA_agC_m0	ARERGDGYFAV	1k4c_AB_agC_m0
2nr6_DC_agA_m0	ARWVRQMDY	2nr6_DC_agA_m0
2nr6_FE_agB_m0	ARWVRQMDY	2nr6_DC_agA_m0
2ntf_BA_agB_m0	TRGSLYYNYNGWFGY	2ntf_BA_agB_m0
2ntf_HL_agH_m0	TRGSLYYNYNGWFGY	2ntf_BA_agB_m0
2nxy_DC_agA_m0	AGVYEGEADEGNNDYEGFLKH	1gc1_HL_agG_m0
2nxz_DC_agA_m0	AGVYEGEADEGNNDYEGFLKH	1gc1_HL_agG_m0
2ny0_DC_agA_m0	AGVYEGEADEGNNDYEGFLKH	1gc1_HL_agG_m0
2ny1_DC_agA_m0	AGVYEGEADEGNNDYEGFLKH	1gc1_HL_agG_m0
2ny2_DC_agA_m0	AGVYEGEADEGNNDYEGFLKH	1gc1_HL_agG_m0
2ny3_DC_agA_m0	AGVYEGEADEGNNDYEGFLKH	1gc1_HL_agG_m0
2ny4_DC_agA_m0	AGVYEGEADEGNNDYEGFLKH	1gc1_HL_agG_m0
2ny5_HL_agG_m0	AGVYEGEADEGNNDYEGFLKH	1gc1_HL_agG_m0
2ny6_DC_agA_m0	AGVYEGEADEGNNDYEGFLKH	1gc1_HL_agG_m0
2ny7_HL_agG_m0	ARVGPYSWDDNDQPSYYMDV	1hzh_HL_ag_m0
2nyy_DC_agA_m0	SRYRYDDAMDY	2gcy_BA_ag_m0
2nz9_DC_agA_m0	SRYRYDDAMDY	2gcy_BA_ag_m0
2nz9_FE_agB_m0	SRYRYDDAMDY	2gcy_BA_ag_m0
2o5x_HL_ag_m0	ARGTTIVWAMDY	2o5x_HL_ag_m0
2o5y_HL_ag_m0	ARGTTIVWAMDY	2o5x_HL_ag_m0
2o5z_HL_ag_m0	ARGTTIVWAMDY	2o5x_HL_ag_m0
2ojz_HL_ag_m0	TRWTYGSSFDY	2ojz_HL_ag_m0
2ojz_IM_ag_m0	TRWTYGSSFDY	2ojz_HL_ag_m0
2ok0_HL_agD_m0	TRWTYGSSFDY	2ojz_HL_ag_m0
2op4_HL_ag_m0	TRGSLYYNYNGWFGY	2ntf_BA_agB_m0
2oqj_BA_agC_m0	ARKGSDRLNDSDPFDA	2oqj_BA_agC_m0
2oqj_ED_agF_m0	ARKGSDRLNDSDPFDA	2oqj_BA_agC_m0
2oqj_HG_agI_m0	ARKGSDRLNDSDPFDA	2oqj_BA_agC_m0
2oqj_KJ_agL_m0	ARKGSDRLNDSDPFDA	2oqj_BA_agC_m0
2or9_HL_agP_m0	ARRSEFYYYGYYYTNSAMDY	2or9_HL_agP_m0
2or9_IM_agP_m0	ARRSEFYYYGYYYTNSAMDY	2or9_HL_agP_m0
2orb_HL_ag_m0	ARRSEYSAMDY	2orb_HL_ag_m0
2orb_IM_ag_m0	ARRSAMDY	2orb_IM_ag_m0
2osl_AB_agQ_m0	ARSTYYGDGWYFNV	2osl_AB_agQ_m0
2osl_HL_agP_m0	ARSTYYGDGWYFNV	2osl_AB_agQ_m0
2otu_BA_agP_m0	ARGRGYVWFAY	2gsg_BA_ag_m0
2otu_DC_agQ_m0	ARGRGYVWFAY	2gsg_BA_ag_m0
2otu_FE_agR_m0	ARGRGYVWFAY	2gsg_BA_ag_m0
2otu_HG_agS_m0	ARGRGYVWFAY	2gsg_BA_ag_m0
2otw_BA_agE_m0	ARGRGYVWFAY	2gsg_BA_ag_m0
2otw_DC_agF_m0	ARGRGYVWFAY	2gsg_BA_ag_m0
2oz4_HL_agA_m0	ATKGFAY	2oz4_HL_agA_m0
2p42_BNA_agA_m0	AAGGYELDRRTYGQ	4ppt_ANA_ag_m0
2p42_DNA_agC_m0	AAGGYELDRRTYGQ	4ppt_ANA_ag_m0
2p43_BNA_agA_m0	AAGGYELDRRTYGQ	4ppt_ANA_ag_m0
2p44_BNA_agA_m0	AAGGYELDRRTYGQ	4ppt_ANA_ag_m0
2p45_BNA_agA_m0	AAGGYELDRRTYGQ	4ppt_ANA_ag_m0
2p46_BNA_agA_m0	AAGGYELDRRTYGQ	4ppt_ANA_ag_m0
2p46_DNA_agC_m0	AAGGYELDRRTYGQ	4ppt_ANA_ag_m0
2p47_BNA_agA_m0	AAGGYELDRRTYGQ	4ppt_ANA_ag_m0
2p48_BNA_agA_m0	AAGGYELDRRTYGQ	4ppt_ANA_ag_m0
2p49_BNA_agA_m0	AAGGYELDRRTYGQ	4ppt_ANA_ag_m0
2p4a_BNA_agA_m0	AAGGDALAVTRYGR	2p4a_BNA_agA_m0
2p4a_DNA_agC_m0	AAGGDALAVTRYGR	2p4a_BNA_agA_m0
2p7t_AB_agC_m0	ARERGDGYFAV	1k4c_AB_agC_m0
2p8l_BA_agC_m0	AHRRGPTTLFGVVPGRAIPNAMDV	1tjg_HL_agP_m0
2p8m_BA_agC_m0	AHRRGPTGVPNAMDV	2p8m_BA_agC_m0
2p8p_BA_agC_m0	AHRRGPTTLFGVVPGRAIPNAMDV	1tjg_HL_agP_m0
2pcp_BA_agB_m0	GRSTWDDFDY	2pcp_BA_agB_m0
2pcp_DC_agC_m0	GRSTWDDFDY	2pcp_BA_agB_m0
2pr4_HL_ag_m0	AHRRGPGVPNAMDV	2pr4_HL_ag_m0
2pw1_BA_agC_m0	AHRRGPTTLFGVVPGRAIPNAMDV	1tjg_HL_agP_m0
2pw2_BA_agC_m0	AHRRGPTTLFGVVPGRAIPNAMDV	1tjg_HL_agP_m0
2q76_BA_ag_m0	ARGDGFYVY	1p2c_BA_agC_m0
2q76_DC_ag_m0	ARGDGFYVY	1p2c_BA_agC_m0
2q8a_HL_agA_m0	TLSHF	2q8a_HL_agA_m0
2q8b_HL_agA_m0	TLSHF	2q8a_HL_agA_m0
2qad_DC_agA_m0	ASPYPNDNDAPSMGEEWYFDL	2qad_DC_agA_m0
2qad_HG_agE_m0	ASPYPNDNDAPSMGEEWYFDL	2qad_DC_agA_m0
2qhr_HL_agP_m0	SRHIYYGSYHSYAMDY	2qhr_HL_agP_m0
2qqk_HL_agA_m0	AREDFRNRRWLRYVMDY	2qqk_HL_agA_m0
2qql_HL_agA_m0	AREDFRNRRWLRYVMDY	2qqk_HL_agA_m0
2qqn_HL_agA_m0	ARGELPYYSMRKVMDV	2qqn_HL_agA_m0
2qr0_BA_agD_m0	ARYYGTGAMDY	2qr0_BA_agD_m0
2qr0_FE_agC_m0	ARYYGTGAMDY	2qr0_BA_agD_m0
2qr0_HG_agJ_m0	ARYYGTGAMDY	2qr0_BA_agD_m0
2qr0_LK_agI_m0	ARYYGTGAMDY	2qr0_BA_agD_m0
2qr0_NM_agO_m0	ARYYGTGAMDY	2qr0_BA_agD_m0
2qr0_RQ_agP_m0	ARYYGTGAMDY	2qr0_BA_agD_m0
2qr0_TS_agU_m0	ARYYGTGAMDY	2qr0_BA_agD_m0
2qr0_XW_agV_m0	ARYYGTGAMDY	2qr0_BA_agD_m0
2qsc_HL_agP_m0	ARDRYYETSGSNAFDV	2qsc_HL_agP_m0
2qtj_AL_ag_m0	ARDPYGGKGSEFDY	1iga_AC_ag_m0
2qtj_AL_ag_m1	ARDPYGGKGSEFDY	1iga_AC_ag_m0
2qtj_AL_ag_m2	ARDPYGGKGSEFDY	1iga_AC_ag_m0
2qtj_AL_ag_m3	ARDPYGGKGSEFDY	1iga_AC_ag_m0
2qtj_AL_ag_m4	ARDPYGGKGSEFDY	1iga_AC_ag_m0
2qtj_AL_ag_m5	ARDPYGGKGSEFDY	1iga_AC_ag_m0
2qtj_AL_ag_m6	ARDPYGGKGSEFDY	1iga_AC_ag_m0
2qtj_AL_ag_m7	ARDPYGGKGSEFDY	1iga_AC_ag_m0
2qtj_AL_ag_m8	ARDPYGGKGSEFDY	1iga_AC_ag_m0
2qtj_AL_ag_m9	ARDPYGGKGSEFDY	1iga_AC_ag_m0
2qtj_BM_ag_m0	ARDPYGGKGSEFDY	1iga_AC_ag_m0
2qtj_BM_ag_m1	ARDPYGGKGSEFDY	1iga_AC_ag_m0
2qtj_BM_ag_m2	ARDPYGGKGSEFDY	1iga_AC_ag_m0
2qtj_BM_ag_m3	ARDPYGGKGSEFDY	1iga_AC_ag_m0
2qtj_BM_ag_m4	ARDPYGGKGSEFDY	1iga_AC_ag_m0
2qtj_BM_ag_m5	ARDPYGGKGSEFDY	1iga_AC_ag_m0
2qtj_BM_ag_m6	ARDPYGGKGSEFDY	1iga_AC_ag_m0
2qtj_BM_ag_m7	ARDPYGGKGSEFDY	1iga_AC_ag_m0
2qtj_BM_ag_m8	ARDPYGGKGSEFDY	1iga_AC_ag_m0
2qtj_BM_ag_m9	ARDPYGGKGSEFDY	1iga_AC_ag_m0
2qtj_CN_ag_m0	ARDPYGGKGSEFDY	1iga_AC_ag_m0
2qtj_CN_ag_m8	ARDPYGGKGSEFDY	1iga_AC_ag_m0
2qtj_CO_ag_m1	ARDPYGGKGSEFDY	1iga_AC_ag_m0
2qtj_CO_ag_m2	ARDPYGGKGSEFDY	1iga_AC_ag_m0
2qtj_CO_ag_m3	ARDPYGGKGSEFDY	1iga_AC_ag_m0
2qtj_CO_ag_m4	ARDPYGGKGSEFDY	1iga_AC_ag_m0
2qtj_CO_ag_m5	ARDPYGGKGSEFDY	1iga_AC_ag_m0
2qtj_CO_ag_m6	ARDPYGGKGSEFDY	1iga_AC_ag_m0
2qtj_CO_ag_m7	ARDPYGGKGSEFDY	1iga_AC_ag_m0
2qtj_CO_ag_m9	ARDPYGGKGSEFDY	1iga_AC_ag_m0
2qtj_DN_ag_m1	ARDPYGGKGSEFDY	1iga_AC_ag_m0
2qtj_DN_ag_m2	ARDPYGGKGSEFDY	1iga_AC_ag_m0
2qtj_DN_ag_m3	ARDPYGGKGSEFDY	1iga_AC_ag_m0
2qtj_DN_ag_m4	ARDPYGGKGSEFDY	1iga_AC_ag_m0
2qtj_DN_ag_m5	ARDPYGGKGSEFDY	1iga_AC_ag_m0
2qtj_DN_ag_m6	ARDPYGGKGSEFDY	1iga_AC_ag_m0
2qtj_DN_ag_m7	ARDPYGGKGSEFDY	1iga_AC_ag_m0
2qtj_DN_ag_m9	ARDPYGGKGSEFDY	1iga_AC_ag_m0
2qtj_DO_ag_m0	ARDPYGGKGSEFDY	1iga_AC_ag_m0
2qtj_DO_ag_m8	ARDPYGGKGSEFDY	1iga_AC_ag_m0
2r0k_HL_agA_m0	ARSARFSFDY	2r0k_HL_agA_m0
2r0l_HL_agA_m0	ARFWWRSFDY	2r0l_HL_agA_m0
2r0w_HL_agQ_m0	VRRAHNVVGLDWFAY	2iq9_HL_ag_m0
2r0z_HL_agQ_m0	VRRAHTTVGLDWFAY	2ipt_HL_ag_m0
2r1w_BA_agB_m0	ARDHDGYYERFSY	4hgw_BA_agB_m0
2r1x_BA_agB_m0	ARDHDGYYERFSY	4hgw_BA_agB_m0
2r1y_BA_agB_m0	ARDHDGYYERFSY	4hgw_BA_agB_m0
2r23_BA_agB_m0	ARDHDGYYERFSY	4hgw_BA_agB_m0
2r29_HL_agA_m0	ARDYEGFAY	2r29_HL_agA_m0
2r2b_BA_agB_m0	ARDHDGYYERFSY	4hgw_BA_agB_m0
2r2e_BA_agA_m0	ARDHDGYYERFSY	4hgw_BA_agB_m0
2r2h_BA_agB_m0	ARDHDGYYERFSY	4hgw_BA_agB_m0
2r4r_HL_agA_m0	VRGFGY	2r4r_HL_agA_m0
2r4s_HL_agA_m0	VRGFGY	2r4r_HL_agA_m0
2r56_HL_agA_m0	AKAKRVGTAGYFDL	2r56_HL_agA_m0
2r56_IM_agB_m0	AKAKRVGTAGYFDL	2r56_HL_agA_m0
2r69_HL_agA_m0	ARDYEGFAY	2r29_HL_agA_m0
2r6p_DE_agA_m0	ARDYEGFAY	2r29_HL_agA_m0
2r6p_FG_agC_m0	ARDYEGFAY	2r29_HL_agA_m0
2r8s_HL_agR_m0	ARRAAGMTSYGFDY	2r8s_HL_agR_m0
2r9h_CD_agA_m0	ARLYYGYYGWYFDV	1ots_CD_agA_m0
2r9h_EF_agB_m0	ARLYYGYYGWYFDV	1ots_CD_agA_m0
2rcj_AD_ag_m0	ARDGGSSAPDY	2rcj_AD_ag_m0
2rcj_BC_ag_m0	ARDGGSSAPDY	2rcj_AD_ag_m0
2rcj_EH_ag_m0	ARDGGSSAPDY	2rcj_AD_ag_m0
2rcj_FG_ag_m0	ARDGGSSAPDY	2rcj_AD_ag_m0
2rcj_IL_ag_m0	ARDGGSSAPDY	2rcj_AD_ag_m0
2rcj_JK_ag_m0	ARDGGSSAPDY	2rcj_AD_ag_m0
2rcj_MP_ag_m0	ARDGGSSAPDY	2rcj_AD_ag_m0
2rcj_NO_ag_m0	ARDGGSSAPDY	2rcj_AD_ag_m0
2rcj_QT_ag_m0	ARDGGSSAPDY	2rcj_AD_ag_m0
2rcj_RS_ag_m0	ARDGGSSAPDY	2rcj_AD_ag_m0
2rcs_HL_ag_m0	ASYYGIY	1aj7_HL_agH_m0
2uud_HL_agS_m0	ARGDYYGAWFAY	2uud_HL_agS_m0
2uud_JK_agT_m0	ARGDYYGAWFAY	2uud_HL_agS_m0
2uyl_BA_ag_m0	GREETVRASFGN	2uyl_BA_ag_m0
2uyl_NM_ag_m0	GREETVRASFGN	2uyl_BA_ag_m0
2uyl_WV_ag_m0	GREETVRASFGN	2uyl_BA_ag_m0
2uyl_YX_ag_m0	GREETVRASFGN	2uyl_BA_ag_m0
2uzi_HL_agR_m0	ARGRFFDY	2uzi_HL_agR_m0
2v17_HL_agA_m0	ARDNGAARATFAY	2v17_HL_agA_m0
2v7h_BA_ag_m0	TRRGYWAYDFDY	2v7h_BA_ag_m0
2v7h_HL_ag_m0	TRRGYWAYDFDY	2v7h_BA_ag_m0
2v7n_BA_ag_m0	ARFAGGWGAYDV	2v7n_BA_ag_m0
2v7n_DC_ag_m0	ARFAGGWGAYDV	2v7n_BA_ag_m0
2v7n_FE_ag_m0	ARFAGGWGAYDV	2v7n_BA_ag_m0
2v7n_HG_ag_m0	ARFAGGWGAYDV	2v7n_BA_ag_m0
2vc2_HL_agA_m0	VRPLYDYYAMDY	2vc2_HL_agA_m0
2vdk_HL_agA_m0	VRPLYDYYAMDY	2vc2_HL_agA_m0
2vdl_HL_agA_m0	VRPLYDYYAMDY	2vc2_HL_agA_m0
2vdm_HL_agA_m0	VRPLYDYYAMDY	2vc2_HL_agA_m0
2vdn_HL_agA_m0	VRPLYDYYAMDY	2vc2_HL_agA_m0
2vdo_HL_agA_m0	VRPLYDYYAMDY	2vc2_HL_agA_m0
2vdp_HL_agA_m0	VRPLYDYYAMDY	2vc2_HL_agA_m0
2vdq_HL_agA_m0	VRPLYDYYAMDY	2vc2_HL_agA_m0
2vdr_HL_agA_m0	VRPLYDYYAMDY	2vc2_HL_agA_m0
2vh5_HL_agR_m0	ARGRFFDY	2uzi_HL_agR_m0
2vir_BA_agC_m0	ARDFYDYDYFVYAMDY	1gig_HL_ag_m0
2vis_BA_agC_m0	ARDFYDYDYFVYAMDY	1gig_HL_ag_m0
2vit_BA_agC_m0	ARDFYDYDYFVYAMDY	1gig_HL_ag_m0
2vl5_AB_ag_m0	ARLKPGGTWFAY	2vl5_AB_ag_m0
2vl5_CD_ag_m0	ARLKPGGTWFAY	2vl5_AB_ag_m0
2vq1_BA_ag_m0	ARIPGFGFDY	2vq1_BA_ag_m0
2vq1_FE_ag_m0	ARIPGFGFDY	2vq1_BA_ag_m0
2vwe_EC_agA_m0	ARSYSNYVRAMDY	2vwe_EC_agA_m0
2vwe_LJ_agB_m0	ARSYSNYVRAMDY	2vwe_EC_agA_m0
2vxq_HL_agA_m0	ARLDGYTLDI	2vxq_HL_agA_m0
2vxs_HL_agB_m0	ARDLIHGVTRN	2vxs_HL_agB_m0
2vxs_IM_agA_m0	ARDLIHGVTRN	2vxs_HL_agB_m0
2vxs_JN_agD_m0	ARDLIHGVTRN	2vxs_HL_agB_m0
2vxs_KO_agC_m0	ARDLIHGVTRN	2vxs_HL_agB_m0
2vxt_HL_agI_m0	ARGLRF	2vxt_HL_agI_m0
2vxu_HL_ag_m0	ARGLRF	2vxt_HL_agI_m0
2vxu_IM_ag_m0	ARGLRF	2vxt_HL_agI_m0
2vxv_HL_ag_m0	ARVGSGWPYYTFDI	2vxv_HL_ag_m0
2vyr_ENA_agA_m0	AKPWYPFMAGKSSEFDY	2vyr_ENA_agA_m0
2vyr_FNA_agB_m0	AKPWYPFMAGKSSEFDY	2vyr_ENA_agA_m0
2vyr_GNA_agC_m0	AKPWYPFMAGKSSEFDY	2vyr_ENA_agA_m0
2vyr_HNA_agD_m0	AKPWYPFMAGKSSEFDY	2vyr_ENA_agA_m0
2vyr_INA_ag_m0	AKPWYPFMAGKSSEFDY	2vyr_ENA_agA_m0
2vyr_JNA_agA_m0	AKPWYPFMAGKSSEFDY	2vyr_ENA_agA_m0
2vyr_KNA_ag_m0	AKPWYPFMAGKSSEFDY	2vyr_ENA_agA_m0
2vyr_LNA_ag_m0	AKPWYPFMAGKSSEFDY	2vyr_ENA_agA_m0
2w0f_AB_agC_m0	ARERGDGYFAV	1k4c_AB_agC_m0
2w60_AB_ag_m0	ARATTATELAY	2w60_AB_ag_m0
2w65_AB_agE_m0	ARATTATELAY	2w60_AB_ag_m0
2w65_CD_agF_m0	ARATTATELAY	2w60_AB_ag_m0
2w9d_HL_ag_m0	ALYYYDVSY	2w9d_HL_ag_m0
2w9e_HL_agA_m0	ALYYYDVSY	2w9d_HL_ag_m0
2wub_HL_agA_m0	AKWAWPAFDY	2wub_HL_agA_m0
2wub_RQ_agC_m0	AKWAWPAFDY	2wub_HL_agA_m0
2wuc_HL_agA_m0	AKWAWPAFDY	2wub_HL_agA_m0
2wzp_DNA_agB_m0	AARSGGFSRNSELYDG	2bse_DNA_agB_m0
2wzp_ENA_agA_m0	AARSGGFSRNSELYDG	2bse_DNA_agB_m0
2wzp_FNA_agC_m0	AARSGGFSRNSELYDG	2bse_DNA_agB_m0
2wzp_JNA_agH_m0	AARSGGFSRNSELYDG	2bse_DNA_agB_m0
2wzp_KNA_agG_m0	AARSGGFSRNSELYDG	2bse_DNA_agB_m0
2wzp_LNA_agI_m0	AARSGGFSRNSELYDG	2bse_DNA_agB_m0
2x1o_ANA_ag_m0	AAGAGWAGMTTDYNY	2x1o_ANA_ag_m0
2x1o_BNA_ag_m0	AAGAGWAGMTTDYNY	2x1o_ANA_ag_m0
2x1p_ANA_ag_m0	AADLHRPYGPSRQTGDEYDS	2x1p_ANA_ag_m0
2x1p_BNA_ag_m0	AADLHRPYGPSRQTGDEYDS	2x1p_ANA_ag_m0
2x1p_CNA_ag_m0	AADLHRPYGPSRQTGDEYDS	2x1p_ANA_ag_m0
2x1p_DNA_ag_m0	AADLHRPYGPSRQTGDEYDS	2x1p_ANA_ag_m0
2x1q_ANA_ag_m0	AASSRVFYTETTQLVTGYDY	2x1q_ANA_ag_m0
2x1q_BNA_ag_m0	AASSRVFYTETTQLVTGYDY	2x1q_ANA_ag_m0
2x6m_ANA_agB_m0	AAKFSPGYCWSGGSNFGY	2x6m_ANA_agB_m0
2x7l_AB_agO_m0	AADTTDNGYFTI	2x7l_AB_agO_m0
2x7l_CD_agP_m0	AADTTDNGYFTI	2x7l_AB_agO_m0
2x7l_EF_agR_m0	AADTTDNGYFTI	2x7l_AB_agO_m0
2x7l_GI_agM_m0	AADTTDNGYFTI	2x7l_AB_agO_m0
2x7l_HL_agN_m0	AADTTDNGYFTI	2x7l_AB_agO_m0
2x7l_JK_agQ_m0	AADTTDNGYFTI	2x7l_AB_agO_m0
2x89_ANA_agD_m0	ATDIPLRCRDIGGKAVDGFRY	2x89_ANA_agD_m0
2x89_BNA_agF_m0	ATDIPLRCRDIGGKAVDGFRY	2x89_ANA_agD_m0
2x89_CNA_agE _ G_m0	ATDIPLRCRDIGGKAVDGFRY	2x89_ANA_agD_m0
2xa3_ANA_ag_m0	AAKWRPLRYSNSPNDSDYNY	3r0m_ANA_ag_m0
2xa8_HL_ag_m0	ARGSHYFHGWHFAV	2xa8_HL_ag_m0
2xkn_BA_ag_m0	ARDSGGFAY	2xkn_BA_ag_m0
2xkn_DC_ag_m0	ARDSGGFAY	2xkn_BA_ag_m0
2xqb_HL_agA_m0	ARDPAAWPLLSQQAWFDP	2xqb_HL_agA_m0
2xqy_GL_agA_m0	GRLGYVYGFDY	2xqy_GL_agA_m0
2xqy_JK_agE_m0	GRLGYVYGFDY	2xqy_GL_agA_m0
2xra_HL_agA_m0	ARASYSSSPSYAFDI	2xra_HL_agA_m0
2xt1_BNA_agA_m0	KASGSS	2xt1_BNA_agA_m0
2xtj_DB_agA_m0	ARHYEIQIGRYGMLYYVNMYRFAS	2xtj_DB_agA_m0
2xv6_BNA_agA_m0	KASGSS	2xt1_BNA_agA_m0
2xv6_DNA_agC_m0	KASGSS	2xt1_BNA_agA_m0
2xwt_AB_agC_m0	VGLDWNYNPLRY	2xwt_AB_agC_m0
2xxc_BNA_ag_m0	KASGSS	2xt1_BNA_agA_m0
2xxm_BNA_agA_m0	KASGSS	2xt1_BNA_agA_m0
2xza_HL_ag_m0	AGLTQSSHNDAN	2xza_HL_ag_m0
2xzc_HL_agL_m0	AGLTQSSHNDAN	2xza_HL_ag_m0
2xzq_HL_agP_m0	ARYDYYGGSYFDY	2xzq_HL_agP_m0
2y06_HL_agP_m0	ARYDYYGGSYFDY	2xzq_HL_agP_m0
2y07_HL_agP_m0	ARYDYYGGSYFDY	2xzq_HL_agP_m0
2y36_HL_agP_m0	ARYDYYGGSYFDY	2xzq_HL_agP_m0
2y5t_AB_agE _ G _ F_m0	ARLKPGGTWFAY	2vl5_AB_ag_m0
2y6s_DC_agP_m0	ATAFDY	2y6s_DC_agP_m0
2y6s_HL_agQ_m0	ATAFDY	2y6s_DC_agP_m0
2ybr_AB_agC_m0	ARGGVGSFDT	2ybr_AB_agC_m0
2ybr_DE_agF_m0	ARGGVGSFDT	2ybr_AB_agC_m0
2ybr_GH_agI_m0	ARGGVGSFDT	2ybr_AB_agC_m0
2yc1_AB_agC_m0	ARGGVGSFDT	2ybr_AB_agC_m0
2yc1_DE_agF_m0	ARGGVGSFDT	2ybr_AB_agC_m0
2yk1_HL_agH_m0	VAWFGDLLLSKGVEL	2yk1_HL_agH_m0
2ykl_HL_agH_m0	VAWFGDLLLSKGVEL	2yk1_HL_agH_m0
2ymx_HL_ag_m0	ARSVPLTTLDEIWYFDV	2ymx_HL_ag_m0
2ypv_HL_agA_m0	VRDYYGSSYFDY	2ypv_HL_agA_m0
2yss_BA_agC_m0	ARWDGDY	2eiz_BA_agC_m0
2ywy_ANA_agNA_m0	GAYFSDAMSYSYNPIPGE	2ywy_ANA_agNA_m0
2ywy_BNA_agNA_m0	GAYFSPGE	2ywy_BNA_agNA_m0
2ywy_CNA_agNA_m0	GAYFSDAMSYSYNPIPGE	2ywy_ANA_agNA_m0
2ywy_DNA_agNA_m0	GAYFSPGE	2ywy_BNA_agNA_m0
2ywz_ANA_agNA_m0	QADYSPSCYSPYSLESAV	2ywz_ANA_agNA_m0
2z4q_BA_ag_m0	TRSGGPYFFDY	2z4q_BA_ag_m0
2z8v_CNA_agB_m0	QAFYSLPLRDLSYNYLFRGE	2z8w_CNA_agB_m0
2z8v_DNA_agA_m0	QAFYSLPLRDLSYNYLFRGE	2z8w_CNA_agB_m0
2z8w_CNA_agB_m0	QAFYSLLLRDLSYNYLFRGE	2z8w_CNA_agB_m0
2z8w_DNA_agA_m0	QAFYSLLLRDLSYNYLFRGE	2z8w_CNA_agB_m0
2z91_AB_ag_m0	ACDDFYSDY	2z91_AB_ag_m0
2z91_CD_ag_m0	ACDDFYSDY	2z91_AB_ag_m0
2z92_AB_agA_m0	ACDDFYSDY	2z91_AB_ag_m0
2zch_HL_agP_m0	ARADYGFNGSEAMDY	2zch_HL_agP_m0
2zck_HL_agP_m0	ARADYGFNGSEAMDY	2zch_HL_agP_m0
2zcl_HL_agP_m0	ARADYGFNGSEAMDY	2zch_HL_agP_m0
2zjs_HL_agY_m0	ARSPYYYGNWDY	5n7w_AB_agY_m0
2zkh_HL_ag_m0	SGWSFLY	1v7m_HL_agV_m0
2znw_Aa_agY_m0	QQSNSWPYT	2znw_Aa_agY_m0
2znw_Bb_agZ_m0	QQSNSWPYT	2znw_Aa_agY_m0
2znx_Aa_agY_m0	QQSNSPYT	2znx_Aa_agY_m0
2znx_Bb_agZ_m0	QQSNSPYT	2znx_Aa_agY_m0
2zpk_HL_agP_m0	AREGPGFVY	2zpk_HL_agP_m0
2zpk_IM_agQ_m0	AREGPGFVY	2zpk_HL_agP_m0
2zuq_CB_agA_m0	ARPDAMDY	2zuq_CB_agA_m0
2zuq_FE_agD_m0	ARPDYRSYAMDY	2zuq_FE_agD_m0
32c2_BA_ag_m0	ARGYYGSSHSPV	32c2_BA_ag_m0
35c8_HL_agL_m0	AADPPYYGHGDY	15c8_HL_ag_m0
3a67_HL_agY_m0	ANWDGDY	1c08_BA_agC_m0
3a6b_HL_agY_m0	ANWDGDY	1c08_BA_agC_m0
3a6c_HL_agY_m0	ANWDGDY	1c08_BA_agC_m0
3aaz_AB_ag_m0	ARRGFYGRKVEYNHFDY	3aaz_AB_ag_m0
3aaz_HL_ag_m0	ARRGFYGRKVEYNHFDY	3aaz_AB_ag_m0
3ab0_BC_agA_m0	ARNRGWYFDV	3ab0_BC_agA_m0
3ab0_EF_agD_m0	ARNRGWYFDV	3ab0_BC_agA_m0
3b2u_CD_agB_m0	ARVSIFGVGTFDY	3b2u_CD_agB_m0
3b2u_FG_agE_m0	ARVSIFGVGTFDY	3b2u_CD_agB_m0
3b2u_HL_agA_m0	ARVSIFGVGTFDY	3b2u_CD_agB_m0
3b2u_JK_agI_m0	ARVSIFGVGTFDY	3b2u_CD_agB_m0
3b2u_NO_agM_m0	ARVSIFGVGTFDY	3b2u_CD_agB_m0
3b2u_QR_agP_m0	ARVSIFGVGTFDY	3b2u_CD_agB_m0
3b2u_TU_agS_m0	ARVSIFGVGTFDY	3b2u_CD_agB_m0
3b2u_WX_agV_m0	ARVSIFGVGTFDY	3b2u_CD_agB_m0
3b2v_HL_agA_m0	ARVSIFGVGTFDY	3b2u_CD_agB_m0
3b9k_DC_agF_m0	TSNRESYYFDY	3b9k_DC_agF_m0
3b9k_HL_agB_m0	TSNRESYYFDY	3b9k_DC_agF_m0
3b9v_ANA_ag_m0	ARWGGDGFYAMDY	3b9v_ANA_ag_m0
3b9v_BNA_ag_m0	ARWGGYAMDY	3b9v_BNA_ag_m0
3b9v_CNA_ag_m0	ARWGGDGFYAMDY	3b9v_ANA_ag_m0
3b9v_DNA_ag_m0	ARWGGFYAMDY	3b9v_DNA_ag_m0
3bae_HL_agA_m0	ARRGFYGRKVEYNHFDY	3aaz_AB_ag_m0
3bdy_HL_agV_m0	SRWGGDGFYAMDY	3b9v_ANA_ag_m0
3be1_HL_agA_m0	SRWGGDGFYAMDY	3b9v_ANA_ag_m0
3bgf_BC_agA_m0	TREGIPQLLRTLDY	3bgf_BC_agA_m0
3bgf_HL_agS_m0	TREGIPQLLRTLDY	3bgf_BC_agA_m0
3bkc_HL_ag_m0	ARRGFYGRKVEYNHFDY	3aaz_AB_ag_m0
3bkj_HL_agA_m0	ARRGFYGRKVEYNHFDY	3aaz_AB_ag_m0
3bkm_HL_ag_m0	ARRGFYGRKVEYNHFDY	3aaz_AB_ag_m0
3bky_HL_agP_m0	ARVVYYSNYSWYFDV	4k7p_YX_ag_m0
3bn9_DC_agB_m0	ARPYLTYPQRRVNQPGSPFDN	3bn9_DC_agB_m0
3bn9_FE_agA_m0	ARPYLTYPQRRVNQPGSPFDN	3bn9_DC_agB_m0
3bpc_BA_agB_m0	ARDHDGYYERFSY	4hgw_BA_agB_m0
3bqu_BA_ag_m0	AHRRGPTTLFVIPVGNAMDV	3bqu_BA_ag_m0
3bqu_DC_ag_m0	ARTSIGYGSSPPFPY	3bqu_DC_ag_m0
3bsz_HL_agF_m0	TRSGFDYGNED	3bsz_HL_agF_m0
3bsz_NM_agE_m0	TRSGFDYGNED	3bsz_HL_agF_m0
3bt2_HL_agU_m0	ARWGPHWYFDV	2fat_HL_ag_m0
3bz4_BA_agB_m0	FLPMDY	3bz4_BA_agB_m0
3bz4_DC_agD_m0	FLPMDY	3bz4_BA_agB_m0
3bz4_FE_agF_m0	FLPMDY	3bz4_BA_agB_m0
3bz4_HG_agH_m0	FLPMDY	3bz4_BA_agB_m0
3c08_HL_ag_m0	ASRDYDYGDRYFDY	3c09_CB_agA_m0
3c09_CB_agA_m0	ASRDYDYGARYFDY	3c09_CB_agA_m0
3c09_HL_agD_m0	ASRDYDYGARYFDY	3c09_CB_agA_m0
3c2a_HL_agP_m0	TTDGFIMIRGVYYYDESYYMDV	1q1j_HL_agP_m0
3c2a_IM_agQ_m0	TTDGFIMIRGVYYYDESYYMDV	1q1j_HL_agP_m0
3c5s_BA_ag_m0	FLPMDY	3bz4_BA_agB_m0
3c5s_DC_ag_m0	FLPMDY	3bz4_BA_agB_m0
3c6s_BA_agB_m0	FLPMDY	3bz4_BA_agB_m0
3c6s_DC_agD_m0	FLPMDY	3bz4_BA_agB_m0
3c6s_FE_agF_m0	FLPMDY	3bz4_BA_agB_m0
3c6s_HG_agH_m0	FLPMDY	3bz4_BA_agB_m0
3cfb_BA_agB_m0	ARGQGRPY	1fl3_AB_agA_m0
3cfb_HL_agL_m0	ARGQGRPY	1fl3_AB_agA_m0
3cfc_HL_ag_m0	ARGQGRPY	1fl3_AB_agA_m0
3cfd_BA_agB_m0	ARSDYGNYGRGDY	3cfd_BA_agB_m0
3cfd_HL_ag_m0	ARSDYGNYGRGDY	3cfd_BA_agB_m0
3cfe_BA_ag_m0	ARSDYGNYGRGDY	3cfd_BA_agB_m0
3cfe_HL_ag_m0	ARSDYGNYGRGDY	3cfd_BA_agB_m0
3cfi_CNA_agB_m0	AKWLGGRDWYD	3cfi_CNA_agB_m0
3cfi_FNA_agE_m0	AKWLGGRDWYD	3cfi_CNA_agB_m0
3cfi_INA_agH_m0	AKWLGGRDWYD	3cfi_CNA_agB_m0
3cfi_LNA_agK_m0	AKWLGGRDWYD	3cfi_CNA_agB_m0
3cfj_BA_ag_m0	VRLDFDVYYHNYVLDY	1y0l_BA_agA_m0
3cfj_DC_ag_m0	VRLDFDVYYHNYVLDY	1y0l_BA_agA_m0
3cfj_FE_ag_m0	VRLDFDVYYHNYVLDY	1y0l_BA_agA_m0
3cfj_HL_ag_m0	VRLDFDVYYHNYVLDY	1y0l_BA_agA_m0
3cfk_BA_ag_m0	VRLDFDVYYHNYVLDY	1y0l_BA_agA_m0
3cfk_DC_ag_m0	VRLDFDVYYHNYVLDY	1y0l_BA_agA_m0
3cfk_FE_ag_m0	VRLDFDVYYHNYVLDY	1y0l_BA_agA_m0
3cfk_HL_ag_m0	VRLDFDVYYHNYVLDY	1y0l_BA_agA_m0
3cfk_IG_ag_m0	VRLDFDVYYHNYVLDY	1y0l_BA_agA_m0
3cfk_KJ_ag_m0	VRLDFDVYYHNYVLDY	1y0l_BA_agA_m0
3cfk_NM_agM_m0	VRLDFDVYYHNYVLDY	1y0l_BA_agA_m0
3cfk_PO_agO_m0	VRLDFDVYYHNYVLDY	1y0l_BA_agA_m0
3chn_AL_ag_m0	ARDPYGGKGSEFDY	1iga_AC_ag_m0
3chn_AL_ag_m1	ARDPYGGKGSEFDY	1iga_AC_ag_m0
3chn_AL_ag_m2	ARDPYGGKGSEFDY	1iga_AC_ag_m0
3chn_AL_ag_m3	ARDPYGGKGSEFDY	1iga_AC_ag_m0
3chn_AL_ag_m4	ARDPYGGKGSEFDY	1iga_AC_ag_m0
3chn_AL_ag_m5	ARDPYGGKGSEFDY	1iga_AC_ag_m0
3chn_AL_ag_m6	ARDPYGGKGSEFDY	1iga_AC_ag_m0
3chn_AL_ag_m7	ARDPYGGKGSEFDY	1iga_AC_ag_m0
3chn_AL_ag_m8	ARDPYGGKGSEFDY	1iga_AC_ag_m0
3chn_AL_ag_m9	ARDPYGGKGSEFDY	1iga_AC_ag_m0
3chn_BM_ag_m0	ARDPYGGKGSEFDY	1iga_AC_ag_m0
3chn_BM_ag_m1	ARDPYGGKGSEFDY	1iga_AC_ag_m0
3chn_BM_ag_m2	ARDPYGGKGSEFDY	1iga_AC_ag_m0
3chn_BM_ag_m3	ARDPYGGKGSEFDY	1iga_AC_ag_m0
3chn_BM_ag_m4	ARDPYGGKGSEFDY	1iga_AC_ag_m0
3chn_BM_ag_m5	ARDPYGGKGSEFDY	1iga_AC_ag_m0
3chn_BM_ag_m6	ARDPYGGKGSEFDY	1iga_AC_ag_m0
3chn_BM_ag_m7	ARDPYGGKGSEFDY	1iga_AC_ag_m0
3chn_BM_ag_m8	ARDPYGGKGSEFDY	1iga_AC_ag_m0
3chn_BM_ag_m9	ARDPYGGKGSEFDY	1iga_AC_ag_m0
3chn_CO_ag_m0	ARDPYGGKGSEFDY	1iga_AC_ag_m0
3chn_CO_ag_m1	ARDPYGGKGSEFDY	1iga_AC_ag_m0
3chn_CO_ag_m2	ARDPYGGKGSEFDY	1iga_AC_ag_m0
3chn_CO_ag_m3	ARDPYGGKGSEFDY	1iga_AC_ag_m0
3chn_CO_ag_m4	ARDPYGGKGSEFDY	1iga_AC_ag_m0
3chn_CO_ag_m5	ARDPYGGKGSEFDY	1iga_AC_ag_m0
3chn_CO_ag_m6	ARDPYGGKGSEFDY	1iga_AC_ag_m0
3chn_CO_ag_m7	ARDPYGGKGSEFDY	1iga_AC_ag_m0
3chn_CO_ag_m8	ARDPYGGKGSEFDY	1iga_AC_ag_m0
3chn_CO_ag_m9	ARDPYGGKGSEFDY	1iga_AC_ag_m0
3chn_DN_ag_m0	ARDPYGGKGSEFDY	1iga_AC_ag_m0
3chn_DN_ag_m1	ARDPYGGKGSEFDY	1iga_AC_ag_m0
3chn_DN_ag_m2	ARDPYGGKGSEFDY	1iga_AC_ag_m0
3chn_DN_ag_m3	ARDPYGGKGSEFDY	1iga_AC_ag_m0
3chn_DN_ag_m4	ARDPYGGKGSEFDY	1iga_AC_ag_m0
3chn_DN_ag_m5	ARDPYGGKGSEFDY	1iga_AC_ag_m0
3chn_DN_ag_m6	ARDPYGGKGSEFDY	1iga_AC_ag_m0
3chn_DN_ag_m7	ARDPYGGKGSEFDY	1iga_AC_ag_m0
3chn_DN_ag_m8	ARDPYGGKGSEFDY	1iga_AC_ag_m0
3chn_DN_ag_m9	ARDPYGGKGSEFDY	1iga_AC_ag_m0
3ck0_HL_agP_m0	VRGRDGEAMDY	1ck0_HL_ag_m0
3cle_HL_agNA_m0	ARGRLSLGFDY	3cle_HL_agNA_m0
3clf_HL_ag_m0	ARGRLSLGFDY	3cle_HL_agNA_m0
3cm9_AL_ag_m0	ARDPYGGKGSEFDY	1iga_AC_ag_m0
3cm9_AL_ag_m1	ARDPYGGKGSEFDY	1iga_AC_ag_m0
3cm9_AL_ag_m2	ARDPYGGKGSEFDY	1iga_AC_ag_m0
3cm9_AL_ag_m3	ARDPYGGKGSEFDY	1iga_AC_ag_m0
3cm9_AL_ag_m4	ARDPYGGKGSEFDY	1iga_AC_ag_m0
3cm9_AL_ag_m5	ARDPYGGKGSEFDY	1iga_AC_ag_m0
3cm9_AL_ag_m6	ARDPYGGKGSEFDY	1iga_AC_ag_m0
3cm9_AL_ag_m7	ARDPYGGKGSEFDY	1iga_AC_ag_m0
3cm9_AL_ag_m8	ARDPYGGKGSEFDY	1iga_AC_ag_m0
3cm9_AL_ag_m9	ARDPYGGKGSEFDY	1iga_AC_ag_m0
3cm9_BM_ag_m0	ARDPYGGKGSEFDY	1iga_AC_ag_m0
3cm9_BM_ag_m1	ARDPYGGKGSEFDY	1iga_AC_ag_m0
3cm9_BM_ag_m2	ARDPYGGKGSEFDY	1iga_AC_ag_m0
3cm9_BM_ag_m3	ARDPYGGKGSEFDY	1iga_AC_ag_m0
3cm9_BM_ag_m4	ARDPYGGKGSEFDY	1iga_AC_ag_m0
3cm9_BM_ag_m5	ARDPYGGKGSEFDY	1iga_AC_ag_m0
3cm9_BM_ag_m6	ARDPYGGKGSEFDY	1iga_AC_ag_m0
3cm9_BM_ag_m7	ARDPYGGKGSEFDY	1iga_AC_ag_m0
3cm9_BM_ag_m8	ARDPYGGKGSEFDY	1iga_AC_ag_m0
3cm9_BM_ag_m9	ARDPYGGKGSEFDY	1iga_AC_ag_m0
3cm9_CN_ag_m0	ARDPYGGKGSEFDY	1iga_AC_ag_m0
3cm9_CN_ag_m1	ARDPYGGKGSEFDY	1iga_AC_ag_m0
3cm9_CN_ag_m2	ARDPYGGKGSEFDY	1iga_AC_ag_m0
3cm9_CN_ag_m3	ARDPYGGKGSEFDY	1iga_AC_ag_m0
3cm9_CN_ag_m4	ARDPYGGKGSEFDY	1iga_AC_ag_m0
3cm9_CN_ag_m5	ARDPYGGKGSEFDY	1iga_AC_ag_m0
3cm9_CN_ag_m6	ARDPYGGKGSEFDY	1iga_AC_ag_m0
3cm9_CN_ag_m7	ARDPYGGKGSEFDY	1iga_AC_ag_m0
3cm9_CN_ag_m8	ARDPYGGKGSEFDY	1iga_AC_ag_m0
3cm9_CN_ag_m9	ARDPYGGKGSEFDY	1iga_AC_ag_m0
3cm9_DO_ag_m0	ARDPYGGKGSEFDY	1iga_AC_ag_m0
3cm9_DO_ag_m1	ARDPYGGKGSEFDY	1iga_AC_ag_m0
3cm9_DO_ag_m2	ARDPYGGKGSEFDY	1iga_AC_ag_m0
3cm9_DO_ag_m3	ARDPYGGKGSEFDY	1iga_AC_ag_m0
3cm9_DO_ag_m4	ARDPYGGKGSEFDY	1iga_AC_ag_m0
3cm9_DO_ag_m5	ARDPYGGKGSEFDY	1iga_AC_ag_m0
3cm9_DO_ag_m6	ARDPYGGKGSEFDY	1iga_AC_ag_m0
3cm9_DO_ag_m7	ARDPYGGKGSEFDY	1iga_AC_ag_m0
3cm9_DO_ag_m8	ARDPYGGKGSEFDY	1iga_AC_ag_m0
3cm9_DO_ag_m9	ARDPYGGKGSEFDY	1iga_AC_ag_m0
3cmo_HL_ag_m0	TRWPHYYGRSGYYFDY	3cmo_HL_ag_m0
3cmo_YX_ag_m0	TRWPHYYGRSGYYFDY	3cmo_HL_ag_m0
3csy_AB_agJ _ I_m0	VREGPRATGASYDVFDI	3csy_AB_agJ _ I_m0
3csy_CD_agN _ M_m0	VREGPRATGASYDVFDI	3csy_AB_agJ _ I_m0
3csy_EF_agL _ K_m0	VREGPRATGASYDVFDI	3csy_AB_agJ _ I_m0
3csy_GH_agP _ O_m0	VREGPRATGASYDVFDI	3csy_AB_agJ _ I_m0
3cvh_HL_agA _ C_m0	ARKPYYGFNAWFAY	3cvh_HL_agA _ C_m0
3cvh_QR_agM _ O_m0	ARKPYYGFNAWFAY	3cvh_HL_agA _ C_m0
3cvi_HL_ag_m0	ARKPYYGFNAWFAY	3cvh_HL_agA _ C_m0
3cx5_JK_agE_m0	ARSEYYSVGTYAMDY	1ezv_XY_agE_m0
3cx5_UV_agP_m0	ARSEYYSVGTYAMDY	1ezv_XY_agE_m0
3cxd_HL_agP_m0	VRQMGDY	3cxd_HL_agP_m0
3cxh_JK_agE_m0	ARSEYYSVGTYAMDY	1ezv_XY_agE_m0
3cxh_UV_agP_m0	ARSEYYSVGTYAMDY	1ezv_XY_agE_m0
3d0l_BA_agC_m0	AHRRGPTARVPGNAMDV	3d0l_BA_agC_m0
3d0v_BA_agC_m0	AHRRGPTTLFGVVPGRAIPNAMDV	1tjg_HL_agP_m0
3d69_BA_ag_m0	ARASIAAARVLDY	1nl0_HL_agG_m0
3d69_HL_ag_m0	ARASIAAARVLDY	1nl0_HL_agG_m0
3d85_BA_agC_m0	ARNWDVAY	3d85_BA_agC_m0
3d9a_HL_agC_m0	ANWDGDY	1c08_BA_agC_m0
3det_CD_agA_m0	ARLYYGYYGWYFDV	1ots_CD_agA_m0
3det_EF_agB_m0	ARLYYGYYGWYFDV	1ots_CD_agA_m0
3dgg_BA_ag_m0	AREDYYGSRWGY	3dgg_BA_ag_m0
3dgg_DC_ag_m0	AREDYYGSRWGY	3dgg_BA_ag_m0
3dif_BA_ag_m0	ARGNYDRAWFAY	3dif_BA_ag_m0
3dif_DC_ag_m0	ARGNYDRAWFAY	3dif_BA_ag_m0
3dro_BA_agP_m0	AHRRGPTGVPNAMDV	2p8m_BA_agC_m0
3drq_BA_agC_m0	AHRRGPTGVPNAMDV	2p8m_BA_agC_m0
3drt_BA_agC_m0	AHRRGPTGVPNAMDV	2p8m_BA_agC_m0
3dsf_HL_agP_m0	VRQMGDY	3cxd_HL_agP_m0
3dur_BA_agA_m0	ARDGYYADAMDY	3dus_BA_agA_m0
3dur_DC_agD_m0	ARDGYYADAMDY	3dus_BA_agA_m0
3dus_BA_agA_m0	ARDGYYVDAMDY	3dus_BA_agA_m0
3dus_DC_agC_m0	ARDGYYVDAMDY	3dus_BA_agA_m0
3duu_BA_agB_m0	ARDGYYVDAMDY	3dus_BA_agA_m0
3duu_DC_agD_m0	ARDGYYVDAMDY	3dus_BA_agA_m0
3dv4_BA_agB_m0	ARDGYYVDAMDY	3dus_BA_agA_m0
3dv6_BA_agB_m0	ARDGYYVDAMDY	3dus_BA_agA_m0
3dvg_BA_agY _ X_m0	AREYYRWYTAIDY	3dvg_BA_agY _ X_m0
3dvn_BA_agY _ X_m0	AREYYRWYTAIDY	3dvg_BA_agY _ X_m0
3dvn_HL_agV _ U_m0	AREYYRWYTAIDY	3dvg_BA_agY _ X_m0
3dwt_ANA_ag_m0	AAVRGYFMRSSPLHNFRY	3dwt_ANA_ag_m0
3dwt_BNA_ag_m0	AAVRGYFMRSSPLHNFRY	3dwt_ANA_ag_m0
3dwt_CNA_ag_m0	AAVRGYFMRSSPLHNFRY	3dwt_ANA_ag_m0
3dwt_DNA_ag_m0	AAVRGYFMRSSPLHNFRY	3dwt_ANA_ag_m0
3dwt_ENA_ag_m0	AAVRGYFMRSSPLHNFRY	3dwt_ANA_ag_m0
3dwt_FNA_ag_m0	AAVRGYFMRSSPLHNFRY	3dwt_ANA_ag_m0
3dwt_GNA_ag_m0	AAVRGYFMRSSPLHNFRY	3dwt_ANA_ag_m0
3dwt_HNA_ag_m0	AAVRGYFMRSSPLHNFRY	3dwt_ANA_ag_m0
3e8u_HL_agP_m0	TRSHRFGLDY	3e8u_HL_agP_m0
3eak_ANA_ag_m0	AAVRGYFMRSSPLHNFRY	3dwt_ANA_ag_m0
3eak_BNA_ag_m0	AAVRGYFMRSSPLHNFRY	3dwt_ANA_ag_m0
3eba_ANA_agB_m0	AATEVAGWPIDLGIYDY	1op9_ANA_agB_m0
3efd_HL_agK_m0	ARSWEAYWWRSAMDY	3efd_HL_agK_m0
3eff_BA_agM _ N_m0	ARQPSYHMYWWSVALDY	3eff_BA_agM _ N_m0
3eff_DC_agK _ L_m0	ARQPSYHMYWWSVALDY	3eff_BA_agM _ N_m0
3egs_BA_agC_m0	AHRRGPTGVPNAMDV	2p8m_BA_agC_m0
3ehb_CD_agB_m0	VRHEYYYAMDY	1ar1_CD_agB_m0
3ejy_CD_agA_m0	ARLYYGYYGWYFDV	1ots_CD_agA_m0
3ejy_EF_agB_m0	ARLYYGYYGWYFDV	1ots_CD_agA_m0
3ejz_CD_agA_m0	ARLYYGYYGWYFDV	1ots_CD_agA_m0
3ejz_EF_agB_m0	ARLYYGYYGWYFDV	1ots_CD_agA_m0
3eo0_BA_ag_m0	ASTLGLVLDAMDY	3eo0_BA_ag_m0
3eo0_DC_ag_m0	ASTLGLVLDAMDY	3eo0_BA_ag_m0
3eo1_BA_agC_m0	ASTLGLVLDAMDY	3eo0_BA_ag_m0
3eo1_ED_agF_m0	ASTLGLVLDAMDY	3eo0_BA_ag_m0
3eo1_HG_agI_m0	ASTLGLVLDAMDY	3eo0_BA_ag_m0
3eo1_KJ_agL_m0	ASTLGLVLDAMDY	3eo0_BA_ag_m0
3eo9_HL_ag_m0	ARGIYFYTGTYFDY	3eo9_HL_ag_m0
3eoa_BA_agJ_m0	ARGIYFYTGTYFDY	3eo9_HL_ag_m0
3eoa_HL_agI_m0	ARGIYFYTGTYFDY	3eo9_HL_ag_m0
3eob_BA_agJ_m0	ARGIYFYTGTYFDY	3eo9_HL_ag_m0
3eob_HL_agI_m0	ARGIYFYTGTYFDY	3eo9_HL_ag_m0
3eot_HL_ag_m0	TRGFGDGGYFDV	1mhp_HL_agA_m0
3eyf_BA_agE_m0	ARDGKCGGGSYCRGLLDY	3eyf_BA_agE_m0
3eyf_DC_agF_m0	ARDGKCGGGSYCRGLLDY	3eyf_BA_agE_m0
3eyo_BA_ag_m0	ARDGKYSGLLDY	3eyo_BA_ag_m0
3eyo_DC_ag_m0	ARDGKCGGGSYCRGLLDY	3eyf_BA_agE_m0
3eyq_DC_ag_m0	AKDGKSGLLDY	3eyq_DC_ag_m0
3eys_HL_agQ_m0	VRRAHTTVGLDWFAY	2ipt_HL_ag_m0
3eyu_HL_agQ_m0	VRRAHTTVGLDWFAY	2ipt_HL_ag_m0
3eyv_BA_ag_m0	ARGTRDGSWFAY	1s3k_HL_agH_m0
3eyv_HL_agH_m0	ARGTRDGSWFAY	1s3k_HL_agH_m0
3ezj_BNA_agA_m0	NANVKTWGAMTRDY	3ezj_BNA_agA_m0
3ezj_DNA_agC_m0	NANVKTWGAMTRDY	3ezj_BNA_agA_m0
3ezj_FNA_agE_m0	NANVKTWGAMTRDY	3ezj_BNA_agA_m0
3ezj_HNA_agG_m0	NANVKTWGAMTRDY	3ezj_BNA_agA_m0
3f12_BA_ag_m0	AKDGSGLLDY	3f12_BA_ag_m0
3f12_DC_ag_m0	AKDGSGLLDY	3f12_BA_ag_m0
3f58_HL_agP_m0	AREEAMPYGNYYAQYAMDC	1f58_HL_agP_m0
3f5w_AB_agC_m0	ARERGDGYFAV	1k4c_AB_agC_m0
3f7v_AB_agC_m0	ARERGDGYFAV	1k4c_AB_agC_m0
3f7y_AB_agC_m0	ARERGDGYFAV	1k4c_AB_agC_m0
3fb5_AB_agC_m0	ARERGDGYFAV	1k4c_AB_agC_m0
3fb6_AB_agC_m0	ARERGDGYFAV	1k4c_AB_agC_m0
3fb7_AB_agC_m0	ARERGDGYFAV	1k4c_AB_agC_m0
3fb8_AB_agC_m0	ARERGDGYFAV	1k4c_AB_agC_m0
3fct_BA_ag_m0	TRRDMDY	1ngw_BA_agB_m0
3fct_DC_agD_m0	TRRDMDY	1ngw_BA_agB_m0
3ffd_AB_agP_m0	ARQTTMTYFAY	3ffd_AB_agP_m0
3fku_Ss_agJ _ I_m0	ARSPSYICSTGGCVFDH	3fku_Ss_agJ _ I_m0
3fku_Tt_agL _ K_m0	ARSPSYICSTGGCVFDH	3fku_Ss_agJ _ I_m0
3fku_Uu_agH _ G_m0	ARSPSYICSTGGCVFDH	3fku_Ss_agJ _ I_m0
3fku_Xx_agF _ E_m0	ARSPSYICSTGGCVFDH	3fku_Ss_agJ _ I_m0
3fku_Yy_agB _ A_m0	ARSPSYICSTGGCVFDH	3fku_Ss_agJ _ I_m0
3fku_Zz_agD _ C_m0	ARSPSYICSTGGCVFDH	3fku_Ss_agJ _ I_m0
3fmg_HL_agA_m0	ARNHGSPFDHVMDY	3fmg_HL_agA_m0
3fn0_HL_agP_m0	ARVAIGVSGFYYNLYYMDV	3fn0_HL_agP_m0
3fo0_HL_ag_m0	AKHWGGYYPIYGMDH	2gjz_BA_ag_m0
3fo1_BA_agB_m0	AKHWGGYYPIYGMDH	2gjz_BA_ag_m0
3fo1_HL_agH_m0	AKHWGGYYPIYGMDH	2gjz_BA_ag_m0
3fo2_BA_agA_m0	AKHWGGYYPIYGMDH	2gjz_BA_ag_m0
3fo2_HL_agH_m0	AKHWGGYYPIYGMDH	2gjz_BA_ag_m0
3fo9_BA_agB_m0	KIYFYSFSY	1axt_HL_ag_m0
3fo9_HL_agH_m0	KIYFYSFSY	1axt_HL_ag_m0
3fzu_CD_ag_m0	ASLTTGSDS	3fzu_CD_ag_m0
3fzu_HL_ag_m0	ASLTTGSDS	3fzu_CD_ag_m0
3g04_BA_agC_m0	ARLEPGYSSTWSVN	3g04_BA_agC_m0
3g5v_BA_agC_m0	VTAGRGFPY	3g5v_BA_agC_m0
3g5x_BA_ag_m0	VTAGRGFPY	3g5v_BA_agC_m0
3g5x_DC_ag_m0	VTAGRGFPY	3g5v_BA_agC_m0
3g5y_BA_agE_m0	ATAGRGFPY	3g5y_BA_agE_m0
3g5z_BA_ag_m0	ATAGRGFPY	3g5y_BA_agE_m0
3g6a_BA_ag_m0	ARGLGAFHDWMQPDY	3g6a_BA_ag_m0
3g6a_HL_ag_m0	ARGLGAFHDWMQPDY	3g6a_BA_ag_m0
3g6d_HL_agA_m0	ARGLGAFHDWMQPDY	3g6a_BA_ag_m0
3g6j_FE_agB _ A_m0	ARNALYGSYGGYAMDY	3g6j_FE_agB _ A_m0
3g6j_HG_agD _ C_m0	ARNALYGSYGGYAMDY	3g6j_FE_agB _ A_m0
3g9a_BNA_agA_m0	AADSGTQLGYVGADLCSLGVYVMDY	3g9a_BNA_agA_m0
3gb7_AB_agC_m0	ARERGDGYFAV	1k4c_AB_agC_m0
3gbm_HL_agB _ A_m0	AKHMGYQRVETMDV	3gbm_HL_agB _ A_m0
3gbm_IM_agD _ C_m0	AKHMGYQRVETMDV	3gbm_HL_agB _ A_m0
3gbn_HL_agB _ A_m0	AKHMGYQRVETMDV	3gbm_HL_agB _ A_m0
3ggw_BA_agE_m0	FLPMDY	3bz4_BA_agB_m0
3ggw_DC_agF_m0	FLPMDY	3bz4_BA_agB_m0
3ghb_HL_agP_m0	TTDGFIMIRGVYYYDESYYMDV	1q1j_HL_agP_m0
3ghb_IM_agQ_m0	TTDGFIMIRGVYYYDESYYMDV	1q1j_HL_agP_m0
3ghe_HL_agP_m0	AREFSSYTDHLYDYYYEYYMDV	3ghe_HL_agP_m0
3gi8_HL_agC_m0	ARSPHYYGTNYTYPMDY	3gi8_HL_agC_m0
3gi9_HL_agC_m0	ARSPHYYGTNYTYPMDY	3gi8_HL_agC_m0
3giz_HL_ag_m0	AKDIQYGNYYYGMDV	3giz_HL_ag_m0
3gje_BA_ag_m0	AGELLPYYGMDV	7tr4_LH_agA _ P_m0
3gje_HL_ag_m0	AGELLPYYGMDV	7tr4_LH_agA _ P_m0
3gjf_HL_agA _ C_m0	AGELLPYYGMDV	7tr4_LH_agA _ P_m0
3gjf_MK_agD _ F_m0	AGELLPYYGMDV	7tr4_LH_agA _ P_m0
3gk8_HL_ag_m0	ARRGFHGSYSFAY	7m3n_HL_agA_m0
3gkw_HL_ag_m0	TRQGLWFDGDSRGFDF	3gkw_HL_ag_m0
3gnm_HL_ag_m0	ARSFIGYNFDF	3gnm_HL_ag_m0
3go1_HL_agP_m0	AREWAEDGGFDNAFHV	3go1_HL_agP_m0
3grw_HL_agA_m0	ARTYGIYDLYETYDVYVMDY	3grw_HL_agA_m0
3h0t_BA_agC_m0	ARGIVFSYAMDV	3h0t_BA_agC_m0
3h3p_HL_agS_m0	AREGTTGWLIPKGGAFAH	4xcy_CD_ag_m0
3h3p_IM_agT_m0	AREGTTGWLIPKGGAFAH	4xcy_CD_ag_m0
3h42_HL_agB _ A_m0	ARDYDFWSYYADAFDV	3h42_HL_agB _ A_m0
3hae_HL_agA _ C_m0	AGELLPYYGMDV	7tr4_LH_agA _ P_m0
3hae_IG_agD _ F_m0	AGELLPYYGMDV	7tr4_LH_agA _ P_m0
3hae_ON_agJ _ M_m0	AGELLPYYGMDV	7tr4_LH_agA _ P_m0
3hae_TS_agP _ R_m0	AGELLPYYGMDV	7tr4_LH_agA _ P_m0
3hb3_CD_agB_m0	VRHEYYYAMDY	1ar1_CD_agB_m0
3hc0_AB_ag_m0	ARSWEGFPY	3hc0_AB_ag_m0
3hc0_HL_ag_m0	ARSWEGFPY	3hc0_AB_ag_m0
3hc3_HL_ag_m0	ARSWEGFPY	3hc0_AB_ag_m0
3hc4_HL_ag_m0	ARSWEGFDY	3hc4_HL_ag_m0
3hfm_HL_agY_m0	ANWDGDY	1c08_BA_agC_m0
3hi1_BA_agJ_m0	ARGPVPAVFDGYYRLDP	1u6a_HL_ag_m0
3hi1_HL_agG_m0	ARGPVPAVFDGYYRLDP	1u6a_HL_ag_m0
3hi5_HL_ag_m0	ASSYDFWSNAFDI	3hi5_HL_ag_m0
3hi6_HL_agA_m0	ASSYDFWSNAFDI	3hi5_HL_ag_m0
3hi6_XY_agB_m0	ASSYDFWSNAFDI	3hi5_HL_ag_m0
3hmw_HL_ag_m0	ARRRPGQGYFDF	3hmw_HL_ag_m0
3hmx_HL_agA_m0	ARRRPGQGYFDF	3hmw_HL_ag_m0
3hns_HL_agH_m0	TRFGNYVPFAY	3hns_HL_agH_m0
3hnt_HL_agH_m0	TRFGNYVPFAY	3hns_HL_agH_m0
3hnv_HL_agH_m0	TRFGNYVPFAY	3hns_HL_agH_m0
3hpl_AB_agC_m0	ARERGDGYFAV	1k4c_AB_agC_m0
3hr5_BA_agS_m0	ARDNWDAMDY	3hr5_BA_agS_m0
3hr5_HL_agR_m0	ARDNWDAMDY	3hr5_BA_agS_m0
3hr5_IP_agT_m0	ARDNWDAMDY	3hr5_BA_agS_m0
3hr5_JQ_agV_m0	ARDNWDAMDY	3hr5_BA_agS_m0
3hzk_BA_agB_m0	ARDINPGSDYYGDALDY	3hzk_BA_agB_m0
3hzm_BA_agB_m0	ARDINPGSDYYGDALDY	3hzk_BA_agB_m0
3hzv_BA_agA_m0	ARDINPGSDYYGDALDY	3hzk_BA_agB_m0
3hzy_BA_agA_m0	ARDINPGSDYYGDALDY	3hzk_BA_agB_m0
3i02_BA_agA_m0	ARDMRRFDGDDAMDY	3i02_BA_agA_m0
3i02_DC_agD_m0	ARDMRRFDGDDAMDY	3i02_BA_agA_m0
3i2c_HL_ag_m0	MREGIYGSFAY	3i2c_HL_ag_m0
3i50_HL_agE_m0	ATVYGNYPYFDV	3i50_HL_agE_m0
3i75_BA_ag_m0	TRWGKKFYYSTGYYAMDY	3i75_BA_ag_m0
3i9g_HL_agL_m0	ARGGFYGTSIWFDF	3i9g_HL_agL_m0
3idg_BA_agC_m0	AHRRGPTTLFGVVPGRAIPNAMDV	1tjg_HL_agP_m0
3idi_BA_agC_m0	AHRRGPTGVPNAMDV	2p8m_BA_agC_m0
3idj_BA_agC_m0	AHRRGPTTLFGVVPGRAIPNAMDV	1tjg_HL_agP_m0
3idm_BA_agC_m0	AHRRGPTTLFGVVPGRAIPNAMDV	1tjg_HL_agP_m0
3idn_BA_agC_m0	AHRRGPTTLFGVVPGRAIPNAMDV	1tjg_HL_agP_m0
3idx_HL_agG_m0	ARDIGLKGEHYATLIDYGPDY	3idx_HL_agG_m0
3idy_BC_agA_m0	ARDIGLKGEHYATLIDYGPDY	3idx_HL_agG_m0
3idy_HL_agG_m0	ARDIGLKGEHYATLIDYGPDY	3idx_HL_agG_m0
3iet_BA_agX_m0	SGGKVRNAY	3iet_BA_agX_m0
3iet_DC_agQ_m0	SGGKVRNAY	3iet_BA_agX_m0
3if1_BA_ag_m0	SGGKVRNAY	3iet_BA_agX_m0
3if1_DC_ag_m0	SGGKVRNAY	3iet_BA_agX_m0
3ifl_HL_agP_m0	ARRTTTADYFAY	3ifl_HL_agP_m0
3ifn_HL_agP_m0	ARRTTTADYFAY	3ifl_HL_agP_m0
3ifo_AB_agQ_m0	VRRPITPVVLDAMDY	3ifo_AB_agQ_m0
3ifo_HL_agP_m0	VRRPITPVVLDAMDY	3ifo_AB_agQ_m0
3ifp_AB_agQ_m0	ARRRIIYDEVDYFDY	3ifp_AB_agQ_m0
3ifp_CD_agR_m0	ARRRIIYDEVDYFDY	3ifp_AB_agQ_m0
3ifp_EF_agS_m0	ARRRIIYDEVDYFDY	3ifp_AB_agQ_m0
3ifp_HL_agP_m0	ARRRIIYDEVDYFDY	3ifp_AB_agQ_m0
3iga_AB_agC_m0	ARERGDGYFAV	1k4c_AB_agC_m0
3ijh_BA_agB_m0	ARDISPSYGYYVEGFAY	3ijh_BA_agB_m0
3ijh_DC_agC_m0	ARDISPSYGYYVEGFAY	3ijh_BA_agB_m0
3ijs_BA_agA_m0	ARDISPSYGYYVEGFAY	3ijh_BA_agB_m0
3ijs_DC_agD_m0	ARDISPSYGYYVEGFAY	3ijh_BA_agB_m0
3ijy_BA_agB_m0	ARDISPSYGYYVEGFAY	3ijh_BA_agB_m0
3ijy_DC_agD_m0	ARDISPSYGYYVEGFAY	3ijh_BA_agB_m0
3ikc_BA_agB_m0	ARDISPSYGYYVEGFAY	3ijh_BA_agB_m0
3ikc_DC_agC_m0	ARDISPSYGYYVEGFAY	3ijh_BA_agB_m0
3inu_HL_ag_m0	VREGPRATGAMSYDVFDI	3inu_HL_ag_m0
3inu_MN_ag_m0	VREGPRATGAMSYDVFDI	3inu_HL_ag_m0
3iu3_AB_agK_m0	SRDYGYYFDF	1mim_HL_ag_m0
3iu3_CD_agJ_m0	SRDYGYYFDF	1mim_HL_ag_m0
3iu3_HL_agI_m0	SRDYGYYFDF	1mim_HL_ag_m0
3iu4_HL_ag_m0	ARSGVRAQAWFAY	3iu4_HL_ag_m0
3ivk_AB_agC_m0	ARQGYRRRGSRGFDY	3ivk_AB_agC_m0
3ivk_HL_agM_m0	ARQGYRRRGSRGFDY	3ivk_AB_agC_m0
3ixt_AB_agC_m0	ARDMIFNFYFDV	3ixt_AB_agC_m0
3ixt_HL_agP_m0	ARDMIFNFYFDV	3ixt_AB_agC_m0
3ixx_GH_agA_m0	ATVYGNYPYFDV	3i50_HL_agE_m0
3ixx_IJ_agE _ B_m0	ATVYGNYPYFDV	3i50_HL_agE_m0
3ixy_GH_agA_m0	ATVYGNYPYFDV	3i50_HL_agE_m0
3ixy_IJ_agB_m0	ATVYGNYPYFDV	3i50_HL_agE_m0
3iy0_HL_ag_m0	ARRGFAGAASFAY	3iy0_HL_ag_m0
3iy1_BA_ag_m0	ARGDWNFDF	3iy1_BA_ag_m0
3iy2_BA_ag_m0	TRKDYGTEVFVY	3iy2_BA_ag_m0
3iy3_BA_ag_m0	VRKGYVEGGGLDY	3iy3_BA_ag_m0
3iy4_BA_ag_m0	ARLGYRSYFDF	3iy4_BA_ag_m0
3iy5_BA_ag_m0	VLRPLFYYAVDY	1aif_BA_ag_m0
3iy6_BA_ag_m0	ARPELPGLGYTVWFPY	3iy6_BA_ag_m0
3iy7_BA_ag_m0	ARSQLPGYRLNGWFVY	3iy7_BA_ag_m0
3iyw_HL_agA_m0	ARDWGSNYGWVSYPKY	3iyw_HL_agA_m0
3iyw_KM_agC_m0	ARDWGSNYGWVSYPKY	3iyw_HL_agA_m0
3j1s_HL_agA_m0	ARGDYGYEWFTY	3j1s_HL_agA_m0
3j2x_BA_ag_m0	ARVDGYAMDY	3j2x_BA_ag_m0
3j2x_DC_ag_m0	ARVDGYAMDY	3j2x_BA_ag_m0
3j2x_FE_ag_m0	ARVDGYAMDY	3j2x_BA_ag_m0
3j2x_HG_ag_m0	ARVDGYAMDY	3j2x_BA_ag_m0
3j2y_BA_ag_m0	ARGVTRGYFDV	3j2y_BA_ag_m0
3j2y_DC_ag_m0	ARGVTRGYFDV	3j2y_BA_ag_m0
3j2y_FE_ag_m0	ARGVTRGYFDV	3j2y_BA_ag_m0
3j2y_HG_ag_m0	ARGVTRGYFDV	3j2y_BA_ag_m0
3j2z_BA_ag_m0	ARGVTRGYFDV	3j2y_BA_ag_m0
3j2z_DC_ag_m0	ARGVTRGYFDV	3j2y_BA_ag_m0
3j2z_FE_ag_m0	ARGVTRGYFDV	3j2y_BA_ag_m0
3j2z_HG_ag_m0	ARGVTRGYFDV	3j2y_BA_ag_m0
3j30_BA_ag_m0	ARVDGYAMDY	3j2x_BA_ag_m0
3j30_DC_ag_m0	ARVDGYAMDY	3j2x_BA_ag_m0
3j30_FE_ag_m0	ARVDGYAMDY	3j2x_BA_ag_m0
3j30_HG_ag_m0	ARVDGYAMDY	3j2x_BA_ag_m0
3j3o_HL_ag1_m0	ARDFYDYDVGFDY	1fpt_HL_agP_m0
3j3p_HL_ag1_m0	ARDFYDYDVGFDY	1fpt_HL_agP_m0
3j3z_HL_ag_m0	ARRGFHGSYSFAY	7m3n_HL_agA_m0
3j42_GH_agE_m0	ARWGNYPHYAMDY	3j42_GH_agE_m0
3j42_IJ_agD_m0	ARWGNYPHYAMDY	3j42_GH_agE_m0
3j42_KL_agF_m0	ARWGNYPHYAMDY	3j42_GH_agE_m0
3j5m_DC_agA_m0	ARQKFYTGGQGWYFDL	3j5m_DC_agA_m0
3j5m_HG_agE_m0	ARQKFYTGGQGWYFDL	3j5m_DC_agA_m0
3j5m_LK_agI_m0	ARQKFYTGGQGWYFDL	3j5m_DC_agA_m0
3j6u_HL_agC _ A_m0	ARDKELLSFRAFDI	3j6u_HL_agC _ A_m0
3j70_AB_agD_m0	AADPWELNNV	3j70_AB_agD_m0
3j70_MN_agP_m0	AADPWELNNV	3j70_AB_agD_m0
3j70_RS_agU_m0	AADPWELNNV	3j70_AB_agD_m0
3j7e_BA_ag_m0	ARPPYYYGTTYYFDY	3j7e_BA_ag_m0
3j7e_DC_ag_m0	ARPPYYYGTTYYFDY	3j7e_BA_ag_m0
3j7e_FE_ag_m0	ARPPYYYGTTYYFDY	3j7e_BA_ag_m0
3j7e_HL_ag_m0	ARPPYYYGTTYYFDY	3j7e_BA_ag_m0
3j8v_FJ_agD_m0	ARPYRYDGVGYAMDY	3j8v_FJ_agD_m0
3j8v_GK_agC_m0	ARPYRYDGVGYAMDY	3j8v_FJ_agD_m0
3j8v_HL_agE_m0	ARPYRYDGVGYAMDY	3j8v_FJ_agD_m0
3j8v_IM_agB _ A_m0	ARPYRYDGVGYAMDY	3j8v_FJ_agD_m0
3j8w_FJ_agD_m0	ARPSYYDYVDTWFAY	3j8w_FJ_agD_m0
3j8w_GK_agC_m0	ARPSYYDYVDTWFAY	3j8w_FJ_agD_m0
3j8w_HL_agE_m0	ARPSYYDYVDTWFAY	3j8w_FJ_agD_m0
3j8w_IM_agB _ A_m0	ARPSYYDYVDTWFAY	3j8w_FJ_agD_m0
3j8z_FJ_agD_m0	ARTYAGYVYGYFDY	3j8z_FJ_agD_m0
3j8z_GK_agC_m0	ARTYAGYVYGYFDY	3j8z_FJ_agD_m0
3j8z_HL_agE_m0	ARTYAGYVYGYFDY	3j8z_FJ_agD_m0
3j8z_IM_agB _ A_m0	ARTYAGYVYGYFDY	3j8z_FJ_agD_m0
3j93_HL_ag_m0	ARRGFHGSYSFAY	7m3n_HL_agA_m0
3jab_HL_agC_m0	NAGHDYDRGRFPY	12e8_HL_agNA_m0
3jab_QR_agO_m0	NAGHDYDRGRFPY	12e8_HL_agNA_m0
3jau_HL_agA_m0	ANSNYWFDFDY	3jau_HL_agA_m0
3jba_HL_agA_m0	ARGLYYGYGEDSDFDY	3jba_HL_agA_m0
3jbc_7NA_ag3_m0	AAGQGCLTTIQAGGLAYGYNA	3jbc_7NA_ag3_m0
3jbd_7NA_ag3_m0	AATSISCSSGYMF	3jbd_7NA_ag3_m0
3jbe_7NA_ag3_m0	AAGRWRFGDIGEHCSGYNY	3jbe_7NA_ag3_m0
3jbf_7NA_ag3_m0	AATWRWSCPPDLEGYQY	3jbf_7NA_ag3_m0
3jbg_7NA_ag_m0	AYSNTCPGSAADFRS	3jbg_7NA_ag_m0
3jbq_HL_agF_m0	NAGHDYDRPY	3jbq_HL_agF_m0
3jbq_hl_agB_m0	NAGHDYDRPY	3jbq_HL_agF_m0
3jcb_CB_agA_m0	ATTKHGRRIYGVVYTFWEKFAFYMDV	3jcb_CB_agA_m0
3jcc_CB_agA_m0	ATTKHGRRIYGVVYTFWEKFAFYMDV	3jcb_CB_agA_m0
3jcx_HL_agA_m0	ARPELPGLGYTVWFPY	3iy6_BA_ag_m0
3juy_Aa_ag_m0	ARVGEWGWDDNDYPSYYMDV	3juy_Aa_ag_m0
3juy_Bb_ag_m0	ARVGEWGWDDNDYPSYYMDV	3juy_Aa_ag_m0
3juy_Cc_ag_m0	ARVGEWGWDDNDYPSYYMDV	3juy_Aa_ag_m0
3juy_Dd_ag_m0	ARVGEWGWDDNDYPSYYMDV	3juy_Aa_ag_m0
3juy_Ee_ag_m0	ARVGEWGWDDNDYPSYYMDV	3juy_Aa_ag_m0
3juy_Ff_ag_m0	ARVGEWGWDDNDYPSYYMDV	3juy_Aa_ag_m0
3jwd_HL_agA_m0	AADPWELNAFNV	1rz7_HL_ag_m0
3jwd_PO_agB_m0	AADPWELNAFNV	1rz7_HL_ag_m0
3jwo_HL_agA_m0	AADPWELNAFNV	1rz7_HL_ag_m0
3k1k_CNA_agA_m0	NVNVGFEY	3k1k_CNA_agA_m0
3k1k_DNA_agB_m0	NVNVGFEY	3k1k_CNA_agA_m0
3k2u_HL_agA_m0	AKWWAWPAFDY	3k2u_HL_agA_m0
3k3q_ANA_agC _ B_m0	AADEDVTPRVIVGMPHADH	3k3q_ANA_agC _ B_m0
3k74_BNA_agA_m0	AKDWATGLAK	3k74_BNA_agA_m0
3k7u_ANA_agC_m0	AARPQGDYTVAHYDY	3k7u_ANA_agC_m0
3k80_ANA_agC_m0	AGDLYGLGSEMHNEYDS	3k80_ANA_agC_m0
3k80_BNA_agD_m0	AGDLYGLGSEMHNEYDS	3k80_ANA_agC_m0
3k81_ANA_agD_m0	NANLQTGTSLGARLY	3k81_ANA_agD_m0
3k81_BNA_agC_m0	NANLQTGTSLGARLY	3k81_ANA_agD_m0
3kdm_BA_agB_m0	ARDPGLWDYYYGMDV	3kdm_BA_agB_m0
3kdm_HL_agH_m0	ARDPGLWDYYYGMDV	3kdm_BA_agB_m0
3kj4_CB_agD_m0	ARYEGAWFAY	3kj4_CB_agD_m0
3kj4_HL_agA_m0	ARVGIYYGEAWFAY	3kj4_HL_agA_m0
3kj6_HL_agA_m0	VRGFGY	2r4r_HL_agA_m0
3klh_DC_agB_m0	AQSAITSVDTSAMDH	1hys_DC_agB_m0
3kr3_HL_agD_m0	ARDNGDYVEGKGFDI	3kr3_HL_agD_m0
3ks0_HL_agB_m0	ARLFGSYYFDY	3ks0_HL_agB_m0
3ks0_KJ_agA_m0	ARLFGSYYFDY	3ks0_HL_agB_m0
3kyk_HL_ag_m0	AREGHNDWYFDL	3kyk_HL_ag_m0
3kym_BA_ag_m0	AREGHNDWYFDL	3kyk_HL_ag_m0
3kym_DC_ag_m0	AREGHNDWYFDL	3kyk_HL_ag_m0
3kym_FE_ag_m0	AREGHNDWYFDL	3kyk_HL_ag_m0
3kym_HG_ag_m0	AREGHNDWYFDL	3kyk_HL_ag_m0
3kym_JI_ag_m0	AREGHNDWYFDL	3kyk_HL_ag_m0
3kym_LK_ag_m0	AREGHNDWYFDL	3kyk_HL_ag_m0
3kym_NM_ag_m0	AREGHNDWYFDL	3kyk_HL_ag_m0
3kym_PO_ag_m0	AREGHNDWYFDL	3kyk_HL_ag_m0
3l1o_HL_ag_m0	ARDNGAARATFAY	2v17_HL_agA_m0
3l5w_BA_agJ_m0	ARMGSDYDVWFDY	4ps4_HL_agA_m0
3l5w_HL_agI_m0	ARMGSDYDVWFDY	4ps4_HL_agA_m0
3l5x_HL_agA_m0	ARMGSDYDVWFDY	4ps4_HL_agA_m0
3l7e_BA_ag_m0	ARMGSDYDVWFDY	4ps4_HL_agA_m0
3l7e_HL_ag_m0	ARMGSDYDVWFDY	4ps4_HL_agA_m0
3l7f_BA_ag_m0	ARMGSDYDVWFDY	4ps4_HL_agA_m0
3l7f_ED_ag_m0	ARMGSDYDVWFDY	4ps4_HL_agA_m0
3l7f_HL_ag_m0	ARMGSDYDVWFDY	4ps4_HL_agA_m0
3l95_BA_agX_m0	ARGSGFRWVMDY	3l95_BA_agX_m0
3l95_HL_agY_m0	ARGSGFRWVMDY	3l95_BA_agX_m0
3ld8_CB_agA_m0	ARRDYGTYYFDY	3ld8_CB_agA_m0
3ldb_CB_agA_m0	ARRDYGTYYFDY	3ld8_CB_agA_m0
3lev_HL_agA_m0	AHRRGPTTLFGVVPGRAIPNAMDV	1tjg_HL_agP_m0
3lex_AB_agC_m0	AYGNYLPAY	3lex_AB_agC_m0
3lex_HL_agP_m0	AYGNYLPAY	3lex_AB_agC_m0
3ley_HL_agP_m0	AFGNYLPAY	3ley_HL_agP_m0
3lh2_HL_agS_m0	AREGTTLGIPKGAFAH	5x08_HL_agP_m0
3lh2_IM_agT_m0	AREGTTGKIPGAFAH	3lh2_IM_agT_m0
3lh2_JN_agU_m0	AREGTTGAGWIPKGLGAFAH	1tzg_HL_agP_m0
3lh2_KO_agV_m0	AREGTTGAGWIPKGLGAFAH	1tzg_HL_agP_m0
3lhp_HL_agS_m0	AREGTTGLGIPKGAFAH	3lhp_HL_agS_m0
3lhp_IM_agT_m0	AREGTTGLGIPKGAFAH	3lhp_HL_agS_m0
3liz_HL_agA_m0	TRDPAGRAWFAY	3liz_HL_agA_m0
3lmj_HL_ag_m0	ATGGNYYNLYGTWYPLAY	3lmj_HL_ag_m0
3ln9_ANA_ag_m0	AAGTRKNVWQRTHPFDY	3ln9_ANA_ag_m0
3lqa_HL_agG _ C_m0	ATGGNYYNLYGTWYPLAY	3lmj_HL_ag_m0
3lrs_AB_agB_m0	AREAGGPYYNYHYMDV	3u36_EF_ag_m0
3lrs_CD_agD_m0	AREAGGPINDYNYYGHYMDV	3lrs_CD_agD_m0
3lrs_EF_agF_m0	AREAGGPINDYNYYGHYMDV	3lrs_CD_agD_m0
3lrs_HL_agL_m0	AREAGGPYYNYHYMDV	3u36_EF_ag_m0
3ls4_HL_agH_m0	VRGTTIVAGDV	3ls4_HL_agH_m0
3ls5_HL_ag_m0	VRGTTIVAGDV	3ls4_HL_agH_m0
3lzf_HL_agA_m0	ARTLRVSGVYDRDFDL	3lzf_HL_agA_m0
3m8o_HL_ag_m0	VIRGDVYNRQ	3m8o_HL_ag_m0
3ma9_HL_agA_m0	ARYFDTYNNYGFAN	3ma9_HL_agA_m0
3mac_HL_agA_m0	ARYFDTYNNYGFAN	3ma9_HL_agA_m0
3mbx_HL_ag_m0	ARMGSDYDVWFDY	4ps4_HL_agA_m0
3mck_BA_ag_m0	TRSSGSIVAITGFAY	3mck_BA_ag_m0
3mck_HL_ag_m0	TRSSGSIVAITGFAY	3mck_BA_ag_m0
3mcl_HL_ag_m0	AREGSNNNALAY	3mcl_HL_ag_m0
3mj8_BA_ag_m0	ARHFYTYFDV	3mj8_BA_ag_m0
3mj8_HL_ag_m0	ARHFYTYFDV	3mj8_BA_ag_m0
3mj9_HL_agA_m0	ARHFYTYFDV	3mj8_BA_ag_m0
3mlr_HL_agP_m0	TRLYLFEGASSQNAFDL	3mlr_HL_agP_m0
3mls_HL_agP_m0	TRLYLFEGASSQNAFDL	3mlr_HL_agP_m0
3mls_IM_agQ_m0	TRLYLFEGASSQNAFDL	3mlr_HL_agP_m0
3mls_JN_agR_m0	TRLYLFEGASSQNAFDL	3mlr_HL_agP_m0
3mls_KO_agS_m0	TRLYLFEGASSQNAFDL	3mlr_HL_agP_m0
3mlt_BA_agC_m0	TRLYLFEGASSQNAFDL	3mlr_HL_agP_m0
3mlt_ED_ag_m0	TRLYLFEGASSQNAFDL	3mlr_HL_agP_m0
3mlt_HL_agP_m0	TRLYLFEGASSQNAFDL	3mlr_HL_agP_m0
3mlt_IG_ag_m0	TRLYLFEGASSQNAFDL	3mlr_HL_agP_m0
3mlu_HL_agP_m0	TRLYLFEGASSQNAFDL	3mlr_HL_agP_m0
3mlv_HL_agP_m0	TRLYLFEGASSQNAFDL	3mlr_HL_agP_m0
3mlv_NM_agQ_m0	TRLYLFEGASSQNAFDL	3mlr_HL_agP_m0
3mlw_HL_agP_m0	ARLHYSDRSGNFYSDVFHM	3mlw_HL_agP_m0
3mlw_IM_agQ_m0	ARLHYSDRSGNFYSDVFHM	3mlw_HL_agP_m0
3mlx_HL_agP_m0	ARDFGEYHYDGCQFGREGFDL	3mlx_HL_agP_m0
3mlx_IM_agQ_m0	ARDFGEYHYDGCQFGREGFDL	3mlx_HL_agP_m0
3mly_HL_agP_m0	ARDFGEYHYDGCQFGREGFDL	3mlx_HL_agP_m0
3mly_IM_agQ_m0	ARDFGEYHYDGCQFGREGFDL	3mlx_HL_agP_m0
3mlz_HL_agP_m0	ARDFGEYHYDGCQFGREGFDL	3mlx_HL_agP_m0
3mme_AB_ag_m0	AREAGGPIWHDDVKYYNYYGDNFDYHYMDV	3mug_BA_ag_m0
3mme_CD_agD_m0	AREAGGPYYNYHYMDV	3u36_EF_ag_m0
3mme_HL_agL_m0	AREAGGPIWHDDVKYYNYYGDNFDYHYMDV	3mug_BA_ag_m0
3mnv_BA_ag_m0	ALGWLH	3mnv_BA_ag_m0
3mnv_DC_ag_m0	ALGWLH	3mnv_BA_ag_m0
3mnw_BA_agP_m0	ALGWLH	3mnv_BA_ag_m0
3mnz_BA_agP_m0	ALGWLH	3mnv_BA_ag_m0
3mo1_BA_ag_m0	ALGWLH	3mnv_BA_ag_m0
3moa_HL_agP_m0	AHRRGPTTLFGVVPGRAIPNAMDV	1tjg_HL_agP_m0
3mob_HL_agP_m0	AHRRGPTTLFGVVPGRAIPNAMDV	1tjg_HL_agP_m0
3mod_HL_agP_m0	AHRRGPTTLFGVVPGRAIPNAMDV	1tjg_HL_agP_m0
3moq_ANA_agNA_m0	QAFYVFFAEDVGSNKGVGGVMLGIIAVIGGE	3moq_ANA_agNA_m0
3moq_BNA_agNA_m0	QAFYVFFAEDVGSNKGVGGVMLGIIAVIGGE	3moq_ANA_agNA_m0
3moq_CNA_agNA_m0	QAFYVFFAEDVGSNKGVGGVMLGIIAVIGGE	3moq_ANA_agNA_m0
3moq_DNA_agNA_m0	QAFYVFFAEDVGSNKGVGGVMLGIIAVIGGE	3moq_ANA_agNA_m0
3mug_BA_ag_m0	AREAGGPIWHDDVKYYNYYGDNFDHYMDV	3mug_BA_ag_m0
3mug_DC_agC_m0	AREAGGPIWHDDVKYYNYYGDNFDHYMDV	3mug_BA_ag_m0
3mug_FE_agC_m0	AREAGGPIWHDDVKYYNYYGDNFDHYMDV	3mug_BA_ag_m0
3mug_HG_ag_m0	AREAGGPIWHDDVKYYNYYGDNFDHYMDV	3mug_BA_ag_m0
3mug_JI_agI_m0	AREAGGPIWHDDVKYYNYYGDNFDHYMDV	3mug_BA_ag_m0
3mug_LK_agI_m0	AREAGGPIWHDDVKYYNYYGDNFDHYMDV	3mug_BA_ag_m0
3mxv_HL_ag_m0	ARDWERGDFFDY	8yyz_HL_agA_m0
3mxw_HL_agA_m0	ARDWERGDFFDY	8yyz_HL_agA_m0
3n85_HL_agA_m0	ARWWSSAMDY	3n85_HL_agA_m0
3n9g_HL_ag_m0	ARDWGSNYGWVSYPKY	3iyw_HL_agA_m0
3na9_HL_ag_m0	ARELYQGMYDTFDS	3naa_HL_ag_m0
3naa_HL_ag_m0	ARQLYQGMYDTFDS	3naa_HL_ag_m0
3nab_HL_ag_m0	ARELYQGMYDTFDS	3naa_HL_ag_m0
3nac_HL_ag_m0	ARQLYQGMYDTFDS	3naa_HL_ag_m0
3ncj_HL_ag_m0	ARQLYQGMYDTFDS	3naa_HL_ag_m0
3ncy_PS_agB _ A_m0	ARLDGNYGGWFAY	3ncy_PS_agB _ A_m0
3ncy_QW_agC _ D_m0	ARLDGNYGGWFAY	3ncy_PS_agB _ A_m0
3nfp_AB_agK_m0	ARGGGVFDY	3nfp_AB_agK_m0
3nfp_HL_agI_m0	ARGGGVFDY	3nfp_AB_agK_m0
3nfs_HL_ag_m0	ARGGGVFDY	3nfp_AB_agK_m0
3ngb_BC_agA_m0	TRGKNCDNYWDFEH	4jpk_HL_agA_m0
3ngb_EF_agD_m0	TRGKNCDNYWDFEH	4jpk_HL_agA_m0
3ngb_HL_agG_m0	TRGKNCDNYWDFEH	4jpk_HL_agA_m0
3ngb_JK_agI_m0	TRGKNCDNYWDFEH	4jpk_HL_agA_m0
3nh7_HL_agA_m0	ARERWHVRGYFDH	3nh7_HL_agA_m0
3nh7_IM_agB_m0	ARERWHVRGYFDH	3nh7_HL_agA_m0
3nh7_JN_agC_m0	ARERWHVRGYFDH	3nh7_HL_agA_m0
3nh7_KO_agD_m0	ARERWHVRGYFDH	3nh7_HL_agA_m0
3nid_EF_agC_m0	VRPLYDYYAMDY	2vc2_HL_agA_m0
3nid_HL_agA _ D_m0	VRPLYDYYAMDY	2vc2_HL_agA_m0
3nif_EF_agC_m0	VRPLYDYYAMDY	2vc2_HL_agA_m0
3nif_HL_agA _ D_m0	VRPLYDYYAMDY	2vc2_HL_agA_m0
3nig_EF_agC_m0	VRPLYDYYAMDY	2vc2_HL_agA_m0
3nig_HL_agA _ D_m0	VRPLYDYYAMDY	2vc2_HL_agA_m0
3nn8_AB_ag_m0	ARRGGSSYHYAMDY	3nn8_AB_ag_m0
3nn8_CF_ag_m0	ARRGGSSYHYAMDY	3nn8_AB_ag_m0
3nn8_DE_ag_m0	ARRGGSSYHYAMDY	3nn8_AB_ag_m0
3nn8_GH_ag_m0	ARRGGSSYHYAMDY	3nn8_AB_ag_m0
3nps_BC_agA_m0	ARTFHIRRYRYYGSDKMDH	3nps_BC_agA_m0
3ntc_HL_ag_m0	SRGIPGYAMDY	3ntc_HL_ag_m0
3nz8_AB_ag_m0	ARGYGKNVYAMDY	3nz8_AB_ag_m0
3nz8_HL_ag_m0	ARGYGKNVYAMDY	3nz8_AB_ag_m0
3nzh_HL_ag_m0	TPDGSDY	3nzh_HL_ag_m0
3o0r_HL_agB _ C_m0	SRSSLDGYYNKVWCFDV	3o0r_HL_agB _ C_m0
3o11_BA_ag_m0	AREGSNNNALAY	3mcl_HL_ag_m0
3o11_HL_ag_m0	AREGSNNNALAY	3mcl_HL_ag_m0
3o2d_HL_agA_m0	AREKDNYAGTAWFAY	3o2d_HL_agA_m0
3o2v_HL_ag_m0	ARGTTIVRAFDY	3o2v_HL_ag_m0
3o2w_HL_agL_m0	ARGTTIVRAFDY	3o2v_HL_ag_m0
3o41_AB_agC_m0	ARLYGFTYGFAY	3o41_AB_agC_m0
3o41_HL_agP_m0	ARLYGFTYGFAY	3o41_AB_agC_m0
3o45_AB_agC_m0	ARLYGFTYGFAY	3o41_AB_agC_m0
3o45_HL_agP_m0	ARLYGFTYGFAY	3o41_AB_agC_m0
3o6k_HL_ag_m0	ARDYDYGVDY	3o6k_HL_ag_m0
3o6l_HL_agC_m0	ARDYDYGVDY	3o6k_HL_ag_m0
3o6m_HL_agC_m0	ARDYDYGVDY	3o6k_HL_ag_m0
3oau_HL_agH_m0	ARKGSDRLNDSDPFDA	2oqj_BA_agC_m0
3oay_HL_agH_m0	ARKGSDRLNDSDPFDA	2oqj_BA_agC_m0
3oay_MK_agM_m0	ARKGSDRLNDSDPFDA	2oqj_BA_agC_m0
3oaz_HL_ag_m0	ARKGSDRLNDSDPFDA	2oqj_BA_agC_m0
3oaz_MK_ag_m0	ARKGSDRLNDSDPFDA	2oqj_BA_agC_m0
3ob0_HL_agH_m0	ARKGSDRLNDSDPFDA	2oqj_BA_agC_m0
3ob0_MK_agM_m0	ARKGSDRLNDSDPFDA	2oqj_BA_agC_m0
3ogc_AB_agC_m0	ARERGDGYFAV	1k4c_AB_agC_m0
3ogo_ENA_agA_m0	NVNVGFEY	3k1k_CNA_agA_m0
3ogo_FNA_agC_m0	NVNVGFEY	3k1k_CNA_agA_m0
3ogo_GNA_agB_m0	NVNVGFEY	3k1k_CNA_agA_m0
3ogo_HNA_agB_m0	NVNVGFEY	3k1k_CNA_agA_m0
3ojd_BA_ag_m0	ARERDYGSRGRYYALDF	3ojd_BA_ag_m0
3okd_BA_ag_m0	ARDHDGYYERFAY	4hgw_BA_agB_m0
3oke_BA_agB_m0	ARDHDGYYERFAY	4hgw_BA_agB_m0
3okk_BA_agB_m0	ARDHDGYYERFAY	4hgw_BA_agB_m0
3okl_BA_agB_m0	ARDHDGYYERFAY	4hgw_BA_agB_m0
3okm_BA_ag_m0	ARDHDGYYERFAY	4hgw_BA_agB_m0
3okn_BA_agA_m0	ARDHDGYYERFAY	4hgw_BA_agB_m0
3oko_BA_agB_m0	ARDHDGYYERFAY	4hgw_BA_agB_m0
3opz_HL_agA_m0	ARGHYDGSYFDY	3opz_HL_agA_m0
3opz_IM_agB_m0	ARGHYDGSYFDY	3opz_HL_agA_m0
3opz_JN_agC_m0	ARGHYDGSYFDY	3opz_HL_agA_m0
3or6_AB_agC_m0	ARERGDGYFAV	1k4c_AB_agC_m0
3or7_AB_agC_m0	ARERGDGYFAV	1k4c_AB_agC_m0
3oz9_HL_ag_m0	ARGYYGPTWFAY	3oz9_HL_ag_m0
3p0g_BNA_agA_m0	NVKDYGALVYEYDY	3p0g_BNA_agA_m0
3p0v_HL_ag_m0	ARESRVSEFAAMDY	3p0v_HL_ag_m0
3p0v_IM_ag_m0	ARESRVSEFAAMDY	3p0v_HL_ag_m0
3p0y_HL_agA_m0	ARESRVSEFAAMDY	3p0v_HL_ag_m0
3p11_HL_agA_m0	ARESRVSEFAAMDY	3p0v_HL_ag_m0
3p30_HL_agA_m0	TRDRSRVRYFSERDGWFDP	3p30_HL_agA_m0
3p9w_BNA_agA_m0	YYHYYGWHYGPGLSYS	3p9w_BNA_agA_m0
3p9w_DNA_agC_m0	YYHYYGWHYGPGLSYS	3p9w_BNA_agA_m0
3p9w_FNA_agE_m0	YYHYYGWHYGPGLSYS	3p9w_BNA_agA_m0
3p9w_HNA_agG_m0	YYHYYGWHYGPGLSYS	3p9w_BNA_agA_m0
3pgf_HL_agA_m0	ARTPWWYWSGLDY	3pgf_HL_agA_m0
3pho_BA_agA_m0	ARDIGYGNSPFAY	3pho_BA_agA_m0
3phq_BA_agB_m0	ARDIGYGNSPFAY	3pho_BA_agA_m0
3piq_AB_ag_m0	AKDKGDSFYYYMDG	3piq_AB_ag_m0
3piq_CD_ag_m0	AKDKGDSDYDYNFYSYGLYYMDG	3piq_CD_ag_m0
3piq_EF_ag_m0	AKDKGDSFYYYMDG	3piq_AB_ag_m0
3piq_GI_ag_m0	AKDKGDSDYDYNFYSYGLYYMDG	3piq_CD_ag_m0
3piq_HL_ag_m0	AKDKGDSDYDYNFYSYGLYYMDG	3piq_CD_ag_m0
3piq_JK_ag_m0	AKDKGDSDYDYNFYSYGLYYMDG	3piq_CD_ag_m0
3pjs_BA_agM _ N_m0	ARQPSYHMYWWSVALDY	3eff_BA_agM _ N_m0
3pjs_DC_agK _ L_m0	ARQPSYHMYWWSVALDY	3eff_BA_agM _ N_m0
3pnw_BA_agC_m0	ARTVRGSKKPGSFYWAMDY	3pnw_BA_agC_m0
3pnw_ED_agF_m0	ARTVRGSKKPGSFYWAMDY	3pnw_BA_agC_m0
3pnw_HG_agI_m0	ARTVRGSKKPGSFYWAMDY	3pnw_BA_agC_m0
3pnw_KJ_agL_m0	ARTVRGSKKPGSFYWAMDY	3pnw_BA_agC_m0
3pnw_NM_agO_m0	ARTVRGSKKPGSFYWAMDY	3pnw_BA_agC_m0
3pnw_QP_agR_m0	ARTVRGSKKPGSFYWAMDY	3pnw_BA_agC_m0
3pnw_TS_agU_m0	ARTVRGSKKPGSFYWAMDY	3pnw_BA_agC_m0
3pnw_WV_agX_m0	ARTVRGSKKPGSFYWAMDY	3pnw_BA_agC_m0
3pp3_HL_ag_m0	ARNVFDGYWLVY	3pp3_HL_ag_m0
3pp3_IK_ag_m0	ARNVFDGYWLVY	3pp3_HL_ag_m0
3pp4_HL_agP_m0	ARNVFDGYWLVY	3pp3_HL_ag_m0
3q1s_HL_agI_m0	ARVAIGVSGFYYNLYYMDV	3fn0_HL_agP_m0
3q3g_BA_agE_m0	ASEGHYGYGDYAMDY	3q3g_BA_agE_m0
3q3g_DC_agG_m0	ASEGHYGYGDYAMDY	3q3g_BA_agE_m0
3q3g_HF_agI_m0	ASEGHYGYGDYAMDY	3q3g_BA_agE_m0
3q3g_KJ_agL_m0	ASEGHYGYGDYAMDY	3q3g_BA_agE_m0
3q6f_BA_ag_m0	AKDKGDSDDNLFYSYGYYMDG	3q6f_BA_ag_m0
3q6f_DC_ag_m0	AKDKGDSDDNLFYSYGYYMDG	3q6f_BA_ag_m0
3q6f_FE_ag_m0	AKDKGDSDDNLFYSYGYYMDG	3q6f_BA_ag_m0
3q6f_HG_ag_m0	AKDKGDSDDNLFYSYGYYMDG	3q6f_BA_ag_m0
3q6f_JI_ag_m0	AKDKGDSDDNLFYSYGYYMDG	3q6f_BA_ag_m0
3q6f_LK_ag_m0	AKDKGDSDDNLFYSYGYYMDG	3q6f_BA_ag_m0
3q6g_HL_ag_m0	ARIDVVITSHEDDFYEGTYYDGYGLDS	3q6g_HL_ag_m0
3q6g_IM_ag_m0	ARIDVVITSHYYEGTYYGLDS	3q6g_IM_ag_m0
3qa3_BA_agE_m0	ASEGHYGYGDYAMDY	3q3g_BA_agE_m0
3qa3_DC_agG_m0	ASEGHYGYGDYAMDY	3q3g_BA_agE_m0
3qa3_HF_agI_m0	ASEGHYGYGDYAMDY	3q3g_BA_agE_m0
3qa3_KJ_agL_m0	ASEGHYGYGDYAMDY	3q3g_BA_agE_m0
3qct_HL_ag_m0	ARRFGYYGGSNYFDY	3qct_HL_ag_m0
3qcu_HL_agH_m0	ARRFGYYGGSNYFDY	3qct_HL_ag_m0
3qcu_IM_agI_m0	ARRFGYYGGSNYFDY	3qct_HL_ag_m0
3qcv_HL_agH_m0	ARRFGYYGGSNYFDY	3qct_HL_ag_m0
3qcv_IM_agI_m0	ARRFGYYGGSNYFDY	3qct_HL_ag_m0
3qeg_HL_ag_m0	ASDSRDFSYYHNIMDV	3qeg_HL_ag_m0
3qeh_AB_ag_m0	ARDLEMRDGGHNNSHLEF	3qeh_AB_ag_m0
3qeh_CD_ag_m0	ARDLEMRDGGHNNSHLEF	3qeh_AB_ag_m0
3qeh_EF_ag_m0	ARDLEMRDGGHNNSHLEF	3qeh_AB_ag_m0
3qeh_GH_ag_m0	ARDLEMRDGGHNNSHLEF	3qeh_AB_ag_m0
3qg6_BA_agD_m0	TREGDY	3qg6_BA_agD_m0
3qg6_HL_agC_m0	TREGDY	3qg6_BA_agD_m0
3qg7_HL_ag_m0	TREGDY	3qg6_BA_agD_m0
3qhf_HL_ag_m0	ARTLRVSGVYDRDFDL	3lzf_HL_agA_m0
3qhz_HL_ag_m0	ARTLRVYVRDFDL	3qhz_HL_ag_m0
3qhz_IM_ag_m0	ARTLRVSGVYDRDFDL	3lzf_HL_agA_m0
3qnx_BA_ag_m0	VIRGDVYNRQ	3m8o_HL_ag_m0
3qny_BA_ag_m0	VIRQ	3qny_BA_ag_m0
3qny_DC_ag_m0	VIRQ	3qny_BA_ag_m0
3qnz_BA_agC_m0	VIRGQ	3qnz_BA_agC_m0
3qo0_BA_agC_m0	VIRGDVYNRQ	3m8o_HL_ag_m0
3qo1_BA_ag_m0	VIRGDVYNRQ	3m8o_HL_ag_m0
3qpq_DC_ag_m0	TRVGVMITTFPY	3qpq_DC_ag_m0
3qpq_FE_ag_m0	TRVGVMITTFPY	3qpq_DC_ag_m0
3qpq_HL_ag_m0	TRVGVMITTFPY	3qpq_DC_ag_m0
3qpq_JI_ag_m0	TRVGVMITTFPY	3qpq_DC_ag_m0
3qpx_HL_ag_m0	ARRATRVSPFDY	3qpx_HL_ag_m0
3qq9_DC_ag_m0	ARLYGFTYGFAY	3o41_AB_agC_m0
3qq9_HL_ag_m0	ARLYGFTYGFAY	3o41_AB_agC_m0
3qrg_HL_ag_m0	ARLYGFTYGFAY	3o41_AB_agC_m0
3qsk_BNA_agA_m0	AAGGHHLDRHTYGQ	3qsk_BNA_agA_m0
3qum_BA_agP_m0	ARSGRLYFDV	3qum_BA_agP_m0
3qum_DC_agQ_m0	ARSGRLYFDV	3qum_BA_agP_m0
3qum_HL_agP_m0	ARDGYRYYFDY	3qum_HL_agP_m0
3qum_KM_agQ_m0	ARDGYRYYFDY	3qum_HL_agP_m0
3qwo_AB_agC_m0	ARDMIFNFYFDV	3ixt_AB_agC_m0
3qwo_HL_agP_m0	ARDMIFNFYFDV	3ixt_AB_agC_m0
3qxt_ANA_agA_m0	AADDNYVTARWSSGPDY	3qxt_ANA_agA_m0
3qxt_BNA_agB_m0	AADDNYVTARWSSGPDY	3qxt_ANA_agA_m0
3qxu_ANA_ag_m0	AADDNYVTARWSSGPDY	3qxt_ANA_agA_m0
3qxu_BNA_ag_m0	AADDNYVTARWSSGPDY	3qxt_ANA_agA_m0
3qxu_CNA_ag_m0	AADDNYVTARWSSGPDY	3qxt_ANA_agA_m0
3qxu_DNA_ag_m0	AADDNYVTARWSSGPDY	3qxt_ANA_agA_m0
3qxv_ANA_agA_m0	AADDNYVTARWSSGPDY	3qxt_ANA_agA_m0
3qxv_BNA_agB_m0	AADDNYVTARWSSGPDY	3qxt_ANA_agA_m0
3qxv_CNA_agC_m0	AADDNYVTARWSSGPDY	3qxt_ANA_agA_m0
3qxv_DNA_agD_m0	AADDNYVTARWSSGPDY	3qxt_ANA_agA_m0
3qxv_ENA_agE_m0	AADDNYVTARWSSGPDY	3qxt_ANA_agA_m0
3qxw_ANA_ag_m0	AADDNYVTARWSSGPDY	3qxt_ANA_agA_m0
3qxw_BNA_ag_m0	AADDNYVTARWSSGPDY	3qxt_ANA_agA_m0
3qxw_CNA_ag_m0	AADDNYVTARWSSGPDY	3qxt_ANA_agA_m0
3qxw_DNA_ag_m0	AADDNYVTARWSSGPDY	3qxt_ANA_agA_m0
3qxw_ENA_ag_m0	AADDNYVTARWSSGPDY	3qxt_ANA_agA_m0
3qyc_ANA_ag_m0	VTLPDLCPGTCNDYPDAS	3qyc_ANA_ag_m0
3qyc_BNA_ag_m0	VTLPDLCPGTCNDYPDAS	3qyc_ANA_ag_m0
3r06_BA_ag_m0	ARFDWDKNY	3r06_BA_ag_m0
3r06_DC_ag_m0	ARFDWDKNY	3r06_BA_ag_m0
3r06_FE_ag_m0	ARFDWDKNY	3r06_BA_ag_m0
3r06_HL_ag_m0	ARFDWDKNY	3r06_BA_ag_m0
3r08_HL_agE_m0	ARFDWDKNY	3r06_BA_ag_m0
3r0m_ANA_ag_m0	AAKWRPLRYSNSPYDSDYYD	3r0m_ANA_ag_m0
3r0m_BNA_ag_m0	AAKWRPLRYSNSPYDSDYYD	3r0m_ANA_ag_m0
3r1g_HL_agB_m0	ARGPFSPWVMDY	3r1g_HL_agB_m0
3ra7_HL_agL_m0	ARPGSPYEYYAKDYSMAY	3ra7_HL_agL_m0
3ra7_IM_agM_m0	ARPGSPYEYYAKDYSMAY	3ra7_HL_agL_m0
3raj_HL_agA_m0	AKTLITTGYAMDY	3raj_HL_agA_m0
3rhw_FN_agB_m0	ARDGDYYRGYRYFDY	3rhw_FN_agB_m0
3rhw_GK_agC_m0	ARDGDYYRGYRYFDY	3rhw_FN_agB_m0
3rhw_HL_agA_m0	ARDGDYYRGYRYFDY	3rhw_FN_agB_m0
3rhw_IO_agD_m0	ARDGDYYRGYRYFDY	3rhw_FN_agB_m0
3rhw_JM_agE_m0	ARDGDYYRGYRYFDY	3rhw_FN_agB_m0
3ri5_FN_agB_m0	ARDGDYYRGYRYFDY	3rhw_FN_agB_m0
3ri5_GK_agC_m0	ARDGDYYRGYRYFDY	3rhw_FN_agB_m0
3ri5_HL_agA_m0	ARDGDYYRGYRYFDY	3rhw_FN_agB_m0
3ri5_IO_agD_m0	ARDGDYYRGYRYFDY	3rhw_FN_agB_m0
3ri5_JM_agE_m0	ARDGDYYRGYRYFDY	3rhw_FN_agB_m0
3ria_FN_agB_m0	ARDGDYYRGYRYFDY	3rhw_FN_agB_m0
3ria_GK_agC_m0	ARDGDYYRGYRYFDY	3rhw_FN_agB_m0
3ria_HL_agA_m0	ARDGDYYRGYRYFDY	3rhw_FN_agB_m0
3ria_IO_agD_m0	ARDGDYYRGYRYFDY	3rhw_FN_agB_m0
3ria_JM_agE_m0	ARDGDYYRGYRYFDY	3rhw_FN_agB_m0
3rif_FN_agB_m0	ARDGDYYRGYRYFDY	3rhw_FN_agB_m0
3rif_GK_agC_m0	ARDGDYYRGYRYFDY	3rhw_FN_agB_m0
3rif_HL_agA_m0	ARDGDYYRGYRYFDY	3rhw_FN_agB_m0
3rif_IO_agD_m0	ARDGDYYRGYRYFDY	3rhw_FN_agB_m0
3rif_JM_agE_m0	ARDGDYYRGYRYFDY	3rhw_FN_agB_m0
3rjq_BNA_agA_m0	AAKWRPLRYSNSPYDSDYYD	3r0m_ANA_ag_m0
3rkd_DC_agB_m0	ARIKSVITDGTYALDY	3rkd_DC_agB_m0
3rkd_HL_agA_m0	ARIKSVITDGTYALDY	3rkd_DC_agB_m0
3rpi_AB_ag_m0	ARQRSDFWDFDV	4jpv_HL_agG_m0
3rpi_HL_ag_m0	ARQRSDFWDFDV	4jpv_HL_agG_m0
3ru8_HL_agX_m0	ARVGPYSWDDNDQPSYYMDV	1hzh_HL_ag_m0
3rvt_DC_ag_m0	GRTGVYRPYERAPY	3rvt_DC_ag_m0
3rvu_DC_ag_m0	GRTGVYRPYERAPY	3rvt_DC_ag_m0
3s34_HL_ag_m0	ARVTDAFDI	3s34_HL_ag_m0
3s35_HL_agX_m0	TRHDGTNFDY	3s35_HL_agX_m0
3s36_HL_agX_m0	ARVTDAFDI	3s34_HL_ag_m0
3s37_HL_agX_m0	ARVTDAFDI	3s34_HL_ag_m0
3s62_HL_ag_m0	ARGADVAY	3s62_HL_ag_m0
3s88_HL_agJ _ J _ I_m0	ARQLYGNSFFDY	3s88_HL_agJ _ J _ I_m0
3s96_AB_ag_m0	ARGGDNYLWFAY	3s96_AB_ag_m0
3s96_CD_ag_m0	ARGGDNYLWFAY	3s96_AB_ag_m0
3sdy_HL_agB _ A_m0	AREPPLFYSSWSLDN	3sdy_HL_agB _ A_m0
3se8_HL_agG_m0	VRRGSCDYDGCFPWQY	5jof_AB_ag_m0
3se9_HL_agG_m0	ARQKFYTGGQGWYFDL	3j5m_DC_agA_m0
3sgd_HL_ag_m0	VRGTTY	3sgd_HL_ag_m0
3sgd_JI_ag_m0	VRGTTY	3sgd_HL_ag_m0
3sge_HL_agK_m0	VRGTTY	3sgd_HL_ag_m0
3sge_JI_agM_m0	VRGTTY	3sgd_HL_ag_m0
3skj_HL_agE_m0	AGYDSGYDYVAAPGAVEYFQH	3skj_HL_agE_m0
3skj_IM_agF_m0	AGYDSGYDYVAAPGAVEYFQH	3skj_HL_agE_m0
3sn6_NNA_agA _ B_m0	ARCPAPFTRDCSTVDFTTYAY	6oya_NNA_agA _ B_m0
3so3_CB_agA_m0	VKDLGIAARSVFRGAFDI	3so3_CB_agA_m0
3sob_HL_agB_m0	ARGSGHVNAVGYNKYVMDY	3sob_HL_agB_m0
3sqo_HL_agA_m0	ARERPLYASDL	3sqo_HL_agA_m0
3stb_ANA_agD_m0	AADRFSPVVPVPIPGNTVDS	3stb_ANA_agD_m0
3stb_BNA_agC_m0	AADRFSPVVPVPIPGNTVDS	3stb_ANA_agD_m0
3stl_AB_agC_m0	ARERGDGYFAV	1k4c_AB_agC_m0
3stz_AB_agC_m0	ARERGDGYFAV	1k4c_AB_agC_m0
3sy0_BA_agB_m0	ARDHDGYYERFSY	4hgw_BA_agB_m0
3t2n_HL_agA_m0	ARGFAY	3t2n_HL_agA_m0
3t2n_IM_agB_m0	ARGFAY	3t2n_HL_agA_m0
3t3m_EF_agC_m0	VRPLYDYYAMDY	2vc2_HL_agA_m0
3t3m_HL_agA _ D_m0	VRPLYDYYAMDY	2vc2_HL_agA_m0
3t3p_EF_agC_m0	VRPLYDYYAMDY	2vc2_HL_agA_m0
3t3p_HL_agA _ D_m0	VRPLYDYYAMDY	2vc2_HL_agA_m0
3t4y_BA_agB_m0	ARDHDGYYERFSY	4hgw_BA_agB_m0
3t65_BA_agB_m0	ARDHDGYYERFSY	4hgw_BA_agB_m0
3t77_BA_agB_m0	ARDHDGYYERFSY	4hgw_BA_agB_m0
3tcl_AB_ag_m0	ARGTDYTIDDQGIFTGSGQYRWYFDV	3tcl_AB_ag_m0
3tcl_HL_ag_m0	ARGTDYTIDDQGIFTGSGQYRWYFDV	3tcl_AB_ag_m0
3thm_HL_agF_m0	ARRQLLDDGTWQYGAAFDV	3thm_HL_agF_m0
3tje_HL_agF_m0	ARRQLLDDGTWQYGAAFDV	3thm_HL_agF_m0
3tnm_AB_ag_m0	ARGTRLRTRLNAFDI	3tnm_AB_ag_m0
3tnm_HL_ag_m0	ARGTRLRTRLNAFDI	3tnm_AB_ag_m0
3tnn_AB_ag_m0	AKDLRLGGGSDY	3tnn_AB_ag_m0
3tnn_CD_ag_m0	AKDLRLGGGSDY	3tnn_AB_ag_m0
3tnn_EF_ag_m0	AKDLRLGGGSDY	3tnn_AB_ag_m0
3tnn_HL_ag_m0	AKDLRLGGGSDY	3tnn_AB_ag_m0
3tpk_ANA_ag_m0	AAAPTATAHLYFDY	3tpk_ANA_ag_m0
3tt1_HL_agB_m0	ARRTVTMRGYAMDY	3tt1_HL_agB_m0
3tt1_IM_agA_m0	ARRTVTMRGYAMDY	3tt1_HL_agB_m0
3tt3_HL_agA_m0	ARGNYGAWFAY	3tt3_HL_agA_m0
3tv3_HL_agA_m0	ARFGGEVLRYTPKPWDAWVDL	3twc_HL_agH_m0
3twc_HL_agH_m0	ARFGGEVLVYRPKPWDAWVDL	3twc_HL_agH_m0
3tyg_HL_agA_m0	ARFGGEVLRYTPKPWDAWVDL	3twc_HL_agH_m0
3u0t_BA_agF_m0	ASLYSLPVY	3u0t_BA_agF_m0
3u0t_DC_agE_m0	ASLYSLPVY	3u0t_BA_agF_m0
3u0w_HL_ag_m0	ARQMGY	3u0w_HL_ag_m0
3u1s_HL_ag_m0	LTGSKHRLRDYFLNEGLYDGWEEYNPATLDV	9d3d_HL_agC _ B _ A_m0
3u2s_AB_agC_m0	VREAGGPDYRNGYNYNYYGDYFDHYMDV	3u2s_AB_agC_m0
3u2s_HL_agG_m0	VREAGGPDYRNGYNYNYYGDYFDHYMDV	3u2s_AB_agC_m0
3u30_CB_agA_m0	ARTWLLRWVMDL	3u30_CB_agA_m0
3u30_FE_agD_m0	ARTWLLRWVMDL	3u30_CB_agA_m0
3u36_AB_ag_m0	VREAGGPDYYNYHYMDV	3u36_AB_ag_m0
3u36_CD_ag_m0	VREAGGPDYYNYHYMDV	3u36_AB_ag_m0
3u36_EF_ag_m0	VREAGGPYYNYHYMDV	3u36_EF_ag_m0
3u36_HL_ag_m0	VREAGGPDYYNYHYMDV	3u36_AB_ag_m0
3u46_AB_ag_m0	ARGTDYTIDDQGIFTGSGQYRWYFDV	3tcl_AB_ag_m0
3u46_HL_ag_m0	ARGTDYTIDDQGIFTGSGQYRWYFDV	3tcl_AB_ag_m0
3u4b_HL_ag_m0	ARGTDYTIDDQGIFTGSGQYRWYFDV	3tcl_AB_ag_m0
3u4e_AB_agJ_m0	VREAGGPDYRNGYNYNYYGDYFDHYMDV	3u2s_AB_agC_m0
3u4e_HL_agG_m0	VREAGGPDYRNGYNYNYYGDYFDHYMDV	3u2s_AB_agC_m0
3u6r_AB_ag_m0	ARVVIPNAIRGMTHYYFDY	3u6r_AB_ag_m0
3u6r_HL_ag_m0	ARVVIPNAIRGMTHYYFDY	3u6r_AB_ag_m0
3u7w_HL_ag_m0	TRGKYCTARNYYDWDFEH	4jdv_AB_ag_m0
3u7y_HL_agG_m0	TRGKYCTARNYYDWDFEH	4jdv_AB_ag_m0
3u9p_HL_agD_m0	TRCRRDSSYVVDA	3u9p_HL_agD_m0
3u9p_KM_agC_m0	TRCRRDSSYVVDA	3u9p_HL_agD_m0
3u9u_AB_agF_m0	ARIPDDHYFDY	3u9u_AB_agF_m0
3u9u_CD_ag_m0	ARIPDDHYFDY	3u9u_AB_agF_m0
3uaj_CD_agB_m0	ARQGTGTTGESVDSFDL	3uaj_CD_agB_m0
3uaj_HL_agA_m0	ARQGTGTTGESVDSFDL	3uaj_CD_agB_m0
3ubx_GI_agD_m0	ASAAGIRWAWFAW	3ubx_GI_agD_m0
3ubx_HL_agA_m0	ASAAGIRWAWFAW	3ubx_GI_agD_m0
3uc0_HL_agA_m0	ARQGTGTTGESVDSFDL	3uaj_CD_agB_m0
3uc0_IM_agB_m0	ARQGTGTTGESVDSFDL	3uaj_CD_agB_m0
3uji_HL_agP_m0	ARLGFEGDGSYSFFDY	3uji_HL_agP_m0
3ujj_HL_agP_m0	AILGFWGANGGRGGMDV	3ujj_HL_agP_m0
3ujt_HL_ag_m0	VRGFAY	3ujt_HL_ag_m0
3ujt_IM_ag_m0	VRGFAY	3ujt_HL_ag_m0
3uls_BA_ag_m0	ARYSYPFYSIDY	3uls_BA_ag_m0
3uls_HL_ag_m0	ARYSYPFYSIDY	3uls_BA_ag_m0
3ulu_DC_agA_m0	ARYSYPFYSIDY	3uls_BA_ag_m0
3ulu_FE_agA_m0	TRVGVMITTFPY	3qpq_DC_ag_m0
3ulu_HL_agA_m0	ARELYQGMYDTFDS	3naa_HL_ag_m0
3ulv_DC_agA_m0	ARYSYPFYSIDY	3uls_BA_ag_m0
3ulv_FE_agA_m0	TRVGVMITTFPY	3qpq_DC_ag_m0
3ulv_HL_agA_m0	ARELYQGMYDTFDS	3naa_HL_ag_m0
3umt_Aa_ag_m0	ARDDRYPAWFAY	3umt_Aa_ag_m0
3uo1_HL_agP_m0	ARLTNGYLDV	3uo1_HL_agP_m0
3upc_ANA_ag_m0	AKSYGAFDY	3upc_ANA_ag_m0
3upc_BNA_ag_m0	AKSYGAFDY	3upc_ANA_ag_m0
3upc_CNA_ag_m0	AKSYGAFDY	3upc_ANA_ag_m0
3upc_DNA_ag_m0	AKSYGAFDY	3upc_ANA_ag_m0
3upc_ENA_ag_m0	AKSYGAFDY	3upc_ANA_ag_m0
3upc_FNA_ag_m0	AKSYGAFDY	3upc_ANA_ag_m0
3upc_GNA_ag_m0	AKSYGAFDY	3upc_ANA_ag_m0
3upc_HNA_ag_m0	AKSYGAFDY	3upc_ANA_ag_m0
3upc_INA_ag_m0	AKSYGAFDY	3upc_ANA_ag_m0
3upc_JNA_ag_m0	AKSYGAFDY	3upc_ANA_ag_m0
3utz_BA_ag_m0	TRFRYDGWYFDV	3utz_BA_ag_m0
3utz_CD_ag_m0	TRFRYDGWYFDV	3utz_BA_ag_m0
3utz_FE_ag_m0	TRFRYDGWYFDV	3utz_BA_ag_m0
3uyp_Aa_agB_m0	SRGWEGFAY	3uyp_Aa_agB_m0
3uyr_HL_agP_m0	ARLTNGYLDV	3uo1_HL_agP_m0
3uze_Aa_agC_m0	SRGWEGFAY	3uyp_Aa_agB_m0
3uze_Bb_agD_m0	SRGWEGFAY	3uyp_Aa_agB_m0
3uzq_Aa_agB_m0	SRGWEGFAY	3uyp_Aa_agB_m0
3uzv_Bb_agA_m0	SRGWEGFAY	3uyp_Aa_agB_m0
3v0a_CNA_agA_m0	ATGYRTDRTIPGGS	3v0a_CNA_agA_m0
3v0v_AB_ag_m0	VRQGRGYTLDY	3v0v_AB_ag_m0
3v0v_HL_ag_m0	VRQGRGYTLDY	3v0v_AB_ag_m0
3v0w_HL_agH_m0	VRQGRGYTLDY	3v0v_AB_ag_m0
3v4p_HL_agB _ A_m0	ARGGYDGDWYAIDY	3v4p_HL_agB _ A_m0
3v4p_MN_agD _ C_m0	ARGGYDGDWYAIDY	3v4p_HL_agB _ A_m0
3v4u_HL_agP_m0	ARLTNGYLDV	3uo1_HL_agP_m0
3v4v_HL_agB _ A_m0	ARGGYDGDWYAIDY	3v4p_HL_agB _ A_m0
3v4v_MN_agD _ C_m0	ARGGYDGDWYAIDY	3v4p_HL_agB _ A_m0
3v52_HL_agP_m0	ARLTNGYLDV	3uo1_HL_agP_m0
3v6f_AB_ag_m0	TREGAYSGSSSYPMDY	3v6f_AB_ag_m0
3v6f_CD_ag_m0	TREGAYSGSSSYPMDY	3v6f_AB_ag_m0
3v6f_EF_ag_m0	TREGAYSGSSSYPMDY	3v6f_AB_ag_m0
3v6f_HL_ag_m0	TREGAYSGSSSYPMDY	3v6f_AB_ag_m0
3v6o_CE_agA_m0	AKHDGHETMDY	3v6o_CE_agA_m0
3v6o_DF_agB_m0	AKHDGHETMDY	3v6o_CE_agA_m0
3v6z_AB_agF_m0	TREGAYSGSSSYPMDY	3v6f_AB_ag_m0
3v6z_CD_agE_m0	TREGAYSGSSSYPMDY	3v6f_AB_ag_m0
3v7a_EH_agA_m0	ARSGTTAYFAMDY	3v7a_EH_agA_m0
3v7a_FG_agB_m0	ARSGTTAYFAMDY	3v7a_EH_agA_m0
3ve0_AB_agJ _ J _ I_m0	ARQLYGNSFFDY	3s88_HL_agJ _ J _ I_m0
3vfg_HL_ag_m0	ASRGGHYGYALDY	3vfg_HL_ag_m0
3vg0_HL_ag_m0	AKHDGHETMDY	3v6o_CE_agA_m0
3vg9_CB_agA_m0	AREGNYYDGVSGRYFDY	3vg9_CB_agA_m0
3vga_CB_agA_m0	AREGNYYDGVSGRYFDY	3vg9_CB_agA_m0
3vi3_FE_agB_m0	SRALALYAMDY	3vi3_FE_agB_m0
3vi3_HL_agD_m0	SRALALYAMDY	3vi3_FE_agB_m0
3vi4_FE_agB_m0	SRALALYAMDY	3vi3_FE_agB_m0
3vi4_HL_agD_m0	SRALALYAMDY	3vi3_FE_agB_m0
3vrl_EF_agD_m0	TRDEGNGNVYEAMDY	3vrl_EF_agD_m0
3vrl_HL_agC_m0	TRDEGNGNVYEAMDY	3vrl_EF_agD_m0
3vw3_HL_agA _ B _ A_m0	SRRNYGSSYAMDY	3vw3_HL_agA _ B _ A_m0
3w11_CD_agE_m0	ARDPYGSKPMDY	3w11_CD_agE_m0
3w12_CD_agE_m0	ARDPYGSKPMDY	3w11_CD_agE_m0
3w13_CD_agE_m0	ARDPYGSKPMDY	3w11_CD_agE_m0
3w2d_HL_agA_m0	AREAYYGARYWFAY	3w2d_HL_agA_m0
3w9d_AB_ag_m0	ARDLTTLTYSNWWDL	3w9d_AB_ag_m0
3w9d_CD_ag_m0	ARDLTTLTYSNWWDL	3w9d_AB_ag_m0
3w9e_AB_agC_m0	ARDLTTLTYSNWWDL	3w9d_AB_ag_m0
3wbd_Aa_ag_m0	FQGTHVPYT	3wbd_Aa_ag_m0
3wbd_Bb_ag_m0	FQGTHVPYT	3wbd_Aa_ag_m0
3wd5_HL_agA_m0	AKVSYLSATSSLDY	3wd5_HL_agA_m0
3we6_AB_ag_m0	ASHAYDKEPY	3we6_AB_ag_m0
3wfb_HL_agB _ C_m0	SRSSLDGYYNKVWCFDV	3o0r_HL_agB _ C_m0
3wfc_HL_agB _ C_m0	SRSSLDGYYNKVWCFDV	3o0r_HL_agB _ C_m0
3wfd_HL_agB _ C_m0	SRSSLDGYYNKVWCFDV	3o0r_HL_agB _ C_m0
3wfe_HL_agB _ C_m0	SRSSLDGYYNKVWCFDV	3o0r_HL_agB _ C_m0
3wfh_AB_agB_m0	ASHAYDKEPY	3we6_AB_ag_m0
3whe_12_agH_m0	ARVEGVRGVMYHFGYPMDV	3whe_12_agH_m0
3whe_34_agI_m0	ARVEGVRGVMYHFGYPMDV	3whe_12_agH_m0
3whe_56_agJ_m0	ARVEGVRGVMYHFGYPMDV	3whe_12_agH_m0
3whe_78_agK_m0	ARVEGVRGVMYHFGYPMDV	3whe_12_agH_m0
3whe_90_agL_m0	ARVEGVRGVMYHFGYPMDV	3whe_12_agH_m0
3whe_MN_agA_m0	ARVEGVRGVMYHFGYPMDV	3whe_12_agH_m0
3whe_OP_agB_m0	ARVEGVRGVMYHFGYPMDV	3whe_12_agH_m0
3whe_QR_agC_m0	ARVEGVRGVMYHFGYPMDV	3whe_12_agH_m0
3whe_ST_agD_m0	ARVEGVRGVMYHFGYPMDV	3whe_12_agH_m0
3whe_UV_agE_m0	ARVEGVRGVMYHFGYPMDV	3whe_12_agH_m0
3whe_WX_agF_m0	ARVEGVRGVMYHFGYPMDV	3whe_12_agH_m0
3whe_YZ_agG_m0	ARVEGVRGVMYHFGYPMDV	3whe_12_agH_m0
3whx_AB_agB_m0	ASHAYDKEPY	3we6_AB_ag_m0
3wif_AB_agA_m0	ASHAYDKEPY	3we6_AB_ag_m0
3wih_HL_agA_m0	ARFSNYVYPFDY	3wih_HL_agA_m0
3wih_IM_agB_m0	ARFSNYVYPFDY	3wih_HL_agA_m0
3wii_HL_ag_m0	ARFSNYVYPFDY	3wih_HL_agA_m0
3wii_IM_ag_m0	ARFSNYVYPFDY	3wih_HL_agA_m0
3wkm_HL_agA_m0	SNRQLGLRYYGYAMDY	3wkm_HL_agA_m0
3wkm_IM_agB_m0	SNRQLGLRYYGYAMDY	3wkm_HL_agA_m0
3wlw_CD_agA_m0	AREGDGAFDY	3wlw_CD_agA_m0
3wlw_HL_agB_m0	AREGDGAFDY	3wlw_CD_agA_m0
3wsq_HL_agA_m0	ARDRGYYAFDI	3wsq_HL_agA_m0
3x3f_HL_agA_m0	ARSYGSGSYYYYDRYGMDV	3x3f_HL_agA_m0
3x3g_HL_ag_m0	ARSYGSGSYYYYDRYGMDV	3x3f_HL_agA_m0
3zdx_EF_agC_m0	VRPLYDYYAMDY	2vc2_HL_agA_m0
3zdx_HL_agA _ D_m0	VRPLYDYYAMDY	2vc2_HL_agA_m0
3zdy_EF_agC_m0	VRPLYDYYAMDY	2vc2_HL_agA_m0
3zdy_HL_agA _ D_m0	VRPLYDYYAMDY	2vc2_HL_agA_m0
3zdz_EF_agC_m0	VRPLYDYYAMDY	2vc2_HL_agA_m0
3zdz_HL_agA _ D_m0	VRPLYDYYAMDY	2vc2_HL_agA_m0
3ze0_EF_agC_m0	VRPLYDYYAMDY	2vc2_HL_agA_m0
3ze0_HL_agA _ D_m0	VRPLYDYYAMDY	2vc2_HL_agA_m0
3ze1_EF_agC_m0	VRPLYDYYAMDY	2vc2_HL_agA_m0
3ze1_HL_agA _ D_m0	VRPLYDYYAMDY	2vc2_HL_agA_m0
3ze2_EF_agA_m0	VRPLYDYYAMDY	2vc2_HL_agA_m0
3ze2_HL_agC_m0	VRPLYDYYAMDY	2vc2_HL_agA_m0
3zhd_ANA_ag_m0	ARHAPSTEAPDY	3zhd_ANA_ag_m0
3zhd_BNA_ag_m0	ARHAPSTEAPDY	3zhd_ANA_ag_m0
3zhk_ANA_ag_m0	ARHAPSTEAPDY	3zhd_ANA_ag_m0
3zhk_BNA_ag_m0	ARHAPSTEAPDY	3zhd_ANA_ag_m0
3zhl_ANA_ag_m0	ARHAPSTEAPDY	3zhd_ANA_ag_m0
3zkm_CD_agB_m0	VKAYRNAMDY	3zkm_CD_agB_m0
3zkm_HL_agA_m0	VKAYRNAMDY	3zkm_CD_agB_m0
3zkn_CD_agB_m0	VKAYRNAMDY	3zkm_CD_agB_m0
3zkn_HL_agA_m0	VKAYRNAMDY	3zkm_CD_agB_m0
3zkq_DNA_agA_m0	TSAGR	3zkq_DNA_agA_m0
3zks_DNA_agA_m0	TSAGR	3zkq_DNA_agA_m0
3zkx_BNA_agA_m0	TSAGR	3zkq_DNA_agA_m0
3zkx_CNA_agA_m0	IYNGH	3zkx_CNA_agA_m0
3zl4_HL_ag_m0	AGLTQSSHNDAN	2xza_HL_ag_m0
3zlq_CNA_agA_m0	TSAGR	3zkq_DNA_agA_m0
3zlq_DNA_agB_m0	TSAGR	3zkq_DNA_agA_m0
3ztj_GH_agB _ A_m0	AKDSQLRSLLYQSLWEFGYFDY	9n5y_IL_agB _ A_m0
3ztj_IJ_agD _ C_m0	AKDSQLRSLLYQSLWEFGYFDY	9n5y_IL_agB _ A_m0
3ztj_KL_agF _ E_m0	AKDSQLRSLLYQSLWEFGYFDY	9n5y_IL_agB _ A_m0
3ztn_HL_agA _ B _ A_m0	AKDSQLRSLLYQSLWEFGYFDY	9n5y_IL_agB _ A_m0
43c9_BA_ag_m0	VSYGYGGDRFSY	43c9_BA_ag_m0
43c9_DC_ag_m0	VSYGYGGDRFSY	43c9_BA_ag_m0
43c9_FE_ag_m0	VSYGYGGDRFSY	43c9_BA_ag_m0
43c9_HG_ag_m0	VSYGYGGDRFSY	43c9_BA_ag_m0
43ca_BA_agA_m0	VSYGYGGDRFSY	43c9_BA_ag_m0
43ca_DC_agC_m0	VSYGYGGDRFSY	43c9_BA_ag_m0
43ca_FE_agE_m0	VSYGYGGDRFSY	43c9_BA_ag_m0
43ca_HG_agG_m0	VSYGYGGDRFSY	43c9_BA_ag_m0
4a6y_BA_ag_m0	ARYDYYGGSYFDY	2xzq_HL_agP_m0
4a6y_HL_ag_m0	ARYDYYGGSYFDY	2xzq_HL_agP_m0
4aeh_HL_ag_m0	ARYDGDYGSFDY	4aeh_HL_ag_m0
4aei_HL_agA_m0	SRPDDYSYDGFAY	4aei_HL_agA_m0
4aei_IM_agB_m0	SRPDDYSYDGFAY	4aei_HL_agA_m0
4aei_JN_agC_m0	SRPDDYSYDGFAY	4aei_HL_agA_m0
4ag4_HL_agA_m0	TRGYGHLDY	4ag4_HL_agA_m0
4al8_HL_agC_m0	TRGGSHAMDY	4al8_HL_agC_m0
4ala_HL_agC_m0	TRGGSHAMDY	4al8_HL_agC_m0
4am0_AB_agS_m0	TRGGSHAMDY	4al8_HL_agC_m0
4am0_CD_agT_m0	TRGGSHAMDY	4al8_HL_agC_m0
4am0_EF_agQ_m0	TRGGSHAMDY	4al8_HL_agC_m0
4am0_HL_agR_m0	TRGGSHAMDY	4al8_HL_agC_m0
4amk_HL_ag_m0	SRGGAGIMAY	4amk_HL_ag_m0
4aq1_BNA_ag_m0	AASDKYNFDHSTAGYGY	4aq1_BNA_ag_m0
4aq1_DNA_ag_m0	AASDKYNFDHSTAGYGY	4aq1_BNA_ag_m0
4at6_AB_ag_m0	ARGGSGLLAY	4at6_AB_ag_m0
4at6_CD_ag_m0	ARGGSGLLAY	4at6_AB_ag_m0
4at6_EF_ag_m0	ARGGSGLLAY	4at6_AB_ag_m0
4at6_GI_ag_m0	ARGGSGLLAY	4at6_AB_ag_m0
4at6_HL_ag_m0	ARGGSGLLAY	4at6_AB_ag_m0
4at6_JK_ag_m0	ARGGSGLLAY	4at6_AB_ag_m0
4at6_MN_ag_m0	ARGGSGLLAY	4at6_AB_ag_m0
4at6_OP_ag_m0	ARGGSGLLAY	4at6_AB_ag_m0
4b41_ANA_ag_m0	NAASLVRGPLDH	4b41_ANA_ag_m0
4b41_BNA_ag_m0	NAASLVRGPLDH	4b41_ANA_ag_m0
4b50_ANA_agNA_m0	RAESRTSWPSSSPLDV	4b50_ANA_agNA_m0
4b5e_ANA_ag_m0	AAREGDVGLVSRKYSSNYPY	4b5e_ANA_ag_m0
4b5e_BNA_ag_m0	AAREGDVGLVSRKYSSNYPY	4b5e_ANA_ag_m0
4bel_DNA_agA_m0	TSAGR	3zkq_DNA_agA_m0
4bel_ENA_agB_m0	TSAGR	3zkq_DNA_agA_m0
4bfb_DNA_agA_m0	TSAGR	3zkq_DNA_agA_m0
4bfb_ENA_agB_m0	TSAGR	3zkq_DNA_agA_m0
4bh7_BA_agP_m0	ARSVYYGSGYYFDY	2a6d_BA_agP_m0
4bh8_BA_agP_m0	ARSVYYGSGYYFDY	2a6d_BA_agP_m0
4bkl_AB_agE _ G _ F_m0	ARYGGYFDY	4bkl_AB_agE _ G _ F_m0
4buh_Aa_ag_m0	ARLGGQLWNSYYYYYYMDV	4buh_Aa_ag_m0
4buh_Bb_ag_m0	ARLGGYYYYYMDV	4buh_Bb_ag_m0
4bz1_HL_agA_m0	SRGSKGAMDY	4bz1_HL_agA_m0
4bz2_HL_agA_m0	VRRGYRYGDAHFDY	4bz2_HL_agA_m0
4c2i_HL_agC_m0	ARDKNPGTKHYYPYGMDV	4c2i_HL_agC_m0
4c2i_MN_agA_m0	ARDKNPGTKHYYPYGMDV	4c2i_HL_agC_m0
4c57_CNA_agA_m0	VRRGYSGDRYPINNP	4c57_CNA_agA_m0
4c57_DNA_agB_m0	VRRGYSGDRYPINNP	4c57_CNA_agA_m0
4c58_BNA_agA_m0	ATTTDCAAFREVATAIT	4c58_BNA_agA_m0
4c59_BNA_agA_m0	ATTTDCAAFREVATAIT	4c58_BNA_agA_m0
4c83_AB_agA_m0	TRDETGSWFAY	4c83_AB_agA_m0
4c83_CD_agC_m0	TRDETGSWFAY	4c83_AB_agA_m0
4cad_BA_agC_m0	ARRGAFYSYYSSGYAMDF	4cad_BA_agC_m0
4cad_ED_agF_m0	ARRGAFYSYYSSGYAMDF	4cad_BA_agC_m0
4cad_HG_agI_m0	ARRGAFYSYYSSGYAMDF	4cad_BA_agC_m0
4cad_KJ_agL_m0	ARRGAFYSYYSSGYAMDF	4cad_BA_agC_m0
4cau_Dd_agC_m0	ARGIAGGWFAWGIDL	4cau_Dd_agC_m0
4cau_Ee_agA_m0	ARGIAGGWFAWGIDL	4cau_Dd_agC_m0
4cc8_FJ_agD_m0	VRRGSCDYDGCFPWQY	5jof_AB_ag_m0
4cc8_HL_agE_m0	VRRGSCDYDGCFPWQY	5jof_AB_ag_m0
4cc8_IK_agG_m0	VRRGSCDYDGCFPWQY	5jof_AB_ag_m0
4cdg_CNA_agA_m0	NLVADYDMGFQSF	4cdg_CNA_agA_m0
4cdg_DNA_agB_m0	NLVADYDMGFQSF	4cdg_CNA_agA_m0
4ckd_HL_agC_m0	ANWDGDY	1c08_BA_agC_m0
4ckd_IM_agD_m0	ANWDGDY	1c08_BA_agC_m0
4ckd_JN_agA_m0	ANWDGDY	1c08_BA_agC_m0
4ckd_KO_agB_m0	ANWDGDY	1c08_BA_agC_m0
4cmh_BC_agA_m0	ARGDYYGSNSLDY	4cmh_BC_agA_m0
4cni_AB_agD_m0	ARESYYGFTSY	4cni_AB_agD_m0
4cni_HL_agC_m0	ARESYYGFTSY	4cni_AB_agD_m0
4d3c_HL_agA_m0	ARGLGRINL	4d3c_HL_agA_m0
4d9l_HL_ag_m0	ATSGVGLFHGYFDY	4d9l_HL_ag_m0
4d9l_IM_ag_m0	ATSGVGLFHGYFDY	4d9l_HL_ag_m0
4d9l_JN_ag_m0	ATSGVGLFHGYFDY	4d9l_HL_ag_m0
4d9l_KO_ag_m0	ATSGVGLFHGYFDY	4d9l_HL_ag_m0
4d9q_ED_agB_m0	EREGGVNN	4d9q_ED_agB_m0
4d9q_HL_agA_m0	EREGGVNN	4d9q_ED_agB_m0
4d9r_ED_agB_m0	EREGGVNN	4d9q_ED_agB_m0
4d9r_HL_agA_m0	EREGGVNN	4d9q_ED_agB_m0
4dag_HL_agA_m0	ARVLSRASPMGDAFDI	4dag_HL_agA_m0
4dcq_BA_ag_m0	ARGGNNFLWFAY	4dcq_BA_ag_m0
4dgi_HL_agA_m0	SRSGYGYYAMEY	4dgi_HL_agA_m0
4dgv_HL_agA_m0	ARDISLVRFADIYFDF	4dgv_HL_agA_m0
4dgy_HL_agA_m0	ARDISLVRFADIYFDF	4dgv_HL_agA_m0
4dk3_ANA_agC_m0	AADRFPTMEVTMITVNEYDY	4dk3_ANA_agC_m0
4dk3_BNA_agD_m0	AADRFPTMEVTMITVNEYDY	4dk3_ANA_agC_m0
4dk6_ANA_agD_m0	AADRFPTMEVTMITVNEYDY	4dk3_ANA_agC_m0
4dk6_BNA_agC_m0	AADRFPTMEVTMITVNEYDY	4dk3_ANA_agC_m0
4dka_ANA_agD _ C_m0	AADRFPTMEVTMITVNEYDY	4dk3_ANA_agC_m0
4dka_BNA_ag_m0	AADRFPTMEVTMITVNEYDY	4dk3_ANA_agC_m0
4dke_HL_agA_m0	ARGLGKGSRKGAMDY	4dke_HL_agA_m0
4dke_IM_agB_m0	ARGLGKGSRKGAMDY	4dke_HL_agA_m0
4dkf_HL_agA_m0	ARGGPDYAMDV	4dkf_HL_agA_m0
4dkf_IM_agB_m0	ARGGPDYAMDV	4dkf_HL_agA_m0
4dn3_HL_ag_m0	ARYDGIYGELDF	5i19_HL_ag_m0
4dn4_HL_agM_m0	ARYDGIYGELDF	5i19_HL_ag_m0
4dqo_HL_agC_m0	AREAGGPIWHDDVKYYNYYGDNFDHYMDV	3mug_BA_ag_m0
4dtg_HL_agK_m0	ARLGGYDGEDAMDS	4dtg_HL_agK_m0
4dvb_AB_ag_m0	ERGELTYAMDY	4dvb_AB_ag_m0
4dvb_HL_ag_m0	ERGELTYAMDY	4dvb_AB_ag_m0
4dvr_HL_agG_m0	AADPWELNAFNV	1rz7_HL_ag_m0
4dw2_HL_agU_m0	ERGELTYAMDY	4dvb_AB_ag_m0
4ebq_HL_ag_m0	TRSNYRYDYFDV	4ebq_HL_ag_m0
4edw_HL_agV_m0	ARGGYWYASTYYFDY	4edw_HL_agV_m0
4edx_BA_agW_m0	ARGGYYYGSTYYFDY	4edx_BA_agW_m0
4edx_HL_agV_m0	ARGGYYYGSTYYFDY	4edx_BA_agW_m0
4eig_BNA_agA_m0	NANRGLAGPAY	4eig_BNA_agA_m0
4eiz_CNA_agB_m0	AADGSQYRSTYKDRFSPDYGS	4eiz_CNA_agB_m0
4eiz_DNA_agA_m0	AADGSQYRSTYKDRFSPDYGS	4eiz_CNA_agB_m0
4ej1_CNA_agB_m0	AADGSQYRSTYKDRFSPDYGS	4eiz_CNA_agB_m0
4ej1_DNA_agA_m0	AADGSQYRSTYKDRFSPDYGS	4eiz_CNA_agB_m0
4ene_CD_agA_m0	ARLYYGYYGWYFDV	1ots_CD_agA_m0
4ene_EF_agB_m0	ARLYYGYYGWYFDV	1ots_CD_agA_m0
4eow_HL_ag_m0	ATRPPRFYDKEWYETDGFDV	4eow_HL_ag_m0
4ers_HL_agA_m0	AREKDHYDILTYYNYGYGLDV	4ers_HL_agA_m0
4etq_AB_agX_m0	TRSNYRYDYFDV	4ebq_HL_ag_m0
4etq_HL_agC_m0	TRSNYRYDYFDV	4ebq_HL_ag_m0
4evn_AB_ag_m0	AKHMGYQRVETMDV	3gbm_HL_agB _ A_m0
4evn_CD_ag_m0	AKHMGYQRVETMDV	3gbm_HL_agB _ A_m0
4evn_EF_ag_m0	AKHMGYQRVETMDV	3gbm_HL_agB _ A_m0
4evn_GH_ag_m0	AKHMGYQRVETMDV	3gbm_HL_agB _ A_m0
4evn_IJ_ag_m0	AKHMGYQRVETMDV	3gbm_HL_agB _ A_m0
4evn_KL_ag_m0	AKHMGYQRVETMDV	3gbm_HL_agB _ A_m0
4evn_MN_ag_m0	AKHMGYQRVETMDV	3gbm_HL_agB _ A_m0
4evn_OP_ag_m0	AKHMGYQRVETMDV	3gbm_HL_agB _ A_m0
4f15_BC_agA_m0	ARHSWGG	4f15_BC_agA_m0
4f15_EF_agD_m0	ARHSWGG	4f15_BC_agA_m0
4f15_HI_agG_m0	ARHSWGG	4f15_BC_agA_m0
4f15_KL_agJ_m0	ARHSWGG	4f15_BC_agA_m0
4f2m_AB_agE_m0	ARGGYRYDYPYAMDY	4f2m_AB_agE_m0
4f2m_CD_agF_m0	ARGGYRYDYPYAMDY	4f2m_AB_agE_m0
4f33_BA_ag_m0	ARGGYDGRGFDY	4f33_BA_ag_m0
4f33_DC_ag_m0	ARGGYDGRGFDY	4f33_BA_ag_m0
4f33_FE_ag_m0	ARGGYDGRGFDY	4f33_BA_ag_m0
4f33_HG_ag_m0	ARGGYDGRGFDY	4f33_BA_ag_m0
4f37_FK_agB_m0	ARRGFYGRKVEYNHFDY	3aaz_AB_ag_m0
4f37_HL_agA_m0	ARRGFYGRKVEYNHFDY	3aaz_AB_ag_m0
4f3f_BA_agC_m0	ARGGYDGRGFDY	4f33_BA_ag_m0
4f57_HL_ag_m0	AKHRSQWNFERPWGGLDH	4f57_HL_ag_m0
4f58_HL_ag_m0	AKHRSQWNFERPWGGLDH	4f57_HL_ag_m0
4f58_IM_ag_m0	AKHRSQWNFERPWGGLDH	4f57_HL_ag_m0
4f58_JN_ag_m0	AKHRSQWNFERPWGGLDH	4f57_HL_ag_m0
4f58_KO_ag_m0	AKHRSQWNFERPWGGLDH	4f57_HL_ag_m0
4f9p_Cc_agA_m0	ARSDYGAY	4f9p_Cc_agA_m0
4f9p_Dd_agB_m0	ARSDYGAY	4f9p_Cc_agA_m0
4fab_HL_agH_m0	TGSYYGMDY	1flr_HL_agL_m0
4ffv_DC_agB_m0	TRFRDVFFDV	4ffv_DC_agB_m0
4ffv_HL_agA_m0	TRFRDVFFDV	4ffv_DC_agB_m0
4ffw_DC_agB_m0	TRFRDVFFDV	4ffv_DC_agB_m0
4ffw_HL_agA_m0	TRFRDVFFDV	4ffv_DC_agB_m0
4ffy_HL_agA_m0	ARWFFPWYFDV	4ffy_HL_agA_m0
4ffz_HL_agA_m0	ARWFFPWYFDV	4ffy_HL_agA_m0
4ffz_ZY_agX_m0	ARWFFPWYFDV	4ffy_HL_agA_m0
4fg6_CD_agA_m0	ARLYYGYYGWYFDV	1ots_CD_agA_m0
4fg6_EF_agB_m0	ARLYYGYYGWYFDV	1ots_CD_agA_m0
4fhb_DNA_agA_m0	AAPGRPHGSSWGKKNLSQGYDY	4fhb_DNA_agA_m0
4fnl_HL_ag_m0	AKHMSMQQVVSAGGVLDAREWDAFDV	6d0u_CD_agB_m0
4fnl_IM_ag_m0	AKHMSMQQVVSAGGVLDAREWDAFDV	6d0u_CD_agB_m0
4fp8_HL_agA_m0	AKHMSMQQVVSAGGVLDAREWDAFDV	6d0u_CD_agB_m0
4fp8_IM_agB_m0	AKHMSMQQVVSAGGVLDAREWDAFDV	6d0u_CD_agB_m0
4fp8_JN_agC_m0	AKHMSMQQVVSAGGVLDAREWDAFDV	6d0u_CD_agB_m0
4fp8_KO_agD_m0	AKHMSMQQVVSAGGVLDAREWDAFDV	6d0u_CD_agB_m0
4fq1_HL_ag_m0	ARTLHGRRIYGIVYTFWENFAFYMDV	4fq1_HL_ag_m0
4fq2_HL_ag_m0	ATARRGQRIYGVVYYFFEGFSYSMDV	4r26_HL_ag_m0
4fqc_HL_ag_m0	ARTLHGRRIYGIVYTFWENFAFYMDV	4fq1_HL_ag_m0
4fqh_AB_ag_m0	ARHGNYYYYSGMDV	4fqh_AB_ag_m0
4fqh_HL_ag_m0	ARHGNYYYYSGMDV	4fqh_AB_ag_m0
4fqi_HL_agB _ A_m0	ARHGNYYYYSGMDV	4fqh_AB_ag_m0
4fqj_HL_agA_m0	ARDVQYSGSAGLYYYFDY	4fqj_HL_agA_m0
4fqk_EF_agC_m0	ARDVQYSGSAGLYYYFDY	4fqj_HL_agA_m0
4fqk_HL_agA_m0	ARDVQYSGSAGLYYYFDY	4fqj_HL_agA_m0
4fql_HL_ag_m0	AKDRLESSAMGELIDGTFDI	4fql_HL_ag_m0
4fqq_BA_ag_m0	ARTQQGKRIYGVVYYYYDGFSYYMDV	4fqq_BA_ag_m0
4fqq_DC_ag_m0	ARTQQGKRIYGVYYYYDGFYYMDV	4fqq_BA_ag_m0
4fqq_FE_ag_m0	ARTQQGKRIYGVYYYYDGFYYMDV	4fqq_BA_ag_m0
4fqq_HL_ag_m0	ARTQQGKRIYGVVYYYYDGFSYYMDV	4fqq_BA_ag_m0
4fqr_ab_agA_m0	AKHMSMQQVVSAGGVLDAREWDAFDV	6d0u_CD_agB_m0
4fqr_cd_agC_m0	AKHMSMQQVVSAGGVLDAREWDAFDV	6d0u_CD_agB_m0
4fqr_ef_agE_m0	AKHMSMQQVVSAGGVLDAREWDAFDV	6d0u_CD_agB_m0
4fqr_gh_agG_m0	AKHMSMQQVVSAGGVLDAREWDAFDV	6d0u_CD_agB_m0
4fqr_ij_agI_m0	AKHMSMQQVVSAGGVLDAREWDAFDV	6d0u_CD_agB_m0
4fqr_kl_agK_m0	AKHMSMQQVVSAGGVLDAREWDAFDV	6d0u_CD_agB_m0
4fqr_mn_agM_m0	AKHMSMQQVVSAGGVLDAREWDAFDV	6d0u_CD_agB_m0
4fqr_op_agO_m0	AKHMSMQQVVSAGGVLDAREWDAFDV	6d0u_CD_agB_m0
4fqr_qr_agQ_m0	AKHMSMQQVVSAGGVLDAREWDAFDV	6d0u_CD_agB_m0
4fqr_st_agS_m0	AKHMSMQQVVSAGGVLDAREWDAFDV	6d0u_CD_agB_m0
4fqr_uv_agU_m0	AKHMSMQQVVSAGGVLDAREWDAFDV	6d0u_CD_agB_m0
4fqr_wx_agW_m0	AKHMSMQQVVSAGGVLDAREWDAFDV	6d0u_CD_agB_m0
4fqv_HL_agB _ A_m0	ARHGNYYYYSGMDV	4fqh_AB_ag_m0
4fqv_IM_agF _ E_m0	ARHGNYYYYSGMDV	4fqh_AB_ag_m0
4fqv_JN_agD _ C_m0	ARHGNYYYYSGMDV	4fqh_AB_ag_m0
4fqy_HL_agB _ A_m0	ARHGNYYYYSGMDV	4fqh_AB_ag_m0
4fz8_HL_agH_m0	ARANQHFDWLLSYHYGGLLYGMDV	4fz8_HL_agH_m0
4fze_HL_ag_m0	AGTVYYDILYLGTTNFHY	4fze_HL_ag_m0
4g3y_HL_agC_m0	SRNYYGSTYDY	4g3y_HL_agC_m0
4g5z_HL_ag_m0	ARDLRTGPFDY	4g5z_HL_ag_m0
4g6a_CD_agB_m0	ALITTTTYAMDY	4hs6_BA_agZ_m0
4g6a_HL_agA_m0	ALITTTTYAMDY	4hs6_BA_agZ_m0
4g6f_BD_agF_m0	ARTGKYYDFWSEGPPYGEYFQD	7mfa_CD_agNA_m0
4g6f_HL_agP_m0	ARTGKYYDFWSEGPPYGEYFQD	7mfa_CD_agNA_m0
4g6j_HL_agA_m0	ARDLRTGPFDY	4g5z_HL_ag_m0
4g6k_HL_ag_m0	ARNRYDPPWFVD	4g6k_HL_ag_m0
4g6m_HL_agA_m0	ARNRYDPPWFVD	4g6k_HL_ag_m0
4g7v_HL_agS_m0	ARSYSWSYAIDY	4g7v_HL_agS_m0
4g7y_HL_agS_m0	ARSYSWSYAIDY	4g7v_HL_agS_m0
4g80_AB_agS_m0	ARKQYSYWRYSDWAMDY	4g80_AB_agS_m0
4g80_CD_agJ_m0	ARKQYSYWRYSDWAMDY	4g80_AB_agS_m0
4g80_EF_agT_m0	ARKQYSYWRYSDWAMDY	4g80_AB_agS_m0
4g80_GH_agI_m0	ARKQYSYWRYSDWAMDY	4g80_AB_agS_m0
4gag_HL_agP_m0	ALITTTTYAMDY	4hs6_BA_agZ_m0
4gaj_HL_agP_m0	ALITTTTYAMDY	4hs6_BA_agZ_m0
4gay_AB_ag_m0	ALITTTTYAMDY	4hs6_BA_agZ_m0
4gay_HL_ag_m0	ALITTTTYAMDY	4hs6_BA_agZ_m0
4gft_BNA_agA_m0	AARVVPVFSTSDKGYVY	4gft_BNA_agA_m0
4glr_HI_agA_m0	AKPALDSDQCAEPFGGCIDA	4glr_HI_agA_m0
4glr_JK_agB_m0	AKPALDSDQCAEPFGGCIDA	4glr_HI_agA_m0
4gms_HL_agA_m0	ARPYDYSWFAY	4gms_HL_agA_m0
4gms_IM_agC_m0	ARPYDYSWFAY	4gms_HL_agA_m0
4gms_JN_agE_m0	ARPYDYSWFAY	4gms_HL_agA_m0
4gmt_HL_ag_m0	ARPYDYSWFAY	4gms_HL_agA_m0
4gmt_IM_ag_m0	ARPYDYSWFAY	4gms_HL_agA_m0
4gq9_HL_ag_m0	ARGVTRGYFDV	3j2y_BA_ag_m0
4grw_ENA_agD_m0	ARVRTGWGLDPANYAMDY	4grw_ENA_agD_m0
4grw_FNA_agC_m0	ATDPECYRVRNYYGGEYDY	4grw_FNA_agC_m0
4grw_GNA_agB_m0	ARVRTGWGLDPANYAMDY	4grw_ENA_agD_m0
4grw_HNA_agB_m0	GETSLFPTGRSSHYDT	4grw_HNA_agB_m0
4grw_INA_agD_m0	GETSLFPTGRSSHYDT	4grw_HNA_agB_m0
4grw_JNA_agA_m0	ATDPECYRVYGRYNGDY	4grw_JNA_agA_m0
4gsd_HL_ag_m0	ARVALFDIGTLGWFDP	4gsd_HL_ag_m0
4gw1_BA_ag_m0	ARALTYYDYEFAY	1yy8_BA_ag_m0
4gw1_DC_ag_m0	ARALTYYDYEFAY	1yy8_BA_ag_m0
4gw4_AB_ag_m0	ARQRSDFWDFDV	4jpv_HL_agG_m0
4gw4_HL_ag_m0	ARQRSDFWDFDV	4jpv_HL_agG_m0
4gw5_BA_ag_m0	ARALTYYDYEFAY	1yy8_BA_ag_m0
4gw5_DC_ag_m0	ARALTYYDYEFAY	1yy8_BA_ag_m0
4gxu_MN_agA_m0	ARELLMDYYDYGIHSPGPT	4gxu_MN_agA_m0
4gxu_OP_agC_m0	ARELLMDYYDYGIHSPGPT	4gxu_MN_agA_m0
4gxu_QR_agE_m0	ARELLMDYYDYGIHSPGPT	4gxu_MN_agA_m0
4gxu_ST_agG_m0	ARELLMDYYDYGIHSPGPT	4gxu_MN_agA_m0
4gxu_UV_agI_m0	ARELLMDYYDYGIHSPGPT	4gxu_MN_agA_m0
4gxu_WX_agK_m0	ARELLMDYYDYGIHSPGPT	4gxu_MN_agA_m0
4gxv_HL_ag_m0	ARELLMDYYDYGIHSPGPT	4gxu_MN_agA_m0
4gxv_IM_ag_m0	ARELLMDYYDYGIHSPGPT	4gxu_MN_agA_m0
4h0g_Aa_ag_m0	ARKNYYGSSLDY	4h0g_Aa_ag_m0
4h0h_Bb_agD_m0	ARKNYYGSSLDY	4h0g_Aa_ag_m0
4h0i_Aa_aga_m0	ARKNYYGSSLDY	4h0g_Aa_ag_m0
4h20_HL_ag_m0	ARRGLTGALFAY	4h20_HL_ag_m0
4h88_HL_agA_m0	SRSGYGYYAMEY	4dgi_HL_agA_m0
4h8w_HL_agG_m0	AKDLRLGGGSDY	3tnn_AB_ag_m0
4hbc_HL_ag_m0	VRKYGSEWGGDL	4hbc_HL_ag_m0
4hc1_HL_agA_m0	ARASDSDGFAY	4hc1_HL_agA_m0
4hc1_MN_agB_m0	ARASDSDGFAY	4hc1_HL_agA_m0
4hcr_HL_agA_m0	AREGSSSSGYYDYGMDV	4hcr_HL_agA_m0
4hcr_MN_agB_m0	AREGSSSSGYYDYGMDV	4hcr_HL_agA_m0
4hdi_BA_ag_m0	ARRDSSASLYFDY	2h1p_HL_agP_m0
4hdi_HL_ag_m0	ARRDSSASLYFDY	2h1p_HL_agP_m0
4hem_ENA_agC _ B_m0	AAGDNYYYTRTYEYDY	4hem_ENA_agC _ B_m0
4hem_FNA_agC_m0	AAGDNYYYTRTYEYDY	4hem_ENA_agC _ B_m0
4hem_GNA_agA_m0	AAGDNYYYTRTYEYDY	4hem_ENA_agC _ B_m0
4hep_GNA_agA_m0	AAGRFVTFGSAWPGGGVFSYGIDY	4hep_GNA_agA_m0
4hf5_HL_agA_m0	ARQQDSGYSGPEHSYYSVYGMDV	4hf5_HL_agA_m0
4hfu_HL_agA_m0	ARVGGEWGRGSYYLDH	4hfu_HL_agA_m0
4hfw_BA_ag_m0	ARGVVGATNEIDF	4hfw_BA_ag_m0
4hfw_HL_ag_m0	ARGVVGATNEIDF	4hfw_BA_ag_m0
4hg4_JK_agA_m0	ARGISGSYGWFDP	4hg4_JK_agA_m0
4hg4_LM_agB_m0	ARGISGSYGWFDP	4hg4_JK_agA_m0
4hg4_NO_agC_m0	ARGISGSYGWFDP	4hg4_JK_agA_m0
4hg4_PQ_agD _ a_m0	ARGISGSYGWFDP	4hg4_JK_agA_m0
4hg4_RS_agE _ b_m0	ARGISGSYGWFDP	4hg4_JK_agA_m0
4hg4_TU_agF _ c_m0	ARGISGSYGWFDP	4hg4_JK_agA_m0
4hg4_VW_agG_m0	ARGISGSYGWFDP	4hg4_JK_agA_m0
4hg4_XY_agH_m0	ARGISGSYGWFDP	4hg4_JK_agA_m0
4hg4_Zz_agI_m0	ARGISGSYGWFDP	4hg4_JK_agA_m0
4hgk_CNA_agB_m0	RAMGTNIWTG	4hgk_CNA_agB_m0
4hgk_DNA_agA_m0	RAMGTNIWTG	4hgk_CNA_agB_m0
4hgw_BA_agB_m0	ARDHDGYYERFS	4hgw_BA_agB_m0
4hh9_BA_ag_m0	AREGLSRDNTFGSGLIDY	4hh9_BA_ag_m0
4hh9_DC_ag_m0	AREGLSRDNTFGSGLIDY	4hh9_BA_ag_m0
4hha_BA_agP_m0	AREGLSRDNTFGSGLIDY	4hh9_BA_ag_m0
4hie_BA_ag_m0	AKEGGDNKFSFDY	4hie_BA_ag_m0
4hih_BA_agA_m0	AKEGGDNKFSFDY	4hie_BA_ag_m0
4hih_DC_agD_m0	AKEGGDNKFSFDY	4hie_BA_ag_m0
4hii_BA_agA_m0	AKEGGDNKFSFDY	4hie_BA_ag_m0
4hii_DC_agC_m0	AKEGGDNKFSFDY	4hie_BA_ag_m0
4hij_BA_agB_m0	AKEGGDNKFSFDY	4hie_BA_ag_m0
4hij_DC_agD_m0	AKEGGDNKFSFDY	4hie_BA_ag_m0
4hix_HL_agA_m0	VRYDHYSGSSDY	4hix_HL_agA_m0
4hj0_CD_agB_m0	AQGPIVGAPTDY	4hj0_CD_agB_m0
4hj0_PQ_agA_m0	AQGPIVGAPTDY	4hj0_CD_agB_m0
4hjg_BA_agH _ E_m0	SRWGGDGFYAMDY	3b9v_ANA_ag_m0
4hjj_HNA_agA_m0	ARRGIRSAMDY	4hjj_HNA_agA_m0
4hk0_AB_ag_m0	ARGGLYYYGMDV	4hk0_AB_ag_m0
4hk0_CD_ag_m0	ARGGLEPRSVYYYDYGMDV	4hk0_CD_ag_m0
4hk3_JN_ag_m0	ARGGLEPRSVYYYDYGMDV	4hk0_CD_ag_m0
4hkb_AB_ag_m0	ARAGLEPRSVFYYDYGLDV	4hkb_AB_ag_m0
4hkb_CD_ag_m0	ARAGLEPRSVFYYDYGLDV	4hkb_AB_ag_m0
4hkb_EF_ag_m0	ARAGLEPRSVFYYDYGLDV	4hkb_AB_ag_m0
4hkb_GH_ag_m0	ARAGLEPRSVFYYDYGLDV	4hkb_AB_ag_m0
4hkb_IK_ag_m0	ARAGLEPRSVFYYDYGLDV	4hkb_AB_ag_m0
4hkb_JN_ag_m0	ARAGLEPRSVFYYDYGLDV	4hkb_AB_ag_m0
4hkx_AB_agE_m0	ARAGLEPRSVFYYDYGLDV	4hkb_AB_ag_m0
4hkz_BA_agH _ E_m0	SRWGGDGFYAMDY	3b9v_ANA_ag_m0
4hlz_GH_agB _ A_m0	ARPKGYFPYAMDY	4hlz_GH_agB _ A_m0
4hlz_IJ_agD _ C_m0	ARPKGYFPYAMDY	4hlz_GH_agB _ A_m0
4hlz_KL_agF _ E_m0	ARPKGYFPYAMDY	4hlz_GH_agB _ A_m0
4hpo_HL_agP_m0	ARLGGRYYHDYGSSYYLDY	4hpo_HL_agP_m0
4hpy_HL_agP_m0	AKDSPRGELPLNY	4hpy_HL_agP_m0
4hqq_HL_ag_m0	ARLGGGYYYLDY	4hqq_HL_ag_m0
4hs6_BA_agZ_m0	ALITTSTYAMDY	4hs6_BA_agZ_m0
4hs6_HL_agY_m0	ALITTSTYAMDY	4hs6_BA_agZ_m0
4hs8_HL_agA_m0	ARSSIYYGDKYVLDY	4hs8_HL_agA_m0
4ht1_HL_agT_m0	AKGGYNYDDAFVI	4ht1_HL_agT_m0
4hwb_HL_agA_m0	ARMPNWGSFDY	4hwb_HL_agA_m0
4hwe_HL_ag_m0	ARMPNWGSFDY	4hwb_HL_agA_m0
4hxa_HL_ag_m0	SRSRGRTLDY	4hxa_HL_ag_m0
4hxb_HL_ag_m0	ARLRAVDY	4hxb_HL_ag_m0
4hzl_AB_agF_m0	ARHPPTVVGADAMDY	4hzl_AB_agF_m0
4hzl_HL_agE_m0	ARHPPTVVGADAMDY	4hzl_AB_agF_m0
4i0c_CNA_agB_m0	AAKTGAFSYGSSMWWLRAYNH	4i0c_CNA_agB_m0
4i0c_DNA_agA_m0	AAKTGAFSYGSSMWWLRAYNH	4i0c_CNA_agB_m0
4i13_BNA_agA_m0	AASRISYRVWYPITNNKLTL	4i1n_BNA_agA_m0
4i18_AB_agR_m0	ARSYGYVYWSYANSGMDY	4i18_AB_agR_m0
4i18_HL_agC_m0	ARSYGYVYWSYANSGMDY	4i18_AB_agR_m0
4i1n_BNA_agA_m0	AASRISYAVWYPITNNKLTL	4i1n_BNA_agA_m0
4i2x_BA_agE_m0	ARGNYDRAWFAY	3dif_BA_ag_m0
4i2x_DC_agF_m0	ARGNYDRAWFAY	3dif_BA_ag_m0
4i3r_HL_agG_m0	ARQKFYTGGQGWYFDL	3j5m_DC_agA_m0
4i3s_HL_agG_m0	ARQKFYTGGQGWYFDL	3j5m_DC_agA_m0
4i77_HL_agZ_m0	AGDGYYPYAMDN	4i77_HL_agZ_m0
4i9w_ED_agA_m0	TRGNYVFDY	4i9w_ED_agA_m0
4i9w_GF_agB_m0	TRGNYVFDY	4i9w_ED_agA_m0
4idj_HL_agA_m0	AREMEVSGRTPRWEAFEI	4idj_HL_agA_m0
4idl_ANA_ag_m0	NADGRRFDGWRAREYES	4idl_ANA_ag_m0
4ij3_CB_agA_m0	ASDYYGSGSFAY	4ij3_CB_agA_m0
4imk_AD_ag_m0	ARSPNPYYYDSPYYYGSGAFDI	4imk_AD_ag_m0
4imk_BC_ag_m0	ARSPNPYYYDSPYYYGSGAFDI	4imk_AD_ag_m0
4iml_AB_ag_m0	ARSPNPYYYDSPYYYGSGAFDI	4imk_AD_ag_m0
4iml_HL_ag_m0	ARSPNPYYYDSPYYYGSGAFDI	4imk_AD_ag_m0
4iof_CD_agA_m0	ARDRVMYYWSFPYGYKSYGMDY	4iof_CD_agA_m0
4iof_EF_agB_m0	ARDRVMYYWSFPYGYKSYGMDY	4iof_CD_agA_m0
4ioi_BA_agH _ E_m0	SRWGGDGFYAMDY	3b9v_ANA_ag_m0
4ios_DNA_agH_m0	AATLDWGKSLTDEYDY	4ios_DNA_agH_m0
4ios_ENA_agA_m0	AATLDWGKSLTDEYDY	4ios_DNA_agH_m0
4ios_FNA_agC_m0	AATLDWGKSLTDEYDY	4ios_DNA_agH_m0
4ios_GNA_agB_m0	AATLDWGKSLTDEYDY	4ios_DNA_agH_m0
4irz_HL_agA_m0	AREGYYGNVGYYAMDY	4irz_HL_agA_m0
4isv_BA_ag_m0	ARRRSYSNYFDY	4jj5_BA_ag_m0
4j1u_BA_ag_m0	AKPGDS	4j1u_BA_ag_m0
4j1u_DC_ag_m0	AKHTYGGPGDS	1t4k_BA_ag_m0
4j1u_FE_ag_m0	AKHTDS	4j1u_FE_ag_m0
4j4p_CD_agB_m0	ARDGEISYDYYYYGMDV	4j4p_CD_agB_m0
4j4p_HL_agA_m0	ARDGEISYDYYYYGMDV	4j4p_CD_agB_m0
4j6r_HL_agG_m0	ARGVRRDSAWWLQF	4j6r_HL_agG_m0
4j8r_BA_agI_m0	ARSGAAAPYTYAMDY	4j8r_BA_agI_m0
4j8r_DC_agJ_m0	ARSGAAAPYTYAMDY	4j8r_BA_agI_m0
4jam_AB_ag_m0	ASLPRGQLNVAYFRN	4jam_AB_ag_m0
4jam_HL_ag_m0	ASLPRGQLNVAYFRN	4jam_AB_ag_m0
4jan_AB_agI_m0	ASLPRGQLNVAYFRN	4jam_AB_ag_m0
4jan_HL_agG_m0	ASLPRGQLNVAYFRN	4jam_AB_ag_m0
4jb9_HL_agG_m0	VRRGSSCPHDGCFHFEH	4jb9_HL_agG_m0
4jdt_HL_agG_m0	ARGKYCYNYWDFQH	4jdt_HL_agG_m0
4jdv_AB_ag_m0	ARGKYCTARNYYDWDFQH	4jdv_AB_ag_m0
4jdv_HL_ag_m0	ARGKYCTARNYYDWDFQH	4jdv_AB_ag_m0
4jfx_BA_ag_m0	TRGYSSTSYAMDY	1i8i_BA_agC_m0
4jfx_HL_agP_m0	TRGYSSTSYAMDY	1i8i_BA_agC_m0
4jfy_BA_ag_m0	TRGYSSTSYAMDY	1i8i_BA_agC_m0
4jfy_HL_ag_m0	TRGYSSTSYAMDY	1i8i_BA_agC_m0
4jfz_HL_agP_m0	TRGYSSTSYAMDY	1i8i_BA_agC_m0
4jg0_HL_agP_m0	TRGYSSTSYAMDY	1i8i_BA_agC_m0
4jg1_HL_agP_m0	TRGYSSTSYAMDY	1i8i_BA_agC_m0
4jha_HL_ag_m0	ATETALVVSTPLYTHYFDN	5udc_BC_agA_m0
4jhw_HL_agF_m0	ATETALVVSTPLYTHYFDN	5udc_BC_agA_m0
4jj5_BA_ag_m0	ARRRSDSNYFDY	4jj5_BA_ag_m0
4jkp_HL_agG_m0	TRGKYCTARNYYDWDFEH	4jdv_AB_ag_m0
4jlr_AB_agC_m0	ARDMIFNFYFDV	3ixt_AB_agC_m0
4jlr_HL_agS_m0	ARDMIFNFYFDV	3ixt_AB_agC_m0
4jm2_AB_agE_m0	ARHRHHDVFMAIPVLGWFDV	4jm2_AB_agE_m0
4jm2_DC_agE_m0	AGVYEGEADEGNNDYEGFLKH	1gc1_HL_agG_m0
4jm4_HL_ag_m0	ARHRHHDVFMAIPVLGWFDV	4jm2_AB_agE_m0
4jn1_HL_ag_m0	ASAAYYSYYNYDGFAY	4jn1_HL_ag_m0
4jn2_BA_agA_m0	ASAAYYSYYNYDGFAY	4jn1_HL_ag_m0
4jn2_HL_agL_m0	ASAAYYSYYNYDGFAY	4jn1_HL_ag_m0
4jo1_HL_agP_m0	ARNFDL	4jo1_HL_agP_m0
4jo1_IM_agQ_m0	ARNFDL	4jo1_HL_agP_m0
4jo2_HL_agP_m0	ARNFDL	4jo1_HL_agP_m0
4jo2_IM_agQ_m0	ARNFDL	4jo1_HL_agP_m0
4jo3_HL_agP_m0	ARENFDAVGVGGDTSYTGYYFDL	4jo3_HL_agP_m0
4jo3_IM_agQ_m0	ARENFDAVGVGGDTSYTGYYFDL	4jo3_HL_agP_m0
4jo4_HL_ag_m0	ARENFDAVGVGGDTSYTGYYFDL	4jo3_HL_agP_m0
4jo4_IM_ag_m0	ARENFDAVGVGGDTSYTGYYFDL	4jo3_HL_agP_m0
4jpi_AB_ag_m0	ARGKNWDFQH	4jpi_AB_ag_m0
4jpi_HL_ag_m0	ARGKNCDNYWDFQH	4jpk_HL_agA_m0
4jpk_HL_agA_m0	ARGKNSDNYWDFQH	4jpk_HL_agA_m0
4jpv_HL_agG_m0	ARQRSDYWDFDV	4jpv_HL_agG_m0
4jpw_HL_agG_m0	ARDESGDDKLWHLHP	4jpw_HL_agG_m0
4jqi_HL_agA _ V_m0	ARSRQFWYSGLDY	4jqi_HL_agA _ V_m0
4jr9_HL_agA_m0	ARSWYNRAMDY	4jr9_HL_agA_m0
4jre_BC_agA_m0	ARSWYNRAMDY	4jr9_HL_agA_m0
4jre_HL_agD_m0	ARSWYNRAMDY	4jr9_HL_agA_m0
4jvp_ANA_agNA_m0	AADKGLCSWLKGGARVTFGS	4jvp_ANA_agNA_m0
4jvp_BNA_agNA_m0	AADKGLCSWKARLVTFGS	4jvp_BNA_agNA_m0
4jy4_BA_ag_m0	ARTLHGRRIYGIVYTFWENFAFYMDV	4fq1_HL_ag_m0
4jy5_HL_ag_m0	ATTKHGRRIYGVVYTFWEKFAFYMDV	3jcb_CB_agA_m0
4jy6_BA_ag_m0	ARALHGKRIYGIVYTFLEGLAFYMDV	4jy6_BA_ag_m0
4jy6_DC_ag_m0	ARALHGKRIYGIVYTFLEGLAFYMDV	4jy6_BA_ag_m0
4jzj_AB_agD_m0	ARSHLLRASWFAY	4jzj_AB_agD_m0
4jzj_HL_agC_m0	ARSHLLRASWFAY	4jzj_AB_agD_m0
4jzn_AB_ag_m0	ARGPLSRGYYDY	4jzn_AB_ag_m0
4jzn_CD_ag_m0	ARGPLSRGYYDY	4jzn_AB_ag_m0
4jzn_IP_agK_m0	ARGPLSRGYYDY	4jzn_AB_ag_m0
4jzo_AB_agJ_m0	ARGPLSRGYYDY	4jzn_AB_ag_m0
4jzo_CF_agK_m0	ARGPLSRGYYDY	4jzn_AB_ag_m0
4jzo_DE_agI_m0	ARGPLSRGYYDY	4jzn_AB_ag_m0
4jzo_GH_agL_m0	ARGPLSRGYYDY	4jzn_AB_ag_m0
4k23_HL_ag_m0	ARSIYGHSVLDY	4k23_HL_ag_m0
4k24_HL_agU_m0	ARSIYGHSVLDY	4k23_HL_ag_m0
4k2u_HL_agA_m0	ARHYDGYLFYYFEY	4k2u_HL_agA_m0
4k2u_IM_agB_m0	ARHYDGYLFYYFEY	4k2u_HL_agA_m0
4k3d_IM_ag_m0	TSVHQETKKTEYNYWHVDV	4k3d_IM_ag_m0
4k3j_HL_agB_m0	ATYRSYVTPLDY	4k3j_HL_agB_m0
4k7p_HL_ag_m0	AREGNLWGNNAYWFFDV	4k7p_HL_ag_m0
4k7p_YX_ag_m0	ARVVYYSAYSWYFDV	4k7p_YX_ag_m0
4k8r_DC_agB_m0	VREGTYYHDSGSYYNDSYGMDV	4k8r_DC_agB_m0
4k8r_HL_agB _ A_m0	ARDYDFWSYYADAFDV	3h42_HL_agB _ A_m0
4k94_HL_agC _ C_m0	ARYVYHALDY	4k94_HL_agC _ C_m0
4k9e_HL_agC_m0	ARYVYHALDY	4k94_HL_agC _ C_m0
4kaq_HL_ag_m0	ARSTYYGDGWYFNV	2osl_AB_agQ_m0
4kdt_ANA_agD_m0	ATDIPLRCRDIGGKAVDGFRY	2x89_ANA_agD_m0
4kdt_BNA_agC_m0	ATDIPLRCRDIGGKAVDGFRY	2x89_ANA_agD_m0
4kfz_CNA_agA_m0	ARGLTESLEATLDWFDY	4kfz_CNA_agA_m0
4kfz_DNA_agB_m0	ARGLTESLEATLDWFDY	4kfz_CNA_agA_m0
4kht_HL_agA_m0	ARYFDTYNNYGFAN	3ma9_HL_agA_m0
4khx_HL_agA_m0	ARYFDTYNNYGFAN	3ma9_HL_agA_m0
4ki5_CD_agM_m0	AREDDGLAS	4ki5_CD_agM_m0
4ki5_EF_agM_m0	TRTSYYFGSSYDFDV	4ki5_EF_agM_m0
4kjp_CD_agA_m0	ARLYYGYYGWYFDV	1ots_CD_agA_m0
4kjp_EF_agB_m0	ARLYYGYYGWYFDV	1ots_CD_agA_m0
4kjq_CD_agA_m0	ARLYYGYYGWYFDV	1ots_CD_agA_m0
4kjq_EF_agB_m0	ARLYYGYYGWYFDV	1ots_CD_agA_m0
4kjw_CD_agA_m0	ARLYYGYYGWYFDV	1ots_CD_agA_m0
4kjw_EF_agB_m0	ARLYYGYYGWYFDV	1ots_CD_agA_m0
4kk5_CD_agA_m0	ARLYYGYYGWYFDV	1ots_CD_agA_m0
4kk5_EF_agB_m0	ARLYYGYYGWYFDV	1ots_CD_agA_m0
4kk6_CD_agA_m0	ARLYYGYYGWYFDV	1ots_CD_agA_m0
4kk6_EF_agB_m0	ARLYYGYYGWYFDV	1ots_CD_agA_m0
4kk8_CD_agA_m0	ARLYYGYYGWYFDV	1ots_CD_agA_m0
4kk8_EF_agB_m0	ARLYYGYYGWYFDV	1ots_CD_agA_m0
4kk9_CD_agA_m0	ARLYYGYYGWYFDV	1ots_CD_agA_m0
4kk9_EF_agB_m0	ARLYYGYYGWYFDV	1ots_CD_agA_m0
4kka_CD_agA_m0	ARLYYGYYGWYFDV	1ots_CD_agA_m0
4kka_EF_agB_m0	ARLYYGYYGWYFDV	1ots_CD_agA_m0
4kkb_CD_agA_m0	ARLYYGYYGWYFDV	1ots_CD_agA_m0
4kkb_EF_agB_m0	ARLYYGYYGWYFDV	1ots_CD_agA_m0
4kkc_CD_agA_m0	ARLYYGYYGWYFDV	1ots_CD_agA_m0
4kkc_EF_agB_m0	ARLYYGYYGWYFDV	1ots_CD_agA_m0
4kkl_CD_agA_m0	ARLYYGYYGWYFDV	1ots_CD_agA_m0
4kkl_EF_agB_m0	ARLYYGYYGWYFDV	1ots_CD_agA_m0
4kml_BNA_agA_m0	ARGLGIYIIRARGGYDH	4kml_BNA_agA_m0
4kmt_HL_ag_m0	ARYDGIYGELDF	5i19_HL_ag_m0
4kph_HL_ag_m0	ATYRFNY	4kph_HL_ag_m0
4kph_IM_ag_m0	ATYRFNY	4kph_HL_ag_m0
4kq3_HL_ag_m0	ARDSEYYFDH	4kq3_HL_ag_m0
4kq4_HL_ag_m0	AREVRRSMDY	4kq4_HL_ag_m0
4krl_BNA_agA_m0	AAAAGSAWYLTGYEYDY	7xl1_ANA_agNA_m0
4krm_BNA_agA_m0	AAAAGSAWYLTGYEYDY	7xl1_ANA_agNA_m0
4krm_DNA_agC_m0	AAAAGSAWYLTGYEYDY	7xl1_ANA_agNA_m0
4krm_FNA_agE_m0	AAAAGSAWYLTGYEYDY	7xl1_ANA_agNA_m0
4krm_HNA_agG_m0	AAAAGSAWYLTGYEYDY	7xl1_ANA_agNA_m0
4krm_JNA_agI_m0	AAAAGSAWYLTGYEYDY	7xl1_ANA_agNA_m0
4krm_LNA_agK_m0	AAAAGSAWYLTGYEYDY	7xl1_ANA_agNA_m0
4krn_ANA_ag_m0	AATYLSSDYSRYPRQPLALDYDY	4krn_ANA_ag_m0
4kro_BNA_agA_m0	AATYLSSDYSRYPRQPLALDYDY	4krn_ANA_ag_m0
4kro_DC_agA_m0	ARALTYYDYEFAY	1yy8_BA_ag_m0
4krp_BNA_agA_m0	AAGYQINSGNDKFNYYEYDY	4krp_BNA_agA_m0
4krp_DC_agA_m0	ARALTYYDYEFAY	1yy8_BA_ag_m0
4ksd_BNA_agA_m0	AARLTLGQFDY	4ksd_BNA_agA_m0
4ktd_HL_ag_m0	VREGIVLVNKVALNWFDV	4ktd_HL_ag_m0
4kte_HL_ag_m0	ARVQNIVVVKITFEFFEL	4kte_HL_ag_m0
4kuc_FE_agI_m0	VRWVYGNDFSALDY	4kuc_FE_agI_m0
4kuc_HD_agA_m0	VRWVYGNDFSALDY	4kuc_FE_agI_m0
4kuz_HL_ag_m0	ARNDGYRGYAMDY	4kuz_HL_ag_m0
4kv5_Ee_agC_m0	ASTLGLVLDAMDY	3eo0_BA_ag_m0
4kv5_Gg_agD_m0	ASTLGLVLDAMDY	3eo0_BA_ag_m0
4kv5_Hh_agA_m0	ASTLGLVLDAMDY	3eo0_BA_ag_m0
4kv5_Jj_agB_m0	ASTLGLVLDAMDY	3eo0_BA_ag_m0
4kvc_HL_ag_m0	ARWGNYPHYAMDY	3j42_GH_agE_m0
4kvn_HL_agA_m0	AVPGPVFGIWPPFSYFDN	4kvn_HL_agA_m0
4kxz_HL_agA_m0	ASTLGLVLDAMDY	3eo0_BA_ag_m0
4kxz_JI_agB_m0	ASTLGLVLDAMDY	3eo0_BA_ag_m0
4kxz_NM_agE_m0	ASTLGLVLDAMDY	3eo0_BA_ag_m0
4kxz_QP_agD_m0	ASTLGLVLDAMDY	3eo0_BA_ag_m0
4ky1_HL_ag_m0	ATGMWVSGTYALDF	4ky1_HL_ag_m0
4kzd_HL_agR_m0	ARQGYRRRGSRGFDY	3ivk_AB_agC_m0
4kze_HL_agR_m0	ARQGYRRRGSRGFDY	3ivk_AB_agC_m0
4l5f_HL_agE_m0	TKRINWALDY	4l5f_HL_agE_m0
4laj_HNA_agJ _ K_m0	ATDCTVDPLLSYVMDY	4laj_HNA_agJ _ K_m0
4laj_INA_agB _ C_m0	ATDCTVDPLLSYVMDY	4laj_HNA_agJ _ K_m0
4laj_LNA_agA _ D_m0	ATDCTVDPLLSYVMDY	4laj_HNA_agJ _ K_m0
4laj_MNA_agF _ G_m0	ATDCTVDPLLSYVMDY	4laj_HNA_agJ _ K_m0
4laq_HL_ag_m0	SYFDSDDYAMEY	4laq_HL_ag_m0
4lar_Hh_agh_m0	SYFDSDDYAMEY	4laq_HL_ag_m0
4las_HL_agH_m0	SYFDSDDYAMEY	4laq_HL_ag_m0
4lbe_AB_agC_m0	ARERGDGYFAV	1k4c_AB_agC_m0
4lci_HL_ag_m0	ASLGEDF	4lci_HL_ag_m0
4lcu_AB_agC_m0	ARERGDGYFAV	1k4c_AB_agC_m0
4lde_BNA_agA_m0	NVKDFGAIIYDYDY	4lde_BNA_agA_m0
4ldl_BNA_agA_m0	NVKDFGAIIYDYDY	4lde_BNA_agA_m0
4ldo_BNA_agA_m0	NVKDFGAIIYDYDY	4lde_BNA_agA_m0
4leo_AB_agC_m0	ARHRDYYSNSLTY	4leo_AB_agC_m0
4lex_HL_ag_m0	ASVDNSAALDY	4lex_HL_ag_m0
4lf3_BA_agC_m0	AREKDHYDILTYYNYGYGLDV	4ers_HL_agA_m0
4lf3_ED_agF_m0	AREKDHYDILTYYNYGYGLDV	4ers_HL_agA_m0
4lgp_BNA_agA_m0	VSGCYSWRGP	4lgp_BNA_agA_m0
4lgp_DNA_agC_m0	VSGCYSWRGP	4lgp_BNA_agA_m0
4lgr_BNA_agA_m0	NADEAGIGGFNDY	4lgr_BNA_agA_m0
4lgs_BNA_agA_m0	ARSTVFAEITGSQYGALGSYDY	4lgs_BNA_agA_m0
4lhj_BNA_agA_m0	SATFGSRWYPAHSDH	4lhj_BNA_agA_m0
4lhq_BNA_agA_m0	AGSSVYAEMPYAKVSDATSYNY	4lhq_BNA_agA_m0
4lhq_DNA_agC_m0	AGSSVYAEMPYAKVSDATSYNY	4lhq_BNA_agA_m0
4liq_HL_agE_m0	ARDQRLYFDV	4liq_HL_agE_m0
4lkc_BA_ag_m0	VREGTYYHDSGSYYNDSYGMDV	4k8r_DC_agB_m0
4lkx_AB_agR_m0	ARMGYDGLAY	4lkx_AB_agR_m0
4llu_AB_ag_m0	ARNLGPSFYFDY	1l7i_HL_ag_m0
4llu_CD_ag_m0	ARNLGPSFYFDY	1l7i_HL_ag_m0
4llv_AB_ag_m0	AREGTTGWGWIPKGLGAFAH	1tzg_HL_agP_m0
4llv_CD_ag_m0	AREGTTGWGWIPKGLGAFAH	1tzg_HL_agP_m0
4llv_EF_ag_m0	AREGTTGWGWIPKGLGAFAH	1tzg_HL_agP_m0
4llv_HL_ag_m0	AREGTTGWGWIPKGLGAFAH	1tzg_HL_agP_m0
4llw_AB_ag_m0	ARNLGPSFYFDY	1l7i_HL_ag_m0
4llw_CD_ag_m0	ARNLGPSFYFDY	1l7i_HL_ag_m0
4lly_AB_ag_m0	ARNLGPSFYFDY	1l7i_HL_ag_m0
4lly_CD_ag_m0	ARNLGPSFYFDY	1l7i_HL_ag_m0
4lmq_EI_agF_m0	ARDQGLNGYSLFDY	4lmq_EI_agF_m0
4lmq_HL_agD_m0	ARDQGLNGYSLFDY	4lmq_EI_agF_m0
4lou_CD_agA_m0	ARLYYGYYGWYFDV	1ots_CD_agA_m0
4lou_EF_agB_m0	ARLYYGYYGWYFDV	1ots_CD_agA_m0
4lqf_HL_agA_m0	ARQWGGAMDY	4lqf_HL_agA_m0
4lri_CB_ag_m0	ARDRSYYAFSSYYDSLYGLDV	4lri_PA_ag_m0
4lri_PA_ag_m0	ARDRSYYAFGSYYDSLYGLDV	4lri_PA_ag_m0
4lrn_HL_ag_m0	AREGGWLGIPKGAFAY	4lrn_HL_ag_m0
4lsp_HL_agG_m0	ARAQKRGRESWAYAH	4lsp_HL_agG_m0
4lsq_HL_agG_m0	ARAQKRGRESWAYAH	4lsp_HL_agG_m0
4lsr_HL_agG_m0	ARAQKRGRESWAYAH	4lsp_HL_agG_m0
4lss_HL_agG_m0	TRGKNCDNYWDFEH	4jpk_HL_agA_m0
4lst_HL_agG_m0	TRGKNCDNYWDFEH	4jpk_HL_agA_m0
4lsu_HL_agG_m0	ARRMRSQDERWDFQH	4lsu_HL_agG_m0
4lsv_HL_agG_m0	ARQRSDYWDFDV	4jpv_HL_agG_m0
4lu5_HL_agB_m0	ARGMDY	4lu5_HL_agB_m0
4lu5_IM_agA_m0	ARGMDY	4lu5_HL_agB_m0
4lvh_BC_agA_m0	ARHGSPGYLTYAWDY	4lvh_BC_agA_m0
4lvh_EF_agD_m0	ARHGSPGYLTYAWDY	4lvh_BC_agA_m0
4lvh_HI_agG_m0	ARHGSPGYLTYAWDY	4lvh_BC_agA_m0
4lvh_KL_agJ_m0	ARHGSPGYLTYAWDY	4lvh_BC_agA_m0
4lvn_CB_agA_m0	VIYRYDGQWVFDD	4lvn_CB_agA_m0
4lvo_CB_agA_m0	VIYRYDGQWVFDD	4lvn_CB_agA_m0
4m1c_CD_agA_m0	ARDRVMYYWSFPYGYKSYGMDY	4iof_CD_agA_m0
4m1c_EF_agB_m0	ARDRVMYYWSFPYGYKSYGMDY	4iof_CD_agA_m0
4m1d_HL_agP_m0	TTDGFIMIRGVYYYDESYYMDV	1q1j_HL_agP_m0
4m1d_IM_agQ_m0	TTDGFIMIRGVYYYDESYYMDV	1q1j_HL_agP_m0
4m1g_HL_agB _ A_m0	AKHKASYNGLDY	4m1g_HL_agB _ A_m0
4m3j_ANA_ag_m0	NAFMSTNGSRTGSF	4m3j_ANA_ag_m0
4m3j_BNA_ag_m0	NAFMSTNGSRTGSF	4m3j_ANA_ag_m0
4m3k_BNA_agA_m0	NAFMSTNGSRTGSF	4m3j_ANA_ag_m0
4m43_HL_ag_m0	ARRNYDGSWFAY	4m43_HL_ag_m0
4m48_HL_agA_m0	ARGEVRQRGFDY	4m48_HL_agA_m0
4m5y_HL_ag_m0	ARHVRSGYPATDYYFDK	4m5y_HL_ag_m0
4m5y_IM_ag_m0	ARHVRSGYPATDYYFDK	4m5y_HL_ag_m0
4m5z_HL_agA_m0	ARHVRSGYPATDYYFDK	4m5y_HL_ag_m0
4m61_BA_ag_m0	ARGRLRRGGYFDY	4m61_BA_ag_m0
4m61_DC_ag_m0	ARGRLRRGGYFDY	4m61_BA_ag_m0
4m62_HL_agS_m0	AREGTTGSGWIPKGLGAFAY	1tzg_HL_agP_m0
4m62_IM_agT_m0	AREGTTGSGWIPKGLGAFAY	1tzg_HL_agP_m0
4m6m_HL_ag_m0	ARWYYKPFDV	4m6m_HL_ag_m0
4m6n_HL_ag_m0	ARWYYKPFDV	4m6m_HL_ag_m0
4m6o_HL_ag_m0	ARVYSSGWSVHDYFDY	4m6o_HL_ag_m0
4m7j_HL_agH_m0	ARMRITTDWFAY	6c5j_HL_agH_m0
4m7k_HL_ag_m0	ARSGYYGNSGFAY	4m7k_HL_ag_m0
4m7l_HL_agT_m0	ARSGYYGNSGFAY	4m7k_HL_ag_m0
4m7z_BC_ag_m0	ARMRITTDWFAY	6c5j_HL_agH_m0
4m7z_HL_ag_m0	ARMRITTDWFAY	6c5j_HL_agH_m0
4m8q_AB_agS_m0	AREGTTGWGIPKGGAFAY	4xcy_CD_ag_m0
4m8q_HL_agC_m0	AREGTTGWGWIPKGGAFAY	1tzg_HL_agP_m0
4m93_BC_ag_m0	ARMRITTDWFAY	6c5j_HL_agH_m0
4m93_HL_ag_m0	ARMRITTDWFAY	6c5j_HL_agH_m0
4ma1_BC_ag_m0	ARMRITTDWFAY	6c5j_HL_agH_m0
4ma1_EF_ag_m0	ARMRITTDWFAY	6c5j_HL_agH_m0
4ma1_HL_ag_m0	ARMRITTDWFAY	6c5j_HL_agH_m0
4ma3_BA_ag_m0	ARGLYNDYTV	4ma3_BA_ag_m0
4ma3_HL_ag_m0	ARGLYNDYTV	4ma3_BA_ag_m0
4ma7_HL_agA_m0	SRSGYGYYAMEY	4dgi_HL_agA_m0
4ma8_HL_agC_m0	SRSGYGYYAMEY	4dgi_HL_agA_m0
4mau_HL_ag_m0	ASYDGYSFDY	4mau_HL_ag_m0
4mhh_GI_agC_m0	VRNYGSSYGYFDV	8g5b_HL_agA_m0
4mhh_HL_agE_m0	VRNYGSSYGYFDV	8g5b_HL_agA_m0
4mhh_JK_agA_m0	VRNYGSSYGYFDV	8g5b_HL_agA_m0
4mhj_FE_agC_m0	VRNYGSSYGYFDV	8g5b_HL_agA_m0
4mhj_HL_agA_m0	VRNYGSYGYFDV	4mhj_HL_agA_m0
4mhj_KJ_agG_m0	VRNYGSSYGYFDV	8g5b_HL_agA_m0
4mhj_RQ_agO_m0	VRNYGSYGYFDV	4mhj_HL_agA_m0
4mhj_TX_agM_m0	VRNYGSSYGYFDV	8g5b_HL_agA_m0
4mhj_WV_agS_m0	VRNYGSSYGYFDV	8g5b_HL_agA_m0
4mqs_BNA_agA_m0	SAWTLFHSDEY	4mqs_BNA_agA_m0
4mqt_BNA_agA_m0	SAWTLFHSDEY	4mqs_BNA_agA_m0
4mqx_CD_agA_m0	ARLYYGYYGWYFDV	1ots_CD_agA_m0
4mqx_EF_agB_m0	ARLYYGYYGWYFDV	1ots_CD_agA_m0
4msw_AB_agC_m0	ARERGDGYFAV	1k4c_AB_agC_m0
4mwf_AB_agD_m0	VRSVTPRYCGYCFGGGEFDY	4mwf_AB_agD_m0
4mwf_HL_agC_m0	VRSVTPRYCGYCFGGGEFDY	4mwf_AB_agD_m0
4mxv_FE_agB_m0	SRPTMLPWFAY	4mxv_FE_agB_m0
4mxv_HL_agA_m0	SRPTMLPWFAY	4mxv_FE_agB_m0
4mxv_YX_agD_m0	SRPTMLPWFAY	4mxv_FE_agB_m0
4mxw_HL_agA_m0	SRPTMLPWFAY	4mxv_FE_agB_m0
4mxw_WV_agX_m0	SRPTMLPWFAY	4mxv_FE_agB_m0
4n0y_HL_agA_m0	ARDRGFDLLYHGTLGLDP	4n0y_HL_agA_m0
4n1h_BNA_agA_m0	AATTYASLSDEGIYTHIYDD	4n1h_BNA_agA_m0
4n1h_DNA_agC_m0	AATTYASLSDEGIYTHIYDD	4n1h_BNA_agA_m0
4n8c_HL_agX_m0	ARRDRDDVWFAY	4n8c_HL_agX_m0
4n8c_IM_agY_m0	ARRDRDDVWFAY	4n8c_HL_agX_m0
4n90_DE_agR _ A_m0	ARDRGGDYYYGMDV	4n90_DE_agR _ A_m0
4n90_FG_agS _ B_m0	ARDRGGDYYYGMDV	4n90_DE_agR _ A_m0
4n90_HI_agT _ C_m0	ARDRGGDYYYGMDV	4n90_DE_agR _ A_m0
4n9g_AB_agC_m0	ARDAIVMVFRMDTGRVDV	4n9g_AB_agC_m0
4n9g_EF_agD_m0	ARDAIVMVFRMDTGRVDV	4n9g_AB_agC_m0
4n9g_HL_agY_m0	ARDAIVMVFRMDTGRVDV	4n9g_AB_agC_m0
4n9g_MN_agZ_m0	ARDAIVMVFRMDTGRVDV	4n9g_AB_agC_m0
4n9o_BNA_agA_m0	ARGLGIYIIRARGGYDH	4kml_BNA_agA_m0
4nbx_BNA_agA_m0	AAAPYGANRYWDEYAY	4nbx_BNA_agA_m0
4nby_BNA_agA_m0	AAAPYGANRYWDEYAY	4nbx_BNA_agA_m0
4nby_CNA_agA_m0	AAAPYGANRYWDEYAY	4nbx_BNA_agA_m0
4nbz_BNA_agA_m0	AVNSQRTRLPDQNEYDY	4nbz_BNA_agA_m0
4nbz_DNA_agC_m0	AVNSQRTRLPDQNEYDY	4nbz_BNA_agA_m0
4nc0_BNA_agA_m0	AVNSQRTRLPDQNEYDY	4nbz_BNA_agA_m0
4nc1_CNA_agA_m0	AAAPYGANRYWDEYAY	4nbx_BNA_agA_m0
4nc1_DNA_agB_m0	AAAPYGANRYWDEYAY	4nbx_BNA_agA_m0
4nc1_ENA_agA_m0	AVNSQRTRLPDQNEYDY	4nbz_BNA_agA_m0
4nc1_FNA_agB_m0	AVNSQRTRLPDQNEYDY	4nbz_BNA_agA_m0
4nc2_BNA_agA_m0	AAGLGWDSSYRQSYNY	4nc2_BNA_agA_m0
4ncc_21_ag_m0	ARLLRYFYALDY	4ncc_21_ag_m0
4ncc_HL_ag_m0	ARLLRYFYALDY	4ncc_21_ag_m0
4nco_DC_agA_m0	ATTKHGRRIYGVVYTFWEKFAFYMDV	3jcb_CB_agA_m0
4nco_HG_agE_m0	ATTKHGRRIYGVVYTFWEKFAFYMDV	3jcb_CB_agA_m0
4nco_LK_agI_m0	ATTKHGRRIYGVVYTFWEKFAFYMDV	3jcb_CB_agA_m0
4ngh_HL_agP_m0	AREGTTGWGWIPKGLGAFAH	1tzg_HL_agP_m0
4nhc_HL_agP_m0	AREGTTGWGWIPKGLGAFAH	1tzg_HL_agP_m0
4nhg_AC_ag_m0	ARKGSDRLDA	4nhg_AC_ag_m0
4nhg_DB_ag_m0	ARKGSDRLDA	4nhg_AC_ag_m0
4nhg_EG_ag_m0	ARKGSDRLDA	4nhg_AC_ag_m0
4nhg_HL_ag_m0	ARKGSDRLDA	4nhg_AC_ag_m0
4nhg_IF_ag_m0	ARKGSDRLDA	4nhg_AC_ag_m0
4nhg_MK_ag_m0	ARKGSDRLDA	4nhg_AC_ag_m0
4nhh_EG_ag_m0	ARKGSDRLDA	4nhg_AC_ag_m0
4nhh_HL_ag_m0	ARKGSDRLDA	4nhg_AC_ag_m0
4nhh_IF_agD_m0	ARKGSDRLA	4nhh_IF_agD_m0
4nhh_MK_agB_m0	ARKGSDRLDA	4nhg_AC_ag_m0
4nhh_OQ_agC_m0	ARKGSDRLDA	4nhg_AC_ag_m0
4nhh_RP_agN_m0	ARKGSDRLDA	4nhg_AC_ag_m0
4nik_Bb_agA_m0	VRGVIDKFDY	4nik_Bb_agA_m0
4nj9_HL_agH_m0	ARRGGYGRSGYFDV	4nja_HL_agH_m0
4nja_HL_agH_m0	ARRGGYGRIGYFDV	4nja_HL_agH_m0
4nkd_AB_ag_m0	ARRGGSSYHYAMDY	3nn8_AB_ag_m0
4nkd_CD_ag_m0	ARRGGSSYHYAMDY	3nn8_AB_ag_m0
4nkd_EF_ag_m0	ARRGGSSYHYAMDY	3nn8_AB_ag_m0
4nkd_GH_ag_m0	ARRGGSSYHYAMDY	3nn8_AB_ag_m0
4nki_HL_ag_m0	ARIKLGTVTTVDY	4nki_HL_ag_m0
4nkm_AB_ag_m0	ARRGGSSYHYAMDY	3nn8_AB_ag_m0
4nkm_CD_ag_m0	ARRGGSSYHYAMDY	3nn8_AB_ag_m0
4nkm_EF_ag_m0	ARRGGSSYHYAMDY	3nn8_AB_ag_m0
4nkm_GH_ag_m0	ARRGGSSYHYAMDY	3nn8_AB_ag_m0
4nko_BA_ag_m0	AASSPYSRMAAMDY	4nko_BA_ag_m0
4nko_DC_ag_m0	AASSPYSRMAAMDY	4nko_BA_ag_m0
4nko_FE_ag_m0	AASSPYSRMAAMDY	4nko_BA_ag_m0
4nm4_HL_ag_m0	ARGASWDRAGWSGY	4nm4_HL_ag_m0
4nm4_IM_ag_m0	ARGASWDRAGWSGY	4nm4_HL_ag_m0
4nm8_HL_agB _ A_m0	ARGASWDRAGWSGY	4nm4_HL_ag_m0
4nm8_IM_agD _ C_m0	ARGASWDRAGWSGY	4nm4_HL_ag_m0
4nm8_JN_agF _ E_m0	ARGASWDRAGWSGY	4nm4_HL_ag_m0
4nnp_HL_agA_m0	ARQSSAEIESWGSYYYEAMDY	4nnp_HL_agA_m0
4nnp_XY_agB_m0	ARQSSAEIESWGSYYYEAMDY	4nnp_HL_agA_m0
4np4_HL_agA_m0	ARRRNWGNAFDI	4np4_HL_agA_m0
4np4_IM_agA_m0	ARRRNWGNAFDI	4np4_HL_agA_m0
4npy_BA_ag_m0	ARTLHGRRIYGIYTFWEVYYMDV	4npy_BA_ag_m0
4npy_HL_ag_m0	ARTLHGRRIYGIVYTFWEKFAYYMDV	4fq1_HL_ag_m0
4nrx_AB_agC_m0	ARQNHYGSGSYFYYATRYYAMDV	4nrx_AB_agC_m0
4nrx_DE_ag_m0	ARQNHYGSTYYAYAMDV	4nrx_DE_ag_m0
4nrx_HL_agP_m0	ARQNHYGSGSYFYYATRYYAMDV	4nrx_AB_agC_m0
4nry_AB_ag_m0	ARQNHYGSYYYAMDV	4nry_HL_ag_m0
4nry_HL_ag_m0	ARQNHYGAYYYAMDV	4nry_HL_ag_m0
4nrz_AB_ag_m0	ARQNHYGSGSYFYYATRYYAMDV	4nrx_AB_agC_m0
4nrz_HL_ag_m0	ARQNHYGSGSYFYYATRYYAMDV	4nrx_AB_agC_m0
4nug_HL_ag_m0	ARMFQESGPPRLDRYYYYNRGSWSGMDV	4nug_HL_ag_m0
4nuj_BA_ag_m0	ARMFQESGPPYYYYNSGMDV	4nuj_BA_ag_m0
4nwt_HL_ag_m0	ARGPEYYDYVWYRYSGNYFDY	4nwt_HL_ag_m0
4nwu_HL_ag_m0	ARGPEYYDYVWYRYSGNYFDY	4nwt_HL_ag_m0
4nyl_AB_ag_m0	AKVSYLSATSSLDY	3wd5_HL_agA_m0
4nyl_CD_ag_m0	AKVSYLSATSSLDY	3wd5_HL_agA_m0
4nyl_EF_ag_m0	AKVSYLSATSSLDY	3wd5_HL_agA_m0
4nyl_HL_ag_m0	AKVSYLSATSSLDY	3wd5_HL_agA_m0
4nzr_HL_agM_m0	ARHRHHDVFMAIPVLGWFDV	4jm2_AB_agE_m0
4nzt_HL_agM_m0	ARHGNYYYYSGMDV	4fqh_AB_ag_m0
4nzu_HL_ag_m0	ARAPDCADAKHCDGAFGY	4nzu_HL_ag_m0
4o02_HL_agA_m0	ASFLGRGAMDY	4o02_HL_agA_m0
4o4y_HL_agA_m0	ARGLYNDYTV	4ma3_BA_ag_m0
4o51_BA_agN_m0	ARGLYNDYTV	4ma3_BA_ag_m0
4o51_DC_agO_m0	ARGLYNDYTV	4ma3_BA_ag_m0
4o51_FE_agP_m0	ARGLYNDYTV	4ma3_BA_ag_m0
4o51_HL_agM_m0	ARGLYNDYTV	4ma3_BA_ag_m0
4o58_HL_agA_m0	AGPSITESHYCLDYYDKAACYGLDV	4o58_HL_agA_m0
4o5i_MN_agA_m0	AGPSITESHYCLDYYDKAACYGLDV	4o58_HL_agA_m0
4o5i_OP_agC_m0	AGPSITESHYCLDYYDKAACYGLDV	4o58_HL_agA_m0
4o5i_QR_agE_m0	AGPSITESHYCLDYYDKAACYGLDV	4o58_HL_agA_m0
4o5i_ST_agG_m0	AGPSITESHYCLDYYDKAACYGLDV	4o58_HL_agA_m0
4o5i_UV_agI_m0	AGPSITESHYCLDYYDKAACYGLDV	4o58_HL_agA_m0
4o5i_WX_agK_m0	AGPSITESHYCLDYYDKAACYGLDV	4o58_HL_agA_m0
4o5l_HL_ag_m0	AGPSITESHYCLDYYDKAACYGLDV	4o58_HL_agA_m0
4o9h_HL_agA_m0	ANRAGWGMGDY	4o9h_HL_agA_m0
4oaw_BA_ag_m0	ARDKSDVVVVTSYYAPRIYGMDV	4oaw_BA_ag_m0
4oaw_DC_ag_m0	ARDKSDVVVVTSYYAPRIYGMDV	4oaw_BA_ag_m0
4ob5_HL_agL_m0	AREGTTGGWLIPKGGAFQH	4ob5_HL_agL_m0
4ocl_CNA_agB _ A_m0	AGGTYYGTSLYKYDF	4ocl_CNA_agB _ A_m0
4ocl_FNA_agE _ D_m0	AGGTYYGTSLYKYDF	4ocl_CNA_agB _ A_m0
4ocm_CNA_agB _ A_m0	AGGTYYGTSLYKYDF	4ocl_CNA_agB _ A_m0
4ocm_FNA_agE _ D_m0	AGGTYYGTSLYKYDF	4ocl_CNA_agB _ A_m0
4ocn_CNA_agB _ A_m0	AGGTYYGTSLYKYDF	4ocl_CNA_agB _ A_m0
4ocn_FNA_agE _ D_m0	AGGTYYGTSLYKYDF	4ocl_CNA_agB _ A_m0
4ocr_HL_ag_m0	AKDVGDYKSPIQVMARPDGAFDL	4ocr_HL_ag_m0
4ocs_HL_ag_m0	AKDMREYECEYWTPVVGRRDICGIFDM	4ocs_HL_ag_m0
4ocw_HL_ag_m0	ARDLRELECEEWTLNYDAVGRPDVCPGRGSFDV	4ocw_HL_ag_m0
4ocx_HL_agL_m0	SSYGNYGAY	4ocx_HL_agL_m0
4ocy_HL_ag_m0	SSYGNYGAY	4ocx_HL_agL_m0
4od1_HL_ag_m0	AKDLREDECEEWWSDDFGAVGRSKRCPLQKGIFDG	4org_HL_ag_m0
4od2_BA_agS_m0	AKILGAGGRWYFDY	4od2_BA_agS_m0
4od3_HL_ag_m0	AKDLREDECEEWPAVGRSKRCGVFDK	4od3_HL_ag_m0
4odh_HL_ag_m0	AKDLGESENVVGGAFDI	4odh_HL_ag_m0
4ods_HL_ag_m0	ARHKGLRGTGNAMDY	5dqd_HL_agH_m0
4odt_HL_agH_m0	VRHRGAPLYGNGYAWFAY	4odt_HL_agH_m0
4odu_AB_ag_m0	VRHRGAPLYGNGYAWFAY	4odt_HL_agH_m0
4odu_HL_ag_m0	VRHRGAPLYGNGYAWFAY	4odt_HL_agH_m0
4odv_HL_agL_m0	TRLYGNYVIRHTMDY	4odv_HL_agL_m0
4odw_AB_ag_m0	TRLYGNYVIRHTMDY	4odv_HL_agL_m0
4odw_HL_ag_m0	TRLYGNYVIRHTMDY	4odv_HL_agL_m0
4odx_AL_agY_m0	AREGTTGWGWIPKGLGAFQH	1tzg_HL_agP_m0
4odx_HB_agX_m0	AREGTTGWGWIPKGLGAFQH	1tzg_HL_agP_m0
4oga_CD_agE_m0	ARDPYGSKPMDY	3w11_CD_agE_m0
4ogx_HL_agA_m0	AYRRIGVPRRDEFDI	4ogx_HL_agA_m0
4ogy_HL_agA_m0	AYRRIGVPRRDEFDI	4ogx_HL_agA_m0
4ogy_MN_agB_m0	AYRRIGVPRRDEFDI	4ogx_HL_agA_m0
4oii_HL_agA_m0	TIDDGYRFGY	4oii_HL_agA_m0
4oii_IM_agB_m0	TIDDGYRFGY	4oii_HL_agA_m0
4ojf_HL_agA_m0	VRYDHYSGSSDY	4hix_HL_agA_m0
4okv_AB_agF_m0	ARGGTY	4okv_AB_agF_m0
4okv_CD_agE_m0	ARGGTY	4okv_AB_agF_m0
4olu_HL_agG_m0	TRGKYCTARNYYDWDFEH	4jdv_AB_ag_m0
4olv_HL_agG_m0	TRGKYCTARNYYDWDFEH	4jdv_AB_ag_m0
4olw_HL_agG_m0	TRGKYCTARNYYDWDFEH	4jdv_AB_ag_m0
4olx_HL_agG_m0	TRGKYCTARNYYDWDFEH	4jdv_AB_ag_m0
4oly_HL_agG_m0	TRGKYCTARNYYDWDFEH	4jdv_AB_ag_m0
4olz_HL_agG_m0	TRGKYCTARNYYDWDFEH	4jdv_AB_ag_m0
4om0_HL_agG_m0	TRGKYCTARNYYDWDFEH	4jdv_AB_ag_m0
4om1_HL_agG_m0	TRGKYCTARNYYDWDFEH	4jdv_AB_ag_m0
4onf_HL_agP_m0	VRYDHYSGSSDY	4hix_HL_agA_m0
4ong_HL_agP_m0	VRYDSGSSDY	4ong_HL_agP_m0
4oqt_HL_agA_m0	ATEGDNDAFDI	4oqt_HL_agA_m0
4org_AB_ag_m0	AKDLREDECEEWWSLAVGRSKRCPGIFDK	4org_AB_ag_m0
4org_CD_ag_m0	AKDLREDECEEWWSDAVGRSKRCPLGIFDK	4org_AB_ag_m0
4org_EF_ag_m0	AKDLREDECEEWWSDAVGRSKRCPLGIFDK	4org_AB_ag_m0
4org_HL_ag_m0	AKDLREDECEEWWSDDFGAVGRSKRCPLQKGIFDK	4org_HL_ag_m0
4orz_CNA_agB_m0	ARRVGSEYDL	4orz_CNA_agB_m0
4osu_HL_ag_m0	ARDGAKTVSNSHYYLLNRLDA	4osu_HL_ag_m0
4ot1_HL_agA_m0	ARDGAKTVSNSGHYYLLSLNRLDA	4ot1_HL_agA_m0
4otx_HL_ag_m0	ARRWDY	4otx_HL_ag_m0
4otx_IM_ag_m0	ARRWDY	4otx_HL_ag_m0
4ouo_Aa_agNA_m0	GGRDSTYAGM	4ouo_Aa_agNA_m0
4ouu_BA_ag_m0	SRENYGSSFTY	4ouu_BA_ag_m0
4ouu_HL_ag_m0	SRENYGSSFTY	4ouu_BA_ag_m0
4p2c_GNA_agB _ A_m0	NANIEAGTGYYPGRDY	4p2c_GNA_agB _ A_m0
4p2c_HNA_agC_m0	NANIEAGTGYYPGRDY	4p2c_GNA_agB _ A_m0
4p2c_INA_agD_m0	NANIEAGTGYYPGRDY	4p2c_GNA_agB _ A_m0
4p2c_JNA_agE_m0	NANIEAGTGYYPGRDY	4p2c_GNA_agB _ A_m0
4p2c_KNA_agF_m0	NANIEAGTGYYPGRDY	4p2c_GNA_agB _ A_m0
4p3c_HL_agM_m0	SRENYGSSFTY	4ouu_BA_ag_m0
4p3d_AB_agC_m0	SRENYGSSFTY	4ouu_BA_ag_m0
4p3d_HL_agM_m0	SRENYGSSFTY	4ouu_BA_ag_m0
4p48_Aa_agNA_m0	GSADDNMNPTI	4p48_Aa_agNA_m0
4p49_Aa_agNA_m0	GGWGSSVGM	4p49_Aa_agNA_m0
4p59_HL_agA_m0	ARWGDEGFDI	4p59_HL_agA_m0
4p9h_HL_agG_m0	TTTSTYDKWSGVGDHHLMAFSS	5cjx_AC_agJ _ K_m0
4p9m_HL_agNA_m0	TTTSTYDKWSGVGDHHLMAFSS	5cjx_AC_agJ _ K_m0
4pb0_HL_ag_m0	TRGYYGSNYGEY	4pb0_HL_ag_m0
4pb9_HL_ag_m0	ARTGYYYGSRYAMDY	4pb9_HL_ag_m0
4pd4_JK_agE_m0	ARSEYYSVGTYAMDY	1ezv_XY_agE_m0
4pfe_ANA_ag_m0	NVNVGFEY	3k1k_CNA_agA_m0
4pfe_BNA_ag_m0	NVNVGFEY	3k1k_CNA_agA_m0
4pgj_ANA_agB_m0	AKYTSPPNQHGFDY	4pgj_ANA_agB_m0
4pgj_CNA_agD_m0	AKYTSPPNQHGFDY	4pgj_ANA_agB_m0
4pir_FNA_agE_m0	NADARTITGRADY	4pir_FNA_agE_m0
4pir_GNA_agA_m0	NADARTITGRADY	4pir_FNA_agE_m0
4pir_HNA_agB_m0	NADARTITGRADY	4pir_FNA_agE_m0
4pir_INA_agC_m0	NADARTITGRADY	4pir_FNA_agE_m0
4pir_JNA_agD_m0	NADARTITGRADY	4pir_FNA_agE_m0
4plj_DC_agB_m0	ARERFGVGYNNAWFTY	4plj_DC_agB_m0
4plj_HL_agA_m0	ARERFGVGYNNAWFTY	4plj_DC_agB_m0
4plk_DC_agB_m0	ARERFGVGYNNAWFTY	4plj_DC_agB_m0
4plk_HL_agA_m0	ARERFGVGYNNAWFTY	4plj_DC_agB_m0
4plk_IG_agF_m0	ARERFGVGYNNAWFTY	4plj_DC_agB_m0
4plk_JK_agE_m0	ARERFGVGYNNAWFTY	4plj_DC_agB_m0
4pou_BNA_agA_m0	AAGGYQLDRRTYGH	4ppt_ANA_ag_m0
4poy_ANA_ag_m0	AAGGYQLDRRTYGH	4ppt_ANA_ag_m0
4poz_DC_ag_m0	ARRGFLTTYNVYAMDY	4poz_DC_ag_m0
4ppt_ANA_ag_m0	AAGGYELDRRTYGH	4ppt_ANA_ag_m0
4ps4_HL_agA_m0	ARLGSDYDVWFDY	4ps4_HL_agA_m0
4ptt_BA_ag_m0	AKESDSCGGRSCDFAFDV	4ptt_BA_ag_m0
4ptu_BA_agB_m0	AKESDSCGGRSCDFAFDV	4ptt_BA_ag_m0
4pub_HL_ag_m0	AYRRIRDEFDI	4pub_HL_ag_m0
4py7_AB_ag_m0	ARDLGGYFRIGIMDV	4py7_AB_ag_m0
4py7_IJ_ag_m0	ARDLGGYFRIGIMDV	4py7_AB_ag_m0
4py8_IJ_agB _ A_m0	ARDLGGYFRIGIMDV	4py7_AB_ag_m0
4q0x_HL_agE_m0	ARDDYDGAWFAY	4q0x_HL_agE_m0
4q2z_AB_ag_m0	ARGGQRLLLNRLYYFYY	4q2z_AB_ag_m0
4q2z_HL_ag_m0	ARGGQRLLLNRLYYFYY	4q2z_AB_ag_m0
4q6i_BA_agK_m0	ARYDGYSWDAMDY	4q6i_BA_agK_m0
4q6i_ED_agJ_m0	ARYDGYSWDAMDY	4q6i_BA_agK_m0
4q6i_GF_agI_m0	ARYDGYSWDAMDY	4q6i_BA_agK_m0
4q6i_HL_agC_m0	ARYDGYSWDAMDY	4q6i_BA_agK_m0
4q9q_HL_agR_m0	ARQGYRRRGSRGFDY	3ivk_AB_agC_m0
4q9r_HL_agR_m0	ARQGYRRRGSRGFDY	3ivk_AB_agC_m0
4qci_BA_agD_m0	ARHPYWYGGQLDL	4qci_BA_agD_m0
4qci_HL_agC_m0	ARHPYWYGGQLDL	4qci_BA_agD_m0
4qex_HL_agA_m0	STGYDAMDY	4qex_HL_agA_m0
4qex_IM_agB_m0	STGYDAMDY	4qex_HL_agA_m0
4qf1_AB_ag_m0	AKDSPRGELPFDY	4qf1_AB_ag_m0
4qf1_HL_ag_m0	AKDSPRGELPFDY	4qf1_AB_ag_m0
4qgy_ANA_ag_m0	AAVNAQGIYCTPGIIYDYGMDY	4qgy_ANA_ag_m0
4qgy_BNA_ag_m0	AAVNAQCTDYPGIIYGMDY	4qgy_BNA_ag_m0
4qhk_IJ_ag_m0	ASLPVNAYFDY	4qhk_IJ_ag_m0
4qhk_KL_ag_m0	ASLPVNAYFDY	4qhk_IJ_ag_m0
4qhk_MN_ag_m0	ASLPRGQLNVAYFDY	4qhl_AB_ag_m0
4qhk_OP_ag_m0	ASLPRGQLNVAYFDY	4qhl_AB_ag_m0
4qhl_AB_ag_m0	ASLPRGQLNVAFFDN	4qhl_AB_ag_m0
4qhl_CD_ag_m0	ASLPRGQLNVAFFDN	4qhl_AB_ag_m0
4qhm_AB_ag_m0	ASLPRGQLNVAFFDN	4qhl_AB_ag_m0
4qhm_CD_ag_m0	ASLPRGQLNVAFFDN	4qhl_AB_ag_m0
4qhm_EF_ag_m0	ASLPRGQLNVAFFDN	4qhl_AB_ag_m0
4qhm_GH_ag_m0	ASLPRGQLNVAFFDN	4qhl_AB_ag_m0
4qhn_AB_ag_m0	ASLPRGQLNVAYFRN	4jam_AB_ag_m0
4qhu_BA_agD_m0	ARQLTLDV	4qhu_BA_agD_m0
4qhu_HL_agC_m0	ARQLTLDV	4qhu_BA_agD_m0
4qkx_BNA_agA_m0	NVKDFGAIIYDYDY	4lde_BNA_agA_m0
4qlr_ANA_ag_m0	AADKYYTGPEGGSVYDY	4qlr_ANA_ag_m0
4qlr_BNA_ag_m0	AADKYYTGPEGGSVYDY	4qlr_ANA_ag_m0
4qnp_EF_agB _ A_m0	VRPSIYYYSAGYLDV	4qnp_EF_agB _ A_m0
4qnp_HL_agB_m0	VRPSIYYYSAGYLDV	4qnp_EF_agB _ A_m0
4qo1_ANA_agB_m0	AAHPQRGWTSGLGWTY	4qo1_ANA_agB_m0
4qt5_BA_ag_m0	ARSGY	4qt5_BA_ag_m0
4qt5_HL_ag_m0	ARSGY	4qt5_BA_ag_m0
4qth_AB_ag_m0	TRDFSGDRNSLYFDV	4qth_AB_ag_m0
4qth_HL_ag_m0	TRDFSGDRNSLYFDV	4qth_AB_ag_m0
4qti_HL_agU_m0	TRDFSGDRNSLYFDV	4qth_AB_ag_m0
4qww_DC_agB_m0	VREGSYYDYSSGAMDY	4qww_DC_agB_m0
4qww_FE_agA_m0	VREGSYYDYSSGAMDY	4qww_DC_agB_m0
4qxg_HL_ag_m0	ARHDIEGFDY	4qxg_HL_ag_m0
4qxt_AB_agQ_m0	ATYGVAY	4qxt_AB_agQ_m0
4qxu_HL_agK_m0	SRENYGSSFTY	4ouu_BA_ag_m0
4qy8_AB_agQ_m0	ATYGVAY	4qxt_AB_agQ_m0
4qyo_AB_agQ_m0	ATYGVAY	4qxt_AB_agQ_m0
4r0l_AB_agC_m0	ASLGEDF	4lci_HL_ag_m0
4r0l_HL_agD_m0	ASLGEDF	4lci_HL_ag_m0
4r26_HL_ag_m0	ATARRGQRIYGVVYYFFEGFSYYMDV	4r26_HL_ag_m0
4r2g_DC_agO_m0	ATARRGQRIYGVVYYFFEGFSYYMDV	4r26_HL_ag_m0
4r2g_JI_agK_m0	ATARRGQRIYGVVYYFFEGFSYYMDV	4r26_HL_ag_m0
4r2g_NM_agA_m0	ATARRGQRIYGVVYYFFEGFSYYMDV	4r26_HL_ag_m0
4r2g_QP_agE_m0	ATARRGQRIYGVVYYFFEGFSYYMDV	4r26_HL_ag_m0
4r3s_AB_agQ_m0	ATYGVAY	4qxt_AB_agQ_m0
4r4b_BA_agNA_m0	ARRSNWPYLPFDP	4r4b_BA_agNA_m0
4r4b_DC_agNA_m0	ARRSNWPYLPFDP	4r4b_BA_agNA_m0
4r4b_FE_agNA_m0	ARRSNWPYLPFDP	4r4b_BA_agNA_m0
4r4b_HL_agNA_m0	ARRSNWPYLPFDP	4r4b_BA_agNA_m0
4r4f_HL_agA_m0	ARRSNWPYLPFDP	4r4b_BA_agNA_m0
4r4h_HL_agA_m0	ARRSNWPYLPFDP	4r4b_BA_agNA_m0
4r4n_CD_agB _ p_m0	ARRSNWPYLPFDP	4r4b_BA_agNA_m0
4r4n_FG_agE_m0	ARRSNWPYLPFDP	4r4b_BA_agNA_m0
4r4n_HL_agA _ m_m0	ARRSNWPYLPFDP	4r4b_BA_agNA_m0
4r4n_JK_agI _ v_m0	ARRSNWPYLPFDP	4r4b_BA_agNA_m0
4r4n_NO_agM _ a_m0	ARRSNWPYLPFDP	4r4b_BA_agNA_m0
4r4n_QR_agP _ b_m0	ARRSNWPYLPFDP	4r4b_BA_agNA_m0
4r4n_TU_agS_m0	ARRSNWPYLPFDP	4r4b_BA_agNA_m0
4r4n_WX_agV _ i_m0	ARRSNWPYLPFDP	4r4b_BA_agNA_m0
4r7d_AB_ag_m0	ARKDPSDAFPY	4r7d_AB_ag_m0
4r7d_CD_ag_m0	ARKDPSDAFPY	4r7d_AB_ag_m0
4r7d_EF_ag_m0	ARKDPSDAFPY	4r7d_AB_ag_m0
4r7d_GH_ag_m0	ARKDPSDAFPY	4r7d_AB_ag_m0
4r7d_IJ_ag_m0	ARKDPSDAFPY	4r7d_AB_ag_m0
4r7d_KL_ag_m0	ARKDPSDAFPY	4r7d_AB_ag_m0
4r7d_MN_ag_m0	ARKDPSDAFPY	4r7d_AB_ag_m0
4r7d_OP_ag_m0	ARKDPSDAFPY	4r7d_AB_ag_m0
4r7n_AB_ag_m0	ARKDSGNYFPY	4r7n_AB_ag_m0
4r7n_CD_ag_m0	ARKDSGNYFPY	4r7n_AB_ag_m0
4r7n_EF_ag_m0	ARKDSGNYFPY	4r7n_AB_ag_m0
4r7n_GH_ag_m0	ARKDSGNYFPY	4r7n_AB_ag_m0
4r7n_IJ_ag_m0	ARKDSGNYFPY	4r7n_AB_ag_m0
4r7n_KL_ag_m0	ARKDSGNYFPY	4r7n_AB_ag_m0
4r7n_MN_ag_m0	ARKDSGNYFPY	4r7n_AB_ag_m0
4r7n_OP_ag_m0	ARKDSGNYFPY	4r7n_AB_ag_m0
4r7n_QR_ag_m0	ARKDSGNYFPY	4r7n_AB_ag_m0
4r7n_ST_ag_m0	ARKDSGNYFPY	4r7n_AB_ag_m0
4r8w_HL_agB _ A_m0	ARDKVQGRVEGSGVGRHDY	4r8w_HL_agB _ A_m0
4r90_HL_ag_m0	VRDAGYSNVHPIFDS	4r90_HL_ag_m0
4r96_BA_ag_m0	ARVDDYYLGYDY	4r96_BA_ag_m0
4r96_DC_ag_m0	ARVDDYYLGYDY	4r96_BA_ag_m0
4r96_FE_ag_m0	ARVDDYYLGYDY	4r96_BA_ag_m0
4r96_HL_ag_m0	ARVDDYYLGYDY	4r96_BA_ag_m0
4r97_CB_ag_m0	TRSPYGNNYGFTY	4r97_CB_ag_m0
4r9y_HL_agB _ D_m0	TRSPYGNNYGFTY	4r97_CB_ag_m0
4r9y_NM_agA _ C_m0	TRSPYGNNYGFTY	4r97_CB_ag_m0
4rau_BA_agC_m0	TRQGLLYYAMDY	4rau_BA_agC_m0
4rau_ED_agF_m0	TRQGLLYYAMDY	4rau_BA_agC_m0
4rau_HG_agI_m0	TRQGLLYYAMDY	4rau_BA_agC_m0
4rau_KJ_agL_m0	TRQGLLYYAMDY	4rau_BA_agC_m0
4rau_NM_agO_m0	TRQGLLYYAMDY	4rau_BA_agC_m0
4rau_QP_agR_m0	TRQGLLYYAMDY	4rau_BA_agC_m0
4rau_TS_agU_m0	TRQGLLYYAMDY	4rau_BA_agC_m0
4rau_WV_agX_m0	TRQGLLYYAMDY	4rau_BA_agC_m0
4rav_AB_agE_m0	ARDRYFDL	4rav_AB_agE_m0
4rav_CD_agF_m0	ARDRYFDL	4rav_AB_agE_m0
4rbp_HL_agH_m0	ARKGSDRLNDSDPFDA	2oqj_BA_agC_m0
4rbp_MK_agM_m0	ARKGSDRLNDSDPFDA	2oqj_BA_agC_m0
4rdq_GF_agE_m0	AREVYYFDY	4rdq_GF_agE_m0
4rdq_IH_agA_m0	AREVYYFDY	4rdq_GF_agE_m0
4rdq_KJ_agB_m0	AREVYYFDY	4rdq_GF_agE_m0
4rdq_ML_agC_m0	AREVYYFDY	4rdq_GF_agE_m0
4rdq_ON_agD_m0	AREVYYFDY	4rdq_GF_agE_m0
4rfe_AB_ag_m0	ARTVWYYTTGSHYFDH	4rfe_AB_ag_m0
4rfe_CD_ag_m0	ARTVWYYTTGSHYFDH	4rfe_AB_ag_m0
4rfe_EF_ag_m0	ARTVWYYTTGSHYFDH	4rfe_AB_ag_m0
4rfe_HL_ag_m0	ARTVWYYTTGSHYFDH	4rfe_AB_ag_m0
4rfn_BC_agA_m0	ARTVWYYTTGSHYFDH	4rfe_AB_ag_m0
4rfn_HL_agG_m0	ARTVWYYTTGSHYFDH	4rfe_AB_ag_m0
4rfo_HL_agG_m0	ARVPRLRGGNYFDS	4rfo_HL_agG_m0
4rgm_CB_agA_m0	ARIYYGNGNGVMDY	4rgm_CB_agA_m0
4rgm_HL_agS_m0	ARIYYGNGNGVMDY	4rgm_CB_agA_m0
4rgn_BC_agA_m0	VRDLYGDVYGRYAY	4rgn_BC_agA_m0
4rgn_DE_agA_m0	ARTAGLLAPMDY	4rgn_DE_agA_m0
4rgn_FG_agS_m0	ARTAGLLAPMDY	4rgn_DE_agA_m0
4rgn_HL_agS_m0	VRDLYGDVYGRYAY	4rgn_BC_agA_m0
4rgo_HL_agS_m0	VRDLYGDVYGRYAY	4rgn_BC_agA_m0
4rir_AB_ag_m0	ARLGGRYYYDYGSSYYFDY	4rir_AB_ag_m0
4rir_HL_ag_m0	ARLGGRYYYDYGSSYYFDY	4rir_AB_ag_m0
4ris_HL_agP_m0	ARLGGRYYYDYGSSYYFDY	4rir_AB_ag_m0
4rnr_AB_agB_m0	VRSGGKPHWFSP	4rnr_AB_agB_m0
4rnr_CD_agD_m0	VRSGKPHWFSP	4rnr_CD_agD_m0
4rqq_BA_ag_m0	AKGSKHRLRDYALDDDGLYDVDVAWNLASNLEF	4rqq_BA_ag_m0
4rqq_DC_ag_m0	AKGSKHRLRDYALDDDGLYDVDVAWNLASNLEF	4rqq_BA_ag_m0
4rqq_HL_ag_m0	AKGSKHRLRDYALDDDGLYDVDVAWNLASNLEF	4rqq_BA_ag_m0
4rqs_DC_agG_m0	AGVYEGEADEGNNDYEGFLKH	1gc1_HL_agG_m0
4rrp_GA_agM_m0	ARSYSTKLAMDY	4rrp_GA_agM_m0
4rrp_HB_agN_m0	ARSYSTKLAMDY	4rrp_GA_agM_m0
4rrp_IC_agO_m0	ARSYSTKLAMDY	4rrp_GA_agM_m0
4rrp_JD_agP_m0	ARSYSTKLAMDY	4rrp_GA_agM_m0
4rrp_KE_agQ_m0	ARSYSTKLAMDY	4rrp_GA_agM_m0
4rrp_LF_agR_m0	ARSYSTKLAMDY	4rrp_GA_agM_m0
4rwy_HL_agA_m0	ARDGLGEVARYDPYGIDV	4rwy_HL_agA_m0
4rx4_AD_agE_m0	ARDGLGEVALYAPYGIDA	4rx4_AD_agE_m0
4rx4_HL_agG_m0	ARDGLGEVALYAPYGIDA	4rx4_AD_agE_m0
4rzc_AB_agA_m0	ARDGINGGYDI	4rzc_AB_agA_m0
4rzc_CD_agC_m0	ARDGINGGYDI	4rzc_AB_agA_m0
4rzc_EF_agE_m0	ARDGINGGYDI	4rzc_AB_agA_m0
4rzc_HL_agH_m0	ARDGINGGYDI	4rzc_AB_agA_m0
4s10_ANA_agC_m0	AADLHRPYGPTRQSGDDYDT	4s10_ANA_agC_m0
4s10_BNA_agD_m0	AADLHRPYGPTRQSGDDYDT	4s10_ANA_agC_m0
4s11_ANA_ag_m0	AADLHRPYGPTRQSGDDYDT	4s10_ANA_agC_m0
4s1d_CD_agH_m0	TRWDTYGAAWFAY	4s1d_CD_agH_m0
4s1d_EF_agE_m0	TRWDTYGAAWFAY	4s1d_CD_agH_m0
4s1d_HL_agH_m0	TRWDTYGAAWFAY	4s1d_CD_agH_m0
4s1d_OP_agP_m0	TRWDTYGAAWFAY	4s1d_CD_agH_m0
4s1q_HL_agG_m0	VRKGPSCPHDGCFHWQH	4s1q_HL_agG_m0
4s1r_HL_agG_m0	VRGKSCCGGRRYCNFCDAGNWDFEH	4xny_HL_agG_m0
4s1s_HL_agG_m0	VRTADCERDGKCPWVFPH	4s1s_HL_agG_m0
4s2s_AB_ag_m0	TRGRGDRGDLFGY	4s2s_AB_ag_m0
4s2s_HL_ag_m0	TRGRGDRGDLFGY	4s2s_AB_ag_m0
4tnv_FN_agB_m0	ARDGDYYRGYRYFDY	3rhw_FN_agB_m0
4tnv_GK_agC_m0	ARDGDYYRGYRYFDY	3rhw_FN_agB_m0
4tnv_HL_agA_m0	ARDGDYYRGYRYFDY	3rhw_FN_agB_m0
4tnv_IO_agD_m0	ARDGDYYRGYRYFDY	3rhw_FN_agB_m0
4tnv_JM_agE_m0	ARDGDYYRGYRYFDY	3rhw_FN_agB_m0
4tnv_Uh_agQ_m0	ARDGDYYRGYRYFDY	3rhw_FN_agB_m0
4tnv_VZ_agR_m0	ARDGDYYRGYRYFDY	3rhw_FN_agB_m0
4tnv_Wf_agP_m0	ARDGDYYRGYRYFDY	3rhw_FN_agB_m0
4tnv_Xi_agS_m0	ARDGDYYRGYRYFDY	3rhw_FN_agB_m0
4tnv_Yg_agT_m0	ARDGDYYRGYRYFDY	3rhw_FN_agB_m0
4tnw_FN_agB_m0	ARDGDYYRGYRYFDY	3rhw_FN_agB_m0
4tnw_GK_agC_m0	ARDGDYYRGYRYFDY	3rhw_FN_agB_m0
4tnw_HL_agA_m0	ARDGDYYRGYRYFDY	3rhw_FN_agB_m0
4tnw_IO_agD_m0	ARDGDYYRGYRYFDY	3rhw_FN_agB_m0
4tnw_JM_agE_m0	ARDGDYYRGYRYFDY	3rhw_FN_agB_m0
4tnw_Uh_agQ_m0	ARDGDYYRGYRYFDY	3rhw_FN_agB_m0
4tnw_VZ_agR_m0	ARDGDYYRGYRYFDY	3rhw_FN_agB_m0
4tnw_Wf_agP_m0	ARDGDYYRGYRYFDY	3rhw_FN_agB_m0
4tnw_Xi_agS_m0	ARDGDYYRGYRYFDY	3rhw_FN_agB_m0
4tnw_Yg_agT_m0	ARDGDYYRGYRYFDY	3rhw_FN_agB_m0
4toy_HL_ag_m0	AKGLLRDGTSSWLPYL	4toy_HL_ag_m0
4tpr_HL_ag_m0	NGRGGMITTDFFDY	4tpr_HL_ag_m0
4tqe_HL_agA_m0	NGRGGMITTDFFDY	4tpr_HL_ag_m0
4trp_HL_ag_m0	VSGMEY	4trp_HL_ag_m0
4tsa_HL_agA_m0	AREGPGDSIDY	4tsa_HL_agA_m0
4tsb_HL_agA_m0	AREGRGDSFVY	4tsb_HL_agA_m0
4tsc_HL_agA_m0	AREGRGDSIDY	4tsc_HL_agA_m0
4ttd_CD_agB_m0	AREGPGDSIVY	4ttd_CD_agB_m0
4ttd_HL_agA_m0	AREGPGDSIVY	4ttd_CD_agB_m0
4tuj_AB_agE_m0	VSGMEY	4trp_HL_ag_m0
4tuj_CD_agF_m0	VSGMEY	4trp_HL_ag_m0
4tuk_HL_agI_m0	VSGMEY	4trp_HL_ag_m0
4tul_HL_agI_m0	VSGMEY	4trp_HL_ag_m0
4tuo_AB_agB_m0	VSGMEY	4trp_HL_ag_m0
4tuo_CD_agD_m0	VSGMEY	4trp_HL_ag_m0
4tvp_DE_agB_m0	AKGLLRDGTSSWLPYL	4toy_HL_ag_m0
4tvp_HL_agG_m0	ATTKHGRRIYGVVYTFWEKFAFYMDV	3jcb_CB_agA_m0
4tvs_aNA_agA_m0	AATFTPDGSWGRTYYSSYDY	4tvs_aNA_agA_m0
4tvs_bNA_agB_m0	AATFTPDGSWGRTYYSSYDY	4tvs_aNA_agA_m0
4tyu_ANA_ag_m0	AADLKMQVAAQNMYRSVDY	4tyu_ANA_ag_m0
4tyu_BNA_ag_m0	AADLKMQVAAQNMYRSVDY	4tyu_ANA_ag_m0
4u05_ANA_agNA_m0	AADLKMQVAAQNMYRSVDY	4tyu_ANA_ag_m0
4u05_BNA_agNA_m0	AADLKMQVAAQNMYRSVDY	4tyu_ANA_ag_m0
4u0r_BC_agA_m0	TRAIFDYAYGWYFDV	4u0r_BC_agA_m0
4u1g_BC_agA_m0	ARDGNGKDGGDAMDY	4u1g_BC_agA_m0
4u1g_EF_agD_m0	ARDGNGKDGGDAMDY	4u1g_BC_agA_m0
4u3x_ANA_agB_m0	AKYTSPPNQHGFDY	4pgj_ANA_agB_m0
4u3x_CNA_agD_m0	AKYTSPPNQHGFDY	4pgj_ANA_agB_m0
4u6g_AB_agC_m0	ARTGKYYDFWSEGPPYGEYFQD	7mfa_CD_agNA_m0
4u6g_HL_agP_m0	ARTGKYYDFWSEGPPYGEYFQD	7mfa_CD_agNA_m0
4u6h_AB_agE_m0	ARSDQTNYLFPY	4u6h_AB_agE_m0
4u6h_CD_agJ_m0	ARSDQTNYLFPY	4u6h_AB_agE_m0
4u6v_HL_agA_m0	ARDRYSPTYHGYGMDV	4u6v_HL_agA_m0
4u6v_KM_agB_m0	ARDRYSPTYHGYGMDV	4u6v_HL_agA_m0
4u7s_ANA_ag_m0	AADLKMQVAAQNMYRSVDY	4tyu_ANA_ag_m0
4u7s_BNA_ag_m0	AADLKMQVAAQNMYRSVDY	4tyu_ANA_ag_m0
4uao_CB_agA_m0	ARRGYGGSYEDFDY	4uao_CB_agA_m0
4ub0_HL_agNA_m0	SRWGGDGFYAMDY	3b9v_ANA_ag_m0
4ubd_CD_agB _ I_m0	ARDKVQGRVEGSGVGRHDY	4r8w_HL_agB _ A_m0
4ubd_GH_agF _ A_m0	ARDKVQGRVEGSGVGRHDY	4r8w_HL_agB _ A_m0
4ubd_KL_agJ _ E_m0	ARDKVQGRVEGSGVGRHDY	4r8w_HL_agB _ A_m0
4ubd_OP_agN _ Q_m0	ARDKVQGRVEGSGVGRHDY	4r8w_HL_agB _ A_m0
4ubd_ST_agR _ U_m0	ARDKVQGRVEGSGVGRHDY	4r8w_HL_agB _ A_m0
4ubd_YX_agV _ M_m0	ARDKVQGRVEGSGVGRHDY	4r8w_HL_agB _ A_m0
4uif_GH_agA_m0	ARRPQSIDFWNFDL	4uif_GH_agA_m0
4uif_IJ_agE_m0	ARRPQSIDFWNFDL	4uif_GH_agA_m0
4uif_KL_agC_m0	ARRPQSIDFWNFDL	4uif_GH_agA_m0
4uih_DE_agA_m0	ARRPQSIDFWNFDL	4uif_GH_agA_m0
4uih_FG_agC_m0	ARRPQSIDFWNFDL	4uif_GH_agA_m0
4uik_HL_ag_m0	TRERGLYYSGSSFDY	4uik_HL_ag_m0
4uil_HL_agH_m0	TRERGLYYSGSSFDY	4uik_HL_ag_m0
4uim_AB_ag_m0	TRERGLYYGGRSFDY	4uim_AB_ag_m0
4uim_CD_ag_m0	TRERGLYYGGRSFDY	4uim_AB_ag_m0
4uim_EF_ag_m0	TRERGLYYGGRSFDY	4uim_AB_ag_m0
4uim_HL_ag_m0	TRERGLYYGGRSFDY	4uim_AB_ag_m0
4uin_HL_agH_m0	TRERGLYYGGRSFDY	4uim_AB_ag_m0
4uok_AL_ag_m0	ARSLTFFDV	4uok_AL_ag_m0
4uom_HL_ag_m0	ARSLTFFDV	4uok_AL_ag_m0
4ut6_HL_agA_m0	ARDGVRYYYDSTGQFFNDPYYYGLDV	4ut6_HL_agA_m0
4ut6_IM_agB_m0	ARDGVRYYYDSTGQFFNDPYYYGLDV	4ut6_HL_agA_m0
4ut7_HL_ag_m0	VRDGVRFYYDSTGKFFSDPYYYGMDV	4ut7_HL_ag_m0
4ut9_HL_agA_m0	ARDKVDDYGDYLTPFWWYFDY	4ut9_HL_agA_m0
4ut9_IM_agB_m0	ARDKVDDYGDYLTPFWWYFDY	4ut9_HL_agA_m0
4ut9_JN_agD_m0	ARDKVDDYGDYLTPFWWYFDY	4ut9_HL_agA_m0
4ut9_KO_agC_m0	ARDKVDDYGDYLTPFWWYFDY	4ut9_HL_agA_m0
4uta_HL_agB_m0	VGGYSNFYYYYTMDV	7cbp_DE_agK _ Q_m0
4uta_IM_agA_m0	VGGYSNFYYYYTMDV	7cbp_DE_agK _ Q_m0
4utb_HL_agA_m0	VRDGVRFYYDSTGKFFSDPYYYGMDV	4ut7_HL_ag_m0
4utb_IM_agB_m0	VRDGVRFYYDSTGKFFSDPYYYGMDV	4ut7_HL_ag_m0
4uu9_AB_agC_m0	ARDDDYEEWYWPYGMDV	4uu9_AB_agC_m0
4uu9_HL_agD_m0	ARDDDYEEWYWPYGMDV	4uu9_AB_agC_m0
4uuj_AB_agC_m0	ARERGDGYFAV	1k4c_AB_agC_m0
4uv4_HL_ag_m0	TTDQLGYDFWNGYYYYLTDTYFGMDV	4uv4_HL_ag_m0
4uv7_HL_agA_m0	ARHGSPGYLTYAWDY	4lvh_BC_agA_m0
4v1d_AB_agC_m0	ARGGFGSFDT	4v1d_AB_agC_m0
4v1d_DE_agC_m0	AKDARDCLLDACWHFDL	4v1d_DE_agC_m0
4w2o_ANA_agB_m0	MYRNWGGGLDVY	4w2o_ANA_agB_m0
4w2o_CNA_agD_m0	MYRNWGGGLDVY	4w2o_ANA_agB_m0
4w2o_ENA_agF_m0	MYRNWGGGLDVY	4w2o_ANA_agB_m0
4w2o_GNA_agH_m0	MYRNWGGGLDVY	4w2o_ANA_agB_m0
4w2p_ANA_ag_m0	HEDPYGMESLRY	4w2p_ANA_ag_m0
4w2p_BNA_ag_m0	HEDPYGMESLRY	4w2p_ANA_ag_m0
4w2p_CNA_ag_m0	HEDPYGMESLRY	4w2p_ANA_ag_m0
4w2p_DNA_ag_m0	HEDPYGMESLRY	4w2p_ANA_ag_m0
4w2q_ANA_agB_m0	HEDPYGMESLRY	4w2p_ANA_ag_m0
4w2q_CNA_agD_m0	HEDPYGMESLRY	4w2p_ANA_ag_m0
4w2q_ENA_agF_m0	HEDPYGMESLRY	4w2p_ANA_ag_m0
4w2q_GNA_agH_m0	HEDPYGMESLRY	4w2p_ANA_ag_m0
4w68_ANA_agNA_m0	AADLKMQVAAQNMYRSVDY	4tyu_ANA_ag_m0
4w68_BNA_agNA_m0	AADLKMQVAAQNMYRSVDY	4tyu_ANA_ag_m0
4w6w_BNA_agA_m0	ATGPFVYGRGQGLCAFYSY	4w6w_BNA_agA_m0
4w6x_BNA_agA_m0	ALSSNSVCPVHGPAWYND	4w6x_BNA_agA_m0
4w6y_BNA_agA_m0	AAVREATYSDNSRVSCRYTYDY	4w6y_BNA_agA_m0
4w70_ANA_agNA_m0	AADLKMQVAAQNMYRSVDY	4tyu_ANA_ag_m0
4w81_ANA_agNA_m0	AADLKMQVAAQNMYRSVDY	4tyu_ANA_ag_m0
4wcy_HL_ag_m0	AEITTDFDV	4wcy_HL_ag_m0
4web_HL_agE_m0	ATSDYSYALDS	4web_HL_agE_m0
4wem_BNA_agA_m0	AASHWGTLILKGIEH	4wem_BNA_agA_m0
4wen_BNA_agA_m0	AATDWGTLILKGIDH	4wen_BNA_agA_m0
4weu_DNA_agB_m0	AAQKSLNPVAPWDY	4weu_DNA_agB_m0
4weu_ENA_agA_m0	AAQKSLNPVAPWDY	4weu_DNA_agB_m0
4wfe_ED_agA_m0	TRGNYVFDY	4i9w_ED_agA_m0
4wfe_GF_agB_m0	TRGNYVFDY	4i9w_ED_agA_m0
4wff_ED_agA_m0	TRGNYVFDY	4i9w_ED_agA_m0
4wff_GF_agB_m0	TRGNYVFDY	4i9w_ED_agA_m0
4wfg_ED_agA_m0	TRGNYVFDY	4i9w_ED_agA_m0
4wfg_GF_agB_m0	TRGNYVFDY	4i9w_ED_agA_m0
4wfh_ED_agA_m0	TRGNYVFDY	4i9w_ED_agA_m0
4wfh_GF_agB_m0	TRGNYVFDY	4i9w_ED_agA_m0
4wht_AB_aga_m0	TRMDY	4wht_AB_aga_m0
4wht_CD_agc_m0	TRMDY	4wht_AB_aga_m0
4wht_EF_age_m0	TRMDY	4wht_AB_aga_m0
4wht_GH_agg_m0	TRMDY	4wht_AB_aga_m0
4wht_IJ_agi_m0	TRMDY	4wht_AB_aga_m0
4wht_KL_agk_m0	TRMDY	4wht_AB_aga_m0
4wht_MN_agm_m0	TRMDY	4wht_AB_aga_m0
4wht_OP_ago_m0	TRMDY	4wht_AB_aga_m0
4wht_QR_agq_m0	TRMDY	4wht_AB_aga_m0
4wht_ST_ags_m0	TRMDY	4wht_AB_aga_m0
4wht_UV_agu_m0	TRMDY	4wht_AB_aga_m0
4wht_XY_agx_m0	TRMDY	4wht_AB_aga_m0
4why_GH_agD_m0	TRMDY	4wht_AB_aga_m0
4why_IJ_agA_m0	TRMDY	4wht_AB_aga_m0
4why_KL_agC_m0	TRMDY	4wht_AB_aga_m0
4why_MN_agB_m0	TRMDY	4wht_AB_aga_m0
4wuk_HL_ag_m0	ARGGLEPRSVYYYDYGMDV	4hk0_CD_ag_m0
4wuu_ED_agA _ C_m0	ARVQYSGYYDWFDP	4wuu_ED_agA _ C_m0
4wv1_BA_agC_m0	ARTYGIYDLYETYDVYVMDY	3grw_HL_agA_m0
4wv1_ED_agF_m0	ARTYGIYDLYETYDVYVMDY	3grw_HL_agA_m0
4wy7_HL_agP_m0	AREGTTGWGWIPKGLGAFAH	1tzg_HL_agP_m0
4x0k_AB_ag_m0	ARRGGSSYHYAMDY	3nn8_AB_ag_m0
4x0k_HL_ag_m0	ARRGGSSYHYAMDY	3nn8_AB_ag_m0
4x4x_AB_ag_m0	SRWGGDGFYAMDV	3b9v_ANA_ag_m0
4x4x_CD_ag_m0	SRWAMDV	4x4x_CD_ag_m0
4x7c_CNA_agA_m0	KREDYSAAYPPSGS	4x7c_CNA_agA_m0
4x7c_DNA_agB_m0	KREDYSAAYPPSGS	4x7c_CNA_agA_m0
4x7d_CNA_agB_m0	KREDYSAAYPPSGS	4x7c_CNA_agA_m0
4x7d_DNA_agA_m0	KREDYSAAYPPSGS	4x7c_CNA_agA_m0
4x7e_CNA_agA_m0	KREDYSAAYPPSGS	4x7c_CNA_agA_m0
4x7e_DNA_agB_m0	KREDYSAAYPPSGS	4x7c_CNA_agA_m0
4x7f_CNA_agA_m0	NRGISNP	4x7f_CNA_agA_m0
4x7f_DNA_agB_m0	NRGISNP	4x7f_CNA_agA_m0
4x7s_HL_ag_m0	ARGSHYFHGWHFAV	2xa8_HL_ag_m0
4x7t_AB_ag_m0	ARGSHYFHGWHFAV	2xa8_HL_ag_m0
4x7t_HL_ag_m0	ARGSHYFHGWHFAV	2xa8_HL_ag_m0
4x80_HL_ag_m0	TRTYYYGSYSGYCDV	4x80_HL_ag_m0
4x8j_AB_ag_m0	WGQGTLVTVSAAK	4x8j_AB_ag_m0
4x8j_HL_ag_m0	TSPFAY	4x8j_HL_ag_m0
4xak_DE_agB_m0	ARVGYCSSTRNCSGAFDI	4xak_DE_agB_m0
4xak_HL_agA_m0	ARVGYCSSTRNCSGAFDI	4xak_DE_agB_m0
4xaw_HL_agP_m0	AREGTTGKIPGAFAH	3lh2_IM_agT_m0
4xbe_HL_agP_m0	AREGTTLGIPKGAFAH	5x08_HL_agP_m0
4xbg_AB_agA_m0	AREGTTGWGWIPKGLGAFAH	1tzg_HL_agP_m0
4xbg_CD_ag_m0	AREGTTGWLIPKGGAFAH	4xcy_CD_ag_m0
4xbg_EF_ag_m0	AREGTTGGIPKGAFAH	5x08_HL_agP_m0
4xbg_GI_ag_m0	AREGTTLGIPKGAFAH	5x08_HL_agP_m0
4xbg_HL_agH_m0	AREGTTGWGWIPKGLGAFAH	1tzg_HL_agP_m0
4xbg_JK_ag_m0	AREGTTLGIPKGAFAH	5x08_HL_agP_m0
4xbp_AB_ag_m0	AREGTTGWGWIPKGLGAFAH	1tzg_HL_agP_m0
4xbp_CD_ag_m0	AREGTTGWGWIPKGLGAFAH	1tzg_HL_agP_m0
4xbp_EF_ag_m0	AREGTTGWGWIPKGLGAFAH	1tzg_HL_agP_m0
4xbp_HL_ag_m0	AREGTTGWGWIPKGLGAFAH	1tzg_HL_agP_m0
4xc1_HL_agP_m0	AREGTTGWGWIPKGLGAFAH	1tzg_HL_agP_m0
4xc3_HL_agP_m0	AREGTTGWGWIPKGLGAFAH	1tzg_HL_agP_m0
4xcc_HL_ag_m0	AREGTTGWGWIPKGLGAFAH	1tzg_HL_agP_m0
4xce_AB_ag_m0	AREGTTGWGWIPKGLGAFAH	1tzg_HL_agP_m0
4xce_CD_ag_m0	AREGTTGWGWIPKGLGAFAH	1tzg_HL_agP_m0
4xce_HL_ag_m0	AREGTTGWGWIPKGLGAFAH	1tzg_HL_agP_m0
4xcf_HL_agP_m0	AREGTTLGIPKGAFAH	5x08_HL_agP_m0
4xcn_AB_agA_m0	AREGTTGWGWIPKGLGAFAH	1tzg_HL_agP_m0
4xcn_CD_ag_m0	AREGTTGWGWIPKGLGAFAH	1tzg_HL_agP_m0
4xcn_EF_ag_m0	AREGTTGGIPKGAFAH	5x08_HL_agP_m0
4xcn_GI_ag_m0	AREGTTGLGIPKGAFAH	3lhp_HL_agS_m0
4xcn_HL_agH_m0	AREGTTGWGWIPKGLGAFAH	1tzg_HL_agP_m0
4xcn_JK_ag_m0	AREGTTGKIPGAFAH	3lh2_IM_agT_m0
4xcy_AB_agA_m0	AREGTTGWGWIPKGLGAFAH	1tzg_HL_agP_m0
4xcy_CD_ag_m0	AREGTTGWGIPKGGAFAH	4xcy_CD_ag_m0
4xcy_EF_agA_m0	AREGTTGWLIPKGGAFAH	4xcy_CD_ag_m0
4xcy_GI_ag_m0	AREGTTKIPGAFAH	4xcy_GI_ag_m0
4xcy_HL_agH_m0	AREGTTGWGWIPKGLGAFAH	1tzg_HL_agP_m0
4xcy_JK_ag_m0	AREGTTLGIPKGAFAH	5x08_HL_agP_m0
4xgz_AB_aga_m0	ARGYYGAAMDY	4xgz_AB_aga_m0
4xgz_CD_agc_m0	ARGYYGAAMDY	4xgz_AB_aga_m0
4xgz_EF_age_m0	ARGYYGAAMDY	4xgz_AB_aga_m0
4xgz_GI_agg_m0	ARGYYGAAMDY	4xgz_AB_aga_m0
4xgz_HL_agh_m0	ARGYYGAAMDY	4xgz_AB_aga_m0
4xgz_JK_agj_m0	ARGYYGAAMDY	4xgz_AB_aga_m0
4xgz_MN_agm_m0	ARGYYGAAMDY	4xgz_AB_aga_m0
4xgz_OP_ago_m0	ARGYYGAAMDY	4xgz_AB_aga_m0
4xgz_QR_agq_m0	ARGYYGAAMDY	4xgz_AB_aga_m0
4xgz_ST_ags_m0	ARGYYGAAMDY	4xgz_AB_aga_m0
4xgz_UV_agu_m0	ARGYYGAAMDY	4xgz_AB_aga_m0
4xgz_WX_agw_m0	ARGYYGAAMDY	4xgz_AB_aga_m0
4xh2_AB_aga_m0	ARTWYYGFDY	4xh2_AB_aga_m0
4xh2_CD_agc_m0	ARTWYYGFDY	4xh2_AB_aga_m0
4xh2_EF_age_m0	ARTWYYGFDY	4xh2_AB_aga_m0
4xh2_GI_agg_m0	ARTWYYGFDY	4xh2_AB_aga_m0
4xh2_HL_agh_m0	ARTWYYGFDY	4xh2_AB_aga_m0
4xh2_JK_agj_m0	ARTWYYGFDY	4xh2_AB_aga_m0
4xi5_DC_agB _ A_m0	ARSRGNHYYYGMDV	4xi5_DC_agB _ A_m0
4xmk_HL_agP_m0	ARENADYGSYYDFGMDV	4xmk_HL_agP_m0
4xmk_IM_agQ_m0	ARENADYGSYYDFGMDV	4xmk_HL_agP_m0
4xmk_JN_agR_m0	ARENADYGSYYDFGMDV	4xmk_HL_agP_m0
4xml_HL_ag_m0	ARENADYGSYYDFGMDV	4xmk_HL_agP_m0
4xmm_HL_agD _ C_m0	ARTGALDY	4xmm_HL_agD _ C_m0
4xmn_HL_agE_m0	ARYMDY	4xmn_HL_agE_m0
4xmp_HL_agG_m0	VRGRSCCGGRRHCNFCDAGNWDFQH	4xmp_HL_agG_m0
4xnm_BA_agD_m0	ARVALFDIGTLGWFDP	4gsd_HL_ag_m0
4xnm_HL_agC_m0	ARVALFDIGTLGWFDP	4gsd_HL_ag_m0
4xnq_BA_agD_m0	ARVALFDIGTLGWFDP	4gsd_HL_ag_m0
4xnq_HL_agC_m0	ARVALFDIGTLGWFDP	4gsd_HL_ag_m0
4xnu_HL_agA_m0	ARGEVRQRGFDY	4m48_HL_agA_m0
4xnx_HL_agA_m0	ARGEVRQRGFDY	4m48_HL_agA_m0
4xny_HL_agG_m0	VRGKSCCNGRRYCNFCDAGNWDFEY	4xny_HL_agG_m0
4xnz_BC_agA_m0	VRKGPSCPHDGCFHWQH	4s1q_HL_agG_m0
4xnz_EF_agD_m0	VRKGPSCPHDGCFHWQH	4s1q_HL_agG_m0
4xnz_HL_agG_m0	VRKGPSCPHDGCFHWQH	4s1q_HL_agG_m0
4xp1_HL_agA_m0	ARGEVRQRGFDY	4m48_HL_agA_m0
4xp4_HL_agA_m0	ARGEVRQRGFDY	4m48_HL_agA_m0
4xp5_HL_agA_m0	ARGEVRQRGFDY	4m48_HL_agA_m0
4xp6_HL_agA_m0	ARGEVRQRGFDY	4m48_HL_agA_m0
4xp9_HL_agC_m0	ARGEVRQRGFDY	4m48_HL_agA_m0
4xpa_HL_agA_m0	ARGEVRQRGFDY	4m48_HL_agA_m0
4xpb_HL_ag_m0	ARGEVRQRGFDY	4m48_HL_agA_m0
4xpf_HL_agA_m0	ARGEVRQRGFDY	4m48_HL_agA_m0
4xph_HL_agA_m0	ARGEVRQRGFDY	4m48_HL_agA_m0
4xpt_HL_ag_m0	ARGEVRQRGFDY	4m48_HL_agA_m0
4xrc_BA_agD_m0	ARVALFDIGTLGWFDP	4gsd_HL_ag_m0
4xrc_HL_agC_m0	ARVALFDIGTLGWFDP	4gsd_HL_ag_m0
4xt1_CNA_agA_m0	NAEETIVEEADY	4xt1_CNA_agA_m0
4xtr_CD_agB_m0	ARGRWYRRALDY	4xtr_CD_agB_m0
4xtr_EF_agA_m0	ARGRWYRRALDY	4xtr_CD_agB_m0
4xvj_HL_agA_m0	ARAVVSSDITSWYTYKYFDY	4xvj_HL_agA_m0
4xvs_HL_agG_m0	ARGKYCTASNYYDWDFEH	4xvs_HL_agG_m0
4xvt_HL_agG_m0	ARGKYCTASNYYDWDFEH	4xvs_HL_agG_m0
4xvu_CD_agB_m0	ARGRWYRRALDY	4xtr_CD_agB_m0
4xvu_EF_agA_m0	ARGRWYRRALDY	4xtr_CD_agB_m0
4xvu_IJ_agH_m0	ARGRWYRRALDY	4xtr_CD_agB_m0
4xvu_KL_agG_m0	ARGRWYRRALDY	4xtr_CD_agB_m0
4xwg_HL_agA_m0	AREGAAVRSFYSYYYGMDV	4xwg_HL_agA_m0
4xwo_CD_agA_m0	ARGRWYRRALDY	4xtr_CD_agB_m0
4xwo_EF_agB_m0	ARGRWYRRALDY	4xtr_CD_agB_m0
4xwo_IJ_agG_m0	ARGRWYRRALDY	4xtr_CD_agB_m0
4xwo_KL_agH_m0	ARGRWYRRALDY	4xtr_CD_agB_m0
4xwo_OP_agM_m0	ARGRWYRRALDY	4xtr_CD_agB_m0
4xwo_QR_agN_m0	ARGRWYRRALDY	4xtr_CD_agB_m0
4xwo_UV_agS_m0	ARGRWYRRALDY	4xtr_CD_agB_m0
4xwo_WX_agT_m0	ARGRWYRRALDY	4xtr_CD_agB_m0
4xx1_EG_agB_m0	AREGAAVRSFYSYYYGMDV	4xwg_HL_agA_m0
4xx1_HL_agA_m0	AREGAAVRSFYSYYYGMDV	4xwg_HL_agA_m0
4xx1_MO_agJ_m0	AREGAAVRSFYSYYYGMDV	4xwg_HL_agA_m0
4xxd_BA_agC_m0	ASGDY	4xxd_BA_agC_m0
4xxd_ED_agF_m0	ASGDY	4xxd_BA_agC_m0
4xzu_AB_agM_m0	AREDDGLAS	4ki5_CD_agM_m0
4xzu_EF_agG_m0	AREDDGLAS	4ki5_CD_agM_m0
4y5v_AB_agC_m0	ARVSRGGSYSD	4y5y_AB_agC_m0
4y5v_DE_agF_m0	ARVSRGGSYSD	4y5y_AB_agC_m0
4y5v_GH_agI_m0	ARVSRGGSYSD	4y5y_AB_agC_m0
4y5x_AB_agC_m0	VKDRVAVAGSGKYYFDS	4y5x_AB_agC_m0
4y5x_DE_agF_m0	VKDRVAVAGSGKYYFDS	4y5x_AB_agC_m0
4y5x_GH_agI_m0	VKDRVAVAGSGKYYFDS	4y5x_AB_agC_m0
4y5x_JK_agL_m0	VKDRVAVAGSGKYYFDS	4y5x_AB_agC_m0
4y5y_AB_agC_m0	ARVSRGGSFSD	4y5y_AB_agC_m0
4y5y_DE_agF_m0	ARVSRGGSFSD	4y5y_AB_agC_m0
4y7m_ANA_agC_m0	AAVNAQGIYCTPGIIYDYGMDY	4qgy_ANA_ag_m0
4y7m_BNA_agD_m0	AAVNAQGIYCTPGIIYDYGMDY	4qgy_ANA_ag_m0
4y8d_CNA_agA_m0	ATTTDCAAFREVATAIT	4c58_BNA_agA_m0
4y8d_DNA_agB_m0	ATTTDCAAFREVATAIT	4c58_BNA_agA_m0
4yaq_AB_agB_m0	VREAGGPDYRNGYYYNYYGDYFDHYMDV	3u2s_AB_agC_m0
4yaq_HL_agL_m0	VREAGGPDYRNGYYYNYYGDYFDHYMDV	3u2s_AB_agC_m0
4ybl_BC_agA_m0	ARGTRLRTRLNAFDI	3tnm_AB_ag_m0
4ybl_HL_agG_m0	ARGTRLRTRLNAFDI	3tnm_AB_ag_m0
4ybq_DC_agB_m0	ARGNGYYDALDY	4ybq_DC_agB_m0
4ybq_FE_agA_m0	ARGNGYYDALDY	4ybq_DC_agB_m0
4yc2_BC_agA_m0	ARGTRLRTRLNAFDI	3tnm_AB_ag_m0
4yc2_HL_agG_m0	ARGTRLRTRLNAFDI	3tnm_AB_ag_m0
4ydi_HL_agG_m0	ARDRLYDGSSWRLDP	4ydi_HL_agG_m0
4ydj_AB_agI_m0	ARERGRHFEPKNGELNDRKFFDL	4ydj_AB_agI_m0
4ydj_HL_agG_m0	ARERGRHFEPKNGELNDRKFFDL	4ydj_AB_agI_m0
4ydk_HL_agG_m0	VRVTFYHEGSGGARYYYNYFDS	4ydk_HL_agG_m0
4ydl_BC_agA_m0	ARGFAGYEWSFI	4ydl_BC_agA_m0
4ydl_HL_agG_m0	ARGFAGYEWSFI	4ydl_BC_agA_m0
4ydv_BA_agQ_m0	ARADGLTYFSQLLEYIFDL	4ydv_BA_agQ_m0
4ydv_HL_agP_m0	ARADGLTYFSQLLEYIFDL	4ydv_BA_agQ_m0
4ye4_HL_agG_m0	VKDQTIFHKNGFFDVASYFDL	4ye4_HL_agG_m0
4yfl_FI_agE_m0	ARAEAASDSPRSHIMFDH	4yfl_FI_agE_m0
4yfl_HL_agG_m0	ARAEAASDSPRSHIMFDH	4yfl_FI_agE_m0
4yga_BNA_agA_m0	AATREFCSVYAFLYEH	4yga_BNA_agA_m0
4yga_DNA_agC_m0	AATREFCSVYAFLYEH	4yga_BNA_agA_m0
4yga_FNA_agE_m0	AATREFCSVYAFLYEH	4yga_BNA_agA_m0
4yga_HNA_agG_m0	AATREFCSVYAFLYEH	4yga_BNA_agA_m0
4ygv_AB_ag_m0	TIGTSGYDYFDY	4yhn_AB_ag_m0
4ygv_FL_ag_m0	TIGTSGYDYFDY	4yhn_AB_ag_m0
4yhi_AB_agA_m0	TIGTSGYDYFDY	4yhn_AB_ag_m0
4yhi_HL_agH_m0	TIGTSGYDYFDY	4yhn_AB_ag_m0
4yhk_HL_agH_m0	TIGTSGYDYFDY	4yhn_AB_ag_m0
4yhl_HL_ag_m0	TIGTSGYDYFDY	4yhn_AB_ag_m0
4yhm_HL_agH_m0	TIGTSGYDYFDY	4yhn_AB_ag_m0
4yhn_AB_ag_m0	TIGTSGWDYFDY	4yhn_AB_ag_m0
4yhn_FL_ag_m0	TIGTSGWDYFDY	4yhn_AB_ag_m0
4yho_HL_agH_m0	TIGTSGWDYFDY	4yhn_AB_ag_m0
4yhp_AB_ag_m0	AREFHSGGLWHFDL	4yhp_AB_ag_m0
4yhp_CD_agQ_m0	AREFHSGGLWHFDL	4yhp_AB_ag_m0
4yhp_EF_ag_m0	AREFHSGGLWHFDL	4yhp_AB_ag_m0
4yhp_HL_agP_m0	AREFHSGGLWHFDL	4yhp_AB_ag_m0
4yhy_BC_ag_m0	AREFHSGGLWHFDL	4yhp_AB_ag_m0
4yhy_HL_ag_m0	AREFHSGGLWHFDL	4yhp_AB_ag_m0
4yhz_HL_agP_m0	ARNFVRGGFWHFDL	4yhz_HL_agP_m0
4yk4_CB_agA_m0	ARRRSDFETVYIFDHYMDV	4yk4_CB_agA_m0
4yk4_ZY_agE_m0	ARRRSDFETVYIFDHYMDV	4yk4_CB_agA_m0
4yny_AB_ag_m0	AKTSRVYFDY	4yny_AB_ag_m0
4yny_CD_ag_m0	AKTSRVYFDY	4yny_AB_ag_m0
4yo0_AB_agE_m0	AKTSRVYFDY	4yny_AB_ag_m0
4yo0_CD_agF_m0	AKTSRVYFDY	4yny_AB_ag_m0
4ypg_BA_agC_m0	ARDPIAAGY	4ypg_BA_agC_m0
4ypg_HL_agD_m0	ARDPIAAGY	4ypg_BA_agC_m0
4yqx_HL_agA_m0	ARSLDSTIYYPFAY	4yqx_HL_agA_m0
4yqx_NO_agM_m0	ARSLDSTIYYPFAY	4yqx_HL_agA_m0
4yr6_AB_agC_m0	ARLFTTTSTGYFDV	4yr6_AB_agC_m0
4yr6_DE_agF_m0	ARLFTTTSTGYFDV	4yr6_AB_agC_m0
4yue_HL_agC_m0	TTVTFYYSLERRWFAY	4yue_HL_agC_m0
4ywg_HL_agG_m0	ARAPSGYPGVYQYLSYGLDV	4ywg_HL_agG_m0
4ywg_IM_agQ_m0	ARAPSGYPGVYQYLSYGLDV	4ywg_HL_agG_m0
4yx2_HL_agA_m0	SRSGYGYYAMEY	4dgi_HL_agA_m0
4yxh_HL_agA_m0	SRSGYGYYAMEY	4dgi_HL_agA_m0
4yxk_HL_agA_m0	SRSGYGYYAMEY	4dgi_HL_agA_m0
4yxl_HL_agA_m0	SRSGYGYYAMEY	4dgi_HL_agA_m0
4yzf_EF_agA_m0	ARAYYGNYGGYYFDY	4yzf_EF_agA_m0
4yzf_GH_agB_m0	ARAYYGNYGGYYFDY	4yzf_EF_agA_m0
4yzf_IJ_agC_m0	ARAYYGNYGGYYFDY	4yzf_EF_agA_m0
4yzf_KL_agD_m0	ARAYYGNYGGYYFDY	4yzf_EF_agA_m0
4z0b_HL_ag_m0	ARHNYYGGIRYSMDY	4z0b_HL_ag_m0
4z0x_BA_agC_m0	ARGPLSRGYYDY	4jzn_AB_ag_m0
4z5r_BA_agN_m0	ASWISDFFDY	4z5r_BA_agN_m0
4z5r_KJ_agD_m0	ASWISDFFDY	4z5r_BA_agN_m0
4z5r_ML_agE_m0	ASWISDFFDY	4z5r_BA_agN_m0
4z5r_QP_agG_m0	ASWISDFFDY	4z5r_BA_agN_m0
4z5r_SR_agH_m0	ASWISDFFDY	4z5r_BA_agN_m0
4z5r_UT_agI_m0	ASWISDFFDY	4z5r_BA_agN_m0
4z5r_WV_agF_m0	ASWISDFFDY	4z5r_BA_agN_m0
4z5r_ZY_agX_m0	ASWISDFFDY	4z5r_BA_agN_m0
4z7n_EF_agC_m0	VRPLYDYYAMDY	2vc2_HL_agA_m0
4z7n_HL_agA _ D_m0	VRPLYDYYAMDY	2vc2_HL_agA_m0
4z7o_EF_agC_m0	VRPLYDYYAMDY	2vc2_HL_agA_m0
4z7o_HL_agA _ D_m0	VRPLYDYYAMDY	2vc2_HL_agA_m0
4z7q_EF_agC_m0	VRPLYDYYAMDY	2vc2_HL_agA_m0
4z7q_HL_agA _ D_m0	VRPLYDYYAMDY	2vc2_HL_agA_m0
4z8f_HL_agE _ A_m0	VRHRGAPLYGNGYAWFAY	4odt_HL_agH_m0
4z95_HL_ag_m0	VRHRGAPLYGNGYAWFAY	4odt_HL_agH_m0
4z9k_BNA_agA_m0	ASRPCFLGLPVIDFGS	4z9k_BNA_agA_m0
4zd3_HL_ag_m0	ARPHYYDLSDAFDI	4zd3_HL_ag_m0
4zff_AB_agC_m0	ARFVFFLPYAMDY	2fjf_BA_ag_m0
4zff_HL_agD_m0	ARFVFFLPYAMDY	2fjf_BA_ag_m0
4zfg_HL_agA_m0	ARFVFFLPYAMDY	2fjf_BA_ag_m0
4zfo_AB_agF_m0	ASLYYDYGDAMDY	8qya_HL_agA_m0
4zfo_HL_agK_m0	ASLYYDYGDAMDY	8qya_HL_agA_m0
4zg1_ANA_ag_m0	NARVGITMLAH	4zg1_ANA_ag_m0
4zg1_BNA_ag_m0	NARVGITMLAH	4zg1_ANA_ag_m0
4zg1_CNA_ag_m0	NARVGITMLAH	4zg1_ANA_ag_m0
4zg1_DNA_ag_m0	NARVGITMLAH	4zg1_ANA_ag_m0
4zg1_ENA_ag_m0	NARVGITMLAH	4zg1_ANA_ag_m0
4zg1_FNA_ag_m0	NARVGITMLAH	4zg1_ANA_ag_m0
4zpt_AB_agR_m0	VRDGNSMDY	4zpt_AB_agR_m0
4zpt_HL_agS_m0	VRDGNSMDY	4zpt_AB_agR_m0
4zpv_AB_agS_m0	VRDGNSMDY	4zpt_AB_agR_m0
4zpv_HL_agR_m0	VRDGNSMDY	4zpt_AB_agR_m0
4zs6_CD_agB_m0	VRDRDDFSWGYYKH	4zs6_CD_agB_m0
4zs6_HL_agA_m0	VRDRDDFSWGYYKH	4zs6_CD_agB_m0
4zs7_HL_agA_m0	ARDPDVVGTFHYDY	4zs7_HL_agA_m0
4zso_BA_agE_m0	AREGLGALLRDLYY	4zso_BA_agE_m0
4zso_DC_agF_m0	AREGLGALLRDLYY	4zso_BA_agE_m0
4zto_HL_agP_m0	ARGDTYGYGVTDYALNL	4zto_HL_agP_m0
4zto_IM_agQ_m0	ARGDTYGYGVTDYALNL	4zto_HL_agP_m0
4ztp_HL_ag_m0	ARGDTYGYGVTDYALNL	4zto_HL_agP_m0
4zxb_AB_agE_m0	ARDPYGSKPMDY	3w11_CD_agE_m0
4zxb_CD_agE_m0	AREWAY	4zxb_CD_agE_m0
4zyk_AB_ag_m0	ARDRIVDDYYYYGMDV	4zyk_AB_ag_m0
4zyk_HL_ag_m0	ARDRIVYYYGMDV	4zyk_HL_ag_m0
4zyp_DE_agC_m0	ARDRIVDDYYYYGMDV	4zyk_AB_ag_m0
4zyp_FG_agB_m0	ARDRIVDDYYYYGMDV	4zyk_AB_ag_m0
4zyp_HI_agA_m0	ARDRIVDDYYYYGMDV	4zyk_AB_ag_m0
4zyp_JL_agC_m0	ARDMIFNFYFDV	3ixt_AB_agC_m0
4zyp_KM_agA_m0	ARDMIFNFYFDV	3ixt_AB_agC_m0
4zyp_NO_agB_m0	ARDMIFNFYFDV	3ixt_AB_agC_m0
5a16_AB_ag_m0	ARAYYGNYGGYYFDY	4yzf_EF_agA_m0
5a16_CD_ag_m0	ARAYYGNYGGYYFDY	4yzf_EF_agA_m0
5a16_EF_ag_m0	ARAYYGNYGGYYFDY	4yzf_EF_agA_m0
5a16_GH_ag_m0	ARAYYGNYGGYYFDY	4yzf_EF_agA_m0
5a1z_GH_agA_m0	ARRPQSIDFWNFDL	4uif_GH_agA_m0
5a1z_IJ_agE_m0	ARRPQSIDFWNFDL	4uif_GH_agA_m0
5a1z_KL_agC_m0	ARRPQSIDFWNFDL	4uif_GH_agA_m0
5a2j_Hh_agP_m0	TGVGQFAY	1sm3_HL_agP_m0
5a2k_Hh_agP_m0	TGVGQFAY	1sm3_HL_agP_m0
5a2l_Hh_agP_m0	TGVGQFAY	1sm3_HL_agP_m0
5a3i_CD_agA_m0	ARHASCSARWYCSGPVDY	5a3i_CD_agA_m0
5a3i_GH_agE_m0	ARHASCSARWYCSGPVDY	5a3i_CD_agA_m0
5a7x_DC_agA_m0	AGVYEGEADEGNNDYEGFLKH	1gc1_HL_agG_m0
5a7x_HG_agE_m0	AGVYEGEADEGNNDYEGFLKH	1gc1_HL_agG_m0
5a7x_LK_agI_m0	AGVYEGEADEGNNDYEGFLKH	1gc1_HL_agG_m0
5a7x_NM_agA_m0	TTTSTYDKWSGVGDHHLMAFSS	5cjx_AC_agJ _ K_m0
5a7x_PO_agE_m0	TTTSTYDKWSGVGDHHLMAFSS	5cjx_AC_agJ _ K_m0
5a7x_RQ_agI_m0	TTTSTYDKWSGVGDHHLMAFSS	5cjx_AC_agJ _ K_m0
5a8h_DC_agA_m0	AGVYEGEADEGNNDYEGFLKH	1gc1_HL_agG_m0
5a8h_FE_agA _ B_m0	TTTSTYDKWSGVGDHHLMAFSS	5cjx_AC_agJ _ K_m0
5a8h_JI_agG_m0	AGVYEGEADEGNNDYEGFLKH	1gc1_HL_agG_m0
5a8h_LK_agG_m0	TTTSTYDKWSGVGDHHLMAFSS	5cjx_AC_agJ _ K_m0
5a8h_PO_agM_m0	AGVYEGEADEGNNDYEGFLKH	1gc1_HL_agG_m0
5a8h_RQ_agM_m0	TTTSTYDKWSGVGDHHLMAFSS	5cjx_AC_agJ _ K_m0
5aam_Aa_agC_m0	ARGWEGFAY	5aam_Aa_agC_m0
5aam_Bb_agJ_m0	ARGWEGFAY	5aam_Aa_agC_m0
5aaw_Aa_agC_m0	ARGWEGFAY	5aam_Aa_agC_m0
5aaw_Bb_agJ_m0	ARGWEGFAY	5aam_Aa_agC_m0
5aaw_Dd_agE_m0	ARGWEGFAY	5aam_Aa_agC_m0
5aaw_Ff_agG_m0	ARGWEGFAY	5aam_Aa_agC_m0
5aaw_Hh_agI_m0	ARGWEGFAY	5aam_Aa_agC_m0
5aaw_Kk_agL_m0	ARGWEGFAY	5aam_Aa_agC_m0
5aco_GJ_agC_m0	ARFGGEVLRYTPKPWDAWVDL	3twc_HL_agH_m0
5aco_HL_agA_m0	ARFGGEVLRYTPKPWDAWVDL	3twc_HL_agH_m0
5aco_IK_agD_m0	ARFGGEVLRYTPKPWDAWVDL	3twc_HL_agH_m0
5ado_HL_agL_m0	AGLTNDAN	5ado_HL_agL_m0
5adp_HL_ag_m0	AGLTAN	5adp_HL_ag_m0
5alb_HL_agL_m0	ARGSFDYYFWSNPPHSADALAI	5alb_HL_agL_m0
5alc_HL_agL_m0	ARGSHLYNPDALAI	5alc_HL_agL_m0
5anm_BA_agG_m0	ATVMGKWKIGGYDY	5anm_BA_agG_m0
5anm_DC_agE_m0	ATVMGKWKIGGYDY	5anm_BA_agG_m0
5anm_HL_agF_m0	ATVMGGGYDY	5anm_HL_agF_m0
5any_IM_agB _ A_m0	VRDYFISLDY	5any_IM_agB _ A_m0
5any_JN_agD _ C_m0	VRDYFISLDY	5any_IM_agB _ A_m0
5any_KO_agF _ E_m0	VRDYFISLDY	5any_IM_agB _ A_m0
5any_LP_agH _ G_m0	VRDYFISLDY	5any_IM_agB _ A_m0
5aum_AB_agD_m0	TAEVATD	5aum_AB_agD_m0
5aum_HL_agC_m0	TAEVATD	5aum_AB_agD_m0
5awn_HL_ag_m0	ARSMRPVDHGILGSYDFVFHF	5awn_HL_ag_m0
5ayu_HL_ag_m0	ANWDGDY	1c08_BA_agC_m0
5az2_HL_ag_m0	SRGGGDPVFVY	5az2_HL_ag_m0
5aze_HL_ag_m0	ARDDPGGEGYYFDY	5aze_HL_ag_m0
5b3j_EF_agC_m0	ARPSRGGSYSWYFDV	5b3j_EF_agC_m0
5b3j_HL_agD_m0	ARPSRGGSYSWYFDV	5b3j_EF_agC_m0
5b3n_Aa_ag_m0	ARHGVRHVRDYFDY	5b3n_Aa_ag_m0
5b4m_CD_ag_m0	TRHPLIYGHNYLDY	5b4m_CD_ag_m0
5b4m_HL_ag_m0	TRHPLIYGHNYLDY	5b4m_CD_ag_m0
5b71_BA_agE_m0	ASDAGYDYTPHAMHY	5b71_BA_agE_m0
5b71_DC_agF_m0	ASDAGYDYTPHAMHY	5b71_BA_agE_m0
5b8c_BA_agC_m0	ARRDYRFDMGFDY	5b8c_BA_agC_m0
5b8c_ED_agF_m0	ARRDYRFDMGFDY	5b8c_BA_agC_m0
5b8c_HG_agI_m0	ARRDYRFDMGFDY	5b8c_BA_agC_m0
5b8c_KJ_agL_m0	ARRDYRFDMGFDY	5b8c_BA_agC_m0
5bjz_CL_agA_m0	AREYHSYWSYRPWWSVGLDY	5bjz_CL_agA_m0
5bjz_DH_agB_m0	AREYHSYWSYRPWWSVGLDY	5bjz_CL_agA_m0
5bk0_BA_agE_m0	TTLLIYEDSVGVDF	5bk0_BA_agE_m0
5bk0_DC_ag_m0	TTLLIYEDSVGVDF	5bk0_BA_agE_m0
5bk1_CD_agB_m0	AREYHSYVYLPPEYGMDY	5bk1_CD_agB_m0
5bk1_HL_agA_m0	AREYHSYVYLPPEYGMDY	5bk1_CD_agB_m0
5bk2_CD_agB_m0	ARYKYPYWSWWYYYGGMDY	5bk2_CD_agB_m0
5bk2_HL_agA_m0	ARYKYPYWSWWYYYGGMDY	5bk2_CD_agB_m0
5bk3_AB_agB_m0	AKDPGGDSSRGAPTWFDP	5bk3_AB_agB_m0
5bk3_CD_agD_m0	AKDPGGDSSRGAPTWFDP	5bk3_AB_agB_m0
5bk3_EF_agF_m0	AKDPGGDSSRGAPTWFDP	5bk3_AB_agB_m0
5bk3_HL_agL_m0	AKDPGGDSSRGAPTWFDP	5bk3_AB_agB_m0
5bk5_BA_ag_m0	TTLLILEDSVGVDY	5bk5_BA_ag_m0
5bk5_DC_ag_m0	TTLLILEDSVGVDY	5bk5_BA_ag_m0
5bk5_FE_ag_m0	TTLLILEDSVGVDY	5bk5_BA_ag_m0
5bk5_HG_ag_m0	TTLLILEDSVGVDY	5bk5_BA_ag_m0
5bo1_HL_agB_m0	ARAGTLFAY	5bo1_HL_agB_m0
5bo1_IM_agA_m0	ARAGTLFAY	5bo1_HL_agB_m0
5bop_ANA_agB_m0	AARRWLGGSPDFYGNYDF	5bop_ANA_agB_m0
5bop_CNA_agD_m0	AARRWLGGSPDFYGNYDF	5bop_ANA_agB_m0
5boz_GNA_agA_m0	ADNKFVRGLVARVAIDYDY	5boz_GNA_agA_m0
5boz_HNA_agB_m0	ADNKFVRGLVARVAIDYDY	5boz_GNA_agA_m0
5boz_INA_agC_m0	ADNKFVRGLVARVAIDYDY	5boz_GNA_agA_m0
5boz_JNA_agD_m0	ADNKFVRGLVARVAIDYDY	5boz_GNA_agA_m0
5boz_KNA_agE_m0	ADNKFVRGLVARVAIDYDY	5boz_GNA_agA_m0
5boz_LNA_agF_m0	ADNKFVRGLVARVAIDYDY	5boz_GNA_agA_m0
5bq7_AB_ag_m0	AREGGARGFDY	5bq7_AB_ag_m0
5bv7_CB_agA_m0	AREGAAVRSFYSYYYGMDV	4xwg_HL_agA_m0
5bv7_HL_agA_m0	ARERGYCSSSCSTRVMDV	5bv7_HL_agA_m0
5bvj_BA_ag_m0	ARDLRTGPFDY	4g5z_HL_ag_m0
5bvj_DC_ag_m0	ARDLRTGPFDY	4g5z_HL_ag_m0
5bvj_FE_ag_m0	ARDLRTGPFDY	4g5z_HL_ag_m0
5bvj_HG_ag_m0	ARDLRTGPFDY	4g5z_HL_ag_m0
5bvp_HL_agI_m0	ARDLRTGPFDY	4g5z_HL_ag_m0
5bzd_BA_ag_m0	ARGGRKVYHAYNVYGSWNCFDP	7rdm_BA_agC_m0
5bzd_DC_ag_m0	ARGGRKVYHAYNVYGSWNCFDP	7rdm_BA_agC_m0
5bzw_BA_agB_m0	ARGGRKVYHAYNVYGSWNCFDP	7rdm_BA_agC_m0
5c0n_CD_agB_m0	ARPDNDGTSLYGSGFGL	5c0n_CD_agB_m0
5c0n_HL_agA_m0	ARPDNDGTSLYGSGFGL	5c0n_CD_agB_m0
5c0r_HL_agA_m0	ARPKGYFPYAMDY	4hlz_GH_agB _ A_m0
5c0s_HL_agA_m0	AKHMGYQRVETMDV	3gbm_HL_agB _ A_m0
5c1m_BNA_agA_m0	AARAPVDYDY	5c1m_BNA_agA_m0
5c2b_HL_ag_m0	AREPDYYDSSIPYYGDAFDI	5c2b_HL_ag_m0
5c2u_BNA_agA_m0	AADRRQRWGPYASLYYLEYVY	5c2u_BNA_agA_m0
5c3l_DNA_agC _ A _ B_m0	ANQYG	5c3l_DNA_agC _ A _ B_m0
5c6t_HL_agA_m0	ATRWNYFFDFDY	5c6t_HL_agA_m0
5c6w_Hh_ag_m0	AREPDYYDSSIPYYGDAFDI	5c2b_HL_ag_m0
5c6w_Jj_ag_m0	AREPDYYDSSIPYYGDAFDI	5c2b_HL_ag_m0
5c7k_AB_agC_m0	ARFGGEVLRYTPKPWDAWVDL	3twc_HL_agH_m0
5c7k_EF_agC _ D_m0	TTTSTYDKWSGVGDHHLMAFSS	5cjx_AC_agJ _ K_m0
5c7x_HL_agA_m0	ARGFGTDF	5c7x_HL_agA_m0
5c7x_MN_agB_m0	ARGFGTDF	5c7x_HL_agA_m0
5c8j_AB_agI_m0	ARGIWSYWYMVNDHPYYGMDY	5c8j_AB_agI_m0
5c8j_CD_agL_m0	ARGIWSYWYMVNDHPYYGMDY	5c8j_AB_agI_m0
5c8j_EF_agJ_m0	ARGIWSYWYMVNDHPYYGMDY	5c8j_AB_agI_m0
5c8j_GH_agK_m0	ARGIWSYWYMVNDHPYYGMDY	5c8j_AB_agI_m0
5cba_AB_agE_m0	AREPDYYDSSIPYYGDAFDI	5c2b_HL_ag_m0
5cba_CD_agF_m0	AREPDYYDSSIPYYGDAFDI	5c2b_HL_ag_m0
5cbe_AB_agE_m0	AREPDYYDSSIPYYGDAFDI	5c2b_HL_ag_m0
5cbe_CD_agF_m0	AREPDYYDSSIPYYGDAFDI	5c2b_HL_ag_m0
5cck_HL_ag_m0	ARPMRPVSHGILGSYDFVFQF	5cck_HL_ag_m0
5cd3_AB_ag_m0	VTSRTKDYDWDFV	5cd3_AB_ag_m0
5cd3_CD_ag_m0	VTSRTKDYDWDFV	5cd3_AB_ag_m0
5cd3_EF_ag_m0	VTSRTKDYDWDFV	5cd3_AB_ag_m0
5cd3_GH_ag_m0	VTSRTKDYDWDFV	5cd3_AB_ag_m0
5cd5_CD_agA_m0	VTSRTKDYDWDFV	5cd3_AB_ag_m0
5cex_BA_ag_m0	ARTQHGRRIYGIVYTFWERFAFYMDV	4fq1_HL_ag_m0
5cex_DC_ag_m0	ARTQHGRRIYGIVYTFWERFAFYMDV	4fq1_HL_ag_m0
5cey_BA_ag_m0	ATARRGQRIYGVVYYFFEGFSYYMDV	4r26_HL_ag_m0
5cey_DC_ag_m0	ATARRGQRIYGVVYYFFEGFSYYMDV	4r26_HL_ag_m0
5cez_DE_agB_m0	AKGLLRDGTSSWLPYL	4toy_HL_ag_m0
5cez_HL_agG_m0	ARAQQGKRIYGMVYYFFEGFSYYMDV	5cez_HL_agG_m0
5cgy_CD_ag_m0	ATYYVDLWGSYDQRYYGMDV	5cgy_CD_ag_m0
5cgy_HL_ag_m0	ATYYVDLWGSYDQRYYGMDV	5cgy_CD_ag_m0
5chn_AB_ag_m0	ARGAHRSITGTPLDS	5chn_AB_ag_m0
5chn_HL_ag_m0	ARGAHRSITGTPLDS	5chn_AB_ag_m0
5cil_HL_agP_m0	AREGTTGDGDIPKGLGAFAH	1tzg_HL_agP_m0
5cin_HL_agP_m0	AREGTTGSGIPKGGAFAH	4xcy_CD_ag_m0
5cip_AB_ag_m0	AREGTTGWGWIPKGLGAFAH	1tzg_HL_agP_m0
5cip_HL_ag_m0	AREGTTGWGWIPKGLGAFAH	1tzg_HL_agP_m0
5cjo_HL_agA_m0	ARDRVMYYWSFPYGYKSYGMDY	4iof_CD_agA_m0
5cjq_HL_agB _ A_m0	ARHGNYYYYSGMDV	4fqh_AB_ag_m0
5cjs_FE_agK _ J_m0	ARHGNYYYYSGMDV	4fqh_AB_ag_m0
5cjs_HL_agD _ C_m0	ARHGNYYYYSGMDV	4fqh_AB_ag_m0
5cjx_AC_agJ _ K_m0	TTTSTYDRWSGVGDHHLMAFSS	5cjx_AC_agJ _ K_m0
5cjx_DE_agX _ Y_m0	TTTSTYDRWSGVGDHHLMAFSS	5cjx_AC_agJ _ K_m0
5cjx_HL_agB _ G_m0	TTTSTYDRWSGVGDHHLMAFSS	5cjx_AC_agJ _ K_m0
5cma_BA_ag_m0	ARQTTATWFAY	5cma_BA_ag_m0
5cp3_HA_agA_m0	ARYGGY	5cp3_HA_agA_m0
5cp7_BC_ag_m0	ARYGGY	5cp3_HA_agA_m0
5cp7_DE_ag_m0	ARYGGY	5cp3_HA_agA_m0
5cp7_FG_ag_m0	ARYGGY	5cp3_HA_agA_m0
5cp7_HA_ag_m0	ARYGGY	5cp3_HA_agA_m0
5csz_AB_agE_m0	ARGKGYVRYFDV	5csz_AB_agE_m0
5csz_HL_agD_m0	ARGKGYVRYFDV	5csz_AB_agE_m0
5cus_HL_agA_m0	ARVGLGDAFDI	5cus_HL_agA_m0
5cus_IM_agB_m0	ARVGLGDAFDI	5cus_HL_agA_m0
5cus_JN_agC_m0	ARVGLGDAFDI	5cus_HL_agA_m0
5cus_KO_agD_m0	ARVGLGDAFDI	5cus_HL_agA_m0
5cws_BA_agE _ C _ D _ F_m0	ARLTWRSYVGRHALDY	5cws_BA_agE _ C _ D _ F_m0
5cws_HG_agK _ I _ J _ L_m0	ARLTWRSYVGRHALDY	5cws_BA_agE _ C _ D _ F_m0
5czv_HL_agA_m0	ARGSFWFGY	5czv_HL_agA_m0
5czx_CD_agB_m0	ARDDYSTYAFAY	5czx_CD_agB_m0
5czx_HL_agA_m0	ARDDYSTYAFAY	5czx_CD_agB_m0
5d1q_BA_agE_m0	ARDRPPGAQFDT	5d1q_BA_agE_m0
5d1q_CD_agE_m0	IASSTTGWRVYEDFDY	5d1q_CD_agE_m0
5d1x_BA_agE_m0	ARDGRGALQY	5d1x_BA_agE_m0
5d1x_CD_agE_m0	IASSTTGWRVYEDFDY	5d1q_CD_agE_m0
5d1z_BA_agI_m0	ARGRYDYSWGYLSP	5d1z_BA_agI_m0
5d1z_DC_agI_m0	AKPKSRDRGGYDDGPFGMDV	5d1z_DC_agI_m0
5d1z_FE_agJ_m0	AKPKSRDRGGYDDGPFGMDV	5d1z_DC_agI_m0
5d1z_GH_agJ_m0	ARGRYDYSWGYLSP	5d1z_BA_agI_m0
5d6c_BA_agB_m0	ARGDGGLDD	5d6c_BA_agB_m0
5d6c_HL_agL_m0	ARGDGGLDD	5d6c_BA_agB_m0
5d70_HL_agA_m0	ARGFGTDF	5c7x_HL_agA_m0
5d71_HL_agA_m0	ARGFGTDF	5c7x_HL_agA_m0
5d72_HL_agA_m0	ARGFGTDF	5c7x_HL_agA_m0
5d72_MN_agB_m0	ARGFGTDF	5c7x_HL_agA_m0
5d7s_HL_ag_m0	ARGFGTDF	5c7x_HL_agA_m0
5d8j_HL_agA_m0	ARLRGYYDYFDF	5d8j_HL_agA_m0
5d93_CB_agA_m0	ARSEDWFAY	5d93_CB_agA_m0
5d93_FE_agD_m0	ARSEDWFAY	5d93_CB_agA_m0
5d96_CB_agA_m0	ASDSMDPGSFAY	5d96_CB_agA_m0
5d96_JI_agD_m0	ASDSMDPGSFAY	5d96_CB_agA_m0
5d9q_Dd_agG_m0	TRGKYCTARNYYDWDFEH	4jdv_AB_ag_m0
5d9q_FE_agA_m0	ATTKHGRRIYGVVYTFWEKFAFYMDV	3jcb_CB_agA_m0
5d9q_HL_agG_m0	ATTKHGRRIYGVVYTFWEKFAFYMDV	3jcb_CB_agA_m0
5d9q_Ii_agA_m0	TRGKYCTARNYYDWDFEH	4jdv_AB_ag_m0
5d9q_NM_agJ_m0	ATTKHGRRIYGVVYTFWEKFAFYMDV	3jcb_CB_agA_m0
5d9q_Oo_agJ_m0	TRGKYCTARNYYDWDFEH	4jdv_AB_ag_m0
5da0_BNA_agA_m0	AAGDTAITWSYGYDY	5da0_BNA_agA_m0
5da4_ANA_ag_m0	AAGDTAITWSYGYDY	5da0_BNA_agA_m0
5da4_BNA_ag_m0	AAGDTAITWSYGYDY	5da0_BNA_agA_m0
5da4_CNA_ag_m0	AAGDTAITWSYGYDY	5da0_BNA_agA_m0
5dd0_HL_agP_m0	SRGLFQPNGFSSTLTFYWFDV	5dd0_HL_agP_m0
5dd1_HL_ag_m0	SRGLFQPNGFSSTLTFYWFDV	5dd0_HL_agP_m0
5dd3_HL_ag_m0	SRGLFQPNGFSSTLTFYWFDV	5dd0_HL_agP_m0
5dd5_HL_ag_m0	SRGLFQPNGFSSTLTFYWFDV	5dd0_HL_agP_m0
5dd6_AB_ag_m0	SRGLFQPAFSTLTYWFDV	5dd6_AB_ag_m0
5dd6_HL_ag_m0	SRGLFQPATSTLYWFDV	5dd6_HL_ag_m0
5dfv_CD_agA_m0	AREGKTGDLLLRS	5dfv_CD_agA_m0
5dfv_EF_agB_m0	AREGKTGDLLLRS	5dfv_CD_agA_m0
5dfw_Hh_agA_m0	VPYGYGFHS	5dfw_Hh_agA_m0
5dfz_ENA_agC_m0	NAETRGFMH	5dfz_ENA_agC_m0
5dhv_AB_agN_m0	AADTTDNGYFTI	2x7l_AB_agO_m0
5dhv_HL_agM_m0	AADTTDNGYFTI	2x7l_AB_agO_m0
5dhx_Bb_agC_m0	LGGYPAASYRTA	5dhx_Bb_agC_m0
5dhx_Ll_agM_m0	LGGYPAASYRTA	5dhx_Bb_agC_m0
5dhy_AB_agC_m0	AADTTDNGYFTI	2x7l_AB_agO_m0
5dhy_HL_agM_m0	AADTTDNGYFTI	2x7l_AB_agO_m0
5dhz_HL_agM_m0	AADTTDNGYFTI	2x7l_AB_agO_m0
5dk3_BA_ag_m0	ARRDYRFDMGFDY	5b8c_BA_agC_m0
5dk3_GF_ag_m0	ARRDYRFDMGFDY	5b8c_BA_agC_m0
5dlm_HL_agX_m0	VRGGYGTSY	5dlm_HL_agX_m0
5dlm_IM_agY_m0	VRGGYGTSY	5dlm_HL_agX_m0
5dmg_CD_agZ_m0	GKSNI	5dmg_CD_agZ_m0
5dmg_EF_agX_m0	GKSNI	5dmg_CD_agZ_m0
5dmg_HL_agP_m0	GKSNI	5dmg_CD_agZ_m0
5dmi_HL_agA_m0	VRSGNGNYLDAYFAY	5dmi_HL_agA_m0
5dmj_BNA_agA_m0	AKLPFTFDD	5dmj_BNA_agA_m0
5dmj_ENA_agD_m0	AKLPFTFDD	5dmj_BNA_agA_m0
5dmj_GNA_agF_m0	AKLPFTFDD	5dmj_BNA_agA_m0
5do2_CD_agB_m0	TRDGNDYDY	5do2_CD_agB_m0
5do2_HL_agA_m0	TRDGNDYDY	5do2_CD_agB_m0
5dq9_AB_agA_m0	ARHKGLRGTGNAMDY	5dqd_HL_agH_m0
5dq9_CD_agC_m0	ARHKGLRGTGNAMDY	5dqd_HL_agH_m0
5dq9_HL_agH_m0	ARHKGLRGTGNAMDY	5dqd_HL_agH_m0
5dqd_HL_agH_m0	TRHKGLRRTGNAMDY	5dqd_HL_agH_m0
5dqj_AB_ag_m0	TRHKGLRRTGNAMDY	5dqd_HL_agH_m0
5dqj_HL_ag_m0	TRHKGLRRTGNAMDY	5dqd_HL_agH_m0
5dr5_HL_ag_m0	ARWFTDDI	5dr5_HL_ag_m0
5drn_AB_ag_m0	ARGYGSMDYGDRLNL	5drn_AB_ag_m0
5drn_HL_ag_m0	ARGYGSMDYGDRLNL	5drn_AB_ag_m0
5drw_AB_ag_m0	ARGYGDTPTIYYYRRYGMDV	5drw_AB_ag_m0
5drx_AB_ag_m0	ARGYADTPVFYYYRRYGMDV	5drx_AB_ag_m0
5drx_HL_ag_m0	ARGYADTPVFYYYRRYGMDV	5drx_AB_ag_m0
5drz_BA_agQ_m0	ARDDGYYDRYYGSGVFDL	5drz_BA_agQ_m0
5drz_HL_agP_m0	ARDDGYYDRYYGSGVFDL	5drz_BA_agQ_m0
5ds8_AB_ag_m0	ARDSWDASYSYGLDL	5ds8_AB_ag_m0
5ds8_HL_agP_m0	ARDSWDASYSYGLDL	5ds8_AB_ag_m0
5dsc_AB_agQ_m0	ARGYGSMDYGDRLNL	5drn_AB_ag_m0
5dsc_CD_agP_m0	ARGYGSMDYGDRLNL	5drn_AB_ag_m0
5dsc_EF_agM_m0	ARGYGSMDYGDRLNL	5drn_AB_ag_m0
5dsc_HL_agN_m0	ARGYGSMDYGDRLNL	5drn_AB_ag_m0
5dtf_AB_agB_m0	ARDSWDASYSYGLDL	5ds8_AB_ag_m0
5dtf_HL_agP_m0	ARDSWDASYSYGLDL	5ds8_AB_ag_m0
5dub_AB_ag_m0	ARDSWDASYSYGLDL	5ds8_AB_ag_m0
5dub_HL_agP_m0	ARDSWDASYSYGLDL	5ds8_AB_ag_m0
5dum_HL_agA_m0	AYHRRGHFYGWASGSDWFES	5dum_HL_agA_m0
5dup_HL_agA_m0	VRDDSYDGGGHLGYHNWFDS	5dup_HL_agA_m0
5dur_BD_agA_m0	ARALLTTVTTFEY	5dur_BD_agA_m0
5dur_HL_agC_m0	ARALLTTVTTFEY	5dur_BD_agA_m0
5dwu_HL_agA _ B_m0	ARFYDSFFDI	5dwu_HL_agA _ B_m0
5dxw_ANA_ag_m0	NVPRYDS	5dxw_ANA_ag_m0
5dyo_AB_agH_m0	ASRSGP	5dyo_AB_agH_m0
5dyo_HL_agA_m0	ASRSGP	5dyo_AB_agH_m0
5e03_ANA_ag_m0	KTGLTN	5e03_ANA_ag_m0
5e08_HL_agN_m0	ARYYSSGGSYSYRYRGFDY	5e08_HL_agN_m0
5e0q_ANA_agB_m0	AASNRGSLYTQNDLNRYED	5e0q_ANA_agB_m0
5e1a_AB_agC_m0	ARERGDGYFAV	1k4c_AB_agC_m0
5e1h_BNA_agA_m0	AGSSIYSDISGAWVTAATSYNY	5e1h_BNA_agA_m0
5e2t_HL_ag_m0	TRGSLV	5e2t_HL_ag_m0
5e2u_HL_ag_m0	TRGSLV	5e2t_HL_ag_m0
5e2v_HL_agP_m0	TRGSLV	5e2t_HL_ag_m0
5e2w_HL_agP_m0	TRGSLV	5e2t_HL_ag_m0
5e5m_BNA_agA_m0	KTGLTN	5e03_ANA_ag_m0
5e5m_DNA_agC_m0	KTGLTN	5e03_ANA_ag_m0
5e5m_FNA_agE_m0	KTGLTN	5e03_ANA_ag_m0
5e5m_HNA_agG_m0	KTGLTN	5e03_ANA_ag_m0
5e7b_ANA_ag_m0	AAATTTVASPHRVPVCNGY	5e7b_ANA_ag_m0
5e7f_ANA_agG_m0	AAATTTVASPHRVPVCNGY	5e7b_ANA_ag_m0
5e7f_BNA_agH_m0	AAATTTVASPHRVPVCNGY	5e7b_ANA_ag_m0
5e7f_CNA_agI_m0	AAATTTVASPHRVPVCNGY	5e7b_ANA_ag_m0
5e8d_HL_agA_m0	SRGGGDPVFVY	5az2_HL_ag_m0
5e8e_BA_agH_m0	TTGDFSEFEMSFPDYFHF	5e8e_BA_agH_m0
5e94_BA_agG_m0	ARATASFYSGDYYFDY	5e94_BA_agG_m0
5e94_DC_agH_m0	ARATASFYSGDYYFDY	5e94_BA_agG_m0
5ea0_HL_agP_m0	AKGGAAAAVMDV	5ea0_HL_agP_m0
5ebl_AB_agC_m0	ARERGDGYFAV	1k4c_AB_agC_m0
5ebm_AB_agC_m0	ARERGDGYFAV	1k4c_AB_agC_m0
5ebw_AB_agC_m0	ARERGDGYFAV	1k4c_AB_agC_m0
5ec1_AB_agC_m0	ARERGDGYFAV	1k4c_AB_agC_m0
5ec2_AB_agC_m0	ARERGDGYFAV	1k4c_AB_agC_m0
5eii_AB_agI_m0	ARSRGQASWWYDWAMDY	5eii_AB_agI_m0
5eii_HL_agG_m0	ARSRGQASWWYDWAMDY	5eii_AB_agI_m0
5en2_AB_agC_m0	ARRRVYYGSIYNYALDY	5en2_AB_agC_m0
5eoc_HL_agP_m0	ARTGRGDAWLTY	5eoc_HL_agP_m0
5eoc_JM_agQ_m0	ARTGRGDAWLTY	5eoc_HL_agP_m0
5eoq_HL_agA_m0	AHDRGYYAMDY	5eoq_HL_agA_m0
5eor_HL_agA_m0	AIYYRYGAY	5eor_HL_agA_m0
5epm_AB_agC_m0	ARRDYYGILFDY	5epm_AB_agC_m0
5epm_EF_agD_m0	ARRDYYGILFDY	5epm_AB_agC_m0
5erw_AB_agC_m0	ARGPLSRGYYDY	4jzn_AB_ag_m0
5esa_AB_ag_m0	ARGPLSRGYYDY	4jzn_AB_ag_m0
5esq_BA_ag_m0	ARALTYYDYEFAY	1yy8_BA_ag_m0
5esq_DC_ag_m0	ARALTYYDYEFAY	1yy8_BA_ag_m0
5esv_AB_agE_m0	ARGTDYTIDDQGIFTGSGKYFWYFDL	5esv_AB_agE_m0
5esv_CD_agF_m0	ARGTDYTIDDQGIFTGSGKYFWYFDL	5esv_AB_agE_m0
5esv_HL_agG_m0	ARGTDYTIDDQGIFTGSGKYFWYFDL	5esv_AB_agE_m0
5esz_AB_agC_m0	ARGTDYTIDDQGIFTGSGQYRWYFDV	3tcl_AB_ag_m0
5esz_HL_agG_m0	ARGTDYTIDDQGIFTGSGQYRWYFDV	3tcl_AB_ag_m0
5etu_BA_ag_m0	ARALTYYDYEFAY	1yy8_BA_ag_m0
5etu_DC_ag_m0	ARALTYYDYEFAY	1yy8_BA_ag_m0
5eu7_EC_agA_m0	ARESSYFYDGSYEYDYYSGAMDY	5eu7_EC_agA_m0
5eu7_FD_agB_m0	ARESSYFYDGSYEYDYYSGAMDY	5eu7_EC_agA_m0
5euk_BA_ag_m0	ARALTYYDYEFAY	1yy8_BA_ag_m0
5euk_DC_ag_m0	ARALTYYDYEFAY	1yy8_BA_ag_m0
5eul_VNA_agY _ E_m0	YYQRTVMSQPY	5eul_VNA_agY _ E_m0
5ewi_HL_ag_m0	VRGPESGWFYYHYWGLGV	5ewi_HL_ag_m0
5ezi_HL_ag_m0	ARYGSYVYAMDY	5ezi_HL_ag_m0
5ezj_AB_ag_m0	ARYGSYVYAMDY	5ezi_HL_ag_m0
5ezl_AB_ag_m0	ARYGSYVYAMDY	5ezi_HL_ag_m0
5ezl_HL_ag_m0	ARYGSYVYAMDY	5ezi_HL_ag_m0
5ezo_HL_agA_m0	ARYGSYVYAMDY	5ezi_HL_ag_m0
5f1k_CNA_agA_m0	AAGRGIVAGPIRAEYAD	5f1k_CNA_agA_m0
5f1k_DNA_agB_m0	AAGRGIVAGPIRAEYAD	5f1k_CNA_agA_m0
5f1o_BNA_agA_m0	AARYQPRYYDSGDMDGYEYDN	5f1o_BNA_agA_m0
5f21_BNA_agA_m0	NTASPAVGADT	5f21_BNA_agA_m0
5f3b_AB_agC_m0	ARQDYAMNY	5f3b_AB_agC_m0
5f3b_EF_agD_m0	ARQDYAMNY	5f3b_AB_agC_m0
5f3h_AB_agJ_m0	AKQDYAMNY	5f3h_AB_agJ_m0
5f3h_CD_agI_m0	AKQDYAMNY	5f3h_AB_agJ_m0
5f3h_EF_agL_m0	AKQDYAMNY	5f3h_AB_agJ_m0
5f3h_GH_agK_m0	AKQDYAMNY	5f3h_AB_agJ_m0
5f6h_IJ_ag_m0	AKEGWSYFDF	5f6h_IJ_ag_m0
5f6h_KL_ag_m0	AKEGWSYFDF	5f6h_IJ_ag_m0
5f6h_MN_ag_m0	AKEGWSYFDF	5f6h_IJ_ag_m0
5f6h_OP_ag_m0	AKEGWSYFDF	5f6h_IJ_ag_m0
5f6i_BC_ag_m0	AKEGWAYFDY	5f6i_BC_ag_m0
5f6j_BA_agG_m0	AKEGWSYFDF	5f6h_IJ_ag_m0
5f6j_HF_agE_m0	AKEGWSYFDF	5f6h_IJ_ag_m0
5f72_Ss_agK_m0	ARAYAGDVGYYADV	5f72_Ss_agK_m0
5f72_Tt_agC_m0	ARAYAGDVGYYADV	5f72_Ss_agK_m0
5f7e_HL_ag_m0	ARERSDFWDFDL	5f7e_HL_ag_m0
5f7k_CNA_agA_m0	NRLPNYRS	5f7k_CNA_agA_m0
5f7k_DNA_agB_m0	NRLPNYRS	5f7k_CNA_agA_m0
5f7l_BNA_agA_m0	AAYSDRLTDNSCCEADY	5f7l_BNA_agA_m0
5f7l_DNA_agC_m0	AAYSDRLTDNSCCEADY	5f7l_BNA_agA_m0
5f7m_CNA_agA_m0	NRLPNYRS	5f7k_CNA_agA_m0
5f7m_DNA_agB_m0	NRLPNYRS	5f7k_CNA_agA_m0
5f7n_CNA_agA_m0	NRLPNYRS	5f7k_CNA_agA_m0
5f7n_DNA_agB_m0	NRLPNYRS	5f7k_CNA_agA_m0
5f7w_CNA_agA_m0	NRLPNYRS	5f7k_CNA_agA_m0
5f7w_DNA_agB_m0	NRLPNYRS	5f7k_CNA_agA_m0
5f7y_CNA_agA_m0	NRLPNYRS	5f7k_CNA_agA_m0
5f7y_DNA_agB_m0	NRLPNYRS	5f7k_CNA_agA_m0
5f88_BA_ag_m0	ARALTYYDYEFAY	1yy8_BA_ag_m0
5f88_DC_ag_m0	ARALTYYDYEFAY	1yy8_BA_ag_m0
5f89_AB_ag_m0	AREASTKITGDDGAFDF	5f89_AB_ag_m0
5f89_HL_ag_m0	AREASTKITGDDGAFDF	5f89_AB_ag_m0
5f8q_CNA_agA_m0	NRLPNYRS	5f7k_CNA_agA_m0
5f8q_DNA_agB_m0	NRLPNYRS	5f7k_CNA_agA_m0
5f8r_CNA_agA_m0	NRLPNYRS	5f7k_CNA_agA_m0
5f8r_DNA_agB_m0	NRLPNYRS	5f7k_CNA_agA_m0
5f93_CNA_agA_m0	NRLPNYRS	5f7k_CNA_agA_m0
5f93_DNA_agB_m0	NRLPNYRS	5f7k_CNA_agA_m0
5f93_FNA_agE_m0	NRLPNYRS	5f7k_CNA_agA_m0
5f93_HNA_agG_m0	NRLPNYRS	5f7k_CNA_agA_m0
5f96_HL_agG_m0	VRNVGTAGLSLHYDH	5f96_HL_agG_m0
5f97_ENA_agA_m0	NRLPNYRS	5f7k_CNA_agA_m0
5f97_FNA_agB_m0	NRLPNYRS	5f7k_CNA_agA_m0
5f97_GNA_agC_m0	NRLPNYRS	5f7k_CNA_agA_m0
5f97_HNA_agD_m0	NRLPNYRS	5f7k_CNA_agA_m0
5f9a_CNA_agA_m0	NRLPNYRS	5f7k_CNA_agA_m0
5f9d_CNA_agA_m0	NRLPNYRS	5f7k_CNA_agA_m0
5f9o_HL_agG_m0	VRNVGTAGLSLHYDH	5f96_HL_agG_m0
5f9w_BC_agA_m0	ARNVATEGLSLHYDY	5f9w_BC_agA_m0
5f9w_HL_agG_m0	ARNVATEGLSLHYDY	5f9w_BC_agA_m0
5fb8_BA_agC_m0	ARSDYYDTSHYFDY	5fb8_BA_agC_m0
5fcu_HL_agG_m0	ARTVWYYTTGSHYFDH	4rfe_AB_ag_m0
5fec_AB_agD_m0	ARERSDFWDFDL	5f7e_HL_ag_m0
5fec_HL_agI_m0	ARERSDFWDFDL	5f7e_HL_ag_m0
5feh_BA_ag_m0	MTLIDV	5feh_BA_ag_m0
5feh_DC_ag_m0	MTDV	5feh_DC_ag_m0
5feh_FE_ag_m0	MTGVEKGDFWSDDTNYHQSYYLIDV	5feh_FE_ag_m0
5ff6_BA_ag_m0	ARALTYYDYEFAY	1yy8_BA_ag_m0
5ff6_DC_ag_m0	ARALTYYDYEFAY	1yy8_BA_ag_m0
5fgb_CA_agF_m0	ARAVVFYSYKYFDY	5fgb_CA_agF_m0
5fgb_EB_agG_m0	ARAVVFSKYFDY	5fgb_EB_agG_m0
5fgc_EB_agA_m0	ARAVVFTDSSSYYYAKYFDY	5fgc_EB_agA_m0
5fha_HL_ag_m0	VRSDRGVAGLFDS	5fha_HL_ag_m0
5fhb_HL_ag_m0	VRASRSYYWGPRYSTAFDS	5fhb_HL_ag_m0
5fhc_AB_agJ_m0	VRASRSYYWGPRYSTAFDS	5fhb_HL_ag_m0
5fhc_HL_agK_m0	VRSDRGVAGLFDS	5fha_HL_ag_m0
5fhx_HNA_agA_m0	TRLKEYGNSDYFYFDV	5fhx_HNA_agA_m0
5foj_ANA_agB_m0	AAADAIGLAEYWASLTPTSARYKY	5foj_ANA_agB_m0
5fuc_ENA_agC _ B_m0	AARPSIRCAASFSTEYKD	5fuc_ENA_agC _ B_m0
5fuc_VNA_agD _ A_m0	AARPSIRCAASFSTEYKD	5fuc_ENA_agC _ B_m0
5fuo_HL_ag_m0	ARTVPGYSATPYFDL	5fuo_HL_ag_m0
5fuu_HL_agD _ C_m0	ARMFQESGPPRLDRYYYYNRGSWSGMDV	4nug_HL_ag_m0
5fuu_MN_agF _ B _ E_m0	ARMFQESGPPRLDRYYYYNRGSWSGMDV	4nug_HL_ag_m0
5fuz_HL_ag_m0	ARTVPGYSATPYFDL	5fuo_HL_ag_m0
5fv2_ANA_agX_m0	AKDPRKLDY	5fv2_ANA_agX_m0
5fv2_BNA_agV_m0	AKDPRKLDY	5fv2_ANA_agX_m0
5fv2_CNA_agW_m0	AKDPRKLDY	5fv2_ANA_agX_m0
5fwo_ANA_ag_m0	VAGFAGYGSFTSSDRASRDKYDY	5fwo_ANA_ag_m0
5fxc_Hh_agP_m0	TGVGQFAY	1sm3_HL_agP_m0
5fyl_DE_agB_m0	AKGLLRDGTSSWLPYL	4toy_HL_ag_m0
5fyl_HL_agG_m0	ATTKHGRRIYGVVYTFWEKFAFYMDV	3jcb_CB_agA_m0
5g5r_BNA_agA_m0	TAGWGATPRSY	5g5r_BNA_agA_m0
5g5x_BNA_agA_m0	TAGWGATPRSY	5g5r_BNA_agA_m0
5g64_HL_agA_m0	ARGSHYFHGWHFAV	2xa8_HL_ag_m0
5g64_IM_agB_m0	ARGSHYFHWHFAV	5g64_IM_agB_m0
5ggq_HL_ag_m0	ATNDDY	5ggq_HL_ag_m0
5ggr_AB_agY_m0	ATNDDY	5ggq_HL_ag_m0
5ggr_HL_agZ_m0	ATNDDY	5ggq_HL_ag_m0
5ggs_AB_agZ_m0	ARRDYRFDMGFDY	5b8c_BA_agC_m0
5ggs_CD_agY_m0	ARRDYRFDMGFDY	5b8c_BA_agC_m0
5ggt_HL_agA_m0	ARKFHFVSPSGFGMDV	5ggt_HL_agA_m0
5ggu_AB_ag_m0	ARDPRGATLYYYYYGMDV	5ggu_AB_ag_m0
5ggu_HL_ag_m0	ARDPRGATLYYYYYGMDV	5ggu_AB_ag_m0
5ggv_HL_agY_m0	ARDPRGATLYYYYYGMDV	5ggu_AB_ag_m0
5ghw_HL_agP_m0	ARTGKYYDFWSEGPPYGEYFQD	7mfa_CD_agNA_m0
5gir_AB_agD_m0	TTHFDY	5gir_AB_agD_m0
5gir_HL_agC_m0	TTHFDY	5gir_AB_agD_m0
5gis_HL_agC_m0	TTHFDY	5gir_AB_agD_m0
5gjs_HL_agB _ A_m0	AREEHITFGGVIVRY	5gjs_HL_agB _ A_m0
5gjt_HL_agB _ A_m0	AREEHITFGGVIVRY	5gjs_HL_agB _ A_m0
5gkr_AB_agT_m0	ARHRNWLFDY	5gkr_AB_agT_m0
5gkr_CD_ag_m0	ARHRNWLFDY	5gkr_AB_agT_m0
5gks_AB_ag_m0	ARHRNWLFDY	5gkr_AB_agT_m0
5gks_CD_ag_m0	ARHRNWLFDY	5gkr_AB_agT_m0
5gmq_BC_agA_m0	ASKQGDYYDSTRYAFDI	5gmq_BC_agA_m0
5grj_HL_agA_m0	ARIKLGTVTTVDY	4nki_HL_ag_m0
5gru_Hh_agA_m0	ARGYYYTGLWYEYMAYPFGMDY	5gru_Hh_agA_m0
5gru_Ll_agA_m0	ARAYIGFAY	5gru_Ll_agA_m0
5grv_LK_ag_m0	ARFAGGWGAYDV	2v7n_BA_ag_m0
5grw_Aa_ag_m0	ARFAGGWGAYDV	2v7n_BA_ag_m0
5grw_Bb_ag_m0	ARFAGGWGAYDV	2v7n_BA_ag_m0
5grx_Gg_ag_m0	ARFAGGWGAYDV	2v7n_BA_ag_m0
5grx_Hh_ag_m0	ARFAGGWGAYDV	2v7n_BA_ag_m0
5gry_Aa_ag_m0	ARFAGGWGAYDV	2v7n_BA_ag_m0
5gry_Gg_ag_m0	ARFAGGWGAYDV	2v7n_BA_ag_m0
5grz_Aa_ag_m0	ARFAGGWGAYDV	2v7n_BA_ag_m0
5grz_Gg_ag_m0	ARFAGGWGAYDV	2v7n_BA_ag_m0
5gs0_DC_agA_m0	ARYSYPFYSIDY	3uls_BA_ag_m0
5gs0_FE_agB_m0	ARYSYPFYSIDY	3uls_BA_ag_m0
5gs0_HL_ag_m0	ARAYIGFAY	5gru_Ll_agA_m0
5gs0_XY_ag_m0	ARAYIGFAY	5gru_Ll_agA_m0
5gs1_BA_ag_m0	ARFAGGWGAYDV	2v7n_BA_ag_m0
5gs1_Cc_ag_m0	ARFAGGWGAYDV	2v7n_BA_ag_m0
5gs1_Dd_ag_m0	ARFAGGWGAYDV	2v7n_BA_ag_m0
5gs1_Ee_ag_m0	ARFAGGWGAYDV	2v7n_BA_ag_m0
5gs1_Ff_ag_m0	ARFAGGWGAYDV	2v7n_BA_ag_m0
5gs1_Gg_ag_m0	ARFAGGWGAYDV	2v7n_BA_ag_m0
5gs1_Hh_ag_m0	ARFAGGWGAYDV	2v7n_BA_ag_m0
5gs1_Ii_ag_m0	ARFAGGWGAYDV	2v7n_BA_ag_m0
5gs1_Jj_ag_m0	ARFAGGWGAYDV	2v7n_BA_ag_m0
5gs1_Kk_ag_m0	ARFAGGWGAYDV	2v7n_BA_ag_m0
5gs1_Ll_ag_m0	ARFAGGWGAYDV	2v7n_BA_ag_m0
5gs1_NM_ag_m0	ARFAGGWGAYDV	2v7n_BA_ag_m0
5gs1_PO_ag_m0	ARFAGGWGAYDV	2v7n_BA_ag_m0
5gs1_RQ_ag_m0	ARFAGGWGAYDV	2v7n_BA_ag_m0
5gs2_Dd_agB_m0	ARYGVRGYDYAVDY	5gs2_Dd_agB_m0
5gs2_Hh_agA_m0	ARYGHWSWGRWYNWWVALDY	5gs2_Hh_agA_m0
5gs3_Aa_ag_m0	ARFAGGWGAYDV	2v7n_BA_ag_m0
5gs3_Hh_ag_m0	ARFAGGWGAYDV	2v7n_BA_ag_m0
5gux_HL_agB _ C_m0	SRSSLDGYYNKVWCFDV	3o0r_HL_agB _ C_m0
5gxb_BNA_agA_m0	AAAARPSYSGDAETYGYLRYDY	5gxb_BNA_agA_m0
5gz0_BA_ag_m0	ARALTYYDYEFAY	1yy8_BA_ag_m0
5gz0_DC_ag_m0	ARALTYYDYEFAY	1yy8_BA_ag_m0
5gzn_CD_agB _ G_m0	ARDHLGWSSIEPASWSFLDY	5gzn_CD_agB _ G_m0
5gzn_HL_agA _ E_m0	ARDHLGWSSIEPASWSFLDY	5gzn_CD_agB _ G_m0
5gzo_CD_agB_m0	ARDRDDLSPFDY	5gzo_CD_agB_m0
5gzo_HL_agA_m0	ARDRDDLSPFDY	5gzo_CD_agB_m0
5gzr_HL_ag_m0	ARTGIAAGAFVFDY	5gzr_HL_ag_m0
5gzr_MN_ag_m0	ARTGIAAGAFVFDY	5gzr_HL_ag_m0
5h2b_AB_ag_m0	SIWDSYFDY	5h2b_AB_ag_m0
5h30_GH_agA_m0	ARDKVDDYGDYLTPFWWYFDY	4ut9_HL_agA_m0
5h30_IM_agC_m0	ARDKVDDYGDYLTPFWWYFDY	4ut9_HL_agA_m0
5h30_KL_agB_m0	ARDKVDDYGDYLTPFWWYFDY	4ut9_HL_agA_m0
5h32_GH_agA_m0	ARDKVDDYGDYLTPFWWYFDY	4ut9_HL_agA_m0
5h32_IM_agC_m0	ARDKVDDYGDYLTPFWWYFDY	4ut9_HL_agA_m0
5h32_KL_agB_m0	ARDKVDDYGDYLTPFWWYFDY	4ut9_HL_agA_m0
5h35_AB_agC_m0	TRGAFYYGYGFAY	5h35_AB_agC_m0
5h35_FG_agE_m0	TRGAFYYGYGFAY	5h35_AB_agC_m0
5h35_HI_agD_m0	TRGAFYYGYGFAY	5h35_AB_agC_m0
5h37_GH_agA_m0	ARDKVDDYGDYLTPFWWYFDY	4ut9_HL_agA_m0
5h37_IM_agC_m0	ARDKVDDYGDYLTPFWWYFDY	4ut9_HL_agA_m0
5h37_KL_agB_m0	ARDKVDDYGDYLTPFWWYFDY	4ut9_HL_agA_m0
5h8d_ANA_ag_m0	YVGGF	5h8d_ANA_ag_m0
5h8o_ANA_agB_m0	YVGGF	5h8d_ANA_ag_m0
5hbt_DC_agB_m0	TRDERIRIANWFAY	5hbt_DC_agB_m0
5hbv_DC_agB_m0	TRDERIRIANWFAY	5hbt_DC_agB_m0
5hcg_HNA_ag_m0	TRLKEYGNSDYFYFDV	5fhx_HNA_agA_m0
5hd8_CD_agA_m0	ARLYYGYYGWYFDV	1ots_CD_agA_m0
5hd8_EF_agB_m0	ARLYYGYYGWYFDV	1ots_CD_agA_m0
5hdb_EF_agC_m0	VRPLYDYYAMDY	2vc2_HL_agA_m0
5hdb_HL_agA_m0	VRPLYDYYAMDY	2vc2_HL_agA_m0
5hdo_ANA_ag_m0	AADHPGLCTSRRGSERYLEV	5hdo_ANA_ag_m0
5hdo_BNA_ag_m0	AADHPGLCTSRRGSERYLEV	5hdo_ANA_ag_m0
5hdo_CNA_ag_m0	AADHPGLCTRRSRYLEV	5hdo_CNA_ag_m0
5hdo_DNA_ag_m0	AADHPGLCTRRSRYLEV	5hdo_CNA_ag_m0
5hdq_HL_agA_m0	ARKEDVGYWYFDF	5hdq_HL_agA_m0
5hgg_SNA_agB_m0	AADHPGLCTSRRGSERYLEV	5hdo_ANA_ag_m0
5hgg_TNA_agA_m0	AADHPGLCTSRRGSERYLEV	5hdo_ANA_ag_m0
5hhv_HL_agA_m0	ARDLIHGVTRN	2vxs_HL_agB_m0
5hhx_HL_agA_m0	ARDLIHGVTRN	2vxs_HL_agB_m0
5hi3_CD_agA_m0	ARDLIHGVTRN	2vxs_HL_agB_m0
5hi3_HL_agB_m0	ARDLIHGVTRN	2vxs_HL_agB_m0
5hi4_CD_agB_m0	ARDLIHGVTRN	2vxs_HL_agB_m0
5hi4_HL_agA_m0	ARDLIHGVTRN	2vxs_HL_agB_m0
5hi5_CD_agA_m0	ARDLIHGVTRN	2vxs_HL_agB_m0
5hi5_HL_agB_m0	ARDLIHGVTRN	2vxs_HL_agB_m0
5hj3_AB_agP _ O_m0	VREGPRATGAMSYDVFDI	3inu_HL_ag_m0
5hj3_EF_agH _ G_m0	VREGPRATGAMSYDVFDI	3inu_HL_ag_m0
5hj3_IJ_agD _ C_m0	VREGPRATGAMSYDVFDI	3inu_HL_ag_m0
5hj3_MN_agL _ K_m0	VREGPRATGAMSYDVFDI	3inu_HL_ag_m0
5hm1_ANA_agD_m0	YAPMIYYGGRYSDY	5hm1_ANA_agD_m0
5hm1_BNA_agE_m0	YAPMIYYGGRYSDY	5hm1_ANA_agD_m0
5hm1_CNA_agF_m0	YAPMIYYGGRYSDY	5hm1_ANA_agD_m0
5hpm_BA_ag_m0	ARALTYYDYEFAY	1yy8_BA_ag_m0
5hpm_DC_ag_m0	ARALTYYDYEFAY	1yy8_BA_ag_m0
5hvf_BNA_agA_m0	NAWGQDGLWGQYDY	5hvf_BNA_agA_m0
5hvg_BNA_agA_m0	HVDPRPWGVDYTDYDY	5hvg_BNA_agA_m0
5hvg_DNA_agC_m0	HVDPRPWGVDYTDYDY	5hvg_BNA_agA_m0
5hvh_BNA_agA_m0	HVDPRPWGVDYTDYDY	5hvg_BNA_agA_m0
5hvh_CNA_agA_m0	NAWGQDGLWGQYDY	5hvf_BNA_agA_m0
5hyq_BA_ag_m0	ARALTYYDYEFAY	1yy8_BA_ag_m0
5hyq_DC_ag_m0	ARALTYYDYEFAY	1yy8_BA_ag_m0
5hys_AB_agG_m0	ARGSHYFHGWHFAV	2xa8_HL_ag_m0
5hys_CD_agK_m0	ARGSHYFHGWHFAV	2xa8_HL_ag_m0
5hys_EF_agJ_m0	ARGSHYFHGWHFAV	2xa8_HL_ag_m0
5hys_HL_agI_m0	ARGSHYFHGWHFAV	2xa8_HL_ag_m0
5i0z_ANA_ag_m0	ARGAYKRGYAMDY	2gki_Aa_ag_m0
5i0z_BNA_ag_m0	ARGAYKRGYAMDY	2gki_Aa_ag_m0
5i15_HL_ag_m0	ARYDGIYGELDF	5i19_HL_ag_m0
5i16_BA_ag_m0	ARYDGIYGELDF	5i19_HL_ag_m0
5i16_HL_ag_m0	ARYDGIYGELDF	5i19_HL_ag_m0
5i17_BA_ag_m0	ARYDGIYGELDF	5i19_HL_ag_m0
5i17_HL_ag_m0	ARYDGIYGELDF	5i19_HL_ag_m0
5i18_HL_ag_m0	ARYDGIYGELDF	5i19_HL_ag_m0
5i19_HL_ag_m0	AKYDGIYGELDF	5i19_HL_ag_m0
5i1a_BA_ag_m0	AKYDGIYGELDF	5i19_HL_ag_m0
5i1a_HL_ag_m0	AKYDGIYGELDF	5i19_HL_ag_m0
5i1c_HL_ag_m0	AKYDGIYGELDF	5i19_HL_ag_m0
5i1d_BA_ag_m0	AKYDGELDF	5i1d_BA_ag_m0
5i1d_HL_ag_m0	AKYDGIYGELDF	5i19_HL_ag_m0
5i1e_HL_ag_m0	ARYDGIYGELDF	5i19_HL_ag_m0
5i1g_HL_ag_m0	ARYDGIYGELDF	5i19_HL_ag_m0
5i1h_HL_ag_m0	ARYDGIYGELDF	5i19_HL_ag_m0
5i1i_HL_ag_m0	ARYDGIYGELDF	5i19_HL_ag_m0
5i1j_HL_ag_m0	ARYDGILDF	5i1j_HL_ag_m0
5i1k_HL_ag_m0	ARYDGELDF	5i1k_HL_ag_m0
5i1l_BA_ag_m0	ARYDGIYGELDF	5i19_HL_ag_m0
5i1l_HL_ag_m0	ARYDGIYGELDF	5i19_HL_ag_m0
5i2i_BA_ag_m0	ARALTYYDYEFAY	1yy8_BA_ag_m0
5i2i_DC_ag_m0	ARALTYYDYEFAY	1yy8_BA_ag_m0
5i30_HL_ag_m0	GRPYYGNVMDY	5i30_HL_ag_m0
5i4f_Aa_aga_m0	ARKNYYGSSLDY	4h0g_Aa_ag_m0
5i5k_HL_agB_m0	ARYFFGSSNPWYFDV	5i5k_HL_agB_m0
5i5k_XY_agA_m0	ARYFFGSSNPWYFDV	5i5k_HL_agB_m0
5i66_AB_ag_m0	TRSPVRPYYFDY	5i66_AB_ag_m0
5i6x_BC_agA_m0	TRSPVRPYYFDY	5i66_AB_ag_m0
5i6z_BC_agA_m0	TRSPVRPYYFDY	5i66_AB_ag_m0
5i71_BC_agA_m0	TRSPVRPYYFDY	5i66_AB_ag_m0
5i73_BC_agA_m0	TRSPVRPYYFDY	5i66_AB_ag_m0
5i74_BC_agA_m0	TRSPVRPYYFDY	5i66_AB_ag_m0
5i75_BC_agA_m0	TRSPVRPYYFDY	5i66_AB_ag_m0
5i76_BA_ag_m0	ARALTYYDYEFAY	1yy8_BA_ag_m0
5i76_DC_ag_m0	ARALTYYDYEFAY	1yy8_BA_ag_m0
5i8c_AB_agC_m0	ARDKYYGNAEVGMDV	5i8c_AB_agC_m0
5i8e_AB_ag_m0	ARDKYYGNAEVGMDV	5i8c_AB_agC_m0
5i8e_CD_ag_m0	ARDKYYGNAEVGMDV	5i8c_AB_agC_m0
5i8h_EF_agB_m0	ARDKYYGNAEVGMDV	5i8c_AB_agC_m0
5i8h_GH_agD_m0	ARDKYYGNAEVGMDV	5i8c_AB_agC_m0
5i8h_IJ_agA_m0	ATTKHGRRIYGVVYTFWEKFAFYMDV	3jcb_CB_agA_m0
5i8h_KL_agC_m0	ATTKHGRRIYGVVYTFWEKFAFYMDV	3jcb_CB_agA_m0
5i8k_HL_ag_m0	ARGAPAWGTANV	5i8k_HL_ag_m0
5i8o_HL_agH_m0	AKGFDYSASTNL	5i8o_HL_agH_m0
5i9q_BC_agA_m0	ARRHSDYCDFDI	5i9q_BC_agA_m0
5i9q_HL_agG_m0	ARRHSDYCDFDI	5i9q_BC_agA_m0
5ibl_CD_agF_m0	ARVVADREGYYGFYGMDV	5ibl_CD_agF_m0
5ibl_HL_agB _ E_m0	ARVVADREGYYGFYGMDV	5ibl_CD_agF_m0
5ibt_HL_ag_m0	ARVVADREGYYGFYGMDV	5ibl_CD_agF_m0
5ibu_GB_ag_m0	ARVVGDREGHYGFYGLDV	5ibu_GB_ag_m0
5ibu_HL_ag_m0	ARVVGDREGHYGFYGLDV	5ibu_GB_ag_m0
5icx_BA_ag_m0	ARALTYYDYEFAY	1yy8_BA_ag_m0
5icx_DC_ag_m0	ARALTYYDYEFAY	1yy8_BA_ag_m0
5icy_BA_ag_m0	ARALTYYDYEFAY	1yy8_BA_ag_m0
5icy_DC_ag_m0	ARALTYYDYEFAY	1yy8_BA_ag_m0
5icz_BA_ag_m0	ARALTYYDYEFAY	1yy8_BA_ag_m0
5icz_DC_ag_m0	ARALTYYDYEFAY	1yy8_BA_ag_m0
5id0_BA_ag_m0	ARALTYYDYEFAY	1yy8_BA_ag_m0
5id0_DC_ag_m0	ARALTYYDYEFAY	1yy8_BA_ag_m0
5id1_BA_ag_m0	ARALTYYDYEFAY	1yy8_BA_ag_m0
5id1_DC_ag_m0	ARALTYYDYEFAY	1yy8_BA_ag_m0
5ies_HL_agC_m0	AKISGSYSFDY	5ies_HL_agC_m0
5if0_AB_agI_m0	AKISGSYSFDY	5ies_HL_agC_m0
5if0_HL_agG_m0	AKISGSYSFDY	5ies_HL_agC_m0
5ifa_HL_ag_m0	AKISGSYSFDY	5ies_HL_agC_m0
5ifh_HL_ag_m0	ARDQNAMDV	5ifh_HL_ag_m0
5ifj_AB_agC_m0	AKFSGKDCTGSSCRDY	5ifj_AB_agC_m0
5ifj_DE_agF_m0	AKFSGKDCTGSSCRDY	5ifj_AB_agC_m0
5ifj_GH_agI_m0	AKFSGKDCTGSSCRDY	5ifj_AB_agC_m0
5ifj_JK_agL_m0	AKFSGKDCTGSSCRDY	5ifj_AB_agC_m0
5ig7_AB_agC_m0	AKFSGKDCTGSSCRDY	5ifj_AB_agC_m0
5ig7_DE_agF_m0	AKFSGKDCTGSSCRDY	5ifj_AB_agC_m0
5ig7_GH_agI_m0	AKFSGKDCTGSSCRDY	5ifj_AB_agC_m0
5ig7_JK_agL_m0	AKFSGKDCTGSSCRDY	5ifj_AB_agC_m0
5igx_HL_agG_m0	ARGKYCTARNYYDWDFQH	4jdv_AB_ag_m0
5ihl_BNA_agA_m0	AKLPFTFDD	5dmj_BNA_agA_m0
5ihl_ENA_agD_m0	AKLPFTFDD	5dmj_BNA_agA_m0
5ihl_GNA_agF_m0	AKLPFTFDD	5dmj_BNA_agA_m0
5ihl_INA_agH_m0	AKLPFTFDD	5dmj_BNA_agA_m0
5ihz_AB_ag_m0	AKFSRDY	5ihz_AB_ag_m0
5ihz_CD_ag_m0	AKFSRDY	5ihz_AB_ag_m0
5ihz_EF_ag_m0	AKFSGRDY	5ihz_EF_ag_m0
5ihz_HL_ag_m0	AKFSGKCRDY	5ihz_HL_ag_m0
5iie_AB_ag_m0	GRVRFVSGGTYYDRIDS	5iie_AB_ag_m0
5iie_HL_ag_m0	GRVRFVSGGTYYDRIDS	5iie_AB_ag_m0
5ijk_AC_agX_m0	TTGEPLVNIHTILDY	5ijk_AC_agX_m0
5ijk_BD_agY_m0	TTGEPLVNIHTILDY	5ijk_AC_agX_m0
5ik3_AB_ag_m0	TTGHITILDY	5ik3_AB_ag_m0
5ik3_CD_ag_m0	TTGEPLVNIHTILDY	5ijk_AC_agX_m0
5ikc_BA_agM_m0	GRSKYFDS	5ikc_BA_agM_m0
5ikc_HL_agN_m0	GRSKYFDS	5ikc_BA_agM_m0
5imk_BNA_agA_m0	AAGRWDKYGQFSSDEYDY	5imk_BNA_agA_m0
5iml_BNA_agA_m0	AAGRWDKYGQFSSDEYDY	5imk_BNA_agA_m0
5imm_BNA_agA_m0	AAGRWDKYGQFSSDEYDY	5imk_BNA_agA_m0
5imo_BNA_agA_m0	AAGRWDKYGQFSSDEYDY	5imk_BNA_agA_m0
5iop_BA_ag_m0	ARALTYYDYEFAY	1yy8_BA_ag_m0
5iop_DC_ag_m0	ARALTYYDYEFAY	1yy8_BA_ag_m0
5ip4_ANA_agE_m0	ALENYY	5ip4_ANA_agE_m0
5ip4_BNA_agD_m0	ALENYY	5ip4_ANA_agE_m0
5iq7_HL_agP_m0	ARTGKYYDFWSEGPPYGEYFQD	7mfa_CD_agNA_m0
5iq9_AB_agC_m0	ARTGKYYDFWSEGPPYGEYFQD	7mfa_CD_agNA_m0
5iq9_HL_agP_m0	ARTGKYYDFWSEGPPYGEYFQD	7mfa_CD_agNA_m0
5ir1_BA_ag_m0	ARALTYYDYEFAY	1yy8_BA_ag_m0
5ir1_DC_ag_m0	ARALTYYDYEFAY	1yy8_BA_ag_m0
5it2_HL_ag_m0	ARLRMIGFNKDAPLDY	5it2_HL_ag_m0
5itb_HL_ag_m0	ASRLGVRATTGDLDY	5itb_HL_ag_m0
5itf_BA_ag_m0	ARALTYYDYEFAY	1yy8_BA_ag_m0
5itf_DC_ag_m0	ARALTYYDYEFAY	1yy8_BA_ag_m0
5iv2_BA_ag_m0	ARALTYYDYEFAY	1yy8_BA_ag_m0
5iv2_DC_ag_m0	ARALTYYDYEFAY	1yy8_BA_ag_m0
5ivn_ANA_agB_m0	AEARGCKRRGYEYDF	5ivn_ANA_agB_m0
5ivo_ANA_ag_m0	AEARGCKRRGYEYDF	5ivn_ANA_agB_m0
5ivz_BA_ag_m0	ARALTYYDYEFAY	1yy8_BA_ag_m0
5ivz_DC_ag_m0	ARALTYYDYEFAY	1yy8_BA_ag_m0
5iwl_Aa_agD_m0	ARGGYRAMDY	5iwl_Aa_agD_m0
5iwl_Bb_agC_m0	ARGGYRAMDY	5iwl_Aa_agD_m0
5j13_CB_agA_m0	ARAPQWELHVEAFDI	5j13_CB_agA_m0
5j1s_CNA_agA _ B_m0	NARRNPINYPGYTTAY	5j1s_CNA_agA _ B_m0
5j1t_CNA_agA _ B_m0	NARRNPINYPGYTTAY	5j1s_CNA_agA _ B_m0
5j3d_AB_agF _ E_m0	ASRLGVRATTGDLDY	5itb_HL_ag_m0
5j3d_CD_agI _ G_m0	ASRLGVRATTGDLDY	5itb_HL_ag_m0
5j3d_HL_agK _ J_m0	ASRLGVRATTGDLDY	5itb_HL_ag_m0
5j3h_CD_agE_m0	ARDPYGSKPMDY	3w11_CD_agE_m0
5j56_BNA_agA_m0	AARLGGWASPSFQEYDY	5j56_BNA_agA_m0
5j57_BNA_agA_m0	AADLEYSQIMRCSPGSYGV	5j57_BNA_agA_m0
5j74_Aa_aga_m0	VLLGTTMVGTHYFDY	5j74_Aa_aga_m0
5j74_Bb_agb_m0	VLLGTTMVGTHYFDY	5j74_Aa_aga_m0
5j75_Aa_agb_m0	VLLGTTMVGTHYFDY	5j74_Aa_aga_m0
5j75_Bb_agb_m0	VLLGTTMVGTHYFDY	5j74_Aa_aga_m0
5j9p_AB_agC_m0	ARERGDGYFAV	1k4c_AB_agC_m0
5ja8_BNA_agA_m0	VADFACPILREYDY	5ja8_BNA_agA_m0
5ja8_DNA_agC_m0	VADFACPILREYDY	5ja8_BNA_agA_m0
5ja8_FNA_agE_m0	VADFACPILREYDY	5ja8_BNA_agA_m0
5ja8_HNA_agG_m0	VADFACPILREYDY	5ja8_BNA_agA_m0
5ja9_ANA_agC_m0	VARLSLISDS	5ja9_ANA_agC_m0
5ja9_BNA_agD_m0	VARLSLISDS	5ja9_ANA_agC_m0
5jds_BNA_agA_m0	AADSFEDPTCTSSTVLGAFQY	5jds_BNA_agA_m0
5jhl_HL_agA_m0	GRRDYYALDY	5jhl_HL_agA_m0
5jmo_CNA_agA_m0	AVGMYAAPPW	5jmo_CNA_agA_m0
5jmo_DNA_agB_m0	AVGMYAAPPW	5jmo_CNA_agA_m0
5jmr_ANA_ag_m0	AVGMYAAPPW	5jmo_CNA_agA_m0
5jmr_BNA_ag_m0	AVGMYAAPPW	5jmo_CNA_agA_m0
5jny_AB_ag_m0	ARTGKYYDFWSEGPPYGEYFQD	7mfa_CD_agNA_m0
5jny_CD_ag_m0	ARTGKYYDFWSEGPPYGEYFQD	7mfa_CD_agNA_m0
5jo4_AB_ag_m0	ARGLYYYESSLDY	5jo4_AB_ag_m0
5jo4_CD_ag_m0	TRSRYGNNALDY	5jo4_CD_ag_m0
5jo5_AB_ag_m0	ARTGKYYEGEYFQD	5jo5_CD_ag_m0
5jo5_CD_ag_m0	ARTGKYPEGEYFQD	5jo5_CD_ag_m0
5jo5_EF_ag_m0	ARTGKYPEGEYFQD	5jo5_CD_ag_m0
5jo5_HL_ag_m0	ARTGKYPEGEYFQD	5jo5_CD_ag_m0
5jof_AB_ag_m0	ARRGSCDYDGCFPWQY	5jof_AB_ag_m0
5jof_CD_ag_m0	ARRGSCDYDGCFPWQY	5jof_AB_ag_m0
5jof_EF_ag_m0	ARRGSCDYDGCFPWQY	5jof_AB_ag_m0
5jof_HL_ag_m0	ARRGSCDYDGCFPWQY	5jof_AB_ag_m0
5jop_ED_agA_m0	ARWDS	5jop_ED_agA_m0
5jop_HL_agB_m0	ARWDS	5jop_ED_agA_m0
5jor_BC_agNA_m0	ARWDS	5jop_ED_agA_m0
5jor_DA_agNA_m0	ARWDS	5jop_ED_agA_m0
5jor_FE_agNA_m0	ARWDS	5jop_ED_agA_m0
5jor_HL_agNA_m0	ARWDS	5jop_ED_agA_m0
5jq6_HL_agA_m0	ARKGEFYYYGDGFVY	5jq6_HL_agA_m0
5jqd_CB_ag_m0	ARGLYYYESSLDY	5jo4_AB_ag_m0
5jqd_DA_ag_m0	ARGLYYYESSLDY	5jo4_AB_ag_m0
5jqh_CNA_agA_m0	NAKVAGTFSIYDY	5jqh_CNA_agA_m0
5jqh_DNA_agB_m0	NAKVAGTFSIYDY	5jqh_CNA_agA_m0
5jr1_HL_ag_m0	ARTGKYYDFWSEGPPYGEYFQD	7mfa_CD_agNA_m0
5jrp_HL_ag_m0	ASIYGSGTFYYYFYMDV	5jrp_HL_ag_m0
5js9_AB_agC_m0	ARFGGEVLRYTPKPWDAWVDL	3twc_HL_agH_m0
5js9_EF_agC _ D_m0	TTTSTYDKWSGVGDHHLMAFSS	5cjx_AC_agJ _ K_m0
5jsa_AB_agC_m0	ARFGGEVLRYTPKPWDAWVDL	3twc_HL_agH_m0
5jsa_EF_agC _ D_m0	TTTSTYDKWSGVGDHHLMAFSS	5cjx_AC_agJ _ K_m0
5jue_HL_ag_m0	ARLPIQFGFNYPMDY	5jue_HL_ag_m0
5jw3_HL_agB _ A_m0	ARSGHITVFVNVGDAFDM	5jw3_HL_agB _ A_m0
5jw4_MN_agB _ A_m0	ARSGHITVFVNVGDAFDM	5jw3_HL_agB _ A_m0
5jw4_OP_agD _ C_m0	ARSGHITVFVNVGDAFDM	5jw3_HL_agB _ A_m0
5jw4_QR_agF _ E_m0	ARSGHITVFVNVGDAFDM	5jw3_HL_agB _ A_m0
5jw4_ST_agH _ G_m0	ARSGHITVFVNVGDAFDM	5jw3_HL_agB _ A_m0
5jw4_UV_agJ _ I_m0	ARSGHITVFVNVGDAFDM	5jw3_HL_agB _ A_m0
5jw4_WX_agL _ K_m0	ARSGHITVFVNVGDAFDM	5jw3_HL_agB _ A_m0
5jw5_AB_ag_m0	ARSGHITVFVNVGDAFDM	5jw3_HL_agB _ A_m0
5jw5_HL_ag_m0	ARSGHITVFVNVGDAFDM	5jw3_HL_agB _ A_m0
5jxa_HL_ag_m0	VRRGSCDYDGCFPWQY	5jof_AB_ag_m0
5jxe_DC_agB_m0	ARRDYRFDMGFDY	5b8c_BA_agC_m0
5jxe_GF_agA_m0	ARRDYRFDMGFDY	5b8c_BA_agC_m0
5jyl_Bb_agA_m0	ARRGYYDGGFDY	5jyl_Bb_agA_m0
5jyl_Dd_agC_m0	ARRGYYDGGFDY	5jyl_Bb_agA_m0
5jym_Bb_agA_m0	AREGIYDGFYPLFPY	5jym_Bb_agA_m0
5jym_Dd_agC_m0	AREGIYDGFYPLFPY	5jym_Bb_agA_m0
5jz7_CD_agA_m0	ARSSRIYDLNPYATLSYDMDV	5jz7_CD_agA_m0
5jz7_GI_agF_m0	ARSSRIYDLNPYATLSYDMDV	5jz7_CD_agA_m0
5jz7_HL_agB_m0	ARSSRIYDLNPYATLSYDMDV	5jz7_CD_agA_m0
5jz7_JK_agE_m0	ARSSRIYDLNPYATLSYDMDV	5jz7_CD_agA_m0
5k59_EF_agB_m0	ARERGMHYMDV	5k59_EF_agB_m0
5k59_HL_agA_m0	ARERGMHYMDV	5k59_EF_agB_m0
5k8a_BA_ag_m0	ARDMIFNFYFDV	3ixt_AB_agC_m0
5k8a_FE_ag_m0	ARDMIFNFYFDV	3ixt_AB_agC_m0
5k8a_HL_ag_m0	ARDMIFNFYFDV	3ixt_AB_agC_m0
5k8a_VM_ag_m0	ARDMIFNFYFDV	3ixt_AB_agC_m0
5k9j_HL_ag_m0	ARGSAMIFVIGIILES	5k9j_HL_ag_m0
5k9k_AB_agI_m0	ARGSAMIFVIGIILES	5k9j_HL_ag_m0
5k9k_HL_agF_m0	ARGSAMIFVIGIILES	5k9j_HL_ag_m0
5k9o_AB_agF_m0	ARDRPHILGTFDFDY	5k9o_AB_agF_m0
5k9o_HL_agI_m0	ARDRPHILGTFDFDY	5k9o_AB_agF_m0
5k9q_GI_agD _ C _ E_m0	ARDKKQGEVVLFSAAPRWFAP	5k9q_GI_agD _ C _ E_m0
5k9q_HL_agB_m0	ARDKKQGEVVLFSAAPRWFAP	5k9q_GI_agD _ C _ E_m0
5k9q_JK_agF _ A_m0	ARDKKQGEVVLFSAAPRWFAP	5k9q_GI_agD _ C _ E_m0
5k9q_ST_agN _ M _ O_m0	ARDKKQGEVVLFSAAPRWFAP	5k9q_GI_agD _ C _ E_m0
5k9q_UV_agP _ Q_m0	ARDKKQGEVVLFSAAPRWFAP	5k9q_GI_agD _ C _ E_m0
5k9q_XY_agR_m0	ARDKKQGEVVLFSAAPRWFAP	5k9q_GI_agD _ C _ E_m0
5kan_GI_agD _ E_m0	VRNRVQMEVSPTSQTAWYMDL	5kan_GI_agD _ E_m0
5kan_HL_agB _ C_m0	VRNRVQMEVSPTSQTAWYMDL	5kan_GI_agD _ E_m0
5kan_JK_agF _ A_m0	VRNRVQMEVSPTSQTAWYMDL	5kan_GI_agD _ E_m0
5kaq_FG_agC_m0	AKDESPPIYNLMYTSYYGPYYMDV	5kaq_FG_agC_m0
5kaq_HL_agB_m0	AKDESPPIYNLMYTSYYGPYYMDV	5kaq_FG_agC_m0
5kaq_QR_agA_m0	AKDESPPIYNLMYTSYYGPYYMDV	5kaq_FG_agC_m0
5kel_CD_agA_m0	ARRDPFGDYNAMGY	5kel_CD_agA_m0
5kel_HL_agB_m0	TRGNGNYRAMDY	5kel_HL_agB_m0
5kel_JN_agE_m0	ARRDPFGDYNAMGY	5kel_CD_agA_m0
5kel_MO_agF_m0	ARRDPFGDYNAMGY	5kel_CD_agA_m0
5kel_PT_agG_m0	TRGNGNYRAMDY	5kel_HL_agB_m0
5kel_QU_agI_m0	TRGNGNYRAMDY	5kel_HL_agB_m0
5kem_BC_agA_m0	ARGDLETTIYFFNAVDV	5kem_BC_agA_m0
5kem_DE_agA_m0	ARRDPFGDYNAMGY	5kel_CD_agA_m0
5kem_GH_agF_m0	ARGDLETTIYFFNAVDV	5kem_BC_agA_m0
5kem_IJ_agF_m0	ARRDPFGDYNAMGY	5kel_CD_agA_m0
5ken_CD_agB_m0	ARSAYYGSTFAY	5ken_CD_agB_m0
5ken_GH_agF_m0	ARSAYYGSTFAY	5ken_CD_agB_m0
5ken_JI_agE_m0	ARRDPFGDYNAMGY	5kel_CD_agA_m0
5ken_NO_agM_m0	ARSAYYGSTFAY	5ken_CD_agB_m0
5ken_QP_agK_m0	ARRDPFGDYNAMGY	5kel_CD_agA_m0
5kg9_AB_ag_m0	ARMNGTFDY	5kg9_AB_ag_m0
5kg9_HL_ag_m0	ARMNGTFDY	5kg9_AB_ag_m0
5kjr_HL_agG_m0	ARVPRLRGGNYFDS	4rfo_HL_agG_m0
5kn5_AB_agC_m0	ARREVLSPFAY	5kn5_AB_agC_m0
5kn5_DE_agF_m0	ARREVLSPFAY	5kn5_AB_agC_m0
5kov_Cc_agA_m0	GRPYYGNVMDY	5i30_HL_ag_m0
5kov_Ee_agB_m0	GRPYYGNVMDY	5i30_HL_ag_m0
5kov_Ii_agG_m0	GRPYYGNVMDY	5i30_HL_ag_m0
5kov_Kk_agH_m0	GRPYYGNVMDY	5i30_HL_ag_m0
5kov_Oo_agM_m0	GRPYYGNVMDY	5i30_HL_ag_m0
5kov_Qq_agN_m0	DYWG	5kov_Qq_agN_m0
5kov_Uu_agT_m0	GRPYYGNVMDY	5i30_HL_ag_m0
5kov_Ww_agS_m0	DYWGQ	5kov_Ww_agS_m0
5kqv_CD_agE_m0	AREWAY	4zxb_CD_agE_m0
5kqv_PQ_agF_m0	AREWAY	4zxb_CD_agE_m0
5kte_HL_agA_m0	AREPPYGY	5kte_HL_agA_m0
5ktz_7NA_ag3_m0	ASGFGLSLRSYTYAY	5ktz_7NA_ag3_m0
5ku0_7NA_ag3_m0	ASGFGLSLRSYTYAY	5ktz_7NA_ag3_m0
5ku2_7NA_ag3_m0	AAGFGLSLRSYTYAH	5ku2_7NA_ag3_m0
5kvd_HL_agE_m0	ARYYYGSYYALDY	5kvd_HL_agE_m0
5kve_HL_agE_m0	ARLGNDMDY	5kve_HL_agE_m0
5kvf_HL_agE_m0	ARYYYDYDGMDY	5kvf_HL_agE_m0
5kvg_HL_agE_m0	ARENYGSVY	5kvg_HL_agE_m0
5kw9_HL_agA_m0	ASNRANRADDYDYYFDY	5kw9_HL_agA_m0
5kwl_7NA_ag3_m0	ASGFGLSLRSYTYAY	5ktz_7NA_ag3_m0
5kzc_BD_agC_m0	TRGKNCDNYWDFEH	4jpk_HL_agA_m0
5kzc_EG_agF_m0	TRGKNCDNYWDFEH	4jpk_HL_agA_m0
5kzc_HL_agA_m0	TRGKNCDNYWDFEH	4jpk_HL_agA_m0
5kzp_EI_agB_m0	ARDISLVRFADIYFDF	4dgv_HL_agA_m0
5kzp_FJ_agC_m0	ARDISLVRFADIYFDF	4dgv_HL_agA_m0
5kzp_GK_agD_m0	ARDISLVRFADIYFDF	4dgv_HL_agA_m0
5kzp_HL_agA_m0	ARDISLVRFADIYFDF	4dgv_HL_agA_m0
5l0q_CB_agA_m0	ARANYGLYYAMDR	5l0q_CB_agA_m0
5l0q_FE_agD_m0	ARANYGLYYAMDR	5l0q_CB_agA_m0
5l21_BNA_agA_m0	NVGEF	5l21_BNA_agA_m0
5l6y_HL_agC_m0	ARDSSSSWRAWFFDL	5l6y_HL_agC_m0
5l7x_HL_agL_m0	TRNYGSDSLDY	5l7x_HL_agL_m0
5l88_HL_agL_m0	TRNYGSDSLDY	5l7x_HL_agL_m0
5l8j_BNA_agA_m0	KAIDSCWLRR	5l8j_BNA_agA_m0
5l8k_BNA_agA_m0	KAIDSCWLSR	5l8k_BNA_agA_m0
5l8l_BNA_agA_m0	KAIDSCWLSR	5l8k_BNA_agA_m0
5l9d_HL_agL_m0	TRNYGSDSLDY	5l7x_HL_agL_m0
5lbs_HL_agA_m0	VGGYSNFYYYYTMDV	7cbp_DE_agK _ Q_m0
5lbs_IM_agB_m0	VGGYSNFYYYYTMDV	7cbp_DE_agK _ Q_m0
5lcv_HL_agA _ B_m0	VRDGVRFYYDSTGKFFSDPYYYGMDV	4ut7_HL_ag_m0
5ldn_HL_agA_m0	ARQGSNFPLAY	5ldn_HL_agA_m0
5lgh_HL_agL_m0	TRNYGSDSLDY	5l7x_HL_agL_m0
5lhn_BNA_agA_m0	AAEWVPPGYGATVGANNCLAQYGMEY	5lhn_BNA_agA_m0
5lhp_BNA_agA_m0	AAEWVPPGYGATVGANNCLAQYGMEY	5lhn_BNA_agA_m0
5lhq_BNA_agA_m0	AAEWVPPGYGATVGANNCLAQYGMEY	5lhn_BNA_agA_m0
5lhr_BNA_agA_m0	AADLASSDRVSSWY	5lhr_BNA_agA_m0
5lmj_ANA_ag_m0	AAGAVTYYRASYEYDY	5lmj_ANA_ag_m0
5lmj_BNA_ag_m0	AAGAVTYYRASYEYDY	5lmj_ANA_ag_m0
5lmj_CNA_ag_m0	AAGAVTYYRASYEYDY	5lmj_ANA_ag_m0
5lmj_DNA_ag_m0	AAGAVTYYRASYEYDY	5lmj_ANA_ag_m0
5lmw_ANA_ag_m0	AADRFLTSRVKYDY	5lmw_ANA_ag_m0
5lqb_HL_agA_m0	ARWRGDGYYAYFDV	8ry2_AB_agNA_m0
5lsp_HL_agA_m0	ATDATTPYWGMMW	5lsp_HL_agA_m0
5lsp_ST_agP_m0	ATDATTPYWGMMW	5lsp_HL_agA_m0
5lwf_CNA_agA_m0	VATPYYRGSAAYYSTYTY	5lwf_CNA_agA_m0
5lwf_DNA_agB_m0	VATPYYRGSAAYYSTYTY	5lwf_CNA_agA_m0
5lwy_HL_agA_m0	ARETGTAWFAY	5lwy_HL_agA_m0
5lx9_Hh_agA_m0	ARETGTAWFAY	5lwy_HL_agA_m0
5lxa_Hh_agA_m0	ARETGTAWFAY	5lwy_HL_agA_m0
5lxg_HL_agA_m0	ARETGTAWFAY	5lwy_HL_agA_m0
5lz0_ANA_ag_m0	AATPYGSRYYLERLREYDY	5lz0_ANA_ag_m0
5lz0_BNA_ag_m0	AATPYGSRYYLERLREYDY	5lz0_ANA_ag_m0
5m13_BNA_ag_m0	AAAEWGSQSQTLPWFYRY	5m13_BNA_ag_m0
5m14_CNA_agA_m0	AAAEWGSQSQTLPWFYRY	5m13_BNA_ag_m0
5m14_DNA_ag_m0	AAAEWGSQSQTLPWFYRY	5m13_BNA_ag_m0
5m15_CNA_agA_m0	AAAYWGKQSSILPWDYSY	5m15_CNA_agA_m0
5m15_DNA_ag_m0	AAAYWGKQSSILPWDYSY	5m15_CNA_agA_m0
5m2i_GNA_agB_m0	AASILPLSPDDGWNTY	5m2i_GNA_agB_m0
5m2i_HNA_agA_m0	AASILPLSPDDGWNTY	5m2i_GNA_agB_m0
5m2i_INA_agC_m0	AASILPLSPDDGWNTY	5m2i_GNA_agB_m0
5m2i_JNA_agE_m0	AASILPLSPDDGWNTY	5m2i_GNA_agB_m0
5m2i_KNA_agD_m0	AASILPLSPDDGWNTY	5m2i_GNA_agB_m0
5m2i_LNA_agF_m0	AASILPLSPDDGWNTY	5m2i_GNA_agB_m0
5m2j_DNA_agA_m0	ARSPSGFN	5m2j_DNA_agA_m0
5m2m_DNA_agB_m0	AARDGIPTSVSRESYNY	5m2m_DNA_agB_m0
5m2m_ENA_agC_m0	AARDGIPTSVSRESYNY	5m2m_DNA_agB_m0
5m2m_FNA_agA_m0	AARDGIPTSVSRESYNY	5m2m_DNA_agB_m0
5m2m_HNA_agG_m0	AARDGIPTSVSRESYNY	5m2m_DNA_agB_m0
5m2m_JNA_agI_m0	AARDGIPTSVSRESYNY	5m2m_DNA_agB_m0
5m2m_NNA_agM_m0	AARDGIPTSVSRESYNY	5m2m_DNA_agB_m0
5m2w_ANA_ag_m0	KAFFRRDYVGYDY	5m2w_ANA_ag_m0
5m2w_BNA_ag_m0	KAFFRRDYVGYDY	5m2w_ANA_ag_m0
5m30_DNA_agB_m0	KAFFRRDYVGYDY	5m2w_ANA_ag_m0
5m30_ENA_agA_m0	KAFFRRDYVGYDY	5m2w_ANA_ag_m0
5m30_FNA_agC_m0	KAFFRRDYVGYDY	5m2w_ANA_ag_m0
5m63_HL_agL_m0	ARDYFGEGDVGHYFGVFGL	5m63_HL_agL_m0
5m63_MN_agN_m0	ARDYFGEGDVGHYFGVFGL	5m63_HL_agL_m0
5m7q_ANA_ag_m0	AADSRPISYGTWRY	5m7q_ANA_ag_m0
5m7q_BNA_ag_m0	AADSRPISYGTWRY	5m7q_ANA_ag_m0
5m94_BNA_agA_m0	NAAIRTTVTRSAQEY	5m94_BNA_agA_m0
5m94_DNA_agC_m0	NAAIRTTVTRSAQEY	5m94_BNA_agA_m0
5m95_BNA_agA_m0	NAAIRTTVTRSAQEY	5m94_BNA_agA_m0
5m95_DNA_agC_m0	NAAIRTTVTRSAQEY	5m94_BNA_agA_m0
5mes_HL_agA_m0	ARQVGATWAFDI	5mes_HL_agA_m0
5mev_HL_agA_m0	ARQVGATWAFDI	5mes_HL_agA_m0
5mhe_HL_agH_m0	ARGDYYGSSYYLYAMDY	5mhe_HL_agH_m0
5mhg_HL_agH_m0	ARGDYYGSSYYLYAMDY	5mhe_HL_agH_m0
5mhr_IH_agB_m0	AIHYYGIYSWYFDV	5mhr_IH_agB_m0
5mhr_KJ_agC_m0	AIHYYGIYSWYFDV	5mhr_IH_agB_m0
5mhr_ML_agD_m0	AIHYYGIYSWYFDV	5mhr_IH_agB_m0
5mhr_NG_agF_m0	AIHYYGIYSWYFDV	5mhr_IH_agB_m0
5mhr_PO_agE_m0	AIHYYGIYSWYFDV	5mhr_IH_agB_m0
5mhr_RQ_agA_m0	AIHYYGIYSWYFDV	5mhr_IH_agB_m0
5mhs_ED_agB _ A_m0	ARKEELYGYYGDLFFDV	5mhs_ED_agB _ A_m0
5mhs_HF_agNA_m0	ARKEELYGYYGDLFFDV	5mhs_ED_agB _ A_m0
5mhs_NG_agNA_m0	ARKEELYGYYGDLFFDV	5mhs_ED_agB _ A_m0
5mi0_BC_agA_m0	TRAIFDYAYGWYFDV	4u0r_BC_agA_m0
5mje_BNA_agA_m0	YEESRRPGLSRNTY	5mje_BNA_agA_m0
5mo3_HL_agA_m0	ARDYYGTSFAMDY	5mo3_HL_agA_m0
5mo9_HL_agX_m0	TGVTTWFAY	5mo9_HL_agX_m0
5mp1_CD_agB_m0	ARDYYGTSFAMDY	5mo3_HL_agA_m0
5mp1_FG_agE_m0	ARDYYGTSFAMDY	5mo3_HL_agA_m0
5mp1_HL_agA_m0	ARDYYGTSFAMDY	5mo3_HL_agA_m0
5mp1_JK_agI_m0	ARDYYGTSFAMDY	5mo3_HL_agA_m0
5mp2_CNA_agA_m0	AGSVRTTIQGKFPNYYNY	5mp2_CNA_agA_m0
5mp2_DNA_agB_m0	AGSVRTTIQGKFPNYYNY	5mp2_CNA_agA_m0
5mp3_AB_agC_m0	ARDYYGTSFAMDY	5mo3_HL_agA_m0
5mp3_HL_agD_m0	ARDYYGTSFAMDY	5mo3_HL_agA_m0
5mp5_AB_agK_m0	ARDYYGTSFAMDY	5mo3_HL_agA_m0
5mp5_CD_ag_m0	ARDYYGTSFAMDY	5mo3_HL_agA_m0
5mp5_EF_agI_m0	ARDYYGTSFAMDY	5mo3_HL_agA_m0
5mp5_HL_agJ_m0	ARDYYGTSFAMDY	5mo3_HL_agA_m0
5mp6_HL_ag_m0	AREASTKITGDDGAFDF	5f89_AB_ag_m0
5mp6_PQ_ag_m0	AREASTKITGDDGAFDF	5f89_AB_ag_m0
5mth_AB_ag_m0	ARDYYGTSFAMDY	5mo3_HL_agA_m0
5mth_HL_ag_m0	ARDYYGTSFAMDY	5mo3_HL_agA_m0
5mu0_AB_agQ_m0	TGLTFDY	5mu0_AB_agQ_m0
5mu0_CD_agR_m0	TGLTFDY	5mu0_AB_agQ_m0
5mu0_EF_agS_m0	TGLTFDY	5mu0_AB_agQ_m0
5mu0_GH_agT_m0	TGLTFDY	5mu0_AB_agQ_m0
5mu0_IJ_agU_m0	TGLTFDY	5mu0_AB_agQ_m0
5mu0_KL_agV_m0	TGLTFDY	5mu0_AB_agQ_m0
5mu0_MN_agW_m0	TGLTFDY	5mu0_AB_agQ_m0
5mu0_OP_agX_m0	TGLTFDY	5mu0_AB_agQ_m0
5mu2_AB_agX_m0	TGLTFDY	5mu0_AB_agQ_m0
5mu2_CD_agQ_m0	TGLTFDY	5mu0_AB_agQ_m0
5mu2_EF_agR_m0	TGLTFDY	5mu0_AB_agQ_m0
5mu2_GH_agS_m0	TGLTFDY	5mu0_AB_agQ_m0
5mu2_IJ_agT_m0	TGLTFDY	5mu0_AB_agQ_m0
5mu2_KL_agU_m0	TGLTFDY	5mu0_AB_agQ_m0
5mu2_MN_agV_m0	TGLTFDY	5mu0_AB_agQ_m0
5mu2_OP_agW_m0	TGLTFDY	5mu0_AB_agQ_m0
5mub_AB_agX_m0	TGLTFDY	5mu0_AB_agQ_m0
5mub_CD_agE_m0	TGLTFDY	5mu0_AB_agQ_m0
5mub_FG_agH_m0	TGLTFDY	5mu0_AB_agQ_m0
5mub_IJ_agK_m0	TGLTFDY	5mu0_AB_agQ_m0
5mub_LM_agN_m0	TGLTFDY	5mu0_AB_agQ_m0
5mub_OP_agQ_m0	TGLTFDY	5mu0_AB_agQ_m0
5mub_RS_agT_m0	TGLTFDY	5mu0_AB_agQ_m0
5mub_UV_agW_m0	TGLTFDY	5mu0_AB_agQ_m0
5muq_AB_ag_m0	ARDYYGTSFAMDY	5mo3_HL_agA_m0
5muq_HL_ag_m0	ARDYYGTSFAMDY	5mo3_HL_agA_m0
5mv3_AB_agX_m0	TGLTFDY	5mu0_AB_agQ_m0
5mv3_CD_agE_m0	TGLTFDY	5mu0_AB_agQ_m0
5mv3_FG_agH_m0	TGLTFDY	5mu0_AB_agQ_m0
5mv3_IJ_agK_m0	TGLTFDY	5mu0_AB_agQ_m0
5mv3_LM_agN_m0	TGLTFDY	5mu0_AB_agQ_m0
5mv3_OP_agQ_m0	TGLTFDY	5mu0_AB_agQ_m0
5mv3_RS_agT_m0	TGLTFDY	5mu0_AB_agQ_m0
5mv3_UV_agW_m0	TGLTFDY	5mu0_AB_agQ_m0
5mv4_AB_agX_m0	TGLTFDY	5mu0_AB_agQ_m0
5mv4_CD_agE_m0	TGLTFDY	5mu0_AB_agQ_m0
5mv4_FG_agH_m0	TGLTFDY	5mu0_AB_agQ_m0
5mv4_IJ_agK_m0	TGLTFDY	5mu0_AB_agQ_m0
5mv4_LM_agN_m0	TGLTFDY	5mu0_AB_agQ_m0
5mv4_OP_agQ_m0	TGLTFDY	5mu0_AB_agQ_m0
5mv4_RS_agT_m0	TGLTFDY	5mu0_AB_agQ_m0
5mv4_UV_agW_m0	TGLTFDY	5mu0_AB_agQ_m0
5mvj_AB_ag_m0	ARDYYGTSFAMDY	5mo3_HL_agA_m0
5mvj_CD_ag_m0	ARDYYGTSFAMDY	5mo3_HL_agA_m0
5mvj_EF_ag_m0	ARDYYGTSFAMDY	5mo3_HL_agA_m0
5mvj_HL_ag_m0	ARDYYGTSFAMDY	5mo3_HL_agA_m0
5mvz_AB_agV_m0	ARFVSLDAFDI	5mvz_AB_agV_m0
5mvz_HL_agU_m0	ARFVSLDAFDI	5mvz_AB_agV_m0
5mwn_DNA_agB_m0	KAFFRRDYVGYDY	5m2w_ANA_ag_m0
5mwn_ENA_agA_m0	KAFFRRDYVGYDY	5m2w_ANA_ag_m0
5mwn_FNA_agC_m0	KAFFRRDYVGYDY	5m2w_ANA_ag_m0
5mwn_NNA_agA_m0	DARIWRGTVYDNI	5mwn_NNA_agA_m0
5mx3_AB_ag_m0	ARDYYGTSFAMDY	5mo3_HL_agA_m0
5mx3_HL_ag_m0	ARDYYGTSFAMDY	5mo3_HL_agA_m0
5my4_BA_agC_m0	ARYDYDNIDLYVMDY	5my4_BA_agC_m0
5my6_BNA_agA_m0	AVCYNLETY	5my6_BNA_agA_m0
5myk_BA_agC_m0	ARYDYDNIDLYVMDY	5my4_BA_agC_m0
5myo_BA_agE_m0	TREAKREWDETY	5myo_BA_agE_m0
5myo_DC_ag_m0	TREAKREWDETY	5myo_BA_agE_m0
5myx_BA_agE_m0	AREGYIVY	5myx_BA_agE_m0
5myx_DC_agF_m0	AREGYIVY	5myx_BA_agE_m0
5mzv_DNA_agA_m0	GETSLFPTGRSSHYDT	4grw_HNA_agB_m0
5n09_HL_agA_m0	VRDGVRFYYDSTGKFFSDPYYYGMDV	4ut7_HL_ag_m0
5n09_IM_agB_m0	VRDGVRFYYDSTGKFFSDPYYYGMDV	4ut7_HL_ag_m0
5n0a_HL_agA_m0	VRDGVRFYYDSTGKFFSDPYYYGMDV	4ut7_HL_ag_m0
5n0a_IM_agB_m0	VRDGVRFYYDSTGKFFSDPYYYGMDV	4ut7_HL_ag_m0
5n2k_BA_ag_m0	KTHGSHDN	5n2k_BA_ag_m0
5n2k_DC_ag_m0	KTHGSHDN	5n2k_BA_ag_m0
5n2k_FE_ag_m0	KTHGSHDN	5n2k_BA_ag_m0
5n2k_HG_ag_m0	KTHGSHDN	5n2k_BA_ag_m0
5n2k_JI_ag_m0	KTHGSHDN	5n2k_BA_ag_m0
5n2k_LK_ag_m0	KTHGSHDN	5n2k_BA_ag_m0
5n2k_NM_ag_m0	KTHGSHDN	5n2k_BA_ag_m0
5n2k_PO_ag_m0	KTHGSHDN	5n2k_BA_ag_m0
5n4g_HL_ag_m0	IRETKFDP	5n4g_HL_ag_m0
5n4j_HL_ag_m0	ARGVDLDY	5n4j_HL_ag_m0
5n7b_Hh_agI_m0	TGVGQFAY	1sm3_HL_agP_m0
5n7w_AB_agY_m0	ARFPYYYGNWDV	5n7w_AB_agY_m0
5n7w_HL_agX_m0	ARFPYYYGNWDV	5n7w_AB_agY_m0
5n88_ANA_agD_m0	ARGGWALGDEFSSPILEFDY	5n88_ANA_agD_m0
5n88_HNA_agE_m0	ARGGWALGDEFSSPILEFDY	5n88_ANA_agD_m0
5nb5_HL_ag_m0	ARGWGGMRY	5nb5_HL_ag_m0
5nb5_IM_ag_m0	ARGWGGMRY	5nb5_HL_ag_m0
5nbd_CNA_agB _ A_m0	AKGYVVDFLDLAEYDS	5nbd_CNA_agB _ A_m0
5nbi_HL_ag_m0	AQSSPYSRAMDY	5nbi_HL_ag_m0
5nbl_ENA_agC _ B_m0	AARNPRATAVDESAYDY	5nbl_ENA_agC _ B_m0
5nbl_FNA_agD _ A_m0	AARNPRATAVDESAYDY	5nbl_ENA_agC _ B_m0
5nbm_ENA_agC _ B_m0	AARNPRATAVDESAYDY	5nbl_ENA_agC _ B_m0
5nbm_FNA_agD _ A_m0	AARNPRATAVDESAYDY	5nbl_ENA_agC _ B_m0
5nbw_BA_agA_m0	AKKYGDY	5nbw_BA_agA_m0
5nbw_HL_agL_m0	AKKYGDY	5nbw_BA_agA_m0
5ngv_HL_agA_m0	ARGGWFDY	5ngv_HL_agA_m0
5nh3_HL_agA_m0	ARGGWFDY	5ngv_HL_agA_m0
5nh3_IM_agB_m0	ARGGWFDY	5ngv_HL_agA_m0
5nhr_AB_agD_m0	ARGGWFDY	5ngv_HL_agA_m0
5nhr_HL_agC_m0	ARGGWFDY	5ngv_HL_agA_m0
5nhw_HL_ag_m0	ARGGWFDY	5ngv_HL_agA_m0
5niv_BA_ag_m0	ATFYGAKGTLDY	5niv_BA_ag_m0
5nj3_CD_agB_m0	ATFYGAKGTLDY	5niv_BA_ag_m0
5nj3_EF_agA_m0	ATFYGAKGTLDY	5niv_BA_ag_m0
5nj6_HL_agA_m0	SRQDYYGSSYDY	5nj6_HL_agA_m0
5njd_NM_agK_m0	KTHGSHDN	5n2k_BA_ag_m0
5njd_PO_agI _ B_m0	KTHGSHDN	5n2k_BA_ag_m0
5njd_RQ_agC _ D_m0	KTHGSHDN	5n2k_BA_ag_m0
5njd_TS_agG _ F_m0	KTHGSHDN	5n2k_BA_ag_m0
5njd_VU_agA _ J_m0	KTHGSHDN	5n2k_BA_ag_m0
5njd_XW_agE _ H_m0	KTHGSHDN	5n2k_BA_ag_m0
5njg_CD_agB_m0	ATFYGAKGTLDY	5niv_BA_ag_m0
5njg_EF_agA_m0	ATFYGAKGTLDY	5niv_BA_ag_m0
5nlu_ANA_ag_m0	NLLGATTMSNAV	5nlu_ANA_ag_m0
5nlw_ANA_ag_m0	NLLGATTMSNAV	5nlu_ANA_ag_m0
5nm0_ANA_ag_m0	NLLGATTMSNAV	5nlu_ANA_ag_m0
5nm0_BNA_ag_m0	NLLGATTMSNAV	5nlu_ANA_ag_m0
5nm0_CNA_ag_m0	NLLGATV	5nm0_CNA_ag_m0
5nm0_DNA_ag_m0	NLLGATTMSNAV	5nlu_ANA_ag_m0
5nml_ANA_ag_m0	NLLGATTMSNAV	5nlu_ANA_ag_m0
5nml_BNA_ag_m0	NLLGATTMSNAV	5nlu_ANA_ag_m0
5nml_CNA_ag_m0	NLLGATTMSNAV	5nlu_ANA_ag_m0
5nml_DNA_ag_m0	NLLGATTMSNAV	5nlu_ANA_ag_m0
5nml_ENA_ag_m0	NLLGATTMSNAV	5nlu_ANA_ag_m0
5nml_FNA_ag_m0	NLLGATTMSNAV	5nlu_ANA_ag_m0
5nml_GNA_ag_m0	NLLGA	5nml_GNA_ag_m0
5nml_HNA_ag_m0	NLLGATTMSNAV	5nlu_ANA_ag_m0
5nml_INA_ag_m0	NLLGATTMSNAV	5nlu_ANA_ag_m0
5nml_JNA_ag_m0	TQVTV	5nml_JNA_ag_m0
5nmv_HL_agK_m0	AKNSHGNYGVYAMDY	5nmv_HL_agK_m0
5nph_HL_agA_m0	ARFGGSYPYAMDY	5nph_HL_agA_m0
5npi_Aa_agD_m0	ARFGGSYPYAMDY	5nph_HL_agA_m0
5npi_Bb_agE_m0	ARFGGSYPYAMDY	5nph_HL_agA_m0
5npj_Aa_agD_m0	ARFGGSYPYAMDY	5nph_HL_agA_m0
5npj_Bb_agE_m0	ARFGGSYPYAMDY	5nph_HL_agA_m0
5nqw_CNA_agB_m0	ATDEEYALPGNEFDY	5nqw_CNA_agB_m0
5nqw_DNA_agA_m0	ATDEEYALPGNEFDY	5nqw_CNA_agB_m0
5nuz_AB_agC_m0	TRRNTLTGDYFDY	5nuz_AB_agC_m0
5nuz_HL_agD_m0	TRRNTLTGDYFDY	5nuz_AB_agC_m0
5nyx_HL_ag_m0	ARDRFDVAGSSSFDF	5nyx_HL_ag_m0
5nyx_MN_ag_m0	ARDRFDVAGSSSFDF	5nyx_HL_ag_m0
5nyx_OP_ag_m0	ARDRFDVAGSSSFDF	5nyx_HL_ag_m0
5o02_CNA_agA_m0	NARRDYGDSTFWAGGGY	5o02_CNA_agA_m0
5o03_CNA_agA_m0	AADLSSLQAMCVIASFGPRPKAYDY	5o03_CNA_agA_m0
5o03_DNA_agB_m0	AADLSSLVQAMCVASFGPRPIKAYDY	5o03_DNA_agB_m0
5o04_CNA_agA_m0	KREDYSAAYPPSGS	4x7c_CNA_agA_m0
5o04_DNA_agB_m0	KREDYSAAYPPSGS	4x7c_CNA_agA_m0
5o04_ENA_agB_m0	NVRRASADY	5o04_ENA_agB_m0
5o04_FNA_agA_m0	NVRRASADY	5o04_ENA_agB_m0
5o05_CNA_agB_m0	KYIRYSPHIAPLDY	5o05_CNA_agB_m0
5o05_DNA_agA_m0	KYIRYSPHIAPLDY	5o05_CNA_agB_m0
5o0w_ENA_agA_m0	ALDTTDRYDSANGSSITCYYRDTYDY	9gv3_ENA_agA_m0
5o0w_FNA_agB_m0	ALDTTDRYDSANGSSITCYYRDTYDY	9gv3_ENA_agA_m0
5o0w_GNA_agC_m0	ALDTTDRYDSANGSSITCYYRDTYDY	9gv3_ENA_agA_m0
5o0w_HNA_agD_m0	ALDTTDRYDSANGSSITCYYRDTYDY	9gv3_ENA_agA_m0
5o14_CD_agB_m0	ARLSQVSGSWPWVGP	5o14_CD_agB_m0
5o14_HL_agA_m0	ARLSQVSGSWPWVGP	5o14_CD_agB_m0
5o1r_HL_agA_m0	ARDRFDVAGSSSFDF	5nyx_HL_ag_m0
5o1r_IM_agB_m0	ARDRFDVAGSSSFDF	5nyx_HL_ag_m0
5o2u_BNA_agA_m0	FAALDTAY	5o2u_BNA_agA_m0
5o2u_DNA_agC_m0	FAALDTAY	5o2u_BNA_agA_m0
5o4g_BA_agC_m0	ARPPVYYSDAWFAY	5o4g_BA_agC_m0
5o4o_BA_agC_m0	ARDHGSRHFYSWWGFDY	5o4o_BA_agC_m0
5o6v_HL_agB_m0	TRVLYDYDGEFAY	5o6v_HL_agB_m0
5o6v_IM_agC_m0	TRVLYDYDGEFAY	5o6v_HL_agB_m0
5o7p_BA_agC_m0	ARDHGSRHFYSWWGFDY	5o4o_BA_agC_m0
5o8f_KNA_agA_m0	AAKGRYSGGPYYLTNYDY	5o8f_KNA_agA_m0
5o8f_LNA_agB_m0	AAKGRYSGGPYYLTNYDY	5o8f_KNA_agA_m0
5o8f_MNA_agC_m0	AAKGRYSGGPYYLTNYDY	5o8f_KNA_agA_m0
5o8f_NNA_agI _ D_m0	AAKGRYSGGPYYLTNYDY	5o8f_KNA_agA_m0
5o8f_ONA_agA _ E_m0	AAKGRYSGGPYYLTNYDY	5o8f_KNA_agA_m0
5ob5_HL_agA_m0	ARSGYDRTWFAH	5ob5_HL_agA_m0
5obf_HL_ag_m0	VSSGY	5obf_HL_ag_m0
5oca_HL_agB _ A_m0	ARDYDFWSYYADAFDV	3h42_HL_agB _ A_m0
5occ_HL_agA_m0	ASSVGAYNADAFDI	5occ_HL_agA_m0
5ock_HL_agA_m0	VRIRGGSSNWLDP	5ock_HL_agA_m0
5ocl_ANA_ag_m0	HTLPRFSHL	5ocl_ANA_ag_m0
5ocl_BNA_ag_m0	AANPNPSGSYVSRRNDY	5ocl_BNA_ag_m0
5ocl_CNA_ag_m0	HTLPRFSHL	5ocl_ANA_ag_m0
5ocl_DNA_ag_m0	AANPNPYRRNDY	5ocl_DNA_ag_m0
5ocl_ENA_ag_m0	AANPNRRNDY	5ocl_ENA_ag_m0
5ocl_FNA_ag_m0	HTLPRFSHL	5ocl_ANA_ag_m0
5ocl_GNA_ag_m0	AANPNPSGSYVSRRNDY	5ocl_BNA_ag_m0
5ocl_HNA_ag_m0	HTLPRFSHL	5ocl_ANA_ag_m0
5ocx_HL_agA_m0	VRIRGGSSNWLDP	5ock_HL_agA_m0
5ocy_HL_agC_m0	VRIRGGSSNWLDP	5ock_HL_agA_m0
5od0_HL_ag_m0	VRIRGGSSNWLDP	5ock_HL_agA_m0
5od8_AB_ag_m0	ARINTSPILTPFYYGGVHDY	5od8_AB_ag_m0
5odb_AB_ag_m0	SKVRGAAATYYGYGMDV	5odb_AB_ag_m0
5ojm_KNA_agA_m0	AAKGRYSGGPYYLTNYDY	5o8f_KNA_agA_m0
5ojm_LNA_agB_m0	AAKGRYSGGPYYLTNYDY	5o8f_KNA_agA_m0
5ojm_MNA_agC_m0	AAKGRYSGGPYYLTNYDY	5o8f_KNA_agA_m0
5ojm_NNA_agD_m0	AAKGRYSGGPYYLTNYDY	5o8f_KNA_agA_m0
5ojm_ONA_agE_m0	AAKGRYSGGPYYLTNYDY	5o8f_KNA_agA_m0
5omm_CNA_agA _ B_m0	KGIVVFTTPMHY	5omm_CNA_agA _ B_m0
5omn_CNA_agB_m0	RDRTLGS	5omn_CNA_agB_m0
5opy_HL_agNA_m0	ARHNYGSFAY	5opy_HL_agNA_m0
5otj_BA_agD_m0	ARAFYYSGSVMFDS	5otj_BA_agD_m0
5otj_HL_agC_m0	ARAFYYSGSVMFDS	5otj_BA_agD_m0
5ovw_GNA_agC_m0	AAAHRIFGGCSHIVLSGYVS	5ovw_GNA_agC_m0
5ovw_HNA_agA_m0	AAAHRIFGGCSHIVLSGYVS	5ovw_GNA_agC_m0
5ovw_INA_agB_m0	AAAHRIFGGCSHIVLSGYVS	5ovw_GNA_agC_m0
5ovw_JNA_agD_m0	AAAHRIFGGCSHIVLSGYVS	5ovw_GNA_agC_m0
5ovw_KNA_agE_m0	AAAHRIFGGCSHIVLSGYVS	5ovw_GNA_agC_m0
5ovw_LNA_agF_m0	AAAHRIFGGCSHIVLSGYVS	5ovw_GNA_agC_m0
5owp_Hh_agD_m0	TGVGQFAY	1sm3_HL_agP_m0
5sv3_ANA_agB_m0	AVIANPVYATSNRSDDYGH	5sv3_ANA_agB_m0
5sv3_CNA_agD_m0	AVIANPVYATSNRSDDYGH	5sv3_ANA_agB_m0
5sv4_ANA_ag_m0	AVIANPVYATSNRSDDYGH	5sv3_ANA_agB_m0
5sv4_BNA_ag_m0	AVIANPVYATSNRSDDYGH	5sv3_ANA_agB_m0
5sx4_HL_agN_m0	VRDRVTGAFDI	5sx4_HL_agN_m0
5sx4_JI_agM_m0	VRDRVTGAFDI	5sx4_HL_agN_m0
5sx5_HL_agN_m0	VRDRVTGAFDI	5sx4_HL_agN_m0
5sx5_JK_agM_m0	VRDRVTGAFDI	5sx4_HL_agN_m0
5sy8_HL_agO_m0	ARTGKYYDFWSEGPPYGEYFQD	7mfa_CD_agNA_m0
5szf_HL_ag_m0	ARGSEFGRLVY	5szf_HL_ag_m0
5t0y_AB_ag_m0	ARGSEFGRLVY	5szf_HL_ag_m0
5t0y_HL_ag_m0	ARGSEFGRLVY	5szf_HL_ag_m0
5t0y_IG_ag_m0	ARGSEFGRLVY	5szf_HL_ag_m0
5t1d_HL_agB_m0	AEGYAMDF	5t1d_HL_agB_m0
5t1k_BA_ag_m0	ARALTYYDYEFAY	1yy8_BA_ag_m0
5t1k_DC_ag_m0	ARALTYYDYEFAY	1yy8_BA_ag_m0
5t1l_BA_ag_m0	ARALTYYDYEFAY	1yy8_BA_ag_m0
5t1l_DC_ag_m0	ARALTYYDYEFAY	1yy8_BA_ag_m0
5t1m_BA_ag_m0	ARALTYYDYEFAY	1yy8_BA_ag_m0
5t1m_DC_ag_m0	ARALTYYDYEFAY	1yy8_BA_ag_m0
5t29_HL_agO_m0	ARTGKYYDFWSEGPPYGEYFQD	7mfa_CD_agNA_m0
5t33_HL_agG_m0	ANAGGGKYDYLDV	5t33_HL_agG_m0
5t3s_DE_agB_m0	AKGLLRDGTSSWLPYL	4toy_HL_ag_m0
5t3s_HL_agG_m0	ATARRGQRIYGVVYYFFEGFSYYMDV	4r26_HL_ag_m0
5t3x_DE_agG_m0	AREMFDSSADWPSWRGMVA	5t3x_DE_agG_m0
5t3x_HL_agG_m0	ATARRGQRIYGVVYYFFEGFSYSMDV	4r26_HL_ag_m0
5t3z_DE_agG_m0	AREMFDSSADWPSWRGMVA	5t3x_DE_agG_m0
5t3z_HL_agG_m0	ATARRGQRIYGVVYYFFEGFSYSMDV	4r26_HL_ag_m0
5t4z_AB_ag_m0	GRVRFVSGGTYYDRIDS	5iie_AB_ag_m0
5t4z_HL_agH_m0	GRVRFVSGGTYYDRIDS	5iie_AB_ag_m0
5t5b_AB_agO_m0	ARTGKYYDFWSEGPPYGEYFQD	7mfa_CD_agNA_m0
5t5b_HL_agE_m0	ARTGKYYDFWSEGPPYGEYFQD	7mfa_CD_agNA_m0
5t5f_HL_agA_m0	ARYLKYDGTSYRFDY	5t5f_HL_agA_m0
5t5n_GF_agE_m0	AREVYYFDY	4rdq_GF_agE_m0
5t5n_IH_agA_m0	AREVYYFDY	4rdq_GF_agE_m0
5t5n_KJ_agB_m0	AREVYYFDY	4rdq_GF_agE_m0
5t5n_ML_agC_m0	AREVYYFDY	4rdq_GF_agE_m0
5t5n_ON_agD_m0	AREVYYFDY	4rdq_GF_agE_m0
5t6l_AB_agG_m0	ARTGKYYDFWSEGPPYGEYFQD	7mfa_CD_agNA_m0
5t6l_HL_agI_m0	ARTGKYYDFWSEGPPYGEYFQD	7mfa_CD_agNA_m0
5t6p_BA_agF_m0	IRQYYGFDY	5t6p_BA_agF_m0
5t6p_DC_agE_m0	IRQYYGFDY	5t6p_BA_agF_m0
5t78_BA_agF_m0	IRQYYGFDY	5t6p_BA_agF_m0
5t78_DC_agE_m0	IRQYYGFDY	5t6p_BA_agF_m0
5t80_HL_agG_m0	ARTGKYYDFWSEGPPYGEYFQD	7mfa_CD_agNA_m0
5t85_HL_agG_m0	ARTGKYYDFWSEGPPYGEYFQD	7mfa_CD_agNA_m0
5tbd_AB_agC_m0	ARGGLLR	5tbd_AB_agC_m0
5tbd_DG_agH_m0	ARGGLLR	5tbd_AB_agC_m0
5tbd_EF_agI_m0	ARGGLLR	5tbd_AB_agC_m0
5tbd_JK_agL_m0	ARGGLLR	5tbd_AB_agC_m0
5td8_ENA_agC _ A_m0	AARYYYDY	5td8_ENA_agC _ A_m0
5tdn_BA_ag_m0	SRWAMDY	5tdn_BA_ag_m0
5tdn_DC_ag_m0	SRWGGDGFYAMDY	3b9v_ANA_ag_m0
5tdo_BA_ag_m0	SRWAMDY	5tdn_BA_ag_m0
5tdo_DC_ag_m0	SRWGGDGFYAMDY	3b9v_ANA_ag_m0
5tdp_BA_ag_m0	SRWAMDY	5tdn_BA_ag_m0
5tdp_DC_ag_m0	SRWGGDGFYAMDY	3b9v_ANA_ag_m0
5te4_HL_agG_m0	ARDRSYGDSSWALDA	5te4_HL_agG_m0
5te6_HL_agG_m0	ARDRSYGDSSWALDA	5te4_HL_agG_m0
5te7_HL_agG_m0	ARDRSYGDSSWALDA	5te4_HL_agG_m0
5tf1_HL_ag_m0	AREYSSGWYFAY	5tf1_HL_ag_m0
5tfs_HL_ag_m0	ARGWGWYFDL	5tfs_HL_ag_m0
5tfw_HL_agO_m0	ARTGKYYDFWSEGPPYGEYFQD	7mfa_CD_agNA_m0
5tgb_AB_ag_m0	ARDGWSGWYFDS	5tgb_AB_ag_m0
5tgb_HL_ag_m0	ARDGWYSGSWYFDS	5tgb_HL_ag_m0
5th2_BA_ag_m0	ARALTYYDYEFAY	1yy8_BA_ag_m0
5th2_DC_ag_m0	ARALTYYDYEFAY	1yy8_BA_ag_m0
5th9_HL_agA_m0	ARYYYGMDY	5th9_HL_agA_m0
5th9_IM_agB_m0	ARYYYGMDY	5th9_HL_agA_m0
5th9_JN_agC_m0	ARYYYGMD	5th9_JN_agC_m0
5thr_MJ_agD_m0	AGVYEGEADEGNNDYEGFLKH	1gc1_HL_agG_m0
5thr_NK_agE_m0	AGVYEGEADEGNNDYEGFLKH	1gc1_HL_agG_m0
5thr_OL_agF_m0	AGVYEGEADEGNNDYEGFLKH	1gc1_HL_agG_m0
5thr_PQ_agC_m0	TTTSTYDKWSGVGDHHLMAFSS	5cjx_AC_agJ _ K_m0
5thr_RS_agA_m0	TTTSTYDKWSGVGDHHLMAFSS	5cjx_AC_agJ _ K_m0
5thr_TU_agB_m0	TTTSTYDKWSGVGDHHLMAFSS	5cjx_AC_agJ _ K_m0
5tih_HL_agA_m0	AMVRRGY	5tih_HL_agA_m0
5tjd_HL_ag_m0	AGLTQNDAN	5tjd_HL_ag_m0
5tjw_KNA_agA_m0	AASLGYSGAYASGYDY	5tjw_KNA_agA_m0
5tkj_AB_agC_m0	TRLRNYWYFDV	5tkj_AB_agC_m0
5tkj_DE_agF_m0	TRLRNYWYFDV	5tkj_AB_agC_m0
5tkj_GH_agI_m0	TRLRNYWYFDV	5tkj_AB_agC_m0
5tkj_JK_agL_m0	TRLRNYWYFDV	5tkj_AB_agC_m0
5tkk_HL_agA_m0	TREGNYRAY	5tkk_HL_agA_m0
5tl5_HL_agA_m0	ARSDYYGDYGFAY	5tl5_HL_agA_m0
5tlj_BA_agX_m0	ARSDYYGDYGFAY	5tl5_HL_agA_m0
5tlj_DC_agX_m0	SRHRGNPFDY	5tlk_DC_agX_m0
5tlj_FE_ag_m0	ARSDYYGDYGFAY	5tl5_HL_agA_m0
5tlj_HG_ag_m0	SRHRGNPFDY	5tlk_DC_agX_m0
5tlk_BA_agX_m0	ARSDYYGDYGFAY	5tl5_HL_agA_m0
5tlk_DC_agX_m0	ARHRGNPFDY	5tlk_DC_agX_m0
5tlk_FE_agY_m0	ARSDYYGDYGFAY	5tl5_HL_agA_m0
5tlk_HG_agY_m0	ARHRGNPFDY	5tlk_DC_agX_m0
5toj_DNA_agA_m0	ATIRSSSWGHVCGYGMDY	5toj_DNA_agA_m0
5toj_ENA_agB_m0	ATIRSSSWGHVCGYGMDY	5toj_DNA_agA_m0
5toj_FNA_agC_m0	ATIRSSSWGHVCGYGMDY	5toj_DNA_agA_m0
5tok_DNA_agB_m0	ATVAVAHFRVGCGDGMDY	5tok_DNA_agB_m0
5tok_ENA_agA_m0	ATVAVAHFRVGCGDGMDY	5tok_DNA_agB_m0
5tok_FNA_agC_m0	ATVAVAHFRVGCGDGMDY	5tok_DNA_agB_m0
5tp3_ANA_ag_m0	ATIRSSSWGHVCGYGMDY	5toj_DNA_agA_m0
5tp3_BNA_ag_m0	ATIRSSSWGHVCGYGMDY	5toj_DNA_agA_m0
5tpl_HL_ag_m0	ARGGWISLYVYYSYDPNFDS	8sb0_CD_agA_m0
5tpn_HL_agA_m0	VRDAYVSGSYYYDYGLDV	5tpn_HL_agA_m0
5tpp_HL_ag_m0	VTGAWISDYYYYSSDPNFDH	8sb5_CD_agA_m0
5tpw_HL_agA _ B_m0	ARGYDYEGYFDY	5tpw_HL_agA _ B_m0
5tq0_HL_agA _ B_m0	ARGYDYEGYFDY	5tpw_HL_agA _ B_m0
5tq2_HL_agA _ B_m0	ARGYDYEGYFDY	5tpw_HL_agA _ B_m0
5tqa_AB_ag_m0	TTGGWISLYYYYSSDPNFDH	8sb5_CD_agA_m0
5tqa_HL_ag_m0	TTGGWISLYYYYSSDPNFDH	8sb5_CD_agA_m0
5tqq_HL_agA_m0	SRGVDY	5tqq_HL_agA_m0
5tqq_IM_agB_m0	SRGVDY	5tqq_HL_agA_m0
5tr1_HL_agA_m0	SRGVDY	5tqq_HL_agA_m0
5tr1_IM_agB_m0	SRGVDY	5tqq_HL_agA_m0
5tr8_HL_ag_m0	VRHSGYSYVIDY	5tr8_HL_ag_m0
5trp_HL_ag_m0	AREPYDFHSELGGSLDY	5trp_HL_ag_m0
5tru_HL_agC_m0	ARTGWLGPFDY	7su1_HL_agC_m0
5tru_hl_agc_m0	ARTGWLGPFDY	7su1_HL_agC_m0
5tsj_1NA_agJ _ H_m0	AKRDSSFGFDY	5tsj_1NA_agJ _ H_m0
5tsj_2NA_agG _ I_m0	AKRDSSFGFDY	5tsj_1NA_agJ _ H_m0
5tud_CB_agA_m0	ARFGSFITTIYYTTLNPVDY	5tud_CB_agA_m0
5tud_FE_agD_m0	ARFGSFITTIYYTTLNPVDY	5tud_CB_agA_m0
5ty6_HL_agNA_m0	ARDRGCNSPTCFYYYGIVYGMDV	5ty6_HL_agNA_m0
5tz2_HL_agC_m0	ARVGRFASHQLDY	5tz2_HL_agC_m0
5tzt_AB_agD_m0	ARGGWHAMDS	5tzt_AB_agD_m0
5tzt_HL_agC_m0	ARGGWHAMDS	5tzt_AB_agD_m0
5tzu_HL_agC_m0	ARSLAGNAMDY	5tzu_HL_agC_m0
5u0r_HL_ag_m0	ATGGWIGLYYYGSSDPNFDY	8saz_CD_agA_m0
5u0u_Aa_ag_m0	TTGGWIGLYSYGSTDPNFDY	5u0u_Aa_ag_m0
5u0u_Cc_ag_m0	TTGGWIGLYSYGSTDPNFDY	5u0u_Aa_ag_m0
5u0u_Ee_ag_m0	TTGGWIGLYSYGSTDPNFDY	5u0u_Aa_ag_m0
5u0u_Gg_ag_m0	TTGGWIGLYSYGSTDPNFDY	5u0u_Aa_ag_m0
5u15_AB_ag_m0	ARGGWISLYYYGSSDPNFDY	8saz_CD_agA_m0
5u15_HL_ag_m0	ARGGWISLYYYGSSDPNFDY	8saz_CD_agA_m0
5u1f_HL_agD _ A _ C_m0	LTGSKHRLRDYFLNEGLYDGWEEYNPATLDV	9d3d_HL_agC _ B _ A_m0
5u3d_BA_agE_m0	SRWGGDGFYAMDY	3b9v_ANA_ag_m0
5u3j_HL_agA_m0	TADLGEPVVSRFYYSGWEFYYMDL	5u3j_HL_agA_m0
5u3k_AB_agC_m0	TMDEGTPVTRFLYFYGWEYYMAV	5u3k_AB_agC_m0
5u3k_HL_agP_m0	TMDEGTPVTRFLYFYGWEYYMAV	5u3k_AB_agC_m0
5u3l_AB_agC_m0	TMDEGTPVTRFLYFYGWEYYMAV	5u3k_AB_agC_m0
5u3l_HL_agP_m0	TMDEGTPVTRFLYFYGWEYYMAV	5u3k_AB_agC_m0
5u3m_HL_agA_m0	TADEGAPILRFFNYYGWEYYMDV	5u3m_HL_agA_m0
5u3n_HL_agA_m0	TADEGAPILRFFNYYGWEYYMDV	5u3m_HL_agA_m0
5u3o_HL_agA_m0	TMDEGTPVTRFLYFYGWEYYMAV	5u3k_AB_agC_m0
5u3p_HL_ag_m0	TRDEGAPVTRFLYYSGWEYYMAV	5u3p_HL_ag_m0
5u4l_BNA_agA_m0	AARLGGWASPSFQEYDY	5j56_BNA_agA_m0
5u4m_BNA_agA_m0	AARLGGWASPSFQEYDY	5j56_BNA_agA_m0
5u4r_AB_ag_m0	ARTRLGDIVQAPYYGIVGYGMDV	5u4r_AB_ag_m0
5u4r_HL_ag_m0	ARTRLGDIVQAPYYGIVGYGMDV	5u4r_AB_ag_m0
5u5f_BA_agC _ E_m0	SRWGGDGFYAMDY	3b9v_ANA_ag_m0
5u5m_BA_agC _ E_m0	SRWGGDGFYAMDY	3b9v_ANA_ag_m0
5u64_BNA_ag_m0	AADVNRGGFCDEIYWYFSY	5u64_BNA_ag_m0
5u65_ANA_ag_m0	ASSTRVWGGYCDDLGGATNND	5u65_ANA_ag_m0
5u65_BNA_ag_m0	ASSTRVWGGYCDDLGGATNND	5u65_ANA_ag_m0
5u68_Ee_agA_m0	ARARATGYNTISPYFDI	7sem_BC_agF_m0
5u68_Ff_agB_m0	ARARATGYNTISPYFDI	7sem_BC_agF_m0
5u68_Gg_agC_m0	ARARATGYNTISPYFDI	7sem_BC_agF_m0
5u6a_BA_agC _ E_m0	SRWGGDGFYAMDY	3b9v_ANA_ag_m0
5u7m_DE_agB_m0	AKGLLRDGTSSWLPYL	4toy_HL_ag_m0
5u7m_HL_agG_m0	ATTKHGRRIYGVVYTFWEKFAFYMDV	3jcb_CB_agA_m0
5u7o_DE_agB_m0	AKGLLRDGTSSWLPYL	4toy_HL_ag_m0
5u7o_HL_agG_m0	ATTKHGRRIYGVVYTFWEKFAFYMDV	3jcb_CB_agA_m0
5u8q_HL_agA_m0	ASYGDLYVMDY	5u8q_HL_agA_m0
5u8r_HL_agA_m0	ASYGDLYVMDY	5u8q_HL_agA_m0
5uby_HL_ag_m0	ASHWRYSGGLFDY	5uby_HL_ag_m0
5ubz_HL_ag_m0	VRQWRYSSGSLDC	5ubz_HL_ag_m0
5ucb_HL_agB_m0	ARGYGWALDY	5ucb_HL_agB_m0
5ud9_HL_ag_m0	ARNAIRIYGVVAHFWEGLYGMDV	5ud9_HL_ag_m0
5udc_BC_agA_m0	ATETALVVSEPLYTHYFDN	5udc_BC_agA_m0
5udc_EG_agD_m0	ATETALVVSEPLYTHYFDN	5udc_BC_agA_m0
5udc_HL_agF_m0	ATETALVVSEPLYTHYFDN	5udc_BC_agA_m0
5udd_JP_agA_m0	ATETALVVSEPLYTHYFDN	5udc_BC_agA_m0
5udd_KQ_agC _ B_m0	ATETALVVSEPLYTHYFDN	5udc_BC_agA_m0
5udd_LR_agD _ H_m0	ATETALVVSEPLYTHYFDN	5udc_BC_agA_m0
5udd_MS_agF _ E_m0	ATETALVVSEPLYTHYFDN	5udc_BC_agA_m0
5udd_NT_agG_m0	ATETALVVSEPLYTHYFDN	5udc_BC_agA_m0
5udd_OU_agI_m0	ATETALVVSEPLYTHYFDN	5udc_BC_agA_m0
5uea_AB_agX_m0	ARSYSTKLAMDY	4rrp_GA_agM_m0
5uea_HL_agD_m0	ARSYSTKLAMDY	4rrp_GA_agM_m0
5uek_HL_agA_m0	ARGYGWALDY	5ucb_HL_agB_m0
5uel_HL_ag_m0	SRDNFGTRPVPYYGRGYGMDV	5uel_HL_ag_m0
5uem_HL_agG_m0	SRDNFGTRPVPYYGRGYGMDV	5uel_HL_ag_m0
5ug0_DC_agA_m0	TRGVREVGATGYFPDDYGMYV	5ug0_DC_agA_m0
5ugy_HL_agA_m0	ARGGLEPRSVYYYDYGMDV	4hk0_CD_ag_m0
5ugy_IM_agC_m0	ARGGLEPRSVYYYDYGMDV	4hk0_CD_ag_m0
5ugy_JN_agE_m0	ARGGLEPRSVYYYDYGMDV	4hk0_CD_ag_m0
5uhy_HG_agA_m0	ARENYGSVY	5kvg_HL_agE_m0
5uhy_JI_agC _ E_m0	ARENYGSVY	5kvg_HL_agE_m0
5uix_HL_ag_m0	ARDRARSTGYFGYYYYIGYGMDV	5uix_HL_ag_m0
5uk4_aNA_agA_m0	AATKAYNGGGSTERGFYY	5uk4_aNA_agA_m0
5uk4_bNA_agB_m0	AATKAYNGGGSTERGFYY	5uk4_aNA_agA_m0
5uk4_cNA_agC_m0	AATKAYNGGGSTERGFYY	5uk4_aNA_agA_m0
5uk4_dNA_agD_m0	AATKAYNGGGSTERGFYY	5uk4_aNA_agA_m0
5uk4_eNA_agE_m0	AATKAYNGGGSTERGFYY	5uk4_aNA_agA_m0
5uk4_fNA_agF_m0	AATKAYNGGGSTERGFYY	5uk4_aNA_agA_m0
5uk4_gNA_agG_m0	AATKAYNGGGSTERGFYY	5uk4_aNA_agA_m0
5uk4_hNA_agH_m0	AATKAYNGGGSTERGFYY	5uk4_aNA_agA_m0
5uk4_iNA_agI_m0	AATKAYNGGGSTERGFYY	5uk4_aNA_agA_m0
5uk4_jNA_agJ_m0	AATKAYNGGGSTERGFYY	5uk4_aNA_agA_m0
5uk4_kNA_agK_m0	AATKAYNGGGSTERGFYY	5uk4_aNA_agA_m0
5uk4_lNA_agL_m0	AATKAYNGGGSTERGFYY	5uk4_aNA_agA_m0
5uk4_mNA_agM_m0	AATKAYNGGGSTERGFYY	5uk4_aNA_agA_m0
5uk4_nNA_agN_m0	AATKAYNGGGSTERGFYY	5uk4_aNA_agA_m0
5uk4_oNA_agO_m0	AATKAYNGGGSTERGFYY	5uk4_aNA_agA_m0
5uk4_pNA_agP_m0	AATKAYNGGGSTERGFYY	5uk4_aNA_agA_m0
5uk4_qNA_agQ_m0	AATKAYNGGGSTERGFYY	5uk4_aNA_agA_m0
5uk4_rNA_agR_m0	AATKAYNGGGSTERGFYY	5uk4_aNA_agA_m0
5uk4_sNA_agS_m0	AATKAYNGGGSTERGFYY	5uk4_aNA_agA_m0
5uk4_tNA_agT_m0	AATKAYNGGGSTERGFYY	5uk4_aNA_agA_m0
5ukb_aNA_agA_m0	AAFDSTGSPRVIDNYEY	5ukb_aNA_agA_m0
5ukb_bNA_agB_m0	AAFDSTGSPRVIDNYEY	5ukb_aNA_agA_m0
5ukb_cNA_agC_m0	AAFDSTGSPRVIDNYEY	5ukb_aNA_agA_m0
5ukb_dNA_agD_m0	AAFDSTGSPRVIDNYEY	5ukb_aNA_agA_m0
5ukb_eNA_agE_m0	AAFDSTGSPRVIDNYEY	5ukb_aNA_agA_m0
5ukn_HL_ag_m0	ARGSYNIVVGFLYYFDY	5ukn_HL_ag_m0
5uko_HL_ag_m0	ARGSYNIVVGFLYYFDY	5ukn_HL_ag_m0
5ukp_HL_ag_m0	ARGSYNIVVGFLYYFDY	5ukn_HL_ag_m0
5ukq_HL_ag_m0	ARGSHSIVVGFLYYFDY	5ukq_HL_ag_m0
5ukr_HL_agG_m0	ARGSHSIVVGFLYYFDY	5ukq_HL_ag_m0
5um8_DE_agB_m0	AKGLLRDGTSSWLPYL	4toy_HL_ag_m0
5um8_HL_agG_m0	ATARRGQRIYGVVYYFFEGFSYYMDV	4r26_HL_ag_m0
5umi_AB_agC_m0	ARSDRGWYFDV	5umi_AB_agC_m0
5umi_HL_agC_m0	ARSDRGWYFDV	5umi_AB_agC_m0
5umn_CD_agB_m0	AKHMSMQQVPGSGGVLDAREWDAFDV	5umn_CD_agB_m0
5umn_EF_agA_m0	AKHMSMQQVPGSGGVLDAREWDAFDV	5umn_CD_agB_m0
5uoe_HL_agA_m0	ARHYSAVAGLDY	5uoe_HL_agA_m0
5uoe_MN_agB_m0	ARHYSAVAGLDY	5uoe_HL_agA_m0
5uoe_PQ_agC_m0	ARHYSAVAGLDY	5uoe_HL_agA_m0
5uoe_ST_agD_m0	ARHYSAVAGLDY	5uoe_HL_agA_m0
5uoe_VW_agE_m0	ARHYSAVAGLDY	5uoe_HL_agA_m0
5uqy_DC_agA_m0	ASIYGSGTFYYYFYMDV	5jrp_HL_ag_m0
5uqy_HG_agE _ J_m0	ASIYGSGTFYYYFYMDV	5jrp_HL_ag_m0
5uqy_LK_agI _ N_m0	ASIYGSGTFYYYFYMDV	5jrp_HL_ag_m0
5uqy_PO_agM _ F_m0	ASIYGSGTFYYYFYMDV	5jrp_HL_ag_m0
5ur8_AB_ag_m0	ARLSQVSGSWPWVGP	5o14_CD_agB_m0
5usf_CNA_agB_m0	ARGLNRYAYDS	5usf_CNA_agB_m0
5usf_DNA_agA_m0	ARGLNRYAYDS	5usf_CNA_agB_m0
5ush_DE_agA_m0	ARHRRVLLFWGEFQL	5ush_DE_agA_m0
5ush_HL_agX_m0	ARHRRVLLFWGEFQL	5ush_DE_agA_m0
5usl_BC_agA_m0	ATLNLELAVIADSEALK	5usl_BC_agA_m0
5usl_HL_agX_m0	ATLNLELAVIADSEALK	5usl_BC_agA_m0
5utf_DE_agB_m0	AKGLLRDGTSSWLPYL	4toy_HL_ag_m0
5utf_HL_agG_m0	ATTKHGRRIYGVVYTFWEKFAFYMDV	3jcb_CB_agA_m0
5uty_DE_agB_m0	AKGLLRDGTSSWLPYL	4toy_HL_ag_m0
5uty_HL_agG_m0	ATTKHGRRIYGVVYTFWEKFAFYMDV	3jcb_CB_agA_m0
5utz_BC_agA_m0	ARTPTVTGDWFDP	5utz_BC_agA_m0
5utz_FG_agE_m0	ARTPTVTGDWFDP	5utz_BC_agA_m0
5utz_HL_agD_m0	ARTPTVTGDWFDP	5utz_BC_agA_m0
5utz_JK_agI_m0	ARTPTVTGDWFDP	5utz_BC_agA_m0
5uxq_AB_ag_m0	TRGSKHRLRDYVLYDDYLYDNWEQYNILGEFLDV	5uxq_AB_ag_m0
5uxq_HL_ag_m0	TRGSKHRLRDYVLYDDYLYDNWEQYNILGEFLDV	5uxq_AB_ag_m0
5uy3_AB_ag_m0	TGGSKHRLRDYVLDDYGLYDNWEQQNILEFLDV	5uy3_AB_ag_m0
5uy3_HL_ag_m0	TGGSKHRLRDYVLDDYGLYDNWEQQNILEFLDV	5uy3_AB_ag_m0
5uz7_NNA_agA _ B_m0	ARCPAPFTRDCSTVDFTTYAY	6oya_NNA_agA _ B_m0
5v2a_HL_agA_m0	RLLWFGELFFDY	5v2a_HL_agA_m0
5v6l_HL_agP_m0	ARDAGTSYGIAYNL	5v6l_HL_agP_m0
5v6l_IM_agQ_m0	ARDAGTSYGIAYNL	5v6l_HL_agP_m0
5v6m_HL_agP_m0	ARNFYL	5v6m_HL_agP_m0
5v7j_DE_agB_m0	AKGLLRDGTSSWLPYL	4toy_HL_ag_m0
5v7j_HL_agG_m0	ARAQQGKRIYGMVYYFFEGFSYYMDV	5cez_HL_agG_m0
5v7r_HL_ag_m0	TRGRSYGFFDY	5v7r_HL_ag_m0
5v7u_HL_ag_m0	VRGHCDGTTCSRAY	5v7u_HL_ag_m0
5v8l_GK_agC_m0	ARQRSDYWDFDV	4jpv_HL_agG_m0
5v8l_HL_agA_m0	ARQRSDYWDFDV	4jpv_HL_agG_m0
5v8l_IM_agD_m0	ARQRSDYWDFDV	4jpv_HL_agG_m0
5v8l_JN_agA_m0	LTGSKHRLRDYFLYNEYLYDGWEEYNPGATLDV	5v8l_JN_agA_m0
5v8m_HL_agA_m0	ARQRSDYWDFDV	4jpv_HL_agG_m0
5v8m_RT_agF_m0	ARQRSDYWDFDV	4jpv_HL_agG_m0
5v8m_SU_agG_m0	ARQRSDYWDFDV	4jpv_HL_agG_m0
5vag_CB_agA_m0	ARDPSFWAAEYFQH	5vag_CB_agA_m0
5vai_NNA_agA _ B_m0	ARCPAPFTRDCSTVDFTTYAY	6oya_NNA_agA _ B_m0
5vak_BNA_agA_m0	AARRINEVLATTPDYDF	5vak_BNA_agA_m0
5van_BNA_agA_m0	AARRINEVLATTPDYDF	5vak_BNA_agA_m0
5vaq_BNA_agA_m0	AARRINEVLATTPDYDF	5vak_BNA_agA_m0
5vcn_DC_agB_m0	ARAYQRYYDYAMDY	5vcn_DC_agB_m0
5vcn_FE_agA_m0	ARAYQRYYDYAMDY	5vcn_DC_agB_m0
5vco_BA_agF_m0	ARRGFLTTYNVYAMDY	4poz_DC_ag_m0
5vco_DC_agE_m0	ARRGFLTTYNVYAMDY	4poz_DC_ag_m0
5veb_AB_agX_m0	ARQWGSYAFDS	5veb_AB_agX_m0
5veb_HL_agY_m0	ARQWGSYAFDS	5veb_AB_agX_m0
5vf2_Aa_ag_m0	ARKNYYGSSLDY	4h0g_Aa_ag_m0
5vf6_Aa_ag_m0	GSEDSSTDAI	5vf6_Aa_ag_m0
5vga_BA_ag_m0	ARSVYYGSGYYFDY	2a6d_BA_agP_m0
5vgj_HL_agG_m0	VRGPESGWFYYHYWGLGV	5ewi_HL_ag_m0
5vh3_AB_ag_m0	SRNYYGSTYDY	4g3y_HL_agC_m0
5vh3_HL_ag_m0	SRNYYGSTYDY	4g3y_HL_agC_m0
5vh4_AB_ag_m0	SRNYYGSTYDY	4g3y_HL_agC_m0
5vh4_HL_ag_m0	SRNYYGSTYDY	4g3y_HL_agC_m0
5vic_HL_agE_m0	AKDRGPRGGVELFDS	6uta_AB_agC_m0
5vig_AB_agG_m0	VRDRSNGWSSINL	5vig_AB_agG_m0
5vig_HL_agZ_m0	VRDRSNGWSSINL	5vig_AB_agG_m0
5viy_HG_agF_m0	AREQRNKDYRYGSYGFGEQYGMDV	5viy_HG_agF_m0
5viy_JI_agD_m0	AREQRNKDYRYGSYGFGEQYGMDV	5viy_HG_agF_m0
5viy_KL_agB_m0	TTTSTYDRWSGVGDHHLMAFSS	5cjx_AC_agJ _ K_m0
5viy_MN_agA_m0	TTTSTYDRWSGVGDHHLMAFSS	5cjx_AC_agJ _ K_m0
5viy_OP_agC _ E_m0	TTTSTYDRWSGVGDHHLMAFSS	5cjx_AC_agJ _ K_m0
5vj6_HL_agE_m0	VREAGGPDYRNGYNYNYYGDYFDHYMDV	3u2s_AB_agC_m0
5vj6_MN_agB_m0	TTTSTYDRWSGVGDHHLMAFSS	5cjx_AC_agJ _ K_m0
5vj6_OP_agA _ D_m0	TTTSTYDRWSGVGDHHLMAFSS	5cjx_AC_agJ _ K_m0
5vj6_QR_agC _ F_m0	TTTSTYDRWSGVGDHHLMAFSS	5cjx_AC_agJ _ K_m0
5vjo_AB_agE_m0	ANWDGDY	1c08_BA_agC_m0
5vjo_CD_agF_m0	ANWDGDY	1c08_BA_agC_m0
5vjq_AB_agI_m0	ANWDGDY	1c08_BA_agC_m0
5vjq_CD_agJ_m0	ANWDGDY	1c08_BA_agC_m0
5vjq_EF_agK_m0	ANWDGDY	1c08_BA_agC_m0
5vjq_GH_agL_m0	ANWDGDY	1c08_BA_agC_m0
5vk2_DE_agc _ C_m0	ARDRRSGTPSLPLDV	5vk2_DE_agc _ C_m0
5vk2_FG_agb _ B_m0	ARDRRSGTPSLPLDV	5vk2_DE_agc _ C_m0
5vk2_HL_aga _ A_m0	ARDRRSGTPSLPLDV	5vk2_DE_agc _ C_m0
5vk6_AB_agC_m0	ARERGDGYFAV	1k4c_AB_agC_m0
5vkd_HL_agA_m0	ARSYWYHVGYHWSTGMDY	5vkd_HL_agA_m0
5vke_AB_agC_m0	ARERGDGYFAV	1k4c_AB_agC_m0
5vkh_AB_agC_m0	ARERGDGYFAV	1k4c_AB_agC_m0
5vkk_AB_ag_m0	ARRDITTFY	5vkk_AB_ag_m0
5vkk_HL_ag_m0	ARRDITTFY	5vkk_AB_ag_m0
5vl2_ANA_agA_m0	ATRASMAVSPSTRVYPI	5vl2_ANA_agA_m0
5vl2_BNA_agB_m0	ATRASMAVSPSTRVYPI	5vl2_ANA_agA_m0
5vl2_CNA_agC_m0	ATRASMAVSPSTRVYPI	5vl2_ANA_agA_m0
5vl2_DNA_agD_m0	ATRASMAVSPSTRVYPI	5vl2_ANA_agA_m0
5vl2_ENA_agE_m0	ATRASMAVSPSTRVYPI	5vl2_ANA_agA_m0
5vl2_FNA_agF_m0	ATRASMAVSPSTRVYPI	5vl2_ANA_agA_m0
5vl2_GNA_agG_m0	ATRASMAVSPSTRVYPI	5vl2_ANA_agA_m0
5vl2_HNA_agH_m0	ATRASMAVSPSTRVYPI	5vl2_ANA_agA_m0
5vl3_AB_agR_m0	ARRDITTFY	5vkk_AB_ag_m0
5vl3_CD_agS_m0	ARRDITTFY	5vkk_AB_ag_m0
5vl3_EF_agT_m0	ARRDITTFY	5vkk_AB_ag_m0
5vl3_HL_agQ_m0	ARRDITTFY	5vkk_AB_ag_m0
5vl7_HL_agB_m0	ARWIGSRLEYIMDY	5vl7_HL_agB_m0
5vlp_HL_agA_m0	ARENFYGSSDVYWYFDV	5vlp_HL_agA_m0
5vlv_ANA_ag_m0	ATRASMQVLPSTRVYPI	5vlv_ANA_ag_m0
5vm0_ANA_agA_m0	ATRASMQVLPSTRVYPI	5vlv_ANA_ag_m0
5vm0_BNA_agB_m0	ATRASMQVLPSTRVYPI	5vlv_ANA_ag_m0
5vm4_ANA_ag_m0	ASALRRPGSDAIRTYDSPDYPY	5vm4_ANA_ag_m0
5vm4_BNA_ag_m0	ASALRRPGSDAIRTYDSPDYPY	5vm4_ANA_ag_m0
5vm4_CNA_ag_m0	ASALRRPGSDAIRTYDSPDYPY	5vm4_ANA_ag_m0
5vm4_DNA_ag_m0	ASALRRPGSDAIRTYDSPDYPY	5vm4_ANA_ag_m0
5vm4_ENA_ag_m0	ASALRRPGSDAIRTYDSPDYPY	5vm4_ANA_ag_m0
5vm4_FNA_ag_m0	ASALRRPGSDAIRTYDSPDYPY	5vm4_ANA_ag_m0
5vm4_GNA_ag_m0	ASALRRPGSDAIRTYDSPDYPY	5vm4_ANA_ag_m0
5vm4_HNA_ag_m0	ASALRRPGSDAIRTYDSPDYPY	5vm4_ANA_ag_m0
5vm4_INA_ag_m0	ASALRRPGSDAIRTYDSPDYPY	5vm4_ANA_ag_m0
5vm4_JNA_ag_m0	ASALRRPGSDAIRTYDSPDYPY	5vm4_ANA_ag_m0
5vm4_KNA_ag_m0	ASALRRPGSDAIRTYDSPDYPY	5vm4_ANA_ag_m0
5vm4_LNA_ag_m0	ASALRRPGSDAIRTYDSPDYPY	5vm4_ANA_ag_m0
5vm6_ANA_agA_m0	ASALRRPGSDAIRTYDSPDYPY	5vm4_ANA_ag_m0
5vn3_HL_agG_m0	AGVYEGEADEGNNDYEGFLKH	1gc1_HL_agG_m0
5vn3_KN_agI_m0	AGVYEGEADEGNNDYEGFLKH	1gc1_HL_agG_m0
5vn3_MO_agJ_m0	AGVYEGEADEGNNDYEGFLKH	1gc1_HL_agG_m0
5vn8_FJ_agD_m0	ARVGPYSWDDNDQPSYYMDV	1hzh_HL_ag_m0
5vn8_HL_agG_m0	ARVGPYSWDDNDQPSYYMDV	1hzh_HL_ag_m0
5vn8_IK_agE_m0	ARVGPYSWDDNDQPSYYMDV	1hzh_HL_ag_m0
5vnv_ANA_ag_m0	AVLETRSYSFRY	5vnv_ANA_ag_m0
5vnw_CNA_agB_m0	AVLETRSYSFRY	5vnv_ANA_ag_m0
5vnw_DNA_agA_m0	AVLETRSYSFRY	5vnv_ANA_ag_m0
5vob_HL_agD _ B_m0	AKDWALFRLWRTFDH	5vob_HL_agD _ B_m0
5voc_HL_agD _ B_m0	AKDWALFRLWRTFDH	5vob_HL_agD _ B_m0
5vod_HL_agC _ E_m0	ARGTSTGRLEAFHI	5vod_HL_agC _ E_m0
5vpg_DC_agA_m0	GRTGVYRPYERAPY	3rvt_DC_ag_m0
5vph_DC_agA_m0	GRTGVYRPYERAPY	3rvt_DC_ag_m0
5vpl_DC_agA_m0	GRTGVYRPYERAPY	3rvt_DC_ag_m0
5vqm_DC_agB_m0	ARSTITSPLLDF	5vqm_DC_agB_m0
5vqm_HL_agA_m0	ARSTITSPLLDF	5vqm_DC_agB_m0
5vr9_AB_ag_m0	ASRDYDYGDRYFDY	3c09_CB_agA_m0
5vr9_HL_ag_m0	ASRDYDYGDRYFDY	3c09_CB_agA_m0
5vsh_AB_ag_m0	ARNLGPSFYFDY	1l7i_HL_ag_m0
5vsh_CD_ag_m0	ARNLGPSFYFDY	1l7i_HL_ag_m0
5vsh_EF_ag_m0	ARNLGPSFYFDY	1l7i_HL_ag_m0
5vsh_HL_ag_m0	ARNLGPSFYFDY	1l7i_HL_ag_m0
5vsi_HL_ag_m0	ASRDYDYGDRYFDY	3c09_CB_agA_m0
5vta_FE_agC_m0	TRFRVFFDV	5vta_FE_agC_m0
5vta_HL_agD_m0	TRFRVFFDV	5vta_FE_agC_m0
5vta_IG_agB_m0	TRFRVFFDV	5vta_FE_agC_m0
5vta_KJ_agA_m0	TRFRVFFDV	5vta_FE_agC_m0
5vvf_HL_ag_m0	AREQRNKDYRYGSYGFGEQYGMDV	5viy_HG_agF_m0
5vxj_BNA_agA_m0	NAGIFDGNYRTY	5vxj_BNA_agA_m0
5vxj_DNA_agC_m0	NAGIFDGNYRTY	5vxj_BNA_agA_m0
5vxj_FNA_agE_m0	NAGIFDGNYRTY	5vxj_BNA_agA_m0
5vxj_HNA_agG_m0	NAGIFDGNYRTY	5vxj_BNA_agA_m0
5vxj_JNA_agI_m0	NAGIFDGNYRTY	5vxj_BNA_agA_m0
5vxk_BNA_agA_m0	AADRYTSVRQMEIMTCGLHRV	5vxk_BNA_agA_m0
5vxl_BNA_agA_m0	NANLRTNNY	5vxl_BNA_agA_m0
5vxm_BNA_agA_m0	AAKSVWFCSSRIVHEFNS	5vxm_BNA_agA_m0
5vxr_HL_agP_m0	ARMGYGSQPGFGS	5vxr_HL_agP_m0
5vyf_BA_agC_m0	AKLEYFDY	5vyf_BA_agC_m0
5vyf_HL_agF_m0	AKLEYFDY	5vyf_BA_agC_m0
5vz1_BA_ag_m0	ARWSYSGMDY	5vz1_BA_ag_m0
5vz1_DC_ag_m0	ARWSYSGMDY	5vz1_BA_ag_m0
5vzr_AB_ag_m0	ARKSYYVDVYDAMDY	5vzr_AB_ag_m0
5vzr_HL_ag_m0	ARKSYYVDVYDAMDY	5vzr_AB_ag_m0
5vzx_EI_ag_m0	ASGDY	4xxd_BA_agC_m0
5vzx_HL_ag_m0	ASGDY	4xxd_BA_agC_m0
5vzy_HL_agA_m0	ASGDY	4xxd_BA_agC_m0
5w05_HL_ag_m0	ARSGYYGNSGFAY	4m7k_HL_ag_m0
5w06_HL_agT_m0	ARSGYYGNSGFAY	4m7k_HL_ag_m0
5w08_GH_agA_m0	AKDLTLMYVFDSGYDHAGRAWYGMDV	5w08_GH_agA_m0
5w08_IJ_agB_m0	AKDLTLMYVFDSGYDHAGRAWYGMDV	5w08_GH_agA_m0
5w08_KL_agC_m0	AKDLTLMYVFDSGYDHAGRAWYGMDV	5w08_GH_agA_m0
5w08_MN_agF_m0	AKDLTLMYVFDSGYDHAGRAWYGMDV	5w08_GH_agA_m0
5w08_OP_agE_m0	AKDLTLMYVFDSGYDHAGRAWYGMDV	5w08_GH_agA_m0
5w08_QR_agD_m0	AKDLTLMYVFDSGYDHAGRAWYGMDV	5w08_GH_agA_m0
5w0d_BC_agA_m0	ARDLTLMYVHSSGYYYVGREWYGMDV	5w0d_BC_agA_m0
5w0k_EF_agC_m0	ARGLLPFDY	5w0k_EF_agC_m0
5w0k_HL_agA_m0	ARGLLPFDY	5w0k_EF_agC_m0
5w1g_HL_ag_m0	AKDLSPPYSWAYDIFQY	5w1g_HL_ag_m0
5w1k_BA_agP_m0	ATDKTYVSGYWTSTYYFNY	5w1k_BA_agP_m0
5w1k_DC_agE_m0	ARLTSDCSGYCNGQAFDY	5w1k_DC_agE_m0
5w1k_GF_agE_m0	ATDKTYVSGYWTSTYYFNY	5w1k_BA_agP_m0
5w1k_IH_agJ_m0	ARLTSDCSGYCNGQAFDY	5w1k_DC_agE_m0
5w1k_LK_agJ_m0	ATDKTYVSGYWTSTYYFNY	5w1k_BA_agP_m0
5w1k_ON_agP_m0	ARLTSDCSGYCNGQAFDY	5w1k_DC_agE_m0
5w1k_QM_agR_m0	ARLTSDCSGYCNGQAFDY	5w1k_DC_agE_m0
5w1k_TS_agR_m0	ATDKTYVSGYWTSTYYFNY	5w1k_BA_agP_m0
5w1m_BA_agR_m0	AKDLSPPYSWAYDIFQY	5w1g_HL_ag_m0
5w1m_DC_agT_m0	AKDLSPPYSWAYDIFQY	5w1g_HL_ag_m0
5w1m_FE_agQ_m0	AKDLSPPYSWAYDIFQY	5w1g_HL_ag_m0
5w1m_HG_agS_m0	AKDLSPPYSWAYDIFQY	5w1g_HL_ag_m0
5w23_HL_agC_m0	ATTITAVVPYPTNAMDY	5w23_HL_agC_m0
5w23_IM_agB_m0	ATTITAVVPYPTNAMDY	5w23_HL_agC_m0
5w23_JN_agA_m0	ATTITAVVPYPTNAMDY	5w23_HL_agC_m0
5w24_HL_ag_m0	ATTITPYNAMDY	5w24_HL_ag_m0
5w2b_HL_agA_m0	ARSYWYHVGYHWSTGMDY	5vkd_HL_agA_m0
5w3e_EG_agB _ A _ C_m0	AREWDAYGDY	5w3e_EG_agB _ A _ C_m0
5w3l_EG_agB _ A _ C_m0	AREWDAYGDY	5w3e_EG_agB _ A _ C_m0
5w3m_EG_agB _ A _ C_m0	AREWDAYGDY	5w3e_EG_agB _ A _ C_m0
5w3o_DE_agB _ A _ C_m0	AREWDAYGDY	5w3e_EG_agB _ A _ C_m0
5w3p_HL_agP_m0	AREGSNNNALAY	3mcl_HL_ag_m0
5w42_HL_agA_m0	ARGASKVEPASYAPADAFDM	5w42_HL_agA_m0
5w4l_BC_agA_m0	ASRQHHEYFQE	5w4l_BC_agA_m0
5w4l_DE_agG_m0	ASRQHHEYFQE	5w4l_BC_agA_m0
5w4l_FI_agA_m0	AKDLRLGGGSDY	3tnn_AB_ag_m0
5w4l_HL_agG_m0	AKDLRLGGGSDY	3tnn_AB_ag_m0
5w5x_HL_agA_m0	VREGLGITFEY	5w5x_HL_agA_m0
5w5z_HL_agA_m0	VREGLGITFEY	5w5x_HL_agA_m0
5w6c_HL_ag_m0	ATSYVDNWHLGSHWFDP	5w6g_HL_agA_m0
5w6d_DE_agB_m0	AKGLLRDGTSSWLPYL	4toy_HL_ag_m0
5w6d_HL_agG_m0	ARTQHGRRIYGIVYTFWERFAFYMDV	4fq1_HL_ag_m0
5w6g_HL_agA_m0	ATSYVDNWHLGAHWFDS	5w6g_HL_agA_m0
5w9h_BC_agA_m0	ARKSYYVDVYDAMDY	5vzr_AB_ag_m0
5w9h_EF_agD_m0	ARKSYYVDVYDAMDY	5vzr_AB_ag_m0
5w9h_HI_agG_m0	ARKSYYVDVYDAMDY	5vzr_AB_ag_m0
5w9i_CD_agA_m0	ARKSYYVDVYDAMDY	5vzr_AB_ag_m0
5w9i_GH_agE_m0	ARKSYYVDVYDAMDY	5vzr_AB_ag_m0
5w9i_KL_agI_m0	ARKSYYVDVYDAMDY	5vzr_AB_ag_m0
5w9j_BC_agA_m0	ARKSYYVDVYDAMDY	5vzr_AB_ag_m0
5w9j_EF_agD_m0	ARKSYYVDVYDAMDY	5vzr_AB_ag_m0
5w9j_HI_agG_m0	ARKSYYVDVYDAMDY	5vzr_AB_ag_m0
5w9k_BC_agA_m0	ARKSYYVDVYDAMDY	5vzr_AB_ag_m0
5w9k_EF_agD_m0	ARKSYYVDVYDAMDY	5vzr_AB_ag_m0
5w9k_HI_agG_m0	ARKSYYVDVYDAMDY	5vzr_AB_ag_m0
5w9l_EF_agD_m0	ARKSYYVDVYDAMDY	5vzr_AB_ag_m0
5w9l_HI_agG_m0	ARKSYYVDVYDAMDY	5vzr_AB_ag_m0
5w9m_BC_agA_m0	ARKSYYVDVYDAMDY	5vzr_AB_ag_m0
5w9m_HI_agG_m0	ARKSYYVDVYDAMDY	5vzr_AB_ag_m0
5w9n_BC_agA_m0	ARKSYYVDVYDAMDY	5vzr_AB_ag_m0
5w9n_EF_agD_m0	ARKSYYVDVYDAMDY	5vzr_AB_ag_m0
5w9o_BC_agA_m0	ARKSYYVDVYDAMDY	5vzr_AB_ag_m0
5w9o_EF_agD_m0	ARKSYYVDVYDAMDY	5vzr_AB_ag_m0
5w9o_HI_agG_m0	ARKSYYVDVYDAMDY	5vzr_AB_ag_m0
5w9p_DE_agB_m0	ARKSYYVDVYDAMDY	5vzr_AB_ag_m0
5w9p_FG_agJ_m0	ARKSYYVDVYDAMDY	5vzr_AB_ag_m0
5w9p_KL_agH_m0	ARKSYYVDVYDAMDY	5vzr_AB_ag_m0
5waw_HL_ag_m0	VSGTWFAY	5waw_HL_ag_m0
5wb1_ANA_ag_m0	NAEETIVEEADY	4xt1_CNA_agA_m0
5wb2_ANA_ag_m0	NAEETIVEEADY	4xt1_CNA_agA_m0
5wb2_DNA_ag_m0	GADLSTFYGGNRDGCYYGIYDY	5wb2_DNA_ag_m0
5wb9_HL_agG_m0	TRGRDGYDDGFHP	5wb9_HL_agG_m0
5wca_HL_ag_m0	ARDKGLRYFSLWDGGMDV	5wca_HL_ag_m0
5wcc_AB_ag_m0	ARALSHAFDI	5wcc_AB_ag_m0
5wcc_HL_ag_m0	ARALKLQFFSPWDHAFDI	5wcc_HL_ag_m0
5wcd_HL_ag_m0	ARDGGLRFLRPWDWGMDV	5wcd_HL_ag_m0
5wdf_AB_agQ_m0	ARTGKYYDFWFEGPPYGEYFQD	5wdf_AB_agQ_m0
5wdf_HL_agP_m0	ARTGKYYDFWFEGPPYGEYFQD	5wdf_AB_agQ_m0
5wdu_CB_agG_m0	ATTKHGRRIYGVVYTFWEKFAFYMDV	3jcb_CB_agA_m0
5wdu_DE_agG_m0	TRGKYCTARNYYDWDFEH	4jdv_AB_ag_m0
5wdu_HI_agA_m0	AKGLLRDGTSSWLPYL	4toy_HL_ag_m0
5wdu_LK_agF_m0	ATTKHGRRIYGVVYTFWEKFAFYMDV	3jcb_CB_agA_m0
5wdu_MN_agJ_m0	AKGLLRDGTSSWLPYL	4toy_HL_ag_m0
5wdu_OP_agF_m0	TRGKYCTARNYYDWDFEH	4jdv_AB_ag_m0
5wdu_TS_agQ_m0	ATTKHGRRIYGVVYTFWEKFAFYMDV	3jcb_CB_agA_m0
5wdu_UV_agR_m0	AKGLLRDGTSSWLPYL	4toy_HL_ag_m0
5wdu_WX_agQ_m0	TRGKYCTARNYYDWDFEH	4jdv_AB_ag_m0
5weq_BA_ag_m0	ASIYGSGTFYYYFYMDV	5jrp_HL_ag_m0
5whj_HL_ag_m0	ARLAIGDSY	5whj_HL_ag_m0
5whk_HL_agA _ B_m0	ARLAIGDSY	5whj_HL_ag_m0
5whz_HNA_ag_m0	ARTGKYYDFWSEGPPYGEYFQD	7mfa_CD_agNA_m0
5wi9_FE_agB_m0	ARDRAAAGLYYHYGMDV	5wi9_FE_agB_m0
5wi9_HL_agA_m0	ARDRAAAGLYYHYGMDV	5wi9_FE_agB_m0
5wk2_HL_ag_m0	ARVGPADWVDSFDY	5wk2_HL_ag_m0
5wk3_QP_agA_m0	ARVGPADWVDSFDY	5wk2_HL_ag_m0
5wk3_SR_agB_m0	ARVGPADWVDSFDY	5wk2_HL_ag_m0
5wk3_UT_agC_m0	ARVGPADWVDSFDY	5wk2_HL_ag_m0
5wk3_WV_agD_m0	ARVGPADWVDSFDY	5wk2_HL_ag_m0
5wko_AB_agQ _ N_m0	ARKLEPPYYFYSYMDV	5wko_AB_agQ _ N_m0
5wko_CD_agX _ U_m0	ARKLEPPYYFYSYMDV	5wko_AB_agQ _ N_m0
5wko_EF_agP _ M_m0	ARKLEPPYYFYSYMDV	5wko_AB_agQ _ N_m0
5wko_GH_agV _ S_m0	ARKLEPPYYFYSYMDV	5wko_AB_agQ _ N_m0
5wko_IJ_agR _ O_m0	ARKLEPPYYFYSYMDV	5wko_AB_agQ _ N_m0
5wko_KL_agW _ T_m0	ARKLEPPYYFYSYMDV	5wko_AB_agQ _ N_m0
5wkz_HL_ag_m0	ARHMGYQRLETMDV	5wkz_HL_ag_m0
5wl2_AB_ag_m0	ARHGNYYYYSGMDV	4fqh_AB_ag_m0
5wl2_HL_ag_m0	ARHGNYYYYSGMDV	4fqh_AB_ag_m0
5wn9_Hh_agA_m0	GRDMLGVVQAVAGPFDS	5wn9_Hh_agA_m0
5wna_CD_agA_m0	AIMVATTKNHFDYYKDV	5wna_CD_agA_m0
5wna_HL_agB_m0	AIMVATTKNHFDYYKDV	5wna_CD_agA_m0
5wnb_HL_agB_m0	AIMVATTKNHFDYYKDV	5wna_CD_agA_m0
5wnb_IM_agA_m0	AIMVATTKNHFDYYKDV	5wna_CD_agA_m0
5wob_IJ_agA_m0	ARDRVMYYWSFPYGYKSYGMDY	4iof_CD_agA_m0
5wob_KL_agB_m0	ARDRVMYYWSFPYGYKSYGMDY	4iof_CD_agA_m0
5wob_MN_agC_m0	ARDRVMYYWSFPYGYKSYGMDY	4iof_CD_agA_m0
5wob_OP_agD_m0	ARDRVMYYWSFPYGYKSYGMDY	4iof_CD_agA_m0
5wob_QR_agE_m0	ARDRVMYYWSFPYGYKSYGMDY	4iof_CD_agA_m0
5wob_ST_agF_m0	ARDRVMYYWSFPYGYKSYGMDY	4iof_CD_agA_m0
5wob_UV_agG_m0	ARDRVMYYWSFPYGYKSYGMDY	4iof_CD_agA_m0
5wob_WX_agH_m0	ARDRVMYYWSFPYGYKSYGMDY	4iof_CD_agA_m0
5wt9_HL_agG_m0	ATNDDY	5ggq_HL_ag_m0
5wtg_BA_ag_m0	ARRVTTVEAYYFDY	5wtg_BA_ag_m0
5wtg_DC_ag_m0	ARRVTTVEAYYFDY	5wtg_BA_ag_m0
5wth_ED_agB_m0	ARRVTTVEAYYFDY	5wtg_BA_ag_m0
5wts_ANA_ag_m0	NVNVGFEY	3k1k_CNA_agA_m0
5wtt_AB_agC_m0	ARGTIYEGSLDY	5wtt_AB_agC_m0
5wtt_HL_agP_m0	ARGTIYEGSLDY	5wtt_AB_agC_m0
5wuv_HL_ag_m0	ARGYRSYAMDY	5wuv_HL_ag_m0
5wux_AB_agF_m0	ARGYRSYAMDY	5wuv_HL_ag_m0
5wux_CD_agG_m0	ARGYRSYAMDY	5wuv_HL_ag_m0
5wux_HL_agE_m0	ARGYRSYAMDY	5wuv_HL_ag_m0
5wym_Aa_ag_m0	ARDFSWRGYYMDV	5wym_Aa_ag_m0
5wym_Cc_ag_m0	ARDFSWRGYYMDV	5wym_Aa_ag_m0
5x08_HL_agP_m0	AREGTTPGIPKGAFAH	5x08_HL_agP_m0
5x0t_AB_agE_m0	TSYDYEY	5x0t_AB_agE_m0
5x0t_CD_agF_m0	TSYDYEY	5x0t_AB_agE_m0
5x2m_HL_agA_m0	ARSGRGAPTTTTAWFTY	5x2m_HL_agA_m0
5x2m_JK_agC _ D_m0	ARSGRGAPTTTTAWFTY	5x2m_HL_agA_m0
5x2n_HL_agA _ B_m0	ARSGRGAPTTTTAWFTY	5x2m_HL_agA_m0
5x2n_JK_agC _ D_m0	ARSGRGAPTTTTAWFTY	5x2m_HL_agA_m0
5x2o_HL_agA_m0	ARSGRGAPTTTTAWFTY	5x2m_HL_agA_m0
5x2o_JK_agC _ D_m0	ARSGRGAPTTTTAWFTY	5x2m_HL_agA_m0
5x2p_HL_agA _ B_m0	ARSGRGAPTTTTAWFTY	5x2m_HL_agA_m0
5x2p_JK_agC_m0	ARSGRGAPTTTTAWFTY	5x2m_HL_agA_m0
5x2q_HL_agA _ B_m0	ARSGRGAPTTTTAWFTY	5x2m_HL_agA_m0
5x2q_JK_agC _ D_m0	ARSGRGAPTTTTAWFTY	5x2m_HL_agA_m0
5x4g_AB_ag_m0	TSYDYEY	5x0t_AB_agE_m0
5x5x_HL_ag_m0	TSSTSVGGS	5x5x_HL_ag_m0
5x8l_FK_agA_m0	ARRHWPGGFDY	5x8l_FK_agA_m0
5x8l_GL_agB_m0	ARRHWPGGFDY	5x8l_FK_agA_m0
5x8l_HM_agC_m0	ARRHWPGGFDY	5x8l_FK_agA_m0
5x8l_JO_agE_m0	ARRHWPGGFDY	5x8l_FK_agA_m0
5x8l_SN_agD_m0	ARRHWPGGFDY	5x8l_FK_agA_m0
5x8m_BC_agA_m0	AREGGWFEGLAFDY	5x8m_BC_agA_m0
5xaj_AB_ag_m0	ARGIAGGWFAWGIDL	4cau_Dd_agC_m0
5xaj_EC_ag_m0	AVGLPVDY	5xaj_EC_ag_m0
5xaj_FD_ag_m0	AVGLPVDY	5xaj_EC_ag_m0
5xaj_HL_ag_m0	ARGIAGGWFAWGIDL	4cau_Dd_agC_m0
5xbm_BA_agC_m0	ARSRGSTSFYYGMDY	5xbm_BA_agC_m0
5xbm_ED_agF_m0	ARSRGSTSFYYGMDY	5xbm_BA_agC_m0
5xcq_AB_agC_m0	AREGPGFVY	2zpk_HL_agP_m0
5xcr_AB_agC_m0	AREGPGFVY	2zpk_HL_agP_m0
5xcr_DE_agF_m0	AREGPGFVY	2zpk_HL_agP_m0
5xcs_AB_agC_m0	ARRETYDEKGFAY	1frg_HL_agP_m0
5xct_AB_agC_m0	AREGPGFVY	2zpk_HL_agP_m0
5xcu_AB_agC_m0	ARRETYDEKGFAY	1frg_HL_agP_m0
5xcu_DE_agF_m0	ARRETYDEKGFAY	1frg_HL_agP_m0
5xcv_AB_agC_m0	AKTSRVYFDY	4yny_AB_ag_m0
5xcv_DE_agF_m0	AKTSRVYFDY	4yny_AB_ag_m0
5xcx_AB_ag_m0	TRIGYDEDYAMDH	5xcx_AB_ag_m0
5xez_CD_agA_m0	AREKDHYDILTYYNYGYGLDV	4ers_HL_agA_m0
5xez_HL_agB_m0	AREKDHYDILTYYNYGYGLDV	4ers_HL_agA_m0
5xf1_CD_agA_m0	AREKDHYDILTYYNYGYGLDV	4ers_HL_agA_m0
5xf1_HL_agB_m0	AREKDHYDILTYYNYGYGLDV	4ers_HL_agA_m0
5xhf_BA_agNA_m0	SRWGGDGFYAMDY	3b9v_ANA_ag_m0
5xhf_DC_agNA_m0	SRWGGDGFYAMDY	3b9v_ANA_ag_m0
5xhg_BA_ag_m0	SRWGGDGFYAMDY	3b9v_ANA_ag_m0
5xhg_DC_ag_m0	SRWGGDGFYAMDY	3b9v_ANA_ag_m0
5xhv_HL_agE_m0	ARFVNWDGDYMDY	5xhv_HL_agE_m0
5xhv_PQ_agA_m0	ARFVNWDGDYMDY	5xhv_HL_agE_m0
5xj3_AB_agC_m0	ARTGWLGPFDY	7su1_HL_agC_m0
5xj3_DE_agF_m0	ARTGWLGPFDY	7su1_HL_agC_m0
5xj3_GH_agI_m0	ARTGWLGPFDY	7su1_HL_agC_m0
5xj3_JK_agL_m0	ARTGWLGPFDY	7su1_HL_agC_m0
5xj4_HL_agA_m0	AREGGWFEGLAFDY	5x8m_BC_agA_m0
5xjm_HL_agA_m0	ATSLYYGTPWFAY	5xjm_HL_agA_m0
5xku_CB_agA_m0	AGGSTGDRHYYYYGMDV	5xku_CB_agA_m0
5xli_ca_ag_m0	ATSLYYGTPWFAY	5xjm_HL_agA_m0
5xli_db_ag_m0	ATSLYYGTPWFAY	5xjm_HL_agA_m0
5xmh_DC_agB_m0	ARGIASAGPTDYFFY	5xmh_DC_agB_m0
5xmh_HL_agA_m0	ARGIASAGPTDYFFY	5xmh_DC_agB_m0
5xqw_HL_agH_m0	VRSNKYTGSVY	5xqw_HL_agH_m0
5xrq_AB_ag_m0	ARGASKVEPASYAPADAFDM	5w42_HL_agA_m0
5xrq_HL_ag_m0	ARGASKVEPASYAPADAFDM	5w42_HL_agA_m0
5xs7_HL_agA_m0	TRQKGLYYGFDY	5xs7_HL_agA_m0
5xwd_HD_agA_m0	ARLPMVTMSFDY	5xwd_HD_agA_m0
5xxy_HL_agA_m0	ARRHWPGGFDY	5x8l_FK_agA_m0
5y0a_DE_agA_m0	AKSGTQYYDTTGLGRYEYEYFGY	5y0a_DE_agA_m0
5y0a_FG_agB_m0	AKSGTQYYDTTGLGRYEYEYFGY	5y0a_DE_agA_m0
5y0a_HL_agC_m0	AKSGTQYYDTTGLGRYEYEYFGY	5y0a_DE_agA_m0
5y11_AB_agC_m0	ARLKRRGFEGSGYFDY	5y11_AB_agC_m0
5y2k_AB_ag_m0	ARDPLTKLLPFGSVWDGYFDY	5y2k_AB_ag_m0
5y2k_CD_ag_m0	ARDPLTVGSGYFDY	5y2k_CD_ag_m0
5y2k_EF_ag_m0	ARDPLTKLLPFGSVWDGYFDY	5y2k_AB_ag_m0
5y2k_GH_ag_m0	ARDPLTKLLGSVPGYFDY	5y2k_GH_ag_m0
5y2l_IJ_agB _ A_m0	ARDPLTKLLPFGSVWDGYFDY	5y2k_AB_ag_m0
5y2m_IJ_agD _ A _ C_m0	ARDPLTKLLPFGSVWDGYFDY	5y2k_AB_ag_m0
5y2m_KL_agE _ B_m0	ARDPLTKLLPFGSVWDGYFDY	5y2k_AB_ag_m0
5y7z_CNA_agA_m0	VRRGYSGDRYPINNP	4c57_CNA_agA_m0
5y7z_DNA_agB_m0	VRRGYSGDRYPINNP	4c57_CNA_agA_m0
5y80_BNA_agA_m0	VRRGYSGDRYPINNP	4c57_CNA_agA_m0
5y9c_HL_agD _ A _ C _ E_m0	ATSNYRYDRSFDY	5y9c_HL_agD _ A _ C _ E_m0
5y9f_LK_agA_m0	TRASPYYDEDYGYMDY	5y9f_LK_agA_m0
5y9f_NM_agB_m0	TRASPYYDEDYGYMDY	5y9f_LK_agA_m0
5y9f_PO_agC_m0	TRASPYYDEDYGYMDY	5y9f_LK_agA_m0
5y9f_RQ_agD_m0	TRASPYYDEDYGYMDY	5y9f_LK_agA_m0
5y9f_TS_agE_m0	TRASPYYDEDYGYMDY	5y9f_LK_agA_m0
5y9f_VU_agF_m0	TRASPYYDEDYGYMDY	5y9f_LK_agA_m0
5y9f_XW_agG_m0	TRASPYYDEDYGYMDY	5y9f_LK_agA_m0
5y9f_ZY_agH_m0	TRASPYYDEDYGYMDY	5y9f_LK_agA_m0
5y9f_ba_agI_m0	TRASPYYDEDYGYMDY	5y9f_LK_agA_m0
5y9f_dc_agJ_m0	TRASPYYDEDYGYMDY	5y9f_LK_agA_m0
5y9j_HL_agA_m0	ARSRDLLLHPFHALSP	5y9j_HL_agA_m0
5y9k_HL_ag_m0	ARSRDLLLHPFHALSP	5y9j_HL_agA_m0
5yax_Bb_agC_m0	ARGQMGALDV	5yax_Bb_agC_m0
5yd3_Aa_agB_m0	ARDYYTNYGD	5yd3_Aa_agB_m0
5yd3_Cc_agD_m0	ARDYYTNYGD	5yd3_Aa_agB_m0
5yd3_Ee_agF_m0	ARDYYTNYGD	5yd3_Aa_agB_m0
5yd3_Gg_agH_m0	ARDYYTNYGD	5yd3_Aa_agB_m0
5yd4_Aa_agB_m0	ARDYYTNYGD	5yd3_Aa_agB_m0
5yd4_Cc_agD_m0	ARDYYTNYGD	5yd3_Aa_agB_m0
5yd4_Ee_agF_m0	ARDYYTNYGD	5yd3_Aa_agB_m0
5yd4_Gg_agH_m0	ARDYYTNYGD	5yd3_Aa_agB_m0
5yd5_Aa_agB_m0	ARDYYTNYGD	5yd3_Aa_agB_m0
5yd5_Cc_agD_m0	ARDYYTNYGD	5yd3_Aa_agB_m0
5ye3_BA_agC_m0	GRDY	5ye3_BA_agC_m0
5ye4_AB_agE_m0	GRDY	5ye3_BA_agC_m0
5ye4_CD_agF_m0	GRDY	5ye3_BA_agC_m0
5yfi_HL_ag_m0	ARRWYTGDWFAY	5yfi_HL_ag_m0
5yhl_HL_agA_m0	ARRWYTYGDDWFAY	5yhl_HL_agA_m0
5yoy_GD_agB_m0	ARDRGIAAGGYYYNYGMDV	5yoy_GD_agB_m0
5yoy_HE_agC_m0	ARDRGIAAGGYYYNYGMDV	5yoy_GD_agB_m0
5yoy_IF_agA_m0	ARDRGIAAGGYYYNYGMDV	5yoy_GD_agB_m0
5yoy_PM_agK_m0	ARDRGIAAGGYYYNYGMDV	5yoy_GD_agB_m0
5yoy_QN_agL_m0	ARDRGIAAGGYYYNYGMDV	5yoy_GD_agB_m0
5yoy_RO_agJ_m0	ARDRGIAAGGYYYNYGMDV	5yoy_GD_agB_m0
5ysl_AB_ag_m0	AREGFGNQSLDY	5ysl_AB_ag_m0
5ysl_CD_ag_m0	AREGFGNQSLDY	5ysl_AB_ag_m0
5ysl_EF_ag_m0	AREGFGNQSLDY	5ysl_AB_ag_m0
5ysl_GH_ag_m0	AREGFGNQSLDY	5ysl_AB_ag_m0
5yup_HL_ag_m0	TRDDGYYRVDY	5yup_HL_ag_m0
5ywf_BA_ag_m0	ARGVGLYGVDY	5ywf_BA_ag_m0
5ywf_DC_ag_m0	ARGVGLYGVDY	5ywf_BA_ag_m0
5ywo_NM_agC_m0	ASDGRYWYFGV	5ywo_NM_agC_m0
5ywo_RQ_agA_m0	ASDGRYWYFGV	5ywo_NM_agC_m0
5ywp_NM_agC_m0	ARGVGLYGVDY	5ywf_BA_ag_m0
5ywp_RQ_agA_m0	ARGVGLYGVDY	5ywf_BA_ag_m0
5ywy_HL_agA_m0	ARRWYTYGDDWFAY	5yhl_HL_agA_m0
5yy4_Aa_agB_m0	ARDYYTNYGD	5yd3_Aa_agB_m0
5yy5_CD_agB_m0	TNTYY	5yy5_CD_agB_m0
5yy5_HL_agA_m0	TNTYY	5yy5_CD_agB_m0
5zia_AB_agC_m0	AVGRIPDVTAFDI	5zia_AB_agC_m0
5zia_DE_agF_m0	AVGRIPDVTAFDI	5zia_AB_agC_m0
5zia_GL_agR_m0	AVGRIPDVTAFDI	5zia_AB_agC_m0
5zia_HI_agJ_m0	AVGRIPDVTAFDI	5zia_AB_agC_m0
5zia_KM_agN_m0	AVGRIPDVTAFDI	5zia_AB_agC_m0
5zia_OP_agQ_m0	AVGRIPDVTAFDI	5zia_AB_agC_m0
5zmj_HL_ag_m0	ATRPPRFYDKEWYETDGFDV	4eow_HL_ag_m0
5zs0_BA_agC_m0	TRQEGDFPLFDY	5zs0_BA_agC_m0
5zud_ED_agC _ A _ B_m0	ARRVYYFDY	5zud_ED_agC _ A _ B_m0
5zuf_ED_agC _ A_m0	ARRVTTVEAYYFDY	5wtg_BA_ag_m0
5zv3_HL_agA_m0	ARVGRPSGKGWFDP	5zv3_HL_agA_m0
5zxv_CD_agB_m0	AGNDY	5zxv_CD_agB_m0
5zxv_HL_agA_m0	AGNDY	5zxv_CD_agB_m0
6a0x_AB_ag_m0	ARLGTTAVDREWYFDV	6a0x_AB_ag_m0
6a0x_CD_ag_m0	ARLGTTAVDREWYFDV	6a0x_AB_ag_m0
6a0x_EF_ag_m0	ARLGTTAVDREWYFDV	6a0x_AB_ag_m0
6a0x_GH_ag_m0	ARLGTTAVDREWYFDV	6a0x_AB_ag_m0
6a0z_HL_agA_m0	ARLGTTAVDREWYFDV	6a0x_AB_ag_m0
6a3w_AB_agC_m0	ARGYGIFDY	6a3w_AB_agC_m0
6a3w_DE_agF_m0	ARGYGIFDY	6a3w_AB_agC_m0
6a3w_GH_agI_m0	ARGYGIFDY	6a3w_AB_agC_m0
6a3w_JK_agL_m0	ARGYGIFDY	6a3w_AB_agC_m0
6a4k_HL_agA_m0	ARLNYDILYGTYFFDF	6a4k_HL_agA_m0
6a4k_IM_agB_m0	ARLNYDILYGTYFFDF	6a4k_HL_agA_m0
6a4k_JN_agC_m0	ARLNYDILYGTYFFDF	6a4k_HL_agA_m0
6a4k_KO_agD_m0	ARLNYDILYGTYFFDF	6a4k_HL_agA_m0
6a67_CD_agB_m0	ARAENLLSPALYEGFDP	6a67_CD_agB_m0
6a67_HL_agA_m0	ARAENLLSPALYEGFDP	6a67_CD_agB_m0
6a76_HL_ag_m0	AREALLRPYPYALDY	6a79_HL_agA_m0
6a77_HL_agA_m0	AREALLRPYPYALDY	6a79_HL_agA_m0
6a78_HL_agA_m0	AREALLRPYPYALDY	6a79_HL_agA_m0
6a78_IM_agB_m0	AREALLRPYPYALDY	6a79_HL_agA_m0
6a79_HL_agA_m0	AREALLRPYAYALDY	6a79_HL_agA_m0
6a79_IM_agB_m0	AREALLRPYAYALDY	6a79_HL_agA_m0
6a96_KNA_agD_m0	AAKGRYSGGPYYLTNYDY	5o8f_KNA_agA_m0
6a96_LNA_agC _ B_m0	AAKGRYSGGPYYLTNYDY	5o8f_KNA_agA_m0
6a96_ONA_agE_m0	AAKGRYSGGPYYLTNYDY	5o8f_KNA_agA_m0
6a9k_BA_agB_m0	ARRDYYDGFTY	6a9k_BA_agB_m0
6a9k_HL_agH_m0	ARRDYYDGFTY	6a9k_BA_agB_m0
6ad0_HL_agA _ C _ B_m0	TRERYGTHPYHFDV	6ad0_HL_agA _ C _ B_m0
6ad7_CD_agA_m0	ARLYYGYYGWYFDV	1ots_CD_agA_m0
6ad7_EF_agB_m0	ARLYYGYYGWYFDV	1ots_CD_agA_m0
6ad8_CD_agA_m0	ARLYYGYYGWYFDV	1ots_CD_agA_m0
6ad8_EF_agB_m0	ARLYYGYYGWYFDV	1ots_CD_agA_m0
6ada_CD_agA_m0	ARLYYGYYGWYFDV	1ots_CD_agA_m0
6ada_EF_agB_m0	ARLYYGYYGWYFDV	1ots_CD_agA_m0
6adb_CD_agA_m0	ARLYYGYYGWYFDV	1ots_CD_agA_m0
6adb_EF_agB_m0	ARLYYGYYGWYFDV	1ots_CD_agA_m0
6adc_CD_agA_m0	ARLYYGYYGWYFDV	1ots_CD_agA_m0
6adc_EF_agB_m0	ARLYYGYYGWYFDV	1ots_CD_agA_m0
6aj7_HL_agC _ B_m0	ARGTFGNYASFAY	6aj7_HL_agC _ B_m0
6aj9_DE_agA_m0	VRGENYYGSVGTMDY	6aj9_DE_agA_m0
6aj9_HL_agC _ B_m0	ARGTFGNYASFAY	6aj7_HL_agC _ B_m0
6al0_HL_agA_m0	AKTSRVYFDY	4yny_AB_ag_m0
6al1_HL_agA_m0	AKTSRVYFDY	4yny_AB_ag_m0
6al4_BA_ag_m0	ARRETTTVGYYRYAMDY	6al4_BA_ag_m0
6al4_DC_ag_m0	ARRETTTVGYYRYAMDY	6al4_BA_ag_m0
6al4_FE_ag_m0	ARRETTTVGYYRYAMDY	6al4_BA_ag_m0
6al5_HL_agA_m0	ARRETTTVGYYRYAMDY	6al4_BA_ag_m0
6amj_BA_ag_m0	ARS	6amj_BA_ag_m0
6amj_HL_ag_m0	ARTGEPQYS	6amj_HL_ag_m0
6amm_HL_ag_m0	ARTGEYS	6amm_HL_ag_m0
6ana_HL_ag_m0	ARRDITTFY	5vkk_AB_ag_m0
6and_HL_ag_m0	ARDGSSWDWYFDV	6and_HL_ag_m0
6ani_HL_ag_m0	ARGSNPYYYAMDY	6ani_HL_ag_m0
6ani_IM_ag_m0	ARGSNPYYYAMDY	6ani_HL_ag_m0
6anp_BA_ag_m0	ARTGEYSS	6anp_BA_ag_m0
6anp_HL_ag_m0	ARTS	6anp_HL_ag_m0
6ao0_HNA_ag_m0	ARTGEYSGTDYDPQYS	6ao0_HNA_ag_m0
6aod_BA_agC_m0	ARLASGFRDY	6aod_BA_agC_m0
6apb_HL_agC _ A_m0	ARATNYDSSSYYGLYFDY	6apb_HL_agC _ A_m0
6apc_HL_ag_m0	ARLGYCSGSGCHFDY	6apc_HL_ag_m0
6apd_DE_agA_m0	GTLGVTVTELGAGIDDY	6apd_DE_agA_m0
6apd_FG_agC_m0	GTLGVTVTELGAGIDDY	6apd_DE_agA_m0
6apd_HI_agB_m0	GTLGVTVTELGAGIDDY	6apd_DE_agA_m0
6apd_JL_agC_m0	ARLGYCSGSGCHFDY	6apc_HL_ag_m0
6apd_KM_agB_m0	ARLGYCSGSGCHFDY	6apc_HL_ag_m0
6apd_NO_agA_m0	ARLGYCSGSGCHFDY	6apc_HL_ag_m0
6apo_ANA_ag_m0	AQGWGIASMRY	10zo_ANA_agB_m0
6app_ANA_agB_m0	AQGWGIASMRY	10zo_ANA_agB_m0
6apq_ANA_ag_m0	MYRNWGGGLDVY	4w2o_ANA_agB_m0
6aq7_HL_agA_m0	ARSQDAWDY	6aq7_HL_agA_m0
6arp_BA_ag_m0	ARALTYYDYEFAY	1yy8_BA_ag_m0
6arp_DC_ag_m0	ARALTYYDYEFAY	1yy8_BA_ag_m0
6aru_CB_agA_m0	ARALTYYDYEFAY	1yy8_BA_ag_m0
6att_HL_agA_m0	ARGGDAYYNYYFDY	6att_HL_agA_m0
6au5_BA_ag_m0	ARALTYYDYEFAY	1yy8_BA_ag_m0
6au5_DC_ag_m0	ARALTYYDYEFAY	1yy8_BA_ag_m0
6avn_HL_ag_m0	ARMGAAREWDFQY	6avn_HL_ag_m0
6avq_HL_agB _ A_m0	ARHNYGSFAY	5opy_HL_agNA_m0
6avr_HL_agB _ A_m0	ARHNYGSFAY	5opy_HL_agNA_m0
6avu_HL_agB _ A_m0	ARHNYGSFAY	5opy_HL_agNA_m0
6awn_BC_agA_m0	TRSPVRPYYFDY	5i66_AB_ag_m0
6awo_BC_agA_m0	TRSPVRPYYFDY	5i66_AB_ag_m0
6awp_BC_agA_m0	TRSPVRPYYFDY	5i66_AB_ag_m0
6awq_BC_agA_m0	TRSPVRPYYFDY	5i66_AB_ag_m0
6axk_AB_agE_m0	ARAAYYDSTGYGDY	6axk_AB_agE_m0
6axl_AB_agI_m0	ARDGYSSSFFDF	6axl_AB_agI_m0
6axl_DC_agG_m0	ARDGYSSSFFDF	6axl_AB_agI_m0
6axp_BA_ag_m0	ARALTYYDYEFAY	1yy8_BA_ag_m0
6axp_DC_ag_m0	ARALTYYDYEFAY	1yy8_BA_ag_m0
6ayn_BA_ag_m0	ARALTYYDYEFAY	1yy8_BA_ag_m0
6ayn_DC_ag_m0	ARALTYYDYEFAY	1yy8_BA_ag_m0
6ayz_BD_agA_m0	ARGYGWALDY	5ucb_HL_agB_m0
6ayz_RC_agM_m0	ARGYGWALDY	5ucb_HL_agB_m0
6az2_AF_agB_m0	ARSYSTKLAMDY	4rrp_GA_agM_m0
6az2_CE_agD_m0	ARSYSTKLAMDY	4rrp_GA_agM_m0
6azk_BA_ag_m0	ARALTYYDYEFAY	1yy8_BA_ag_m0
6azk_DC_ag_m0	ARALTYYDYEFAY	1yy8_BA_ag_m0
6azl_BA_ag_m0	ARALTYYDYEFAY	1yy8_BA_ag_m0
6azl_DC_ag_m0	ARALTYYDYEFAY	1yy8_BA_ag_m0
6azm_BA_agE_m0	AKDPGGDSSRGAPTWFDP	5bk3_AB_agB_m0
6azm_DC_agF_m0	AKDPGGDSSRGAPTWFDP	5bk3_AB_agB_m0
6azx_AB_ag_m0	TTLLIYEDSVGVDF	5bk0_BA_agE_m0
6azx_CD_ag_m0	TTLLIYEDSVGVDF	5bk0_BA_agE_m0
6azz_CB_agA_m0	ARDRITTAAPFDY	6azz_CB_agA_m0
6azz_FE_agD_m0	ARDRITTAAPFDY	6azz_CB_agA_m0
6b08_CB_agA_m0	ARDRITTAAPFDY	6azz_CB_agA_m0
6b0a_HL_agA_m0	AKGDYYFDSSYSGFGMDV	6b0a_HL_agA_m0
6b0e_BA_agE_m0	ARDRGDRLYYYYYYGMDV	6b0e_BA_agE_m0
6b0g_DC_agE_m0	AKDRGDGDYYYYRYGMDV	6b0g_DC_agE_m0
6b0h_BA_agJ_m0	ARESRFYGAYFDY	6b0h_BA_agJ_m0
6b0h_DC_agI_m0	ARESRFYGAYFDY	6b0h_BA_agJ_m0
6b0n_DE_agG_m0	ARMGAAREWDFQY	6avn_HL_ag_m0
6b0n_HL_agG_m0	ATTKHGRRIYGVVYTFWEKFAFYMDV	3jcb_CB_agA_m0
6b0s_HL_agC_m0	ARDPGIAANDAHWFDP	6b0s_HL_agC_m0
6b0w_HL_ag_m0	ARDPGIAANDAHWFDP	6b0s_HL_agC_m0
6b14_HL_agR_m0	ARQGYRRRGSRGFDY	3ivk_AB_agC_m0
6b20_ENA_agB _ D_m0	NVGRSRGY	6b20_ENA_agB _ D_m0
6b20_FNA_agA_m0	NVGRSRGY	6b20_ENA_agB _ D_m0
6b3d_HL_agH_m0	ARFGGEVLRYTPKPWDAWVDL	3twc_HL_agH_m0
6b3j_NNA_agA _ B_m0	ARCPAPFTRDCSTVDFTTYAY	6oya_NNA_agA _ B_m0
6b3k_HL_agR_m0	ARQGYRRRGSRGFDY	3ivk_AB_agC_m0
6b3m_CD_agB _ A_m0	ARGPYYYGNSHDF	6b3m_CD_agB _ A_m0
6b3m_IJ_agH _ K_m0	ARGPYYYGNSHDF	6b3m_CD_agB _ A_m0
6b3m_MN_agF _ E_m0	ARGPYYYGNSHDF	6b3m_CD_agB _ A_m0
6b3m_OP_agL _ G_m0	ARGPYYYGNSHDF	6b3m_CD_agB _ A_m0
6b3m_VW_agT _ S_m0	ARGPYYYGNSHDF	6b3m_CD_agB _ A_m0
6b3m_YU_agR _ Q_m0	ARGPYYYGNSHDF	6b3m_CD_agB _ A_m0
6b3s_CD_agB_m0	ARVSIFGVGTFDY	3b2u_CD_agB_m0
6b3s_FG_agE_m0	ARVSIFGVGTFDY	3b2u_CD_agB_m0
6b3s_HL_agA_m0	ARVSIFGVGTFDY	3b2u_CD_agB_m0
6b3s_JK_agI_m0	ARVSIFGVGTFDY	3b2u_CD_agB_m0
6b5l_HL_agA_m0	ALLTVLTDPDAFDI	7lkg_AB_agC_m0
6b5m_HL_agA_m0	ALLTVLTDPDAFDI	7lkg_AB_agC_m0
6b5n_HL_agA_m0	ALLTVLTDPDAFDI	7lkg_AB_agC_m0
6b5o_HL_agA_m0	ALLTVLTDPDAFDI	7lkg_AB_agC_m0
6b5p_HL_agA_m0	ARVYSYGVPFDY	6b5p_HL_agA_m0
6b5r_HL_agA_m0	ARVYSYGVPFDY	6b5p_HL_agA_m0
6b5s_HL_agA_m0	ARVYSYGVPFDY	6b5p_HL_agA_m0
6b5t_HL_agA_m0	ARVYSYGVPFDY	6b5p_HL_agA_m0
6b6z_BA_ag_m0	ARWSYKSGMDY	6b6z_BA_ag_m0
6b6z_DC_ag_m0	ARWSYSGMDY	5vz1_BA_ag_m0
6b70_CD_agA_m0	ARHYSAVAGLDY	5uoe_HL_agA_m0
6b70_EF_agB_m0	ARHYSAVAGLDY	5uoe_HL_agA_m0
6b73_CNA_agB_m0	AARAPVGQSPSSYDYDY	6b73_CNA_agB_m0
6b73_DNA_agA_m0	AARAPVSPYDYDY	6b73_DNA_agA_m0
6b7z_CD_agA_m0	ARHYSAVAGLDY	5uoe_HL_agA_m0
6b7z_EF_agB_m0	ARHYSAVAGLDY	5uoe_HL_agA_m0
6b9j_AB_agY_m0	AKESFGIPHF	6b9j_AB_agY_m0
6b9j_HL_agX_m0	AKESFGIPHF	6b9j_AB_agY_m0
6b9y_BA_agC _ E_m0	SRWGGDGFYAMDY	3b9v_ANA_ag_m0
6b9z_BA_agC _ E_m0	SRWGGDGFYAMDY	3b9v_ANA_ag_m0
6ba5_BA_agM_m0	ARGYSTYYGDFNI	6ba5_BA_agM_m0
6ba5_DC_agN_m0	ARGYSTYYGDFNI	6ba5_BA_agM_m0
6ba5_FE_agO_m0	ARGYSTYYGDFNI	6ba5_BA_agM_m0
6ba5_HG_agP_m0	ARGYSTYYGDFNI	6ba5_BA_agM_m0
6bae_BA_agC _ E_m0	SRWGGDGFYAMDY	3b9v_ANA_ag_m0
6bah_BA_agC _ E_m0	SRWGGDGFYAMDY	3b9v_ANA_ag_m0
6ban_BA_agM_m0	ARGYSTYYGDFNI	6ba5_BA_agM_m0
6ban_DC_agN_m0	ARGYSTYYGDFNI	6ba5_BA_agM_m0
6ban_FE_agO_m0	ARGYSTYYGDFNI	6ba5_BA_agM_m0
6ban_HG_agP_m0	ARGYSTYYGDFNI	6ba5_BA_agM_m0
6bb4_HL_agP_m0	ARRGTMDY	6bb4_HL_agP_m0
6bb4_IM_agQ_m0	ARRGTMDY	6bb4_HL_agP_m0
6bb4_JN_agR_m0	ARRGTMDY	6bb4_HL_agP_m0
6bck_HL_agG_m0	VRDRSNGSGKRNSSEFWFLDL	6bck_HL_agG_m0
6bdz_HL_agA_m0	ARDGDYGRLDY	6bdz_HL_agA_m0
6be2_HL_ag_m0	ARDTYYYDSEYDGDAFDI	6be2_HL_ag_m0
6be3_HL_agH_m0	ARDTYYYDSEYDGDAFDI	6be2_HL_ag_m0
6be4_HL_agH_m0	ARDTYYYDSEYDGDAFDI	6be2_HL_ag_m0
6bf4_BC_agA_m0	ARIRQVSKYLPYWQGVFEM	6bf4_BC_agA_m0
6bf4_HL_agG_m0	ARIRQVSKYLPYWQGVFEM	6bf4_BC_agA_m0
6bf7_CD_agA_m0	ARHYSAVAGLDY	5uoe_HL_agA_m0
6bf7_EF_agB_m0	ARHYSAVAGLDY	5uoe_HL_agA_m0
6bf9_CD_agA_m0	ARHYSAVAGLDY	5uoe_HL_agA_m0
6bf9_EF_agB_m0	ARHYSAVAGLDY	5uoe_HL_agA_m0
6bfq_AB_agI_m0	AAITGTTDL	6bfq_AB_agI_m0
6bfq_CD_agG_m0	AAITGTTDL	6bfq_AB_agI_m0
6bfq_EF_agJ_m0	AAITGTTDL	6bfq_AB_agI_m0
6bfq_HL_agK_m0	AAITGTTDL	6bfq_AB_agI_m0
6bfs_HL_agC_m0	ARKGTTGFAY	6bfs_HL_agC_m0
6bft_AB_agG_m0	AKYPHYYGHSSWYFDV	1bj1_HL_agW_m0
6bft_HL_agC_m0	AKYPHYYGHSSWYFDV	1bj1_HL_agW_m0
6bgt_BA_agC_m0	SRWGGDGFYAMDY	3b9v_ANA_ag_m0
6bhz_HL_ag_m0	SRWGGDGFYAMDY	3b9v_ANA_ag_m0
6bhz_IM_ag_m0	SRWAMDY	5tdn_BA_ag_m0
6bi0_HL_ag_m0	SRWGGDGFYAMDY	3b9v_ANA_ag_m0
6bi0_IM_ag_m0	SRWAMDY	5tdn_BA_ag_m0
6bi2_HL_ag_m0	SRWGGDGFYAMDY	3b9v_ANA_ag_m0
6bi2_IM_ag_m0	SRWGGDGFYAMDY	3b9v_ANA_ag_m0
6bit_IK_agH_m0	ARWGAY	6bit_IK_agH_m0
6bit_JL_agG_m0	ARWGAY	6bit_IK_agH_m0
6bkb_HL_agE_m0	VRPETPRYCSYCFGGGEFDN	6bkb_HL_agE_m0
6bkc_HL_agE_m0	AKVGLRGIVMVMALGGNWLDP	6bkc_HL_agE_m0
6bkd_HL_agE_m0	AKAGDLSVGGVLLHPVGGARHFDP	6bkd_HL_agE_m0
6bla_HL_ag_m0	ARALEMGHGSRFPFDY	6bla_HL_ag_m0
6blh_HL_agG_m0	ARDPIVGHRTDGLDV	6blh_HL_agG_m0
6bli_AB_agC_m0	ARSGFCSDDAGRRYCSWFDP	6bli_AB_agC_m0
6bli_DE_agF_m0	ARSGFCSDDAGRRYCSWFDP	6bli_AB_agC_m0
6bli_GH_agI_m0	ARSGFCSDDAGRRYCSWFDP	6bli_AB_agC_m0
6bli_JK_agL_m0	ARSGFCSDDAGRRYCSWFDP	6bli_AB_agC_m0
6bp2_HL_agA_m0	ARQRIVSGFLWEVSKFDY	6bp2_HL_agA_m0
6bpa_BC_agA_m0	ARSGSVSSPWFAY	6bpa_BC_agA_m0
6bpa_EF_agD_m0	ARSGSVSSPWFAY	6bpa_BC_agA_m0
6bpb_AB_ag_m0	ARETVVGSFDY	6bpb_AB_ag_m0
6bpc_BC_agA_m0	ARETVVGSFDY	6bpb_AB_ag_m0
6bpc_EF_agD_m0	ARETVVGSFDY	6bpb_AB_ag_m0
6bpd_AB_ag_m0	AAF	6bpd_AB_ag_m0
6bpe_BC_agA_m0	TRVTVVDSFDY	6bpe_BC_agA_m0
6bpe_EF_agD_m0	TRVTVVDSFDY	6bpe_BC_agA_m0
6bpe_HI_agG_m0	TRVTVVDSFDY	6bpe_BC_agA_m0
6bqb_HL_agP_m0	AKLLVGITTDVFDV	6bqb_HL_agP_m0
6bsp_AB_agD_m0	ARGLYYGYGEDSDFDY	3jba_HL_agA_m0
6bt3_BA_agN_m0	ARPPYYYGTTYYFDY	3j7e_BA_ag_m0
6bt3_DC_agM_m0	ARPPYYYGTTYYFDY	3j7e_BA_ag_m0
6bt3_FE_agL_m0	ARPPYYYGTTYYFDY	3j7e_BA_ag_m0
6bt3_HG_agK _ J_m0	ARPPYYYGTTYYFDY	3j7e_BA_ag_m0
6btj_AB_agNA_m0	ARDMPYYHDGGSPLFDL	6btj_AB_agNA_m0
6btj_HL_agNA_m0	ARDMPYYHDGGSPLFDL	6btj_AB_agNA_m0
6by2_AB_agC_m0	ARERGDGYFAV	1k4c_AB_agC_m0
6by3_AB_agC_m0	ARERGDGYFAV	1k4c_AB_agC_m0
6bzu_AB_agJ_m0	ARLSDSLYAMDC	6bzu_AB_agJ_m0
6bzu_CD_agI_m0	ARLSDSLYAMDC	6bzu_AB_agJ_m0
6bzu_EF_agK_m0	ARLSDSLYAMDC	6bzu_AB_agJ_m0
6bzu_GH_agL_m0	ARLSDSLYAMDC	6bzu_AB_agJ_m0
6bzv_AB_agI_m0	ARLYDGYYAMDY	6bzv_AB_agI_m0
6bzv_CD_agJ_m0	ARLYDGYYAMDY	6bzv_AB_agI_m0
6bzv_EF_agK_m0	ARLYDGYYAMDY	6bzv_AB_agI_m0
6bzv_GH_agL_m0	ARLYDGYYAMDY	6bzv_AB_agI_m0
6bzw_AB_agJ_m0	ARITTAYYAMDY	6bzw_AB_agJ_m0
6bzw_CD_agI_m0	ARITTAYYAMDY	6bzw_AB_agJ_m0
6bzw_EF_agK_m0	ARITTAYYAMDY	6bzw_AB_agJ_m0
6bzw_GH_agL_m0	ARITTAYYAMDY	6bzw_AB_agJ_m0
6bzy_HL_agB_m0	ACAPIYYYDTWFAY	6bzy_HL_agB_m0
6c08_AB_agC_m0	ARNFRGNGAMDY	6c08_AB_agC_m0
6c08_DE_agF_m0	ARNFRGNGAMDY	6c08_AB_agC_m0
6c5h_HL_agH_m0	DRMRITTDWFAY	6c5j_HL_agH_m0
6c5i_HL_ag_m0	DRMRITTDWFAY	6c5j_HL_agH_m0
6c5j_HL_agH_m0	VRMRITTDWFAY	6c5j_HL_agH_m0
6c5k_AB_agA_m0	VRMRITTDWFAY	6c5j_HL_agH_m0
6c5k_HL_agH_m0	VRMRITTDWFAY	6c5j_HL_agH_m0
6c5v_HL_agA _ C _ B_m0	ARALEMGHGSRFPFDY	6bla_HL_ag_m0
6c5w_CNA_agB_m0	AARLYPILGHTY	6c5w_CNA_agB_m0
6c5w_ENA_agA_m0	AARLYPILGHTY	6c5w_CNA_agB_m0
6c6x_AB_ag_m0	AKTYSGTFDY	6c6x_AB_ag_m0
6c6x_CD_ag_m0	AKTYSGTFDY	6c6x_AB_ag_m0
6c6x_EF_ag_m0	AKTYSGTFDY	6c6x_AB_ag_m0
6c6x_HL_ag_m0	AKTYSGTFDY	6c6x_AB_ag_m0
6c6y_AB_agS_m0	AKTYSGTFDY	6c6x_AB_ag_m0
6c6y_HL_agR_m0	AKTYSGTFDY	6c6x_AB_ag_m0
6c6z_CD_agA_m0	AREGGHQGYCCSGGSYDFDY	6c6z_CD_agA_m0
6c6z_HL_agB_m0	AREGGHQGYCCSGGSYDFDY	6c6z_CD_agA_m0
6c9u_HL_agA_m0	TRGGTLFDY	6c9u_HL_agA_m0
6c9w_BNA_agA_m0	ARQGTNGGGAESYTSYNY	6c9w_BNA_agA_m0
6ca6_BA_ag_m0	MTGVERGDFWSDTNYHQSDYLIDV	6ca6_BA_ag_m0
6ca6_HL_ag_m0	MTGVERGDFWSDTNYHQSDYLIDV	6ca6_BA_ag_m0
6ca7_HL_ag_m0	TTGVETYDFWSGYDYHDDYYFKDV	6ca9_BA_ag_m0
6ca9_BA_ag_m0	TTGVETYDFWSGYDYHDDYFRDV	6ca9_BA_ag_m0
6ca9_DC_ag_m0	TTGVETYDFWSGYDYHDDYFRDV	6ca9_BA_ag_m0
6cbj_HL_agL_m0	ARGGWISLYVYYSYDPNFDS	8sb0_CD_agA_m0
6cbp_Aa_agP_m0	TTGGWISLYYYYSSDPNFDH	8sb5_CD_agA_m0
6cbv_HL_agB_m0	ARWGYWPGEWWPKAFDY	6cbv_HL_agB_m0
6ccb_DE_agC_m0	ATARRGQRIYGVVYYFFEGFSYSMDV	4r26_HL_ag_m0
6ccb_HL_agG_m0	ATARRGQRIYGVVYYFFEGFSYSMDV	4r26_HL_ag_m0
6cde_34_ag1_m0	SRLKLLGYFDV	6cde_34_ag1_m0
6cde_56_ag2_m0	VRRGSCDYDGCFPWQY	5jof_AB_ag_m0
6cde_78_ag2_m0	ATTKHGRRIYGVVYTFWEKFAFYMDV	3jcb_CB_agA_m0
6cde_HL_agD_m0	SRLKLLGYFDV	6cde_34_ag1_m0
6cde_MN_agC_m0	ATTKHGRRIYGVVYTFWEKFAFYMDV	3jcb_CB_agA_m0
6cde_QR_agC_m0	VRRGSCDYDGCFPWQY	5jof_AB_ag_m0
6cde_hl_agd_m0	SRLKLLGYFDV	6cde_34_ag1_m0
6cde_mn_agc_m0	ATTKHGRRIYGVVYTFWEKFAFYMDV	3jcb_CB_agA_m0
6cde_qr_agc_m0	VRRGSCDYDGCFPWQY	5jof_AB_ag_m0
6cdi_34_agA_m0	TRLRYFGYFDV	6cdi_34_agA_m0
6cdi_56_ag2_m0	ATTKHGRRIYGVVYTFWEKFAFYMDV	3jcb_CB_agA_m0
6cdi_87_ag2_m0	VRRGSCDYDGCFPWQY	5jof_AB_ag_m0
6cdi_HL_agD_m0	TRLRYFGYFDV	6cdi_34_agA_m0
6cdi_MN_agC_m0	ATTKHGRRIYGVVYTFWEKFAFYMDV	3jcb_CB_agA_m0
6cdi_QR_agC_m0	VRRGSCDYDGCFPWQY	5jof_AB_ag_m0
6cdi_hl_agc_m0	TRLRYFGYFDV	6cdi_34_agA_m0
6cdi_mn_agd_m0	ATTKHGRRIYGVVYTFWEKFAFYMDV	3jcb_CB_agA_m0
6cdi_qr_agd_m0	VRRGSCDYDGCFPWQY	5jof_AB_ag_m0
6cdm_AB_agC_m0	SRLRLYWYFDV	6cdm_AB_agC_m0
6cdm_DE_agF_m0	SRLRLYWYFDV	6cdm_AB_agC_m0
6cdo_AB_agC_m0	TRLRYFGYFDV	6cdi_34_agA_m0
6cdp_AB_agC_m0	SRLKLLGYFDV	6cde_34_ag1_m0
6ce0_DE_agB_m0	AKGLLRDGTSSWLPYL	4toy_HL_ag_m0
6ce0_HL_agG_m0	ATARRGQRIYGVVYYFFEGFSYYMDV	4r26_HL_ag_m0
6cez_HL_agP_m0	ARDGVMSGGEVYYFNL	6cez_HL_agP_m0
6cf2_AB_agF _ G_m0	AADTTDNGYFTI	2x7l_AB_agO_m0
6ch7_DE_agB_m0	AKGLLRDGTSSWLPYL	4toy_HL_ag_m0
6ch7_QR_agG_m0	ARNAIRIYGVVAHFWEGLYGMDV	5ud9_HL_ag_m0
6ch8_DE_agB_m0	AKGLLRDGTSSWLPYL	4toy_HL_ag_m0
6ch8_QR_agG_m0	ARNAIRIYGVVAHFWEGLYGMDV	5ud9_HL_ag_m0
6ch9_DE_agB_m0	AKGLLSTWLPYL	6ch9_DE_agB_m0
6ch9_QR_agG_m0	ARNAIRIYGVVAHFWEGLYGMDV	5ud9_HL_ag_m0
6chb_DE_agG_m0	AREMFDSSADWPSWRGMVA	5t3x_DE_agG_m0
6chb_IL_agF_m0	ARNAIRIYGVVAHFWEGLYGMDV	5ud9_HL_ag_m0
6chb_JK_agG_m0	ARNAIRIYGVVAHFWEGLYGMDV	5ud9_HL_ag_m0
6chb_MN_agF_m0	AREMFDSSADWPSWRGMVA	5t3x_DE_agG_m0
6chb_OP_agH_m0	AREMFDSSADWPSWRGMVA	5t3x_DE_agG_m0
6chb_QR_agH_m0	ARNAIRIYGVVAHFWEGLYGMDV	5ud9_HL_ag_m0
6cjk_BA_ag_m0	ARGGSGDGQSL	6cjk_BA_ag_m0
6cjk_DC_ag_m0	ARGGSGDGQSL	6cjk_BA_ag_m0
6ck8_ANA_ag_m0	HVSLYRDPLGAVGGMGVY	6ck8_ANA_ag_m0
6ck8_BNA_ag_m0	HVSLYRDPLGAVGGMGVY	6ck8_ANA_ag_m0
6ck8_CNA_ag_m0	HVSLYRDPLGAVGGMGVY	6ck8_ANA_ag_m0
6ck9_DE_agB_m0	AKGLLRDGTSSWLPYL	4toy_HL_ag_m0
6ck9_HL_agG_m0	ARAQQGKRIYGMVYYFFEGFSYYMDV	5cez_HL_agG_m0
6cm3_KJ_agD_m0	AGVYEGEADEGNNDYEGFLKH	1gc1_HL_agG_m0
6cm3_ML_agF_m0	AGVYEGEADEGNNDYEGFLKH	1gc1_HL_agG_m0
6cm3_ON_agE_m0	AGVYEGEADEGNNDYEGFLKH	1gc1_HL_agG_m0
6cm3_PQ_agB_m0	TTTSTYDKWSGVGDHHLMAFSS	5cjx_AC_agJ _ K_m0
6cm3_RS_agA_m0	TTTSTYDKWSGVGDHHLMAFSS	5cjx_AC_agJ _ K_m0
6cm3_TU_agC_m0	TTTSTYDKWSGVGDHHLMAFSS	5cjx_AC_agJ _ K_m0
6cmg_CB_agA_m0	ARGWGREQLAPHPYYYYYQSYGMDV	6cmg_CB_agA_m0
6cmi_DC_agB_m0	ARGWGREQLAPHPYYYYYQSYGMDV	6cmg_CB_agA_m0
6cmo_HL_agA _ B_m0	ARYPWYWWMEKLSLYPYGMDY	6cmo_HL_agA _ B_m0
6cnj_GF_agC_m0	ARYLPYYYAMDY	6cnj_GF_agC_m0
6cnj_IH_agB _ A_m0	ARYLPYYYAMDY	6cnj_GF_agC_m0
6cnj_KJ_agE _ D_m0	ARYLPYYYAMDY	6cnj_GF_agC_m0
6cnk_GF_agC _ B_m0	ARYLPYYYAMDY	6cnj_GF_agC_m0
6cnk_KJ_agE _ D_m0	ARYLPYYYAMDY	6cnj_GF_agC_m0
6cnr_HL_ag_m0	ARDRGIGARPGRYYMDV	6cnr_HL_ag_m0
6cnv_CNA_agA_m0	AKDWGGPEPT	6cnv_CNA_agA_m0
6cnv_HL_agB_m0	ARHGNYYYYSGMDV	4fqh_AB_ag_m0
6cnw_ANA_ag_m0	AKDWGGPEPT	6cnv_CNA_agA_m0
6co3_HL_agQ_m0	ARDRGIGARPGRYYMDV	6cnr_HL_ag_m0
6cr1_HL_ag_m0	AKVSYLSATSSLDY	3wd5_HL_agA_m0
6crk_Hh_agA _ B _ G_m0	VRSIYYYSGSPFDF	6crk_Hh_agA _ B _ G_m0
6crq_DE_agA_m0	ARQKFYTGGQGWYFDL	3j5m_DC_agA_m0
6crq_IK_agB_m0	ARQKFYTGGQGWYFDL	3j5m_DC_agA_m0
6crq_JL_agF_m0	ARQKFYTGGQGWYFDL	3j5m_DC_agA_m0
6cse_AB_agC_m0	TRTAGACGQ	6cse_AB_agC_m0
6cse_HL_agM_m0	TRTAGACGQ	6cse_AB_agC_m0
6csf_AB_agC_m0	TRTAGACGQ	6cse_AB_agC_m0
6csf_HL_agM_m0	TRTAGACGQ	6cse_AB_agC_m0
6ct7_AB_agT_m0	TSAH	6ct7_AB_agT_m0
6ct7_HL_agS_m0	TSAH	6ct7_AB_agT_m0
6cue_34_ag1_m0	SRLRLYWYFDV	6cdm_AB_agC_m0
6cue_56_ag2_m0	ATTKHGRRIYGVVYTFWEKFAFYMDV	3jcb_CB_agA_m0
6cue_78_ag2_m0	VRRGSCDYDGCFPWQY	5jof_AB_ag_m0
6cue_HL_agD_m0	SRLRLYWYFDV	6cdm_AB_agC_m0
6cue_MN_agC_m0	ATTKHGRRIYGVVYTFWEKFAFYMDV	3jcb_CB_agA_m0
6cue_QR_agC_m0	VRRGSCDYDGCFPWQY	5jof_AB_ag_m0
6cue_hl_agd_m0	SRLRLYWYFDV	6cdm_AB_agC_m0
6cue_mn_agc_m0	ATTKHGRRIYGVVYTFWEKFAFYMDV	3jcb_CB_agA_m0
6cue_qr_agc_m0	VRRGSCDYDGCFPWQY	5jof_AB_ag_m0
6cuf_34_agA_m0	TRLRNYWYFDV	5tkj_AB_agC_m0
6cuf_56_ag2_m0	ATTKHGRRIYGVVYTFWEKFAFYMDV	3jcb_CB_agA_m0
6cuf_87_ag2_m0	VRRGSCDYDGCFPWQY	5jof_AB_ag_m0
6cuf_HL_agD_m0	TRLRNYWYFDV	5tkj_AB_agC_m0
6cuf_MN_agC_m0	ATTKHGRRIYGVVYTFWEKFAFYMDV	3jcb_CB_agA_m0
6cuf_QR_agC_m0	VRRGSCDYDGCFPWQY	5jof_AB_ag_m0
6cuf_hl_agc_m0	TRLRNYWYFDV	5tkj_AB_agC_m0
6cuf_mn_agd_m0	ATTKHGRRIYGVVYTFWEKFAFYMDV	3jcb_CB_agA_m0
6cuf_qr_agd_m0	VRRGSCDYDGCFPWQY	5jof_AB_ag_m0
6cvk_Aa_agC_m0	LGSDTSTDTA	6cvk_Aa_agC_m0
6cvk_Bb_agD_m0	LGSDTSTDTA	6cvk_Aa_agC_m0
6cw2_AB_agD _ C_m0	ARNWYWFGGHFPMMYYGWAMDY	6cw2_AB_agD _ C_m0
6cw3_AB_agH _ G_m0	ARWWQGMYGMEYGMDY	6cw3_AB_agH _ G_m0
6cw3_CD_agF _ E_m0	ARWWQGMYGMEYGMDY	6cw3_AB_agH _ G_m0
6cwd_Aa_agC_m0	LGSDTSTDTA	6cvk_Aa_agC_m0
6cwd_Bb_agD_m0	LGSDTSTDTA	6cvk_Aa_agC_m0
6cwd_Ee_agF_m0	LGSDTSTDTA	6cvk_Aa_agC_m0
6cwd_Gg_agH_m0	LGSDTSTDTA	6cvk_Aa_agC_m0
6cwg_BNA_agA_m0	AASTTYCSATDSSYTRLYDF	6cwg_BNA_agA_m0
6cwg_DNA_agC_m0	AASTTYCSATDSSYTRLYDF	6cwg_BNA_agA_m0
6cwk_ANA_ag_m0	AASTTYCSATDSSYTRLYDF	6cwg_BNA_agA_m0
6cwt_AB_agE_m0	ARTRGVNDEYAHAFDP	6cwt_AB_agE_m0
6cwt_CD_agF_m0	ARTRGVNDEYAHAFDP	6cwt_AB_agE_m0
6cxc_GJ_agB _ A_m0	ARMDNSEVF	6cxc_GJ_agB _ A_m0
6cxc_IK_agF _ E_m0	ARMDNSEVF	6cxc_GJ_agB _ A_m0
6cxc_XY_agD _ C_m0	ARMDNSEVF	6cxc_GJ_agB _ A_m0
6cxg_HL_agA_m0	ARKGSDRLNDSDPFDA	2oqj_BA_agC_m0
6cxg_MK_agC_m0	ARKGSDRLNDSDPFDA	2oqj_BA_agC_m0
6cxl_HL_agH_m0	ARKGSDRLNDSDPFDA	2oqj_BA_agC_m0
6cxl_MK_agM_m0	ARKGSDRLNDSDPFDA	2oqj_BA_agC_m0
6cxy_HL_agC_m0	ASSNYVLGYAMDY	6cxy_HL_agC_m0
6cyf_DC_agA_m0	AKEEFLPGTFYHYGMDV	6cyf_DC_agA_m0
6cyf_FE_agB_m0	AKEEFLPGTFYHYGMDV	6cyf_DC_agA_m0
6cyf_ML_agI_m0	AKEEFLPGTFYHYGMDV	6cyf_DC_agA_m0
6cyf_UT_agQ_m0	AKEEFLPGTFYHYGMDV	6cyf_DC_agA_m0
6d01_AB_agI_m0	ARVRDSSDGYYDAFDI	6d01_AB_agI_m0
6d01_CD_agI_m0	ARVRDSSDGYYDAFDI	6d01_AB_agI_m0
6d01_EF_agJ_m0	ARVRDSSDGYYDAFDI	6d01_AB_agI_m0
6d01_GH_agJ_m0	ARVRDSSDGYYDAFDI	6d01_AB_agI_m0
6d0u_CD_agB_m0	AKHMSMQQVPSAGGVLDEREWDAFDV	6d0u_CD_agB_m0
6d0u_EF_agA_m0	AKHMSMQQVPSAGGVLDEREWDAFDV	6d0u_CD_agB_m0
6d0u_HI_agG_m0	AKHMSMQQVPSAGGVLDEREWDAFDV	6d0u_CD_agB_m0
6d0u_KL_agJ_m0	AKHMSMQQVPSAGGVLDEREWDAFDV	6d0u_CD_agB_m0
6d0x_AB_agC_m0	AKVGEGQVGSSDGYYDH	6d0x_AB_agC_m0
6d11_AB_agE_m0	AKEGGFCSSYCTAYYFDC	6d11_AB_agE_m0
6d11_CD_agE_m0	AKEGGFCSSYCTAYYFDC	6d11_AB_agE_m0
6d2p_HL_agC_m0	ARSLGRDWFDP	6d2p_HL_agC_m0
6d6t_JI_agB_m0	ARKGLRWAMDY	6d6t_JI_agB_m0
6d6t_KL_agD_m0	ARKGLRWAMDY	6d6t_JI_agB_m0
6d6u_JI_agB_m0	ARKGLRWAMDY	6d6t_JI_agB_m0
6d6u_KL_agD_m0	ARKGLRWAMDY	6d6t_JI_agB_m0
6d9g_AB_ag_m0	ARSAYGSGEFAMDY	6d9g_AB_ag_m0
6d9g_CD_ag_m0	ARSAYGSGEFAMDY	6d9g_AB_ag_m0
6d9w_HL_agA_m0	AREPPYGY	5kte_HL_agA_m0
6db5_HL_agP_m0	MRAYYYGSRDVLGDALDV	6db5_HL_agP_m0
6db5_IM_agQ_m0	MRAYYYGSRDVLGDALDV	6db5_HL_agP_m0
6db6_HL_agP_m0	ARESGDYYIESSGALD	6db6_HL_agP_m0
6db7_HL_agP_m0	ARAMYPDTVTGNPPPAPNDFEGDY	6db7_HL_agP_m0
6db7_IM_agQ_m0	ARAMYPDTVTGNPPPAPNDFEGDY	6db7_HL_agP_m0
6db8_HL_agR_m0	ARQGYRRRGSRGFDY	3ivk_AB_agC_m0
6db9_HL_agR_m0	ARQGYRRRGSRGFDY	3ivk_AB_agC_m0
6dba_ANA_ag_m0	TLHRFCNTLSWGTLNV	6u12_BNA_agA_m0
6dba_BNA_ag_m0	TLHRFCNTLSWGTLNV	6u12_BNA_agA_m0
6dbd_ANA_ag_m0	GALSSGVNPWA	6dbd_ANA_ag_m0
6dbd_BNA_ag_m0	GALSSGVNPWA	6dbd_ANA_ag_m0
6dbd_CNA_ag_m0	GALSSGVNPWA	6dbd_ANA_ag_m0
6dbd_DNA_ag_m0	GALSSGVNPWA	6dbd_ANA_ag_m0
6dbe_ANA_ag_m0	NADDLMIDRDY	6dbe_ANA_ag_m0
6dbe_BNA_ag_m0	NADDLMIDRDY	6dbe_ANA_ag_m0
6dbf_BNA_agA_m0	TLHRFCNTLSWGTLNV	6u12_BNA_agA_m0
6dbg_CNA_agB_m0	TLHRFCNTLSWGTLNV	6u12_BNA_agA_m0
6dbg_DNA_ag_m0	TLHRFCNTLSWGTLNV	6u12_BNA_agA_m0
6dc3_HL_agF_m0	ARGLGSGSYSFYGIWYAMDV	6dc3_HL_agF_m0
6dc4_HL_ag_m0	GTLGVTVTELGAGIDDY	6apd_DE_agA_m0
6dc5_BC_agA_m0	GTLGVTVTELGAGIDDY	6apd_DE_agA_m0
6dc5_EF_agD_m0	GTLGVTVTELGAGIDDY	6apd_DE_agA_m0
6dc5_HI_agG_m0	GTLGVTVTELGAGIDDY	6apd_DE_agA_m0
6dc7_HL_ag_m0	VRERDNYGVY	6dc7_HL_ag_m0
6dc7_IM_ag_m0	VRERDNYGVY	6dc7_HL_ag_m0
6dc8_HL_agP_m0	VRERDNYGVY	6dc7_HL_ag_m0
6dc9_HL_agP_m0	SGSGNYD	6dc9_HL_agP_m0
6dc9_IM_agQ_m0	SGSGNYD	6dc9_HL_agP_m0
6dca_HL_agP_m0	AMGDSAWFAY	6dca_HL_agP_m0
6dca_IM_agQ_m0	AMGDSAWFAY	6dca_HL_agP_m0
6dca_JN_agR_m0	AMGDSAWFAY	6dca_HL_agP_m0
6dca_KO_agS_m0	AMGDSAWFAY	6dca_HL_agP_m0
6dcq_HL_agB _ A_m0	ARMFQESGPPRLDRYYYYNRGSWSGMDV	4nug_HL_ag_m0
6dcq_MN_agF _ E _ D_m0	ARMFQESGPPRLDRYYYYNRGSWSGMDV	4nug_HL_ag_m0
6dcv_BA_ag_m0	ARLDARVDGAWQLDS	6dcv_BA_ag_m0
6dcv_HL_ag_m0	ARLDARVDGAWQLDS	6dcv_BA_ag_m0
6dcw_HL_agT_m0	ARLDARVDGAWQLDS	6dcv_BA_ag_m0
6dde_Ee_agA _ B_m0	VRSIYYYSGSPFDF	6crk_Hh_agA _ B _ G_m0
6ddm_BA_agC_m0	ARSGSSNFDY	6ddm_BA_agC_m0
6ddr_BA_agC_m0	ARFLGNYFDN	6ddr_BA_agC_m0
6ddv_BA_agC_m0	ARHDYYGTGSAWFAY	6ddv_BA_agC_m0
6de7_DE_agB_m0	AKGLLRDGTSSWLPYL	4toy_HL_ag_m0
6de7_HL_agG_m0	ATTKHGRRIYGVVYTFWEKFAFYMDV	3jcb_CB_agA_m0
6dez_BA_ag_m0	ARRGPYGNYSNYYYFDY	6dez_BA_ag_m0
6dez_HL_ag_m0	ARRGPYGNYSNYYYFDY	6dez_BA_ag_m0
6df0_HL_ag_m0	ARRAGAYYFDY	6df0_HL_ag_m0
6df1_HL_agA_m0	ARRAGAYYFDY	6df0_HL_ag_m0
6df2_BA_agC_m0	ARRAGAYYFDY	6df0_HL_ag_m0
6df2_HL_agD_m0	ARRAGAYYFDY	6df0_HL_ag_m0
6dfg_GJ_agC_m0	ARNAIRIYGVVAHFWEGLYGMDV	5ud9_HL_ag_m0
6dfg_HL_agA_m0	ARNAIRIYGVVAHFWEGLYGMDV	5ud9_HL_ag_m0
6dfg_IK_agD_m0	ARNAIRIYGVVAHFWEGLYGMDV	5ud9_HL_ag_m0
6dfh_GJ_agC_m0	ARNAITIFGVVIYYYEGIYGMDV	6dfh_GJ_agC_m0
6dfh_HL_agA_m0	ARNAITIFGVVIYYYEGIYGMDV	6dfh_GJ_agC_m0
6dfh_IK_agD_m0	ARNAITIFGVVIYYYEGIYGMDV	6dfh_GJ_agC_m0
6dfi_HL_agE_m0	ARNQPGGRAFDY	6dfi_HL_agE_m0
6dfj_HL_agE_m0	ARNQPGGRAFDY	6dfi_HL_agE_m0
6dg2_AB_ag_m0	ARWGYYGSSDY	6dg2_AB_ag_m0
6dg2_CD_ag_m0	ARWGYYGSSDY	6dg2_AB_ag_m0
6did_DC_agF _ I_m0	ARGGSGDGQSL	6cjk_BA_ag_m0
6did_KE_agG _ J_m0	ARGGSGDGQSL	6cjk_BA_ag_m0
6did_LH_agA _ B_m0	ARGGSGDGQSL	6cjk_BA_ag_m0
6djp_CD_agA_m0	VREDYDSFDY	6djp_CD_agA_m0
6djp_EF_agB_m0	ARWGWDSY	6djp_EF_agB_m0
6dkj_AB_agD_m0	ARDQAIFGVVPDY	6dkj_AB_agD_m0
6dkj_HL_agC_m0	ARDQAIFGVVPDY	6dkj_AB_agD_m0
6dl8_AB_ag_m0	ARAGLHPTTTYYYEYGMDV	6dla_HL_ag_m0
6dl8_HL_ag_m0	ARAGLHPTTTYYYEYGMDV	6dla_HL_ag_m0
6dla_HL_ag_m0	ARAGLHPTTTYYYDYGMDV	6dla_HL_ag_m0
6dlb_HL_ag_m0	ARAGLHPTTTYYYEYGMDV	6dla_HL_ag_m0
6dn0_AB_ag_m0	SRWGGDGFYAMDV	3b9v_ANA_ag_m0
6dn0_CD_ag_m0	SRWGFYAMDV	6dn0_CD_ag_m0
6do1_CNA_agA_m0	AAVAYPDIPTDYDFYSDNFY	6do1_CNA_agA_m0
6do1_DNA_agB_m0	AAVAYPDIPTDYDFYSDNFY	6do1_CNA_agA_m0
6do1_ENA_agA_m0	SDNFYWG	6do1_ENA_agA_m0
6do1_FNA_agB_m0	STDYADSVKG	6do1_FNA_agB_m0
6dsi_Aa_ag_m0	AKRGYGSGAFDY	6dsi_Aa_ag_m0
6dw2_BA_agB_m0	ARSSILVRGGLARYFDL	6dw2_BA_agB_m0
6dwa_BA_agB_m0	ARGDGGLDD	5d6c_BA_agB_m0
6dwa_HL_agH_m0	ARGDGGLDD	5d6c_BA_agB_m0
6dwc_BA_ag_m0	ARGDGGLDD	5d6c_BA_agB_m0
6dwc_HL_ag_m0	ARGDGGLDD	5d6c_BA_agB_m0
6dwi_BA_agNA_m0	VKNSGIYSF	6dwi_BA_agNA_m0
6dwi_DC_agD_m0	VKNSGIYSF	6dwi_BA_agNA_m0
6dwi_FE_agNA_m0	VKNSGIYSF	6dwi_BA_agNA_m0
6dwi_HG_agH_m0	VKNSGIYSF	6dwi_BA_agNA_m0
6dwi_JI_agJ_m0	VKNSGIYSF	6dwi_BA_agNA_m0
6dwi_LK_agL_m0	VKNSGIYSF	6dwi_BA_agNA_m0
6dwi_NM_agNA_m0	VKNSGIYSF	6dwi_BA_agNA_m0
6dwi_PO_agNA_m0	VKNSGIYSF	6dwi_BA_agNA_m0
6dyx_DNA_ag_m0	AAPKGHTGDHY	6dyx_DNA_ag_m0
6dzl_GJ_agE _ A_m0	AKDHRVWAGAYHFDY	6dzl_GJ_agE _ A_m0
6dzl_HK_agE _ B _ F_m0	AKDHRVWAGAYHFDY	6dzl_GJ_agE _ A_m0
6dzl_IL_agD _ C_m0	AKDHRVWAGAYHFDY	6dzl_GJ_agE _ A_m0
6dzm_GH_agD _ A_m0	AKDHRVWAGAYHFDY	6dzl_GJ_agE _ A_m0
6dzm_IK_agE _ B_m0	AKDHRVWAGAYHFDY	6dzl_GJ_agE _ A_m0
6dzm_JL_agF _ C_m0	AKDHRVWAGAYHFDY	6dzl_GJ_agE _ A_m0
6dzn_HL_ag_m0	AKDHRVWAGAYHFDY	6dzl_GJ_agE _ A_m0
6dzr_HL_ag_m0	RTYFYSFSY	6dzr_HL_ag_m0
6dzt_Mm_agG _ F _ H_m0	ARKSSRLRSTLDY	6dzt_Mm_agG _ F _ H_m0
6dzt_Nn_agC _ D _ B_m0	ARKSSRLRSTLDY	6dzt_Mm_agG _ F _ H_m0
6dzv_BC_agA_m0	ARSAYGSGEFAMDY	6d9g_AB_ag_m0
6dzz_BC_agA_m0	ARSAYGSGEFAMDY	6d9g_AB_ag_m0
6e0c_Mm_agC _ D _ B _ A_m0	ARKSSRLRSTLDY	6dzt_Mm_agG _ F _ H_m0
6e0c_Nn_agG _ H _ E_m0	ARKSSRLRSTLDY	6dzt_Mm_agG _ F _ H_m0
6e0p_Mm_agC _ D _ B _ A_m0	ARKSSRLRSTLDY	6dzt_Mm_agG _ F _ H_m0
6e0p_Nn_agG _ F _ H _ E_m0	ARKSSRLRSTLDY	6dzt_Mm_agG _ F _ H_m0
6e1k_DC_agB_m0	ARSYWYWRTLTSGGIDY	6e1k_DC_agB_m0
6e1k_FE_agA_m0	ARSYWYWRTLTSGGIDY	6e1k_DC_agB_m0
6e3h_HL_agB _ A_m0	AREFRTQIVLGYGELWDFNAFDM	6e3h_HL_agB _ A_m0
6e3y_NNA_agA _ B_m0	ARCPAPFTRDCSTVDFTTYAY	6oya_NNA_agA _ B_m0
6e4x_ZY_agB_m0	ARGGVENLMLVMEQIVAWYFDL	6e4x_ZY_agB_m0
6e4y_HL_agP_m0	TGEIFVN	6e4y_HL_agP_m0
6e4z_HL_agP_m0	TGEIFVN	6e4y_HL_agP_m0
6e56_GI_agD_m0	AKSSNYYGSGSYDDPSYYHMDV	6e56_GI_agD_m0
6e56_HJ_agA_m0	AKSSNYYGSGSYDDPSYYHMDV	6e56_GI_agD_m0
6e5p_21_ag2_m0	ARKGSDRLNDSDPFDA	2oqj_BA_agC_m0
6e5p_34_agE_m0	ARKGSDRLNDSDPFDA	2oqj_BA_agC_m0
6e5p_HL_agA_m0	ARKGSDRLNDSDPFDA	2oqj_BA_agC_m0
6e5p_IJ_agE_m0	VRRGSCDYDGCFPWQY	5jof_AB_ag_m0
6e5p_MK_agM_m0	ARKGSDRLNDSDPFDA	2oqj_BA_agC_m0
6e5p_OP_agC_m0	VRRGSCDYDGCFPWQY	5jof_AB_ag_m0
6e5p_RQ_agR_m0	ARKGSDRLNDSDPFDA	2oqj_BA_agC_m0
6e5p_ST_agC_m0	ARKGSDRLNDSDPFDA	2oqj_BA_agC_m0
6e5p_VW_agA_m0	VRRGSCDYDGCFPWQY	5jof_AB_ag_m0
6e62_BC_agA_m0	TRDLRMSDYFDY	6e62_BC_agA_m0
6e62_HL_agP_m0	TRDLRMSDYFDY	6e62_BC_agA_m0
6e63_BC_agA_m0	TRDLRMSDYFDY	6e62_BC_agA_m0
6e63_HL_agP_m0	TRDLRMSDYFDY	6e62_BC_agA_m0
6e64_AB_ag_m0	TRDLRMSDYFDY	6e62_BC_agA_m0
6e64_HL_ag_m0	TRDLRMSDYFDY	6e62_BC_agA_m0
6e65_HL_ag_m0	TRDLRMSDYFDY	6e62_BC_agA_m0
6e8v_AB_ag_m0	TTVHQYTHKRCPDEYSSGAYGLYVDA	6e8v_AB_ag_m0
6e8v_JK_ag_m0	TTVHQYTHKRCPEYSSGALYVDA	6e8v_YZ_ag_m0
6e8v_OP_ag_m0	TTVHQYTHKRCPSEYSSGASFLYVDA	6e8v_OP_ag_m0
6e8v_YZ_ag_m0	TTVHQYTHKRCSEYSSGALYVDA	6e8v_YZ_ag_m0
6e9q_EF_ag_m0	TTVHQKTTRNCPAGYSEYTYTVSYHVWYVDA	6e9q_EF_ag_m0
6e9q_GH_ag_m0	TTVHQKTTRNCIEYTYTVSWYVDA	6e9q_GH_ag_m0
6ea5_HL_agF _ A_m0	AKDHRVWAGAYHFDY	6dzl_GJ_agE _ A_m0
6ea5_MN_agB _ C _ D_m0	AKDHRVWAGAYHFDY	6dzl_GJ_agE _ A_m0
6ea5_QR_ag_m0	AKDHRVWAGAYHFDY	6dzl_GJ_agE _ A_m0
6ea7_HL_agB _ A _ F_m0	AKDHRVWAGAYHFDY	6dzl_GJ_agE _ A_m0
6ea7_MN_agB _ C _ D_m0	AKDHRVWAGAYHFDY	6dzl_GJ_agE _ A_m0
6ea7_QR_ag_m0	AKDHRVWAGAYHFDY	6dzl_GJ_agE _ A_m0
6eay_HL_agA _ B_m0	ARDPGFTIFGVWSTIVSGLDS	6eay_HL_agA _ B_m0
6edu_JK_agF _ G_m0	ATGGNYYNLYGTWYPLAY	3lmj_HL_ag_m0
6edu_LM_agD _ I_m0	ATGGNYYNLYGTWYPLAY	3lmj_HL_ag_m0
6edu_NO_agE _ H_m0	ATGGNYYNLYGTWYPLAY	3lmj_HL_ag_m0
6edu_PQ_agF _ B_m0	TTTSTYDKWSGVGDHHLMAFSS	5cjx_AC_agJ _ K_m0
6edu_RS_agD _ A_m0	TTTSTYDKWSGVGDHHLMAFSS	5cjx_AC_agJ _ K_m0
6edu_TU_agE _ C_m0	TTTSTYDKWSGVGDHHLMAFSS	5cjx_AC_agJ _ K_m0
6ehg_CNA_agB _ A_m0	AAGTGWSPDTQNEYNY	8oq3_CNA_agA_m0
6ehv_Xx_ag_m0	ARDSWERFFEH	6ehv_Xx_ag_m0
6ehw_Bb_ag_m0	ARAPGYSANYYFDY	6ehw_Bb_ag_m0
6ehx_Bb_ag_m0	ARAPGYSANYYFDY	6ehw_Bb_ag_m0
6ehy_Aa_ag_m0	ARAPGYSANYYFDY	6ehw_Bb_ag_m0
6ehy_Bb_ag_m0	ARAPGYSANYYFDY	6ehw_Bb_ag_m0
6ejm_Hh_agB_m0	ASLTAVGDY	6ejm_Hh_agB_m0
6ejm_Ii_agA_m0	ASLTAVGDY	6ejm_Hh_agB_m0
6ek2_Hh_agA_m0	ARDGNKYSAWFAY	6ek2_Hh_agA_m0
6ek2_Ii_agB_m0	ARDGNKYSAWFAY	6ek2_Hh_agA_m0
6ele_AB_ag_m0	TRPNYYAMDY	6ele_AB_ag_m0
6ele_HL_ag_m0	TRPNYYGSRYHYYAMDY	6ele_HL_ag_m0
6elj_AB_ag_m0	TRPNYYGSRYHYYAMDY	6ele_HL_ag_m0
6elj_HL_ag_m0	TRPNYYGSRYHYYAMDY	6ele_HL_ag_m0
6ell_AB_ag_m0	TRPNYYAMDY	6ele_AB_ag_m0
6ell_HL_ag_m0	TRPNYYGSRYHYYAMDY	6ele_HL_ag_m0
6elu_BC_agA_m0	ARDKGWGYAMDY	6elu_BC_agA_m0
6elu_EF_agD_m0	ARDKGWGYAMDY	6elu_BC_agA_m0
6elu_HI_agG_m0	ARDKGWGYAMDY	6elu_BC_agA_m0
6elu_KL_agJ_m0	ARDKGWGYAMDY	6elu_BC_agA_m0
6emj_AB_ag_m0	TRPNYYYAMDY	6emj_AB_ag_m0
6emj_HL_ag_m0	TRPNYYGSRYHYYAMDY	6ele_HL_ag_m0
6eqi_BNA_agC _ A_m0	ARSITGYGLASDVSHYTI	6eqi_BNA_agC _ A_m0
6eti_DC_agB_m0	ATFYGAKGTLDY	5niv_BA_ag_m0
6eti_FE_agA_m0	ATFYGAKGTLDY	5niv_BA_ag_m0
6ev1_AB_ag_m0	APLWPLGTDY	6ev1_AB_ag_m0
6ev1_CD_ag_m0	APLWPLGTDY	6ev1_AB_ag_m0
6ev1_EF_ag_m0	APLWPLGTDY	6ev1_AB_ag_m0
6ev1_GH_ag_m0	APLWPLGTDY	6ev1_AB_ag_m0
6ev1_IJ_ag_m0	APLWPLGTDY	6ev1_AB_ag_m0
6ev1_KL_ag_m0	APLWPLGTDY	6ev1_AB_ag_m0
6ev2_AB_agA_m0	APLWPLGTDY	6ev1_AB_ag_m0
6ev2_CD_agC_m0	APLWPLGTDY	6ev1_AB_ag_m0
6ev2_EF_ag_m0	APLWPLGTDY	6ev1_AB_ag_m0
6ev2_GH_ag_m0	APLWPLGTDY	6ev1_AB_ag_m0
6ewb_EF_agA_m0	ARIGRSNDY	6ewb_EF_agA_m0
6ewb_GI_agC_m0	ARIGRSNDY	6ewb_EF_agA_m0
6ewb_HL_agB_m0	ARIGRSNDY	6ewb_EF_agA_m0
6ewb_JK_agD_m0	ARIGRSNDY	6ewb_EF_agA_m0
6ey0_ENA_agA_m0	AATPYGSRYYLERLREYDY	5lz0_ANA_ag_m0
6ey0_FNA_agB_m0	AATPYGSRYYLERLREYDY	5lz0_ANA_ag_m0
6ey0_GNA_agC_m0	AATPYGSRYYLERLREYDY	5lz0_ANA_ag_m0
6ey0_HNA_agD_m0	AATPYGSRYYLERLREYDY	5lz0_ANA_ag_m0
6ey6_INA_agA_m0	VAGFAGYGSFTSSDRASRDKYDY	5fwo_ANA_ag_m0
6ey6_JNA_agB_m0	VAGFAGYGSFTSSDRASRDKYDY	5fwo_ANA_ag_m0
6ey6_KNA_agC_m0	VAGFAGYGSFTSSDRASRDKYDY	5fwo_ANA_ag_m0
6ey6_LNA_agD_m0	VAGFAGYGSFTSSDRASRDKYDY	5fwo_ANA_ag_m0
6ey6_MNA_agE_m0	VAGFAGYGSFTSSDRASRDKYDY	5fwo_ANA_ag_m0
6ey6_NNA_agF_m0	VAGFAGYGSFTSSDRASRDKYDY	5fwo_ANA_ag_m0
6ey6_ONA_agG_m0	VAGFAGYGSFTSSDRASRDKYDY	5fwo_ANA_ag_m0
6ey6_PNA_agH_m0	VAGFAGYGSFTSSDRASRDKYDY	5fwo_ANA_ag_m0
6eyn_BA_ag_m0	ARQEYRHSWFAY	6eyn_BA_ag_m0
6eyn_DC_ag_m0	ARQEYRHSWFAY	6eyn_BA_ag_m0
6eyn_HL_ag_m0	ARQEYRHSWFAY	6eyn_BA_ag_m0
6eyo_HL_agA_m0	ARQEYRHSWFAY	6eyn_BA_ag_m0
6eyo_IM_agB_m0	ARQEYRHSWFAY	6eyn_BA_ag_m0
6ezw_BNA_ag_m0	AADLQYGSSWSSRQPAEYDY	6ezw_BNA_ag_m0
6f0d_ANA_ag_m0	AADLQYGSSWSSRQPAEYDY	6ezw_BNA_ag_m0
6f0d_BNA_ag_m0	AADLQYGSSWSSRQPAEYDY	6ezw_BNA_ag_m0
6f2g_BNA_agA_m0	AAKNGGAASPYNNDYVY	6f2g_BNA_agA_m0
6f2w_BNA_agA_m0	AAKNGGAASPYNNDYVY	6f2g_BNA_agA_m0
6f7t_BA_agD_m0	ARGTY	6f7t_BA_agD_m0
6f7t_HL_agC_m0	ARGTY	6f7t_BA_agD_m0
6fab_HL_ag_m0	ARSEYYGSGYKFDY	1jfq_HL_ag_m0
6fax_HL_agR_m0	TRREVYGRYNYALDY	6fax_HL_agR_m0
6fbj_HL_ag_m0	ARGGGLRRGPFAY	6fbj_HL_ag_m0
6fe4_FNA_agA_m0	AIGEGGNRNY	6fe4_FNA_agA_m0
6fe4_GNA_agB_m0	AIGEGGNRNY	6fe4_FNA_agA_m0
6fe4_HNA_agC_m0	AIGEGGNRNY	6fe4_FNA_agA_m0
6fe4_INA_agD_m0	AIGEGGNRNY	6fe4_FNA_agA_m0
6fe4_JNA_agE_m0	AIGEGGNRNY	6fe4_FNA_agA_m0
6feq_DC_agB_m0	ATFYGAKGTLDY	5niv_BA_ag_m0
6feq_FE_agA_m0	ATFYGAKGTLDY	5niv_BA_ag_m0
6ffj_Aa_ag_m0	ARESPRLRRYYIGYAMDY	1rih_HL_ag_m0
6ffj_Cc_ag_m0	ARESPRLRRYYIGYAMDY	1rih_HL_ag_m0
6ffj_Ee_ag_m0	ARESPYYYAMDY	6ffj_Ee_ag_m0
6ffj_Gg_ag_m0	ARESPRYYYAMDY	6ffj_Gg_ag_m0
6fg1_AD_ag_m0	ARPTSEGVAGYYRSPWYFDL	6fg1_AD_ag_m0
6fg1_HL_ag_m0	AREGYYGNVGYYAMDY	4irz_HL_agA_m0
6fg2_DE_ag_m0	ARDLWSPDSNQDYYSAFDI	6fg2_DE_ag_m0
6fg2_FG_ag_m0	ARDLWSPDSNQDYYSAFDI	6fg2_DE_ag_m0
6fg2_HL_ag_m0	AREGYYGNVGYYAMDY	4irz_HL_agA_m0
6fg2_IM_ag_m0	AREGYYGNVGYYAMDY	4irz_HL_agA_m0
6fgb_HL_agA _ B_m0	TTGIVRPFLY	6fgb_HL_agA _ B_m0
6fla_AB_agG_m0	ARKGGFAMDY	6fla_AB_agG_m0
6fla_HL_agI_m0	ARKGGFAMDY	6fla_AB_agG_m0
6flb_HL_agG_m0	ARKGGFAMDY	6fla_AB_agG_m0
6flc_BA_agI_m0	TRAKWDGHYFDY	6flc_BA_agI_m0
6flc_HL_agG_m0	TRAKWDGHYFDY	6flc_BA_agI_m0
6fn1_CB_agA_m0	ARLPIQFGFNYPMDY	5jue_HL_ag_m0
6fn4_CB_agA_m0	ARLPIQFGFNYPMDY	5jue_HL_ag_m0
6foe_AB_ag_m0	AGSQWLYGMDV	6foe_AB_ag_m0
6foe_HL_ag_m0	AGSQWLYGMDV	6foe_AB_ag_m0
6fpv_ANA_ag_m0	NANVRLRETRYTSYHY	6fpv_ANA_ag_m0
6fpv_BNA_ag_m0	NANVRLRETRYTSYHY	6fpv_ANA_ag_m0
6frj_Hh_agB_m0	TGVGQFAY	1sm3_HL_agP_m0
6fuz_NNA_agA_m0	ATDMSGTY	6fuz_NNA_agA_m0
6fv0_FNA_agA_m0	ATDMSGTY	6fuz_NNA_agA_m0
6fxn_DE_agA_m0	ARSRDLLLHPFHALSP	5y9j_HL_agA_m0
6fxn_FG_agB_m0	ARSRDLLLHPFHALSP	5y9j_HL_agA_m0
6fxn_HI_agC_m0	ARSRDLLLHPFHALSP	5y9j_HL_agA_m0
6fxn_MN_agJ_m0	ARSRDLLLHPFHALSP	5y9j_HL_agA_m0
6fxn_OP_agL_m0	ARSRDLLLHPFHALSP	5y9j_HL_agA_m0
6fxn_QR_agK_m0	ARSRDLLLHPFHALSP	5y9j_HL_agA_m0
6fy0_HL_agP_m0	ARHGRGVRIVENAFDI	6fy0_HL_agP_m0
6fy0_IM_agA_m0	ARHGRGVRIVENAFDI	6fy0_HL_agP_m0
6fy1_HL_agG_m0	ARHGRGVRIVENAFDI	6fy0_HL_agP_m0
6fy1_YZ_agX_m0	ARHGRGVRIVENAFDI	6fy0_HL_agP_m0
6fy2_HL_agP_m0	ARHGRGVRIVENAFDI	6fy0_HL_agP_m0
6fy2_XY_agZ_m0	ARHGRGVRIVENAFDI	6fy0_HL_agP_m0
6fy3_HL_agP_m0	ARLLNNYDSSYLFGWYLDL	6fy3_HL_agP_m0
6fy3_XY_agZ_m0	ARLLNNYDSSYLFGWYLDL	6fy3_HL_agP_m0
6fys_ANA_ag_m0	ATTTAGGGLCWSFTTGDRLASS	6fys_ANA_ag_m0
6fys_BNA_ag_m0	ATTTAGGGLCWSFTTGDRLASS	6fys_ANA_ag_m0
6fys_CNA_ag_m0	ATTTAGGGLCWSFTTGDRLASS	6fys_ANA_ag_m0
6fys_DNA_ag_m0	ATTTAGGGLCWSFTTGDRLASS	6fys_ANA_ag_m0
6fys_ENA_ag_m0	ATTTAGGGLCWSFTTGDRLASS	6fys_ANA_ag_m0
6fys_FNA_ag_m0	ATTTAGGGLCWSFTTGDRLASS	6fys_ANA_ag_m0
6fys_GNA_ag_m0	ATTTAGGGLCWSFTTGDRLASS	6fys_ANA_ag_m0
6fys_HNA_ag_m0	ATTTAGGGLCWSFTTGDRLASS	6fys_ANA_ag_m0
6fyt_INA_agB _ A_m0	HVSLYRDPLGAVGGMGVY	6ck8_ANA_ag_m0
6fyu_CNA_agB _ A_m0	TAQGQWRAAPAVAVAEYEF	6fyu_CNA_agB _ A_m0
6fyu_FNA_agE _ D_m0	TAQGQWRAAPAVAVAEYEF	6fyu_CNA_agB _ A_m0
6fyu_INA_agH _ G_m0	TAQGQWRAAPAVAVAEYEF	6fyu_CNA_agB _ A_m0
6fyw_CNA_agA _ B_m0	ATTTAGGGLCWSFTTGDRLASS	6fys_ANA_ag_m0
6fzq_Hh_agP_m0	TGVGQFAY	1sm3_HL_agP_m0
6fzr_Hh_agP_m0	TGVGQFAY	1sm3_HL_agP_m0
6g8r_Aa_ag_m0	ARTSIYYYYMDY	6g8r_Aa_ag_m0
6gc2_HL_ag_m0	ARGDGYYKY	6gc2_HL_ag_m0
6gci_BNA_agA_m0	AARDDGRMYFGQYDFEY	6gci_BNA_agA_m0
6gdg_ENA_agD _ B_m0	ARCPAPFTRDCSTVDFTTYAY	6oya_NNA_agA _ B_m0
6gfe_HL_ag_m0	ARMDVPSFRYFDV	6gfe_HL_ag_m0
6gfe_KM_ag_m0	ARMDVPSFRYFDV	6gfe_HL_ag_m0
6gff_LK_agI _ C _ D_m0	ARDRNYYDDYGAMDY	6gff_LK_agI _ C _ D_m0
6gff_NM_agJ _ G _ H_m0	ARDRNYYDDYGAMDY	6gff_LK_agI _ C _ D_m0
6gg0_HL_ag4 _ 3_m0	ARCVLGGYSGDAFDR	6gg0_HL_ag4 _ 3_m0
6ghg_AB_ag_m0	AKGSGFDY	6ghg_AB_ag_m0
6ghg_HL_ag_m0	AKGSGFDY	6ghg_AB_ag_m0
6gjq_BNA_agA_m0	HATVVVSRGYLTYDY	6gjq_BNA_agA_m0
6gjq_DNA_agC_m0	HATVVVSRGYLTYDY	6gjq_BNA_agA_m0
6gjq_FNA_agE_m0	HATVVVSRGYLTYDY	6gjq_BNA_agA_m0
6gjq_HNA_agG_m0	HATVVVSRGYLTYDY	6gjq_BNA_agA_m0
6gjs_BNA_agA_m0	HAEITEQSRYFPLTDDY	6gjs_BNA_agA_m0
6gjs_CNA_agA_m0	NAAVQVRDYRNY	6gjs_CNA_agA_m0
6gju_BNA_agA_m0	NAAVQVRDYRNY	6gjs_CNA_agA_m0
6gju_CNA_agA_m0	NADVRTRYWASNNY	6gju_CNA_agA_m0
6gk4_BNA_agA_m0	HAEITEQSRYFPLTDDY	6gjs_BNA_agA_m0
6gk4_CNA_agA_m0	WLNWGRTSVNS	6gk4_CNA_agA_m0
6gk4_ENA_agD_m0	HAEITEQSRYFPLTDDY	6gjs_BNA_agA_m0
6gk4_FNA_agD_m0	WLNWGRTSVNS	6gk4_CNA_agA_m0
6gk7_HL_agA_m0	ARLDARVDGAWQLDS	6dcv_BA_ag_m0
6gk8_HL_agI_m0	ARVGRPSGKGWFDP	5zv3_HL_agA_m0
6gkd_BNA_agA_m0	HAEITEQSRYFPLTDDY	6gjs_BNA_agA_m0
6gkd_CNA_agA_m0	AASSTYYYPDTEKYDY	6gkd_CNA_agA_m0
6gkd_GNA_agF_m0	HAEITEQSRYFPLTDDY	6gjs_BNA_agA_m0
6gkd_HNA_agF_m0	AASSTYYYPDTEKYDY	6gkd_CNA_agA_m0
6gkd_JNA_agI_m0	HAEITEQSRYFPLTDDY	6gjs_BNA_agA_m0
6gkd_KNA_agI_m0	AASSTYYYPDTEKYDY	6gkd_CNA_agA_m0
6gkd_MNA_agL_m0	HAEITEQSRYFPLTDDY	6gjs_BNA_agA_m0
6gkd_NNA_agL_m0	AASSTYYYPDTEKYDY	6gkd_CNA_agA_m0
6gkd_PNA_agO_m0	HAEITEQSRYFPLTDDY	6gjs_BNA_agA_m0
6gkd_QNA_agO_m0	AASSTYYYPDTEKYDY	6gkd_CNA_agA_m0
6gkd_SNA_agR_m0	HAEITEQSRYFPLTDDY	6gjs_BNA_agA_m0
6gkd_TNA_agR_m0	AASSTYYYPDTEKYDY	6gkd_CNA_agA_m0
6gku_HL_agA_m0	ATPGDRLYWYRYDY	6gku_HL_agA_m0
6glw_CD_agB_m0	AKDRNLGYGLRYPYDY	6glw_CD_agB_m0
6glw_HL_agA_m0	AKDRNLGYGLRYPYDY	6glw_CD_agB_m0
6glx_CD_agB_m0	ALYIRGSSWWGSSAYDY	6glx_CD_agB_m0
6glx_HL_agA_m0	ALYISWSWGSAYDY	6glx_HL_agA_m0
6gs1_HNA_agA_m0	AAKQYGSRAWPYDDDYDY	6gs1_HNA_agA_m0
6gs4_HNA_agA_m0	AAKQYGSRAWPYDDDYDY	6gs1_HNA_agA_m0
6gs7_HNA_agA_m0	AAKQYGSRAWPYDDDYDY	6gs1_HNA_agA_m0
6gv1_HL_agA_m0	ARNSGYGNLAY	6gv1_HL_agA_m0
6gv4_HL_agB _ A_m0	AKRLGRVEAYYFDY	6gv4_HL_agB _ A_m0
6gwn_BNA_agA_m0	SAVRLPQRY	6gwn_BNA_agA_m0
6gwn_CNA_agA_m0	AAVWARVRCNPYDY	6gwn_CNA_agA_m0
6gwp_BNA_agA_m0	SAVRLPQRY	6gwn_BNA_agA_m0
6gwp_CNA_agA_m0	AAVWARVRCNPYDY	6gwn_CNA_agA_m0
6gwq_BNA_agA_m0	SAVRLPQRY	6gwn_BNA_agA_m0
6gxx_HL_ag_m0	SRAEFITTAVGWTYAMDY	6gxx_HL_ag_m0
6gzp_ANA_ag_m0	AADRFLTSRVKYDY	5lmw_ANA_ag_m0
6h02_BNA_agA_m0	AACAYGTCYDGYRAYEY	6h02_BNA_agA_m0
6h06_AB_agK_m0	VRGHCDGTTCSRAY	5v7u_HL_ag_m0
6h06_CD_agG_m0	VRGHCDGTTCSRAY	5v7u_HL_ag_m0
6h06_EF_agJ_m0	VRGHCDGTTCSRAY	5v7u_HL_ag_m0
6h06_HL_agI_m0	VRGHCDGTTCSRAY	5v7u_HL_ag_m0
6h0e_AB_agK_m0	VRGHCDGTTCSRAY	5v7u_HL_ag_m0
6h0e_CD_agG_m0	VRGHCDGTTCSRAY	5v7u_HL_ag_m0
6h0e_EF_agJ_m0	VRGHCDGTTCSRAY	5v7u_HL_ag_m0
6h0e_HL_agI_m0	VRGHCDGTTCSRAY	5v7u_HL_ag_m0
6h15_CNA_agA_m0	AARGRRYFDSYTFDVYDY	6h15_CNA_agA_m0
6h15_DNA_agB_m0	AARGRRYFDSYTFDVYDY	6h15_CNA_agA_m0
6h16_BNA_agA_m0	AAITYTRGIYKY	6h16_BNA_agA_m0
6h1f_ANA_agB_m0	AADLHRPYGPTRQSGDDYDT	4s10_ANA_agC_m0
6h2y_HL_agD_m0	ARGDTAMGPFDY	6h2y_HL_agD_m0
6h3h_AB_ag_m0	ARGDYRYGGTAY	6h3h_AB_ag_m0
6h3h_CD_ag_m0	ARGDYRYGGTAY	6h3h_AB_ag_m0
6h3t_HL_agA_m0	ARNYYGRSYAMDY	6h3t_HL_agA_m0
6h3t_IM_agB_m0	ARNYYGRSYAMDY	6h3t_HL_agA_m0
6h3u_HL_agB_m0	TRWGDGYYYLWYFDV	6h3u_HL_agB_m0
6h3u_IM_agA_m0	TRWGDGYYYLWYFDV	6h3u_HL_agB_m0
6h5n_CB_agA_m0	TRDLRMSDYFDY	6e62_BC_agA_m0
6h5n_FE_agD_m0	TRDLRMSDYFDY	6e62_BC_agA_m0
6h6y_ENA_agA_m0	AARRLATYDY	6h6y_ENA_agA_m0
6h6y_FNA_agB_m0	AARRLATYDY	6h6y_ENA_agA_m0
6h6y_GNA_agC_m0	AARRLATYDY	6h6y_ENA_agA_m0
6h6y_HNA_agD_m0	AARRLATYDY	6h6y_ENA_agA_m0
6h6z_CNA_agA _ B_m0	AARSRFIVGVRAQPDLYDY	6h6z_CNA_agA _ B_m0
6h6z_DNA_agA_m0	AARSRFIVGVRAQPDLYDY	6h6z_CNA_agA _ B_m0
6h70_CNA_agB_m0	AARSRFIVGVRAQPDLYDY	6h6z_CNA_agA _ B_m0
6h70_DNA_agA_m0	AARSRFIVGVRAQPDLYDY	6h6z_CNA_agA _ B_m0
6h71_CNA_agA_m0	NAYIQLDSITWFRAY	6h71_CNA_agA_m0
6h71_DNA_agB_m0	NAYIQLDSITWFRAY	6h71_CNA_agA_m0
6h72_CNA_agA_m0	NAYIQLDSITWFRAY	6h71_CNA_agA_m0
6h72_DNA_agB_m0	NAYIQLDSITWFRAY	6h71_CNA_agA_m0
6h7j_CNA_agA_m0	NVKDYGALVYEYDY	3p0g_BNA_agA_m0
6h7j_DNA_agB_m0	NVKDYGALVYEYDY	3p0g_BNA_agA_m0
6h7l_CNA_agA_m0	NVKDFGAIIYDYDY	4lde_BNA_agA_m0
6h7l_DNA_agB_m0	NVKDFGAIIYDYDY	4lde_BNA_agA_m0
6h7m_CNA_agA_m0	NVKDFGAIIYDYDY	4lde_BNA_agA_m0
6h7m_DNA_agB_m0	NVKDFGAIIYDYDY	4lde_BNA_agA_m0
6h7n_CNA_agA_m0	NVKDFGAIIYDYDY	4lde_BNA_agA_m0
6h7n_DNA_agB_m0	NVKDFGAIIYDYDY	4lde_BNA_agA_m0
6h7o_CNA_agA_m0	NVKDFGAIIYDYDY	4lde_BNA_agA_m0
6h7o_DNA_agB_m0	NVKDFGAIIYDYDY	4lde_BNA_agA_m0
6hco_DC_agB_m0	ATFYGAKGTLDY	5niv_BA_ag_m0
6hco_FE_agA_m0	ATFYGAKGTLDY	5niv_BA_ag_m0
6hd8_ANA_ag_m0	NAKEKGWFSSLYDY	6hd8_ANA_ag_m0
6hd9_ANA_ag_m0	NAKEKGWFSSLYDY	6hd8_ANA_ag_m0
6hda_ANA_ag_m0	NAKEKGWFSSLYDY	6hd8_ANA_ag_m0
6hdb_ANA_ag_m0	NAKEKGWFSSLYDY	6hd8_ANA_ag_m0
6hdc_ANA_ag_m0	NAKEKGWFSSLYDY	6hd8_ANA_ag_m0
6heq_ANA_ag_m0	ARGLGIYIIRARGGYDH	4kml_BNA_agA_m0
6her_BNA_agA_m0	ARGLGIYIIRARGGYDH	4kml_BNA_agA_m0
6hf1_CB_agA_m0	ARSEDWFAY	5d93_CB_agA_m0
6hf1_FE_agD_m0	ARSEDWFAY	5d93_CB_agA_m0
6hga_HL_agB_m0	ARSPMNTWGDY	6hga_HL_agB_m0
6hgu_AB_ag_m0	ARSPMNTWGDY	6hga_HL_agB_m0
6hgu_HL_ag_m0	ARSPMNTWGDY	6hga_HL_agB_m0
6hhc_HL_agA_m0	TRGGPYYYYGMDV	6hhc_HL_agA_m0
6hhd_BNA_agA_m0	ARGLGIYIIRARGGYDH	4kml_BNA_agA_m0
6hhd_DNA_agC_m0	ARGLGIYIIRARGGYDH	4kml_BNA_agA_m0
6hhu_GNA_agA_m0	NADLGTGGRSYDY	6hhu_GNA_agA_m0
6hhu_HNA_agA_m0	ATEGKYGRTQGYWLEYHY	6hhu_HNA_agA_m0
6hig_HL_agB_m0	ARGYSYAMDY	6hig_HL_agB_m0
6hjp_GH_agB _ A_m0	ARMRRTMIFAGGNDF	6hjp_GH_agB _ A_m0
6hjp_IJ_agD _ C_m0	ARMRRTMIFAGGNDF	6hjp_GH_agB _ A_m0
6hjp_KL_agF _ E_m0	ARMRRTMIFAGGNDF	6hjp_GH_agB _ A_m0
6hjq_IJ_agD _ C_m0	ARMRRTMIFAGGNDF	6hjp_GH_agB _ A_m0
6hjq_KL_agF _ E_m0	ARMRRTMIFAGGNDF	6hjp_GH_agB _ A_m0
6hjx_FNA_agA_m0	GARIGGSDRPALENYGY	6hjx_FNA_agA_m0
6hjx_GNA_agB_m0	GARIGGSDRPALENYGY	6hjx_FNA_agA_m0
6hjx_HNA_agC_m0	GARIGGSDRPALENYGY	6hjx_FNA_agA_m0
6hjx_INA_agD_m0	GARIGGSDRPALENYGY	6hjx_FNA_agA_m0
6hjx_JNA_agE_m0	GARIGGSDRPALENYGY	6hjx_FNA_agA_m0
6hjy_FNA_agA_m0	GARIGGSDRPALENYGY	6hjx_FNA_agA_m0
6hjy_GNA_agB_m0	GARIGGSDRPALENYGY	6hjx_FNA_agA_m0
6hjy_HNA_agC_m0	GARIGGSDRPALENYGY	6hjx_FNA_agA_m0
6hjy_INA_agD_m0	GARIGGSDRPALENYGY	6hjx_FNA_agA_m0
6hjy_JNA_agE_m0	GARIGGSDRPALENYGY	6hjx_FNA_agA_m0
6hkg_AB_ag_m0	ARMRRTMIFAGGNDF	6hjp_GH_agB _ A_m0
6hkg_CD_ag_m0	ARMRRTMIFAGGNDF	6hjp_GH_agB _ A_m0
6hug_GNA_agA _ E_m0	AAGAGFWGLATRSSYHY	6hug_GNA_agA _ E_m0
6huj_GNA_agA _ E_m0	AAGAGFWGLATRSSYHY	6hug_GNA_agA _ E_m0
6huk_GNA_agA _ E_m0	AAGAGFWGLATRSSYHY	6hug_GNA_agA _ E_m0
6huo_GNA_agA _ E_m0	AAGAGFWGLATRSSYHY	6hug_GNA_agA _ E_m0
6hup_GNA_agA _ E_m0	AAGAGFWGLATRSSYHY	6hug_GNA_agA _ E_m0
6hx4_HL_agB_m0	SRAEFITTAVGWTYAMDY	6gxx_HL_ag_m0
6hx4_IM_agA_m0	SRAEFITTAVGWTYAMDY	6gxx_HL_ag_m0
6hxw_CD_agB_m0	ARGYNNYKAWFAY	6hxw_CD_agB_m0
6hxw_HL_agA_m0	ARGYNNYKAWFAY	6hxw_CD_agB_m0
6i04_CD_agB_m0	ARTIYDLFDI	6i04_CD_agB_m0
6i04_HL_agA_m0	ARTIYDLFDI	6i04_CD_agB_m0
6i1o_HL_ag_m0	ARHAGVHY	6i1o_HL_ag_m0
6i2g_ANA_agB_m0	HVLEDRVDSFHDY	6i2g_ANA_agB_m0
6i3z_HL_agA _ B_m0	ARHAGVHY	6i1o_HL_ag_m0
6i53_GNA_agA _ E_m0	AAGAGFWGLATRSSYHY	6hug_GNA_agA _ E_m0
6i6j_CNA_agA_m0	NVKDEGDSFYWYDY	6i6j_CNA_agA_m0
6i8g_BNA_agA_m0	AAGWPVKVIASSDEYIN	6i8g_BNA_agA_m0
6i8h_BNA_agA_m0	AAKWLAADYNY	6i8h_BNA_agA_m0
6i8s_EI_agA_m0	ARERRQWELGHFDY	6i8s_EI_agA_m0
6i8s_FJ_agB_m0	ARERRQWELGHFDY	6i8s_EI_agA_m0
6i8s_GK_agC_m0	ARERRQWELGHFDY	6i8s_EI_agA_m0
6i8s_HL_agD_m0	ARERRQWELGHFDY	6i8s_EI_agA_m0
6i9i_AB_agC_m0	ATYPNYPTDNL	6i9i_AB_agC_m0
6i9i_HL_agD_m0	ATYPNYPTDNL	6i9i_AB_agC_m0
6iap_ED_agA_m0	VRGSSRGFDY	6iap_ED_agA_m0
6iap_HL_agA_m0	ARRGRYGLYAMDY	6iap_HL_agA_m0
6ias_HL_ag_m0	ARRGRYGLYAMDY	6iap_HL_agA_m0
6ibb_BNA_agA_m0	AADPFGERLCIAFTNPDGYLET	6ibb_BNA_agA_m0
6ibb_DNA_agC_m0	AADPFGERLCIAFTNPDGYLET	6ibb_BNA_agA_m0
6ibl_CNA_agA_m0	NVKDYGALVYEYDY	3p0g_BNA_agA_m0
6ibl_DNA_agB_m0	NVKDYGALVYEYDY	3p0g_BNA_agA_m0
6icc_HL_agA_m0	AKTSRVYFDY	4yny_AB_ag_m0
6icf_HL_agA_m0	AKTSRVYFDY	4yny_AB_ag_m0
6id4_CD_agE _ F_m0	ARVTTVIGAPVFDY	6id4_CD_agE _ F_m0
6id4_HL_agA _ B_m0	ARVTTVIGAPVFDY	6id4_CD_agE _ F_m0
6idg_HL_agA_m0	SRRNYGSSYAMDY	3vw3_HL_agA _ B _ A_m0
6idh_HL_ag_m0	SRRNYGSSYAMDY	3vw3_HL_agA _ B _ A_m0
6idi_HL_agD_m0	VRVRQPWTQAWSYYFYNTYGMDV	6idi_HL_agD_m0
6idi_IJ_agE_m0	VRVRQPWTQAWSYYFYNTYGMDV	6idi_HL_agD_m0
6idi_MN_agF_m0	VRVRQPWTQAWSYYFYNTYGMDV	6idi_HL_agD_m0
6idk_HL_agD_m0	VRVRQPWTQAWSYYFYNTYGMDV	6idi_HL_agD_m0
6idk_IJ_agE_m0	VRVRQPWTQAWSYYFYNTYGMDV	6idi_HL_agD_m0
6idk_MN_agF_m0	VRVRQPWTQAWSYYFYNTYGMDV	6idi_HL_agD_m0
6idl_IJ_agE_m0	VRVRQPWTQAWSYYFYNTYGMDV	6idi_HL_agD_m0
6idl_MN_agF_m0	VRVRQPWTQAWSYYFYNTYGMDV	6idi_HL_agD_m0
6iea_HL_agA_m0	ASLPYCSGRRCIPRTDY	6iea_HL_agA_m0
6ieb_EF_agB_m0	ARSDYGDLIFDY	6ieb_EF_agB_m0
6ieb_HL_agA_m0	ARSDYGDLIFDY	6ieb_EF_agB_m0
6iec_CD_agB_m0	ASSADVYNWFDP	6iec_CD_agB_m0
6iec_FG_agE_m0	ASSADVYNWFDP	6iec_CD_agB_m0
6iec_HL_agA_m0	ASSADVYNWFDP	6iec_CD_agB_m0
6iec_JK_agI_m0	ASSADVYNWFDP	6iec_CD_agB_m0
6iek_BC_agA_m0	AIDPIRYWNNYGDY	6iek_BC_agA_m0
6iek_EF_agD_m0	AIDPIRYWNNYGDY	6iek_BC_agA_m0
6ieq_DE_agB_m0	AKGLLRDGTSSWLPYL	4toy_HL_ag_m0
6ieq_HL_agG_m0	ATARRGQRIYGVVYYFFEGFSYYMDV	4r26_HL_ag_m0
6igu_HL_ag_m0	ARRDYYDGFTY	6a9k_BA_agB_m0
6ii4_EF_agC_m0	NGHGSGGESGVNWFDP	6ii4_EF_agC_m0
6ii4_HL_agA_m0	NGHGSGGESGVNWFDP	6ii4_EF_agC_m0
6ii8_GI_agA_m0	AKDRLLWFGFLLEEGFDY	6ii8_GI_agA_m0
6ii8_HL_agC_m0	AKDRLLWFGFLLEEGFDY	6ii8_GI_agA_m0
6ii8_JK_agE_m0	AKDRLLWFGFLLEEGFDY	6ii8_GI_agA_m0
6ii9_HL_agA_m0	ARGVWEGSSGDNFDY	6ii9_HL_agA_m0
6ii9_MN_agC_m0	ARGVWEGSSGDNFDY	6ii9_HL_agA_m0
6ii9_PQ_agE_m0	ARGVWEGSSGDNFDY	6ii9_HL_agA_m0
6ikm_Aa_ag_m0	NWKNLDPALLKQL	6ikm_Aa_ag_m0
6ikm_Bb_ag_m0	NWKNLDPALLKQL	6ikm_Aa_ag_m0
6ikm_Cc_ag_m0	NWKNLDPALLKQL	6ikm_Aa_ag_m0
6ikm_Dd_ag_m0	NWKNLDPALLKQL	6ikm_Aa_ag_m0
6ikm_Ee_ag_m0	NWKNLDPALLKQL	6ikm_Aa_ag_m0
6ikm_Ff_ag_m0	NWKNLDPALLKQL	6ikm_Aa_ag_m0
6ikm_Gg_ag_m0	NWKNLDPALLKQL	6ikm_Aa_ag_m0
6ikm_Hh_ag_m0	NWKNLDPALLKQL	6ikm_Aa_ag_m0
6ikm_Ii_ag_m0	NWKNLDPALLKQL	6ikm_Aa_ag_m0
6ikm_Jj_ag_m0	NWKNLDPALLKQL	6ikm_Aa_ag_m0
6ikm_Kk_ag_m0	NWKNLDPALLKQL	6ikm_Aa_ag_m0
6ikm_Ll_ag_m0	NWKNLDPALLKQL	6ikm_Aa_ag_m0
6ikm_Mm_ag_m0	NWKNLDPALLKQL	6ikm_Aa_ag_m0
6ikm_Nn_ag_m0	NWKNLDPALLKQL	6ikm_Aa_ag_m0
6ikm_Oo_ag_m0	NWKNLDPALLKQL	6ikm_Aa_ag_m0
6ikm_Pp_ag_m0	NWKNLDPALLKQL	6ikm_Aa_ag_m0
6ikm_Qq_ag_m0	NWKNLDPALLKQL	6ikm_Aa_ag_m0
6ikm_Rr_ag_m0	NWKNLDPALLKQL	6ikm_Aa_ag_m0
6ion_HL_agA_m0	ARLRLRYFDY	6ion_HL_agA_m0
6ir1_BNA_agA_m0	AANLGNYISQNSRLYGY	6ir1_BNA_agA_m0
6ir2_BNA_agA_m0	AAAKSGTWWYESRQNDFGS	6ir2_BNA_agA_m0
6itc_CNA_agG _ A_m0	NVNVGFEY	3k1k_CNA_agA_m0
6itc_VNA_agY _ E_m0	YYQRTVMSQPY	5eul_VNA_agY _ E_m0
6itp_ANA_agA_m0	ASTRFAGRWDRYSEYRA	6itp_ANA_agA_m0
6itp_BNA_agB_m0	ASTRFAGRWDRYSEYRA	6itp_ANA_agA_m0
6itq_ANA_agA_m0	ASTRFAGRWDRYSEYRA	6itp_ANA_agA_m0
6itq_BNA_agB_m0	ASTRFAGRWDRYSEYRA	6itp_ANA_agA_m0
6itq_CNA_agC_m0	ASTRFAGRWDRYSEYRA	6itp_ANA_agA_m0
6itq_DNA_agD_m0	ASTRFAGRWDRYSEYRA	6itp_ANA_agA_m0
6iut_HL_agA_m0	ARGFWGLDGFDI	6iut_HL_agA_m0
6iuv_CD_agB_m0	ARRATYYYGSFYSGDAFDI	6iuv_CD_agB_m0
6iuv_HL_agA_m0	ARRATYYYGSFYSGDAFDI	6iuv_CD_agB_m0
6ivz_HL_agA_m0	AREYRDDTNYYYYSLDV	6ivz_HL_agA_m0
6iw0_HL_agA_m0	AREYRDDTNYYYYSLDV	6ivz_HL_agA_m0
6iw2_BC_agA_m0	AREYRDDTNYYYYSLDV	6ivz_HL_agA_m0
6iw2_EF_agD_m0	AREYRDDTNYYYYSLDV	6ivz_HL_agA_m0
6iw2_HI_agG_m0	AREYRDDTNYYYYSLDV	6ivz_HL_agA_m0
6iw2_KL_agJ_m0	AREYRDDTNYYYYSLDV	6ivz_HL_agA_m0
6iw2_NO_agM_m0	AREYRDDTNYYYYSLDV	6ivz_HL_agA_m0
6iw2_QR_agP_m0	AREYRDDTNYYYYSLDV	6ivz_HL_agA_m0
6iyn_ANA_ag_m0	AAGKWDGSYYGAPDY	6iyn_ANA_ag_m0
6iyn_ANA_ag_m1	AAGKWDGSYYGAPDY	6iyn_ANA_ag_m0
6iyn_ANA_ag_m10	AAGKWDGSYYGAPDY	6iyn_ANA_ag_m0
6iyn_ANA_ag_m11	AAGKWDGSYYGAPDY	6iyn_ANA_ag_m0
6iyn_ANA_ag_m12	AAGKWDGSYYGAPDY	6iyn_ANA_ag_m0
6iyn_ANA_ag_m13	AAGKWDGSYYGAPDY	6iyn_ANA_ag_m0
6iyn_ANA_ag_m14	AAGKWDGSYYGAPDY	6iyn_ANA_ag_m0
6iyn_ANA_ag_m15	AAGKWDGSYYGAPDY	6iyn_ANA_ag_m0
6iyn_ANA_ag_m16	AAGKWDGSYYGAPDY	6iyn_ANA_ag_m0
6iyn_ANA_ag_m17	AAGKWDGSYYGAPDY	6iyn_ANA_ag_m0
6iyn_ANA_ag_m18	AAGKWDGSYYGAPDY	6iyn_ANA_ag_m0
6iyn_ANA_ag_m19	AAGKWDGSYYGAPDY	6iyn_ANA_ag_m0
6iyn_ANA_ag_m2	AAGKWDGSYYGAPDY	6iyn_ANA_ag_m0
6iyn_ANA_ag_m3	AAGKWDGSYYGAPDY	6iyn_ANA_ag_m0
6iyn_ANA_ag_m4	AAGKWDGSYYGAPDY	6iyn_ANA_ag_m0
6iyn_ANA_ag_m5	AAGKWDGSYYGAPDY	6iyn_ANA_ag_m0
6iyn_ANA_ag_m6	AAGKWDGSYYGAPDY	6iyn_ANA_ag_m0
6iyn_ANA_ag_m7	AAGKWDGSYYGAPDY	6iyn_ANA_ag_m0
6iyn_ANA_ag_m8	AAGKWDGSYYGAPDY	6iyn_ANA_ag_m0
6iyn_ANA_ag_m9	AAGKWDGSYYGAPDY	6iyn_ANA_ag_m0
6j11_DE_agC_m0	ARYGNYPSYAMDY	6j11_DE_agC_m0
6j11_FG_agB_m0	ARYGNYPSYAMDY	6j11_DE_agC_m0
6j11_HL_agA_m0	ARYGNYPSYAMDY	6j11_DE_agC_m0
6j14_AB_agG_m0	TREGMNTDWYFDV	6j14_AB_agG_m0
6j15_AB_agC_m0	SREEWDVFYYFDY	6j15_AB_agC_m0
6j15_HL_agD_m0	SREEWDVFYYFDY	6j15_AB_agC_m0
6j5d_HL_agA_m0	ARGEDGYYIALDY	6j5d_HL_agA_m0
6j5f_HL_agA_m0	ARGEDGYYIALDY	6j5d_HL_agA_m0
6j5g_HL_agA_m0	ARGEDGYYIALDY	6j5d_HL_agA_m0
6j6y_BC_agA_m0	ARLTAYGHVDS	6j6y_BC_agA_m0
6j6y_EF_agD_m0	ARLTAYGHVDS	6j6y_BC_agA_m0
6j71_Bb_agA_m0	GQYSDYPNT	6j71_Bb_agA_m0
6j7w_ANA_agC_m0	AKQGENDGPFDH	6j7w_ANA_agC_m0
6j7w_BNA_agD_m0	AKQGENDGPFDH	6j7w_ANA_agC_m0
6j9o_HL_ag_m0	ARDPLTKLLPFGSVWDGYFDY	5y2k_AB_ag_m0
6jb2_ANA_agB_m0	GATRKAVPVRQDLAFSSYDY	6jb2_ANA_agB_m0
6jb5_ANA_agB_m0	GATRKAVPVRQDLAFSSYDY	6jb2_ANA_agB_m0
6jb8_ANA_agB_m0	GATRKYVPVRQDLAFSSYDY	6jb2_ANA_agB_m0
6jb9_ANA_ag_m0	GATRKYVPVRQDLAFSSYDY	6jb2_ANA_agB_m0
6jbt_HL_agF_m0	AREGITTVAYYTTWYFDV	6jbt_HL_agF_m0
6jc2_HL_ag_m0	ARTGWLGPFDY	7su1_HL_agC_m0
6jep_HL_agE_m0	ARVRSGTNYGSYYYYYYGMDV	6jep_HL_agE_m0
6jep_KI_agF_m0	ARVRSGTNYGSYYYYYYGMDV	6jep_HL_agE_m0
6jfh_HL_agE_m0	ARVRSGTNYGSYYYYYYGMDV	6jep_HL_agE_m0
6jfh_KI_agA_m0	ARVRSGTNYGSYYYYYYGMDV	6jep_HL_agE_m0
6jfh_MN_agC_m0	ARVRSGTNYGSYYYYYYGMDV	6jep_HL_agE_m0
6jfi_HL_agE_m0	ARVRSGTNYGSYYYYYYGMDV	6jep_HL_agE_m0
6jfi_KI_agA_m0	ARVRSGTNYGSYYYYYYGMDV	6jep_HL_agE_m0
6jhq_DE_agC_m0	ARKNDTFDSYYFDY	6jhq_DE_agC_m0
6jhr_ED_agC_m0	ARRDNIEHCYYFDY	6jhr_ED_agC_m0
6jhs_ED_agC_m0	ARRDNTTQAYYFDY	6jhs_ED_agC_m0
6jht_ED_agC_m0	ARKVTSVEAYYFDY	6jht_ED_agC_m0
6jjp_AB_agC_m0	ASPDSSGVAY	6jjp_AB_agC_m0
6jjp_DE_agF_m0	ASPDSSGVAY	6jjp_AB_agC_m0
6jod_HL_agA _ C_m0	ATSLYYGTPWFAY	5xjm_HL_agA_m0
6jp7_HL_agL_m0	ARLNYDILYGTYFFDF	6a4k_HL_agA_m0
6jri_ANA_ag_m0	AAARYRGIGSWRVQTDFIY	6jri_ANA_ag_m0
6jri_BNA_ag_m0	AAARYRGIGSWRVQTDFIY	6jri_ANA_ag_m0
6jri_CNA_ag_m0	AAARYRGIGSWRVQTDFIY	6jri_ANA_ag_m0
6jri_DNA_ag_m0	AAARYRGIGSWRVQTDFIY	6jri_ANA_ag_m0
6jri_ENA_ag_m0	AAARYRQVWRTDFIY	6jri_HNA_ag_m0
6jri_FNA_ag_m0	AAARQVRWTDFIY	6jri_FNA_ag_m0
6jri_GNA_ag_m0	AAARWTDFIY	6jri_GNA_ag_m0
6jri_HNA_ag_m0	AAARYSQVWRTDFIY	6jri_HNA_ag_m0
6jsz_DNA_agA_m0	TSAGR	3zkq_DNA_agA_m0
6ju0_HL_agH_m0	TSTLYYFDY	6ju0_HL_agH_m0
6ju0_IM_ag_m0	TSTLYYFDY	6ju0_HL_agH_m0
6ju0_JN_agJ_m0	TSTLYYFDY	6ju0_HL_agH_m0
6ju0_KO_ag_m0	TSTLYYFDY	6ju0_HL_agH_m0
6jwc_HL_ag_m0	TSTLYYFDY	6ju0_HL_agH_m0
6k0y_AB_agC_m0	ARDLDIATTRDY	6k0y_AB_agC_m0
6k2i_ANA_ag_m0	AAGVWRSSWGDTPDY	6k2i_ANA_ag_m0
6k2i_ANA_ag_m1	AAGVWRSSWGDTPDY	6k2i_ANA_ag_m0
6k2i_ANA_ag_m10	AAGVWRSSWGDTPDY	6k2i_ANA_ag_m0
6k2i_ANA_ag_m11	AAGVWRSSWGDTPDY	6k2i_ANA_ag_m0
6k2i_ANA_ag_m12	AAGVWRSSWGDTPDY	6k2i_ANA_ag_m0
6k2i_ANA_ag_m13	AAGVWRSSWGDTPDY	6k2i_ANA_ag_m0
6k2i_ANA_ag_m14	AAGVWRSSWGDTPDY	6k2i_ANA_ag_m0
6k2i_ANA_ag_m15	AAGVWRSSWGDTPDY	6k2i_ANA_ag_m0
6k2i_ANA_ag_m16	AAGVWRSSWGDTPDY	6k2i_ANA_ag_m0
6k2i_ANA_ag_m17	AAGVWRSSWGDTPDY	6k2i_ANA_ag_m0
6k2i_ANA_ag_m18	AAGVWRSSWGDTPDY	6k2i_ANA_ag_m0
6k2i_ANA_ag_m19	AAGVWRSSWGDTPDY	6k2i_ANA_ag_m0
6k2i_ANA_ag_m2	AAGVWRSSWGDTPDY	6k2i_ANA_ag_m0
6k2i_ANA_ag_m3	AAGVWRSSWGDTPDY	6k2i_ANA_ag_m0
6k2i_ANA_ag_m4	AAGVWRSSWGDTPDY	6k2i_ANA_ag_m0
6k2i_ANA_ag_m5	AAGVWRSSWGDTPDY	6k2i_ANA_ag_m0
6k2i_ANA_ag_m6	AAGVWRSSWGDTPDY	6k2i_ANA_ag_m0
6k2i_ANA_ag_m7	AAGVWRSSWGDTPDY	6k2i_ANA_ag_m0
6k2i_ANA_ag_m8	AAGVWRSSWGDTPDY	6k2i_ANA_ag_m0
6k2i_ANA_ag_m9	AAGVWRSSWGDTPDY	6k2i_ANA_ag_m0
6k41_Hh_agA _ B_m0	VRSIYYYSGSPFDF	6crk_Hh_agA _ B _ G_m0
6k42_Hh_agA _ B_m0	VRSIYYYSGSPFDF	6crk_Hh_agA _ B _ G_m0
6k5a_CD_agA_m0	ARLYYGYYGWYFDV	1ots_CD_agA_m0
6k5a_EF_agB_m0	ARLYYGYYGWYFDV	1ots_CD_agA_m0
6k5d_CD_agA_m0	ARLYYGYYGWYFDV	1ots_CD_agA_m0
6k5d_EF_agB_m0	ARLYYGYYGWYFDV	1ots_CD_agA_m0
6k5f_CD_agA_m0	ARLYYGYYGWYFDV	1ots_CD_agA_m0
6k5f_EF_agB_m0	ARLYYGYYGWYFDV	1ots_CD_agA_m0
6k5i_CD_agA_m0	ARLYYGYYGWYFDV	1ots_CD_agA_m0
6k5i_EF_agB_m0	ARLYYGYYGWYFDV	1ots_CD_agA_m0
6k65_HL_agA_m0	VTGLFDY	1p4b_HL_agP_m0
6k68_AB_agH_m0	ALGWLH	3mnv_BA_ag_m0
6k68_CD_agE_m0	ALGWLH	3mnv_BA_ag_m0
6k68_FG_agI_m0	ALGWLH	3mnv_BA_ag_m0
6k68_JK_agL_m0	ALGWLH	3mnv_BA_ag_m0
6k7o_BC_agP_m0	ARGMSTNDWASDL	6k7o_BC_agP_m0
6k7o_DE_agQ_m0	ARGMSTNDWASDL	6k7o_BC_agP_m0
6k7o_FG_agR_m0	ARGMSTNDWASDL	6k7o_BC_agP_m0
6k7o_HL_agA_m0	ARGMSTNDWASDL	6k7o_BC_agP_m0
6kdh_HL_ag_m0	SRRNYGSSYAMDY	3vw3_HL_agA _ B _ A_m0
6kdi_HL_agA_m0	SRRNYGSSYAMDY	3vw3_HL_agA _ B _ A_m0
6kn9_Dd_agA_m0	ARSSFSHGWGYYGLDY	6kn9_Dd_agA_m0
6kn9_Ee_agB_m0	YGWYGLDYWGQG	6kn9_Ee_agB_m0
6kn9_Ff_agC_m0	ARSSFSHGWGYYGLDY	6kn9_Dd_agA_m0
6knm_ANA_agB_m0	AAVPRAGIESGAMNWKCYKDSGS	6knm_ANA_agB_m0
6ko5_HL_agA_m0	ISEDIDESKDY	6ko5_HL_agA_m0
6kpf_Ss_agA _ B_m0	VRSIYYYSGSPFDF	6crk_Hh_agA _ B _ G_m0
6kpg_Ss_agA _ B_m0	VRSIYYYSGSPFDF	6crk_Hh_agA _ B _ G_m0
6kr0_Aa_agNA_m0	ARSGYYGDDSWYFDV	1xiw_DC_agA _ F_m0
6kr0_Bb_agNA_m0	ARSGYYGDDSWYFDV	1xiw_DC_agA _ F_m0
6kr0_Cc_agNA_m0	ARSGYYGDDSWYFDV	1xiw_DC_agA _ F_m0
6kr0_Dd_agNA_m0	ARSGYYGDDSWYFDV	1xiw_DC_agA _ F_m0
6krz_DE_agA_m0	ARETGTAWFAY	5lwy_HL_agA_m0
6krz_FG_agB_m0	ARETGTAWFAY	5lwy_HL_agA_m0
6krz_HI_agC_m0	ARETGTAWFAY	5lwy_HL_agA_m0
6ks0_HL_agA_m0	ARETGTAWFAY	5lwy_HL_agA_m0
6ks1_HL_agA_m0	ARETGTAWFAY	5lwy_HL_agA_m0
6ks2_BA_agNA_m0	ISEDIDESKDY	6ko5_HL_agA_m0
6ks2_DC_agNA_m0	ISEDIDESKDY	6ko5_HL_agA_m0
6ksn_ANA_ag_m0	AADFAHSFLLSAGSHVGQYSY	6ksn_ANA_ag_m0
6ksn_BNA_ag_m0	AADFAHSFLLSAGSHVGQYSY	6ksn_ANA_ag_m0
6ktr_AB_agC_m0	AKDNWQELLFDY	6ktr_AB_agC_m0
6ktr_FG_agD_m0	AKDNWQELLFDY	6ktr_AB_agC_m0
6kva_HL_agB_m0	ASGYCSRTRCYDY	6kva_HL_agB_m0
6kva_hl_agb_m0	ASGYCSRTRCYDY	6kva_HL_agB_m0
6kvf_AC_agB_m0	ASGYCSSTSCYDY	6kvf_AC_agB_m0
6kvf_HL_agb_m0	ASGYCSSTSCYDY	6kvf_AC_agB_m0
6kx0_AB_agNA_m0	TGGVFDY	6kx0_AB_agNA_m0
6kx1_AB_agC_m0	TGGVFDY	6kx0_AB_agNA_m0
6kyz_BC_agA_m0	ARVGKGGYDFSGSWGYMDV	6kyz_BC_agA_m0
6kyz_EF_agD_m0	ARVGKGGYDFSGSWGYMDV	6kyz_BC_agA_m0
6kz0_BC_agA_m0	ARAGQGGVGVNYLDY	6kz0_BC_agA_m0
6kz0_EF_agD_m0	ARAGQGGVGVNYLDY	6kz0_BC_agA_m0
6kz0_HI_agG_m0	ARAGQGGVGVNYLDY	6kz0_BC_agA_m0
6kz0_KL_agJ_m0	ARAGQGGVGVNYLDY	6kz0_BC_agA_m0
6l62_HL_agA_m0	ARGPFSRYYDFAMDN	6l62_HL_agA_m0
6l8t_AB_ag_m0	ASGFDH	6l8t_AB_ag_m0
6l8t_CD_ag_m0	ASGFDH	6l8t_AB_ag_m0
6l8t_HL_ag_m0	ASGFDH	6l8t_AB_ag_m0
6lbh_CD_agB_m0	ARGESFSNYYGEYAMDY	6lbh_CD_agB_m0
6lbh_EF_agA_m0	ARGESFSNYYGEYAMDY	6lbh_CD_agB_m0
6lcs_AB_agNA_m0	SRPYYRYDYAIDY	6lcs_AB_agNA_m0
6ldv_HL_agP_m0	ARHGYTYSFNL	6ldv_HL_agP_m0
6ldw_BA_agD_m0	AAGSWYNM	6ldw_BA_agD_m0
6ldw_HL_agC_m0	AAGSWYNM	6ldw_BA_agD_m0
6ldx_HL_agB_m0	ARHGYTYSFNL	6ldv_HL_agP_m0
6ldy_AB_agC_m0	VRWFADGGMDP	6ldy_AB_agC_m0
6ldy_HL_agM_m0	VRWFADGGMDP	6ldy_AB_agC_m0
6lfm_Ss_agA _ B_m0	VRSIYYYSGSPFDF	6crk_Hh_agA _ B _ G_m0
6lfo_Ss_agA _ C _ B_m0	VRSIYYYSGSPFDF	6crk_Hh_agA _ B _ G_m0
6lgw_AB_agE_m0	ARRNYDGSWFAY	4m43_HL_ag_m0
6lgw_CD_agF_m0	ARRNYDGSWFAY	4m43_HL_ag_m0
6lhp_HL_agC _ B_m0	ARRRGYFDV	6lhp_HL_agC _ B_m0
6lhq_HL_agA _ C _ B_m0	ARRGYGLYYAMDY	6lhq_HL_agA _ C _ B_m0
6lht_HL_agC _ A _ B _ E _ D_m0	AIPYDYDEGWFAY	6lht_HL_agC _ A _ B _ E _ D_m0
6li3_NNA_agA _ B _ G_m0	ARCPAPFTRDCSTVDFTTYAY	6oya_NNA_agA _ B_m0
6lkt_AB_ag_m0	ARGGYGRYFDV	6lkt_AB_ag_m0
6lmk_NNA_agA _ B_m0	ARCPAPFTRDCSTVDFTTYAY	6oya_NNA_agA _ B_m0
6lml_Dd_agA _ B_m0	VRSIYYYSGSPFDF	6crk_Hh_agA _ B _ G_m0
6ln2_CB_agA_m0	ARIGYFRYDNGGEYALDY	6ln2_CB_agA_m0
6lnt_HL_agA _ D_m0	ARDSGTYAFYFDY	6lnt_HL_agA _ D_m0
6lnt_PQ_agE _ B_m0	ARDSGTYAFYFDY	6lnt_HL_agA _ D_m0
6lpb_NNA_agA _ B_m0	ARCPAPFTRDCSTVDFTTYAY	6oya_NNA_agA _ B_m0
6lr7_BNA_agA_m0	SARSRGYVLSVSRLVDSYDY	6lr7_BNA_agA_m0
6lra_HL_agC_m0	ARSTYYSGALDY	6lra_HL_agC_m0
6ltg_AB_ag_m0	ARDDEGYVMDY	6ltg_AB_ag_m0
6ltg_CD_ag_m0	ARDDEGYVMDY	6ltg_AB_ag_m0
6lun_AB_agNA_m0	AREDWAEAFDM	6lun_AB_agNA_m0
6lun_CD_agNA_m0	AREDWAEAFDM	6lun_AB_agNA_m0
6lxi_CD_agB_m0	ARDLQDTPMVDRIYYYYSGINGLDV	6lxk_EF_agD_m0
6lxi_HL_agA_m0	ARDLQDTPMVDRIYYYYSGINGLDV	6lxk_EF_agD_m0
6lxj_EF_agB_m0	ARDLQDTPMVDRIYYYYSGINGLDV	6lxk_EF_agD_m0
6lxj_HL_agA_m0	ARDLQDTPMVDRIYYYYSGINGLDV	6lxk_EF_agD_m0
6lxj_JK_agC_m0	ARDLQDTPMVDRIYYYYSGINGLDV	6lxk_EF_agD_m0
6lxj_MN_agD_m0	ARDLQDTPMVDRIYYYYSGINGLDV	6lxk_EF_agD_m0
6lxk_EF_agD_m0	ARDLQRTPMVDRIYYYYSGINGLDV	6lxk_EF_agD_m0
6lxk_HL_agA_m0	ARDLQRTPMVDRIYYYYSGINGLDV	6lxk_EF_agD_m0
6lxk_JK_agC_m0	ARDLQRTPMVDRIYYYYSGINGLDV	6lxk_EF_agD_m0
6lyn_AB_agC_m0	ARSGGYWYFDV	6lyn_AB_agC_m0
6lyn_HL_agD_m0	ARSGGYWYFDV	6lyn_AB_agC_m0
6lz2_BNA_agA_m0	EVSVGTGY	6lz2_BNA_agA_m0
6lz2_DNA_agC_m0	EVSVGTGY	6lz2_BNA_agA_m0
6lz4_AB_agC_m0	VSWEDWSAY	6lz4_AB_agC_m0
6lz4_DE_agF_m0	VSWEDWSAY	6lz4_AB_agC_m0
6lz9_HL_agB_m0	TRDGGLLFYAYAMDY	6lz9_HL_agB_m0
6m0f_HL_agA_m0	ARGEVRQRGFDY	4m48_HL_agA_m0
6m0z_HL_agA_m0	ARGEVRQRGFDY	4m48_HL_agA_m0
6m1h_CNA_agF _ E_m0	ARCPAPFTRDCSTVDFTTYAY	6oya_NNA_agA _ B_m0
6m1i_CNA_agF _ E_m0	ARCPAPFTRDCSTVDFTTYAY	6oya_NNA_agA _ B_m0
6m2r_HL_agA_m0	ARGEVRQRGFDY	4m48_HL_agA_m0
6m38_HL_agA_m0	ARGEVRQRGFDY	4m48_HL_agA_m0
6m3b_CB_agA_m0	ALTGRSGWMPFRNWFDP	6m3b_CB_agA_m0
6m3c_FE_agC_m0	AREGDYFDY	6m3c_FE_agC_m0
6m3c_HL_agA_m0	AREGDYFDY	6m3c_FE_agC_m0
6m3c_KJ_agG_m0	AREGDYFDY	6m3c_FE_agC_m0
6m3z_HL_agA_m0	ARGEVRQRGFDY	4m48_HL_agA_m0
6m47_HL_agA_m0	ARGEVRQRGFDY	4m48_HL_agA_m0
6m58_CD_agB_m0	ARETVMAGKALDY	6m58_CD_agB_m0
6m58_HL_agA_m0	ARETVMAGKALDY	6m58_CD_agB_m0
6m87_BA_agB_m0	ARGGGFRRGFDS	6m87_BA_agB_m0
6m87_DC_agD_m0	ARGGGFRRGFDS	6m87_BA_agB_m0
6m87_FE_agE_m0	ARGGGFRRGFDS	6m87_BA_agB_m0
6m87_HG_agG_m0	ARGGGFRRGFDS	6m87_BA_agB_m0
6m87_JI_agJ_m0	ARGGGFRRGFDS	6m87_BA_agB_m0
6m87_LK_agK_m0	ARGGGFRRGFDS	6m87_BA_agB_m0
6mam_AB_agJ _ I_m0	TTYTEDMRYFDGGRLLWETFDY	6mam_AB_agJ _ I_m0
6mam_CD_agL _ K_m0	TTYTEDMRYFDGGRLLWETFDY	6mam_AB_agJ _ I_m0
6mam_EF_agH _ G_m0	TTYTEDMRYFDGGRLLWETFDY	6mam_AB_agJ _ I_m0
6mar_HL_agD _ C_m0	ARMFQESGPPRLDRYYYYNRGSWSGMDV	4nug_HL_ag_m0
6mar_MN_agB _ A _ F_m0	ARMFQESGPPRLDRYYYYNRGSWSGMDV	4nug_HL_ag_m0
6mb3_AK_agE_m0	ARAAYYDSTGYGDY	6axk_AB_agE_m0
6mb3_BM_agE_m0	ARAAYYDSTGYGDY	6axk_AB_agE_m0
6mb3_CN_agE_m0	ARAAYYDSTGYGDY	6axk_AB_agE_m0
6mb3_DO_agE_m0	ARAAYYDSTGYGDY	6axk_AB_agE_m0
6mb3_FP_agE_m0	ARAAYYDSTGYGDY	6axk_AB_agE_m0
6mb3_GQ_agE_m0	ARAAYYDSTGYGDY	6axk_AB_agE_m0
6mb3_HL_agE_m0	ARAAYYDSTGYGDY	6axk_AB_agE_m0
6mb3_IR_agE_m0	ARAAYYDSTGYGDY	6axk_AB_agE_m0
6mb3_JS_agE_m0	ARAAYYDSTGYGDY	6axk_AB_agE_m0
6mco_DE_agB_m0	AKGLLRDGTSSWLPYL	4toy_HL_ag_m0
6mco_HL_agG_m0	ATARRGQRIYGVVYYFFEGFSYYMDV	4r26_HL_ag_m0
6mdt_DE_agB_m0	AKGLLRDGTSSWLPYL	4toy_HL_ag_m0
6mdt_HL_agG_m0	ATARRGQRIYGVVYYFFEGFSYYMDV	4r26_HL_ag_m0
6me1_AB_agF_m0	ARDKYYGNAEVGMDV	5i8c_AB_agC_m0
6me1_CD_agE_m0	ARDKYYGNAEVGMDV	5i8c_AB_agC_m0
6med_AB_ag_m0	ARDGVRYCGGYCRGNWFDP	6med_AB_ag_m0
6med_CD_ag_m0	ARDGVRYCGGYCRGNWFDP	6med_AB_ag_m0
6med_GI_ag_m0	ARDGVRYCGGYCRGNWFDP	6med_AB_ag_m0
6mee_AB_ag_m0	ARDLLKYCGGSHCNGLLVDP	6mee_AB_ag_m0
6mee_CD_ag_m0	ARDLLKYCGGSHCNGLLVDP	6mee_AB_ag_m0
6mef_HL_ag_m0	VRSVTPRYCGYCFGGGEFDY	4mwf_AB_agD_m0
6meg_HL_ag_m0	ARASQIRGVDY	6meg_HL_ag_m0
6meh_HL_agC_m0	ARDLLKYCGGSHCNGLLVDP	6mee_AB_ag_m0
6mei_HL_agC_m0	ARDGVRYCGGYCRGNWFDP	6med_AB_ag_m0
6mej_AB_agC_m0	ARASQIRGVDY	6meg_HL_ag_m0
6mej_HL_agC_m0	ARDGVRYCGGYCRGNWFDP	6med_AB_ag_m0
6mek_BD_agA_m0	ARDGVRYCGGYCRGNWFDP	6med_AB_ag_m0
6mek_FE_agC_m0	ARASQIRGVDY	6meg_HL_ag_m0
6mek_HL_agC_m0	ARDGVRYCGGYCRGNWFDP	6med_AB_ag_m0
6mek_IG_agA_m0	ARASQIRGVDY	6meg_HL_ag_m0
6mfj_AB_ag_m0	ATYRIIAAYGVRYFQY	6mfj_AB_ag_m0
6mfj_HL_ag_m0	ATYRIIAAYGVRYFQY	6mfj_AB_ag_m0
6mfp_CD_agA_m0	ATYRIIAAYGVRYFQY	6mfj_AB_ag_m0
6mfp_HL_agG_m0	ATYRIIAAYGVRYFQY	6mfj_AB_ag_m0
6mft_AB_agC_m0	ARGKNSDNYWDFQH	4jpk_HL_agA_m0
6mft_HL_agG_m0	ARGKNSDNYWDFQH	4jpk_HL_agA_m0
6mg7_HL_agG_m0	AAAPVGPTSSDY	6mg7_HL_agG_m0
6mh2_BA_ag_m0	SRWYAMDY	6mh2_BA_ag_m0
6mh2_DC_ag_m0	SRWGYAMDY	6mh2_DC_ag_m0
6mhg_AN_agE_m0	ARAAYYDSTGYGDY	6axk_AB_agE_m0
6mhg_BO_agE_m0	ARAAYYDSTGYGDY	6axk_AB_agE_m0
6mhg_CP_agE_m0	ARAAYYDSTGYGDY	6axk_AB_agE_m0
6mhg_DQ_agE_m0	ARAAYYDSTGYGDY	6axk_AB_agE_m0
6mhg_FR_agE_m0	ARAAYYDSTGYGDY	6axk_AB_agE_m0
6mhg_GS_agE_m0	ARAAYYDSTGYGDY	6axk_AB_agE_m0
6mhg_HL_agE_m0	ARAAYYDSTGYGDY	6axk_AB_agE_m0
6mhg_IT_agE_m0	ARAAYYDSTGYGDY	6axk_AB_agE_m0
6mhg_JU_agE_m0	ARAAYYDSTGYGDY	6axk_AB_agE_m0
6mhg_KV_agE_m0	ARAAYYDSTGYGDY	6axk_AB_agE_m0
6mhg_MW_agE_m0	ARAAYYDSTGYGDY	6axk_AB_agE_m0
6mhr_AB_agC_m0	ARDYGPGNDYWYFDL	6mhr_AB_agC_m0
6mhr_DE_agF_m0	ARDYGPGNDYWYFDL	6mhr_AB_agC_m0
6mi2_AB_agC_m0	ARGYGIFDY	6a3w_AB_agC_m0
6mi2_DE_agF_m0	ARGYGIFDY	6a3w_AB_agC_m0
6mid_HL_agE _ C_m0	AKDRDAYNTVGYYAFYYGMDV	6mid_HL_agE _ C_m0
6mjz_HL_agC _ A _ B_m0	ARQVKSGWVFQPFDY	6mjz_HL_agC _ A _ B_m0
6ml8_HL_agA_m0	AKHMSMQQVVSAGGVLDAREWDAFDV	6d0u_CD_agB_m0
6mlk_HL_agA_m0	ARGLGYSSGYYAPN	6mlk_HL_agA_m0
6mlm_EI_agA_m0	ARDMPYYHDGGSPLFDL	6btj_AB_agNA_m0
6mlm_FG_agB_m0	ARDMPYYHDGGSPLFDL	6btj_AB_agNA_m0
6mlm_KL_agH_m0	ARDMPYYHDGGSPLFDL	6btj_AB_agNA_m0
6mn7_Gg_agA_m0	ARGPFPNYYGWYSGPGGLDF	6mn7_Gg_agA_m0
6mn7_Hh_agD_m0	ARGPFPNYYGWYSGPGGLDF	6mn7_Gg_agA_m0
6mn7_Ii_agC_m0	ARGPFPNYYGWYSGPGGLDF	6mn7_Gg_agA_m0
6mnf_HL_ag_m0	ARKGSDRLNDSDPFDA	2oqj_BA_agC_m0
6mnf_MK_agM_m0	ARKGSDRLNDSDPFDA	2oqj_BA_agC_m0
6mnq_HL_agP_m0	AIRIGRGFDY	6mnq_HL_agP_m0
6mnr_HL_agP_m0	QGAVVISHEYIEI	6mnr_HL_agP_m0
6mns_AB_agQ_m0	QGAVVISHEYIEI	6mnr_HL_agP_m0
6mns_HL_agP_m0	QGAVVISHEYIEI	6mnr_HL_agP_m0
6mpg_34_agA_m0	TKESAAAIGHY	6mpg_34_agA_m0
6mpg_56_ag2_m0	ATTKHGRRIYGVVYTFWEKFAFYMDV	3jcb_CB_agA_m0
6mpg_87_ag2_m0	VRRGSCDYDGCFPWQY	5jof_AB_ag_m0
6mpg_MN_agC_m0	ATTKHGRRIYGVVYTFWEKFAFYMDV	3jcb_CB_agA_m0
6mpg_QR_agC_m0	VRRGSCDYDGCFPWQY	5jof_AB_ag_m0
6mpg_WB_agU_m0	TKESAAAIGHY	6mpg_34_agA_m0
6mpg_XY_agD_m0	TKESAAAIGHY	6mpg_34_agA_m0
6mpg_mn_agV_m0	ATTKHGRRIYGVVYTFWEKFAFYMDV	3jcb_CB_agA_m0
6mpg_qr_agV_m0	VRRGSCDYDGCFPWQY	5jof_AB_ag_m0
6mph_12_ag6_m0	AREGPEDFDV	6mph_12_ag6_m0
6mph_34_agE_m0	AREGPEDFDV	6mph_12_ag6_m0
6mph_HL_agD_m0	AREGPEDFDV	6mph_12_ag6_m0
6mph_MN_agC_m0	ATTKHGRRIYGVVYTFWEKFAFYMDV	3jcb_CB_agA_m0
6mph_QR_agC_m0	VRRGSCDYDGCFPWQY	5jof_AB_ag_m0
6mph_XZ_agA_m0	ATTKHGRRIYGVVYTFWEKFAFYMDV	3jcb_CB_agA_m0
6mph_Ya_agB_m0	ATTKHGRRIYGVVYTFWEKFAFYMDV	3jcb_CB_agA_m0
6mph_fh_agA_m0	VRRGSCDYDGCFPWQY	5jof_AB_ag_m0
6mph_gi_agB_m0	VRRGSCDYDGCFPWQY	5jof_AB_ag_m0
6mqc_AB_agD_m0	TSRAKDYRGYSPSRIDV	6mqc_AB_agD_m0
6mqc_HL_agC_m0	TSRAKDYRGYSPSRIDV	6mqc_AB_agD_m0
6mqe_AB_agD_m0	SSRAKIYYSAGSYSGRIDV	6mqe_AB_agD_m0
6mqe_HL_agC_m0	SSRAKIYYSAGSYSGRIDV	6mqe_AB_agD_m0
6mqm_AB_agC_m0	AREGPEDFDV	6mph_12_ag6_m0
6mqm_DE_agF_m0	AREGPEDFDV	6mph_12_ag6_m0
6mqm_GH_agI_m0	AREGPEDFDV	6mph_12_ag6_m0
6mqm_JK_agL_m0	AREGPEDFDV	6mph_12_ag6_m0
6mqr_HL_agA_m0	ARERVVAHYNYGLDL	6pds_BA_agC_m0
6mqs_AB_agE_m0	VREGVPTAETTGDH	6mqs_AB_agE_m0
6mqs_CD_agF_m0	VREGVPTAETTGDH	6mqs_AB_agE_m0
6msy_HL_agH_m0	ARKGSDRLNDSDPFDA	2oqj_BA_agC_m0
6mtj_DE_agB_m0	AKGLLRDGTSSWLPYL	4toy_HL_ag_m0
6mtj_HL_agG_m0	ARAQQGKRIYGMVYYFFEGFSYYMDV	5cez_HL_agG_m0
6mtn_DE_agB_m0	AKGLLRDGTSSWLPYL	4toy_HL_ag_m0
6mtn_HL_agG_m0	ARAQQGKRIYGMVYYFFEGFSYYMDV	5cez_HL_agG_m0
6mto_HL_agT_m0	AREGAGWFGVPKGAMGY	6mto_HL_agT_m0
6mtp_AB_agQ_m0	AREASGWFDLPKGAMGV	6mtp_AB_agQ_m0
6mtp_HL_agP_m0	AREASGWFDLPKGAMGV	6mtp_AB_agQ_m0
6mtq_HL_agT_m0	AREGAEGWGWVPKAFGALGV	6mtq_HL_agT_m0
6mtr_HL_ag_m0	AKRWDSSGWFSDYSHRYAVDV	6mtr_HL_ag_m0
6mts_HL_ag_m0	AKRWDSSGWITDYTHRYGVDV	6mts_HL_ag_m0
6mtt_HL_agP_m0	ARHSNSWFKPSWYFDV	6mtt_HL_agP_m0
6mtx_HL_ag_m0	AGLDRFNNWDEGDC	6mtx_HL_ag_m0
6mty_HL_ag_m0	AGLDRYSNWEGGDH	6mty_HL_ag_m0
6mu3_HL_agH_m0	ARKGSDRLNDSDPFDA	2oqj_BA_agC_m0
6mu3_MK_agM_m0	ARKGSDRLNDSDPFDA	2oqj_BA_agC_m0
6mu6_DE_agB_m0	AKGLLRDGTSSWLPYL	4toy_HL_ag_m0
6mu6_HL_agG_m0	ARAQQGKRIYGMVYYFFEGFSYYMDV	5cez_HL_agG_m0
6mu7_DE_agB_m0	AKGLLRDGTSSWLPYL	4toy_HL_ag_m0
6mu7_HL_agG_m0	ARAQQGKRIYGMVYYFFEGFSYYMDV	5cez_HL_agG_m0
6mu8_DE_agB_m0	AKGLLRDGTSSWLPYL	4toy_HL_ag_m0
6mu8_HL_agG_m0	ARAQQGKRIYGMVYYFFEGFSYYMDV	5cez_HL_agG_m0
6mub_HL_agH_m0	ARKGSDRLNDSDPFDA	2oqj_BA_agC_m0
6mub_MK_agM_m0	ARKGSDRLNDSDPFDA	2oqj_BA_agC_m0
6muf_DE_agB_m0	AKGLLRDGTSSWLPYL	4toy_HL_ag_m0
6muf_HL_agG_m0	ARAQQGKRIYGMVYYFFEGFSYYMDV	5cez_HL_agG_m0
6mug_DE_agB_m0	AKGLLRDGTSSWLPYL	4toy_HL_ag_m0
6mug_HL_agG_m0	ARAQQGKRIYGMVYYFFEGFSYYMDV	5cez_HL_agG_m0
6mui_CD_agB_m0	VRDYFISLDY	5any_IM_agB _ A_m0
6mui_GH_agF_m0	VRDYFISLDY	5any_IM_agB _ A_m0
6mui_KL_agJ_m0	VRDYFISLDY	5any_IM_agB _ A_m0
6mui_OP_agN_m0	VRDYFISLDY	5any_IM_agB _ A_m0
6mv5_HL_agP_m0	TGEIFVN	6e4y_HL_agP_m0
6mvl_HL_agA_m0	AKVPGYSGIWGDAEDD	6mvl_HL_agA_m0
6mw9_CD_agB_m0	VRDYFISLDY	5any_IM_agB _ A_m0
6mw9_GH_agF_m0	VRDYFISLDY	5any_IM_agB _ A_m0
6mw9_KL_agJ_m0	VRDYFISLDY	5any_IM_agB _ A_m0
6mw9_OP_agN_m0	VRDYFISLDY	5any_IM_agB _ A_m0
6mwc_CD_agB_m0	VRDYFISLDY	5any_IM_agB _ A_m0
6mwc_GH_agF_m0	VRDYFISLDY	5any_IM_agB _ A_m0
6mwc_KL_agJ_m0	VRDYFISLDY	5any_IM_agB _ A_m0
6mwc_OP_agN_m0	VRDYFISLDY	5any_IM_agB _ A_m0
6mwn_CD_agB_m0	ARTKYHYKNWYYWALDY	6mwn_CD_agB_m0
6mwn_HL_agA_m0	ARTKYHYKNWYYWALDY	6mwn_CD_agB_m0
6mwv_CD_agB_m0	VRDYFISLDY	5any_IM_agB _ A_m0
6mwv_GH_agF_m0	VRDYFISLDY	5any_IM_agB _ A_m0
6mwv_KL_agJ_m0	VRDYFISLDY	5any_IM_agB _ A_m0
6mwv_OP_agN_m0	VRDYFISLDY	5any_IM_agB _ A_m0
6mwx_CD_agB_m0	VRDYFISLDY	5any_IM_agB _ A_m0
6mwx_GH_agF_m0	VRDYFISLDY	5any_IM_agB _ A_m0
6mwx_KL_agJ_m0	VRDYFISLDY	5any_IM_agB _ A_m0
6mwx_OP_agN_m0	VRDYFISLDY	5any_IM_agB _ A_m0
6mxr_AB_ag_m0	SRWGGMMFYAMDY	6mxs_AB_ag_m0
6mxr_HL_ag_m0	SRWGGMMFYAMDY	6mxs_AB_ag_m0
6mxs_AB_ag_m0	SRWGGFMFYAMDY	6mxs_AB_ag_m0
6mxs_HL_ag_m0	SRWGGFMFYAMDY	6mxs_AB_ag_m0
6mxt_NNA_agA_m0	NANWDLLSDY	6mxt_NNA_agA_m0
6my4_AB_ag_m0	SRWGGMMFYAMDY	6mxs_AB_ag_m0
6my4_HL_ag_m0	SRWGGMMFYAMDY	6mxs_AB_ag_m0
6my5_AB_ag_m0	SRWGGFMFYAMDY	6mxs_AB_ag_m0
6my5_HL_ag_m0	SRWGGFMFYAMDY	6mxs_AB_ag_m0
6myy_DC_agB_m0	ARGKNSDNYWDFQH	4jpk_HL_agA_m0
6myy_GF_agE_m0	ARGKNSDNYWDFQH	4jpk_HL_agA_m0
6myy_HL_agA_m0	ARGKNSDNYWDFQH	4jpk_HL_agA_m0
6mzj_DC_agB_m0	ARGKNSDNYWDFQH	4jpk_HL_agA_m0
6mzj_HL_agA_m0	ARGKNSDNYWDFQH	4jpk_HL_agA_m0
6n16_AB_agE_m0	VREPVIAAAGTVDV	6n16_AB_agE_m0
6n16_CD_agI_m0	VREPVIAAAGTVDV	6n16_AB_agE_m0
6n16_HL_agF_m0	VREPVIAAAGTVDV	6n16_AB_agE_m0
6n16_KJ_agG_m0	VREPVIAAAGTVDV	6n16_AB_agE_m0
6n1v_12_agE_m0	VREGVPTAETTGDH	6mqs_AB_agE_m0
6n1v_34_agF_m0	VREGVPTAETTGDH	6mqs_AB_agE_m0
6n1v_HL_agD_m0	VREGVPTAETTGDH	6mqs_AB_agE_m0
6n1v_MN_agC_m0	ATTKHGRRIYGVVYTFWEKFAFYMDV	3jcb_CB_agA_m0
6n1v_QR_agC_m0	VRRGSCDYDGCFPWQY	5jof_AB_ag_m0
6n1v_XZ_agA_m0	ATTKHGRRIYGVVYTFWEKFAFYMDV	3jcb_CB_agA_m0
6n1v_Ya_agB_m0	ATTKHGRRIYGVVYTFWEKFAFYMDV	3jcb_CB_agA_m0
6n1v_fh_agA_m0	VRRGSCDYDGCFPWQY	5jof_AB_ag_m0
6n1v_gi_agB_m0	VRRGSCDYDGCFPWQY	5jof_AB_ag_m0
6n1w_34_agA_m0	SSRAKIYYSAGSYSGRIDV	6mqe_AB_agD_m0
6n1w_56_agC_m0	ATTKHGRRIYGVVYTFWEKFAFYMDV	3jcb_CB_agA_m0
6n1w_87_agC_m0	VRRGSCDYDGCFPWQY	5jof_AB_ag_m0
6n1w_HL_agD_m0	SSRAKIYYSAGSYSGRIDV	6mqe_AB_agD_m0
6n1w_MN_agc_m0	ATTKHGRRIYGVVYTFWEKFAFYMDV	3jcb_CB_agA_m0
6n1w_QR_agc_m0	VRRGSCDYDGCFPWQY	5jof_AB_ag_m0
6n1w_hl_agd_m0	SSRAKIYYSAGSYSGRIDV	6mqe_AB_agD_m0
6n1w_mn_ag2_m0	ATTKHGRRIYGVVYTFWEKFAFYMDV	3jcb_CB_agA_m0
6n1w_qr_ag2_m0	VRRGSCDYDGCFPWQY	5jof_AB_ag_m0
6n2x_HL_agH_m0	ARKGSDRLNDSDPFDA	2oqj_BA_agC_m0
6n2x_MK_agM_m0	ARKGSDRLNDSDPFDA	2oqj_BA_agC_m0
6n32_HL_ag_m0	ARKGSDRLNDSDPFDA	2oqj_BA_agC_m0
6n32_KM_ag_m0	ARKGSDRLNDSDPFDA	2oqj_BA_agC_m0
6n35_HL_agH_m0	ARKGSDRLNDSDPFDA	2oqj_BA_agC_m0
6n35_MK_agM_m0	ARKGSDRLNDSDPFDA	2oqj_BA_agC_m0
6n48_BNA_agA_m0	NVKDFGAIIYDYDY	4lde_BNA_agA_m0
6n4b_Ss_agA _ B_m0	VRSIYYYSGSPFDF	6crk_Hh_agA _ B _ G_m0
6n4q_JI_agA _ B _ F_m0	ARHLYRYDGVGALDY	6n4q_JI_agA _ B _ F_m0
6n4q_LK_agC _ D _ H_m0	ARHLYRYDGVGALDY	6n4q_JI_agA _ B _ F_m0
6n4r_JI_agA _ B _ F_m0	ARHLYRYDGVGALDY	6n4q_JI_agA _ B _ F_m0
6n4r_LK_agC _ D _ H_m0	ARHLYRYDGVGALDY	6n4q_JI_agA _ B _ F_m0
6n4y_ENA_agB_m0	AAAMYGSRDPWWEYDY	6n4y_ENA_agB_m0
6n4y_FNA_agA_m0	AAAMYGSRDPWWEYDY	6n4y_ENA_agB_m0
6n4y_GNA_agD_m0	AAAMYGSRDPWWEYDY	6n4y_ENA_agB_m0
6n4y_HNA_agC_m0	AAAMYGSRDPWWEYDY	6n4y_ENA_agB_m0
6n50_ENA_agA_m0	AAAMYGSRDPWWEYDY	6n4y_ENA_agB_m0
6n51_CNA_agA_m0	AAAMYGSRDPWWEYDY	6n4y_ENA_agB_m0
6n51_DNA_agB_m0	AAAMYGSRDPWWEYDY	6n4y_ENA_agB_m0
6n5b_HL_agB_m0	TRNYYYGSPLVWFAY	6n5b_HL_agB_m0
6n5d_CD_agA_m0	TRVGEYDAWFAY	6n5d_CD_agA_m0
6n5d_EF_agB_m0	TRVGEYDAWFAY	6n5d_CD_agA_m0
6n5d_LN_agK_m0	TRVGEYDAWFAY	6n5d_CD_agA_m0
6n5e_ED_agA_m0	TRDSDYYGRSVWFAY	6n5e_ED_agA_m0
6n5e_GF_agB_m0	TRDSDYYGRSVWFAY	6n5e_ED_agA_m0
6n5e_HI_agC_m0	TRDSDYYGRSVWFAY	6n5e_ED_agA_m0
6n6b_KL_agA_m0	ARRGDYDYFDY	6n6b_KL_agA_m0
6n7j_AB_agD_m0	TSRIRSHISYAWKGDV	6n7j_AB_agD_m0
6n7j_HL_agC_m0	TSRIRSHISYAWKGDV	6n7j_AB_agD_m0
6n7u_AB_ag_m0	TSRIWKG	6n7u_AB_ag_m0
6n81_CD_agB_m0	AKDKTRTLRYGLSGMDV	6n81_CD_agB_m0
6n81_HL_agA_m0	AKDKTRTLRYGLSGMDV	6n81_CD_agB_m0
6n8d_DB_agA_m0	ARDGPRPDGTGAYGPSNDY	6n8d_DB_agA_m0
6n8d_FE_agC_m0	ARDGPRPDGTGAYGPSNDY	6n8d_DB_agA_m0
6nb3_DE_agA_m0	STLTRGGDVSSSWYYFDY	6nb3_DE_agA_m0
6nb3_HL_agC_m0	STLTRGGDVSSSWYYFDY	6nb3_DE_agA_m0
6nb4_HL_agA_m0	STLTRGGDVSSSWYYFDY	6nb3_DE_agA_m0
6nb5_HL_ag_m0	STLTRYFDY	6nb5_HL_ag_m0
6nb5_IM_ag_m0	STLTRGGDVYFDY	6nb5_IM_ag_m0
6nb6_HL_agC _ A_m0	VTQRDNSRDYFYHPFHDMDV	6nb6_HL_agC _ A_m0
6nb6_IM_agB_m0	VTQRDNSRDYFYHPFHDMDV	6nb6_HL_agC _ A_m0
6nb7_DE_agB_m0	VTQRDNSRDYFYHPFHDMDV	6nb6_HL_agC _ A_m0
6nb7_GI_agC_m0	VTQRDNSRDYFYHPFHDMDV	6nb6_HL_agC _ A_m0
6nb7_HL_agA_m0	VTQRDNSRDYFYHPFHDMDV	6nb6_HL_agC _ A_m0
6nb8_HL_ag_m0	VTQRDNSRDYFYHPFHDMDV	6nb6_HL_agC _ A_m0
6nbf_NNA_agA _ B_m0	ARCPAPFTRDCSTVDFTTYAY	6oya_NNA_agA _ B_m0
6nbh_NNA_agA _ B_m0	ARCPAPFTRDCSTVDFTTYAY	6oya_NNA_agA _ B_m0
6nbi_NNA_agA _ B_m0	ARCPAPFTRDCSTVDFTTYAY	6oya_NNA_agA _ B_m0
6nc2_HL_agB _ A_m0	AKDRLGRPWNIGYYYVLRGYGMDV	6nc2_HL_agB _ A_m0
6nc2_OT_agI _ C_m0	AKDRLGRPWNIGYYYVLRGYGMDV	6nc2_HL_agB _ A_m0
6nc2_PU_agJ _ D_m0	AKDRLGRPWNIGYYYVLRGYGMDV	6nc2_HL_agB _ A_m0
6nc2_QV_agK _ E_m0	AKDRLGRPWNIGYYYVLRGYGMDV	6nc2_HL_agB _ A_m0
6nc2_RW_agM _ F_m0	AKDRLGRPWNIGYYYVLRGYGMDV	6nc2_HL_agB _ A_m0
6nc2_SX_agN _ G_m0	AKDRLGRPWNIGYYYVLRGYGMDV	6nc2_HL_agB _ A_m0
6nc3_HL_agB _ A_m0	ARDKYYGNAEVGMDV	5i8c_AB_agC_m0
6nc3_OT_agI _ C_m0	ARDKYYGNAEVGMDV	5i8c_AB_agC_m0
6nc3_PU_agJ _ D_m0	ARDKYYGNAEVGMDV	5i8c_AB_agC_m0
6nc3_QV_agK _ E_m0	ARDKYYGNAEVGMDV	5i8c_AB_agC_m0
6nc3_RW_agM _ F_m0	ARDKYYGNAEVGMDV	5i8c_AB_agC_m0
6nc3_SX_agN _ G_m0	ARDKYYGNAEVGMDV	5i8c_AB_agC_m0
6ncp_AB_ag_m0	AKDRLGRPWNIGYYYVLRGYGMDV	6nc2_HL_agB _ A_m0
6ncp_CD_agE_m0	AKDRLGRPWNIGYYYVLRGYGMDV	6nc2_HL_agB _ A_m0
6nex_BA_ag_m0	AELGP	6nex_BA_ag_m0
6nex_HL_ag_m0	AELGP	6nex_BA_ag_m0
6nf2_CD_agG_m0	VRRGSCDYDGCFPWQY	5jof_AB_ag_m0
6nf2_EF_agG_m0	ATTKHGRRIYGVVYTFWEKFAFYMDV	3jcb_CB_agA_m0
6nf2_HL_agB_m0	TSRAKDYRGYSPSRIDV	6mqc_AB_agD_m0
6nf2_JK_agA_m0	ATTKHGRRIYGVVYTFWEKFAFYMDV	3jcb_CB_agA_m0
6nf2_NM_agA_m0	VRRGSCDYDGCFPWQY	5jof_AB_ag_m0
6nf2_OP_agI_m0	TSRAKDYRGYSPSRIDV	6mqc_AB_agD_m0
6nf2_ST_agQ_m0	ATTKHGRRIYGVVYTFWEKFAFYMDV	3jcb_CB_agA_m0
6nf2_VU_agQ_m0	VRRGSCDYDGCFPWQY	5jof_AB_ag_m0
6nf2_WX_agR_m0	TSRAKDYRGYSPSRIDV	6mqc_AB_agD_m0
6nf5_EF_agC_m0	AREGFTIFGVVTYYGESFYGMDV	6nf5_EF_agC_m0
6nf5_GI_agD_m0	ATGGMSSALKSSQYYFDF	6nf5_GI_agD_m0
6nf5_HL_agA_m0	AREGFTIFGVVTYYGESFYGMDV	6nf5_EF_agC_m0
6nf5_KN_agB_m0	ATGGMSSALKSSQYYFDF	6nf5_GI_agD_m0
6nf5_OP_agJ_m0	AREGFTIFGVVTYYGESFYGMDV	6nf5_EF_agC_m0
6nf5_QR_agM_m0	ATGGMSSALKSSQYYFDF	6nf5_GI_agD_m0
6nfc_CD_agI _ E_m0	ATGGMSSALKSSQYYFDF	6nf5_GI_agD_m0
6nfc_HL_agA_m0	ARDRGREWELEYYYYSYYMDV	6nfc_HL_agA_m0
6nfc_JM_agG_m0	ATGGMSSALKSSQYYFDF	6nf5_GI_agD_m0
6nfc_KN_agB _ F_m0	ATGGMSSALKSSQYYFDF	6nf5_GI_agD_m0
6nfj_BNA_agA_m0	AAGVGASSESVSWYNY	6nfj_BNA_agA_m0
6nfj_ENA_agD_m0	AAGVGASVSESVSWYNY	6nfj_ENA_agD_m0
6nfn_BA_agB_m0	AKELGP	6nfn_BA_agB_m0
6nfn_DC_agC_m0	AKELGP	6nfn_BA_agB_m0
6nfn_FE_agE_m0	AKELGP	6nfn_BA_agB_m0
6nfn_HL_agL_m0	AKELGP	6nfn_BA_agB_m0
6nfn_JI_agJ_m0	AKELGP	6nfn_BA_agB_m0
6nfn_NM_agM_m0	AKELGP	6nfn_BA_agB_m0
6nfn_PO_agO_m0	AKELGP	6nfn_BA_agB_m0
6nfn_RQ_agQ_m0	AKELGP	6nfn_BA_agB_m0
6nfu_AB_agC_m0	ARERGDGYFAV	1k4c_AB_agC_m0
6nfv_AB_agC_m0	ARERGDGYFAV	1k4c_AB_agC_m0
6nha_HL_agA _ B_m0	ARSTTVRPPGI	6nha_HL_agA _ B_m0
6ni2_ANA_agB _ V_m0	NTFVRSLS	6ni2_ANA_agB _ V_m0
6ni2_HL_agB_m0	ARSRQFWYSGLDY	4jqi_HL_agA _ V_m0
6ni3_NNA_agA _ B _ G_m0	ARCPAPFTRDCSTVDFTTYAY	6oya_NNA_agA _ B_m0
6nij_HL_agE _ A _ C_m0	LTGSKHRLRDYFLYNEYLYDGWEEYNPGATLDV	5v8l_JN_agA_m0
6nip_AB_agE_m0	AGLDRFNNWDEGDC	6mtx_HL_ag_m0
6nip_HL_agZ_m0	AGLDRFNNWDEGDC	6mtx_HL_ag_m0
6nis_HL_ag_m0	AGLDRFNNWDEGDC	6mtx_HL_ag_m0
6niu_FG_agB_m0	AGLDRYSNWEGGDH	6mty_HL_ag_m0
6niu_HL_agZ_m0	AGLDRYSNWEGGDH	6mty_HL_ag_m0
6niu_IJ_agA_m0	AGLDRYSNWEGGDH	6mty_HL_ag_m0
6niu_MN_agE_m0	AGLDRYSNWEGGDH	6mty_HL_ag_m0
6niy_NNA_agA _ B_m0	ARCPAPFTRDCSTVDFTTYAY	6oya_NNA_agA _ B_m0
6njl_Ii_agC_m0	ARPRGNYVVMDY	6njl_Ii_agC_m0
6njl_KJ_agD_m0	AREDYDYDWHFDV	6njl_KJ_agD_m0
6njl_Ll_agA_m0	ARPRGNYVVMDY	6njl_Ii_agC_m0
6njl_NM_agB_m0	AREDYDYDWHFDV	6njl_KJ_agD_m0
6njm_LK_agB_m0	AREDYDYDWHFDV	6njl_KJ_agD_m0
6njm_PO_agD_m0	AREDYDYDWHFDV	6njl_KJ_agD_m0
6njn_Ii_agA_m0	ARPRMDY	6njn_Ii_agA_m0
6njn_KJ_agB_m0	AREDYDYDWHFDV	6njl_KJ_agD_m0
6njn_ON_agD_m0	AREDYDYDWHFDV	6njl_KJ_agD_m0
6nm6_DE_agB_m0	AKGLLRDGTSSWLPYL	4toy_HL_ag_m0
6nm6_HL_agG_m0	ARAQQGKRIYGMVYYFFEGFSYYMDV	5cez_HL_agG_m0
6nm6_UV_agG_m0	ARDRSYGDSSWALDA	5te4_HL_agG_m0
6nmr_AB_agE_m0	AKDSTVSWGSDFFDY	6nmr_AB_agE_m0
6nmr_FG_agI_m0	AKDSTVSWGSDFFDY	6nmr_AB_agE_m0
6nmr_HL_agS_m0	AKDSTVSWGSDFFDY	6nmr_AB_agE_m0
6nmr_JK_agM_m0	AKDSTVSWGSDFFDY	6nmr_AB_agE_m0
6nms_BA_agC_m0	AKENNRYRFFDD	6nms_BA_agC_m0
6nms_HL_agS_m0	AKENNRYRFFDD	6nms_BA_agC_m0
6nmt_BA_agC_m0	ARDFGSGVGSIDA	6nmt_BA_agC_m0
6nmu_BA_agC_m0	AKQYDWNSFFDY	6nmu_BA_agC_m0
6nmu_HL_agS_m0	AKQYDWNSFFDY	6nmu_BA_agC_m0
6nmv_HL_agS_m0	ATDTFDH	6nmv_HL_agS_m0
6nn3_HL_agA_m0	ARVRVDSVRDGAGNGFDP	6nn3_HL_agA_m0
6nnf_DE_agB_m0	AKGLLRDGTSSWLPYL	4toy_HL_ag_m0
6nnf_HL_agG_m0	ARAQQGKRIYGMVYYFFEGFSYYMDV	5cez_HL_agG_m0
6nnf_UV_agG_m0	TRGKNCDNYWDFEH	4jpk_HL_agA_m0
6nnj_DE_agB_m0	AKGLLRDGTSSWLPYL	4toy_HL_ag_m0
6nnj_HL_agG_m0	ARAQQGKRIYGMVYYFFEGFSYYMDV	5cez_HL_agG_m0
6nnj_UV_agG_m0	ARAQKRGRESWAYAH	4lsp_HL_agG_m0
6nou_Aa_ag_m0	ARYDYFTGTGVY	6nou_Aa_ag_m0
6nov_AB_ag_m0	ARYDYFTGTGVY	6nou_Aa_ag_m0
6nov_CD_ag_m0	ARYDYFTGTGVY	6nou_Aa_ag_m0
6nqd_CD_agB _ A_m0	TTTSTYDRWSGVGDHHLMAFSS	5cjx_AC_agJ _ K_m0
6nqd_GH_agF _ E_m0	TTTSTYDRWSGVGDHHLMAFSS	5cjx_AC_agJ _ K_m0
6nqd_KL_agJ _ I_m0	TTTSTYDRWSGVGDHHLMAFSS	5cjx_AC_agJ _ K_m0
6nyq_HL_agC_m0	AREITSATAMEY	6nyq_HL_agC_m0
6nz7_GI_agF _ E_m0	ARGITVFGLNIILSAMDV	6nz7_GI_agF _ E_m0
6nz7_HL_agB _ A_m0	ARGITVFGLNIILSAMDV	6nz7_GI_agF _ E_m0
6o1f_HL_agA _ I_m0	TRRNYDDWYFDV	6o1f_HL_agA _ I_m0
6o23_AB_agE_m0	ARALDDASSCSTCALDY	6o23_AB_agE_m0
6o23_CD_agE_m0	ARALDDASSCSTCALDY	6o23_AB_agE_m0
6o24_AB_agI_m0	ARDAHYSDSSWSSYGGYFDY	6o24_AB_agI_m0
6o25_AB_agD _ G_m0	ARAGYSNGYHYFDY	6o25_AB_agD _ G_m0
6o25_EF_agH_m0	ARAGYSNGYHYFDY	6o25_AB_agD _ G_m0
6o25_IJ_agL _ C_m0	ARAGYSNGYHYFDY	6o25_AB_agD _ G_m0
6o26_AB_agC_m0	ARVGDGDGNYMDV	6o26_AB_agC_m0
6o28_AB_agE_m0	TRVELGSSWSLGY	6o28_AB_agE_m0
6o28_CD_agF_m0	TRVELGSSWSLGY	6o28_AB_agE_m0
6o29_AB_agC_m0	TRVELGSSWSLGY	6o28_AB_agE_m0
6o29_HL_agD_m0	TRVELGSSWSLGY	6o28_AB_agE_m0
6o2a_AB_agF_m0	TRVELGSSWSLGY	6o28_AB_agE_m0
6o2a_CD_agG _ N_m0	TRVELGSSWSLGY	6o28_AB_agE_m0
6o2a_HI_agK_m0	TRVELGSSWSLGY	6o28_AB_agE_m0
6o2a_OP_agL _ M_m0	TRVELGSSWSLGY	6o28_AB_agE_m0
6o2b_AB_agF_m0	TRVELGSSWSLGY	6o28_AB_agE_m0
6o2b_CD_agG _ E _ J_m0	TRVELGSSWSLGY	6o28_AB_agE_m0
6o2b_HI_agK_m0	TRVELGSSWSLGY	6o28_AB_agE_m0
6o2b_OP_agL _ M_m0	TRVELGSSWSLGY	6o28_AB_agE_m0
6o2c_AB_agC_m0	TRVELGSSWSLGY	6o28_AB_agE_m0
6o39_BA_agC_m0	ARYHHPFGYALDY	6o39_BA_agC_m0
6o3a_BA_agE_m0	ARGYFYTWGGMDY	6o3a_BA_agE_m0
6o3b_BA_agC_m0	ARSSPGADYGLDY	6o3b_BA_agC_m0
6o3b_GE_agH_m0	ARSSPGADYGLDY	6o3b_BA_agC_m0
6o3c_BNA_agA_m0	AAQDLLYYPFSGDHAY	6o3c_BNA_agA_m0
6o3d_HL_ag_m0	AREGEGWFGLPKRAFEF	6o3k_HL_ag_m0
6o3g_AB_agI_m0	AREGEGWFGLPKRAFEF	6o3k_HL_ag_m0
6o3g_CD_agQ_m0	AREGEGWFGLPKRAFEF	6o3k_HL_ag_m0
6o3g_EF_agG_m0	AREGEGWFGLPKRAFEF	6o3k_HL_ag_m0
6o3g_HL_agS_m0	AREGEGWFGLPKRAFEF	6o3k_HL_ag_m0
6o3j_AB_agI_m0	AREGEGWFGLPKRAFEF	6o3k_HL_ag_m0
6o3j_HL_agG_m0	AREGEGWFGLPKRAFEF	6o3k_HL_ag_m0
6o3k_HL_ag_m0	AREGEGWFGLPRRAFEF	6o3k_HL_ag_m0
6o3l_AB_agE_m0	AREGEGWFGLPRRAFEF	6o3k_HL_ag_m0
6o3l_HL_agD_m0	AREGEGWFGLPRRAFEF	6o3k_HL_ag_m0
6o3u_BA_agF_m0	AREGEGWFGLPRRAFEF	6o3k_HL_ag_m0
6o3u_DC_agD_m0	AREGEGWFGLPRRAFEF	6o3k_HL_ag_m0
6o3u_FE_agH_m0	AREGEGWFGLPRRAFEF	6o3k_HL_ag_m0
6o3u_HL_agH_m0	AREGEGWFGLPRRAFEF	6o3k_HL_ag_m0
6o41_BA_agN_m0	AREGEGWFGLPKRAFEF	6o3k_HL_ag_m0
6o41_DC_ag_m0	AREGEGWFGLPKRAFEF	6o3k_HL_ag_m0
6o41_HL_ag_m0	AREGEGWFGLPKRAFEF	6o3k_HL_ag_m0
6o42_BA_agI_m0	AREGEGWFGLPKRAFEF	6o3k_HL_ag_m0
6o42_HL_agG_m0	AREGEGWFGLPKRAFEF	6o3k_HL_ag_m0
6o89_HNA_agNA_m0	TRSHYGLDWNFDV	1yjd_HL_agC_m0
6o8d_HNA_agC_m0	TRSHYGLDWNFDV	1yjd_HL_agC_m0
6o9h_AB_agC_m0	ARGKYPTWIAY	6o9h_AB_agC_m0
6o9h_HL_agD_m0	ARGKYPTWIAY	6o9h_AB_agC_m0
6o9i_AB_agC_m0	ARGKYPTWIAY	6o9h_AB_agC_m0
6o9i_DE_agC_m0	ARFYYGTSWFAY	6o9i_DE_agC_m0
6oan_Bb_agA_m0	ARASTTVSVPWLDP	6oan_Bb_agA_m0
6oan_Dd_agC_m0	ARASTTVSVPWLDP	6oan_Bb_agA_m0
6oao_Bb_agA_m0	ATDFGGSFYYAFDI	6oao_Bb_agA_m0
6oao_Dd_agC_m0	ATDFGGSFYYAFDI	6oao_Bb_agA_m0
6oao_Ff_agE_m0	ATDFGGSFYYAFDI	6oao_Bb_agA_m0
6oao_Hh_agG_m0	ATDFGGSFYYAFDI	6oao_Bb_agA_m0
6oao_Jj_agI_m0	ATDFGGSFYYAFDI	6oao_Bb_agA_m0
6oao_Ll_agK_m0	ATDFGGSFYYAFDI	6oao_Bb_agA_m0
6obc_BNA_agA_m0	NARKWERSVLEDY	6obc_BNA_agA_m0
6obd_BA_agE_m0	TPIDY	6obd_BA_agE_m0
6obd_HL_agF_m0	TPIDY	6obd_BA_agE_m0
6obe_BNA_agA_m0	NAQLWERYVLNDY	6obe_BNA_agA_m0
6obg_CNA_agA_m0	NVLAGSHYYDEYEY	6obg_CNA_agA_m0
6obg_DNA_agB_m0	NVLAGSHYYDEYEY	6obg_CNA_agA_m0
6obm_BNA_agA_m0	NAVGGTYYYDEYDY	6obm_BNA_agA_m0
6obo_CNA_agA_m0	NVVGGSYYYDEYNY	6obo_CNA_agA_m0
6obo_DNA_agB_m0	NVVGGSYYYDEYNY	6obo_CNA_agA_m0
6obz_AB_ag_m0	ARGTEDLGYGSSCSCPNH	6obz_AB_ag_m0
6obz_HL_ag_m0	ARGTEDLGYGSSCSCPNH	6obz_AB_ag_m0
6oc3_AB_agF_m0	ARGTEDLGYGSSCSCPNH	6obz_AB_ag_m0
6oc3_CD_agE_m0	ARGTEDLGYGSSCSCPNH	6obz_AB_ag_m0
6oc7_HL_ag_m0	ARDRGYYMDV	6oc7_HL_ag_m0
6oc8_ANA_ag_m0	NAGPTLTGTDAGPY	6oc8_ANA_ag_m0
6oc8_BNA_ag_m0	NAGPTLTGTDAGPY	6oc8_ANA_ag_m0
6oc8_CNA_ag_m0	NAGPTLTGTDAGPY	6oc8_ANA_ag_m0
6oc8_DNA_ag_m0	NAGPTLTGTDAGPY	6oc8_ANA_ag_m0
6oca_CNA_agA_m0	AAGLRGGTYITRAYEYDY	6oca_CNA_agA_m0
6oca_DNA_agB_m0	AAGLRGGTYITRAYEYDY	6oca_CNA_agA_m0
6ocb_HL_agA_m0	ARGTEDLGYGSSCSCPNH	6obz_AB_ag_m0
6ocd_BNA_agA_m0	AATKYGSSIPCRPYDY	6ocd_BNA_agA_m0
6ocd_DNA_agC_m0	AATKYGSSIPCRPYDY	6ocd_BNA_agA_m0
6oe4_BC_agA_m0	AACGAYVLICNSGWFDS	6oe4_BC_agA_m0
6oe4_EF_agD_m0	AACGAYVLICNSGWFDS	6oe4_BC_agA_m0
6oe5_BC_agA_m0	ARDMIFNFYFDV	3ixt_AB_agC_m0
6oe5_HL_agA_m0	AACGAYVLICNSGWFDS	6oe4_BC_agA_m0
6oed_AB_agNA_m0	ARRPERHNWLDP	6oed_AB_agNA_m0
6oed_CD_agNA_m0	ARRPERHNWLDP	6oed_AB_agNA_m0
6oed_HL_agNA_m0	ARRPERHNWLDP	6oed_AB_agNA_m0
6oej_BC_agA_m0	ARANQHFDWLLSYHYGGLLYGMDV	4fz8_HL_agH_m0
6oej_HL_agG_m0	ARANQHFDWLLSYHYGGLLYGMDV	4fz8_HL_agH_m0
6oel_HL_agB _ C_m0	ARFSGWLGTGDC	6oel_HL_agB _ C_m0
6ofi_HL_agG_m0	ARRPGGLEHRNWLDP	6ofi_HL_agG_m0
6oge_CB_agA_m0	ARNLGPSFYFDY	1l7i_HL_ag_m0
6oge_ED_agA_m0	SRWGGDGFYAMDY	3b9v_ANA_ag_m0
6ogx_CD_agG_m0	VLAPRWYFSV	6ogx_CD_agG_m0
6ogx_HL_agG_m0	ARDRLDY	6ogx_HL_agG_m0
6ohg_CB_agA_m0	ARSLSAYWYFDV	6ohg_CB_agA_m0
6oij_Hh_agA _ B_m0	VRSIYYYSGSPFDF	6crk_Hh_agA _ B _ G_m0
6oik_Hh_agA _ B_m0	VRSIYYYSGSPFDF	6crk_Hh_agA _ B _ G_m0
6okm_HL_agR_m0	ARDRLDY	6ogx_HL_agG_m0
6okn_AB_agR_m0	VLAPRWYFSV	6ogx_CD_agG_m0
6okn_CD_agE_m0	VLAPRWYFSV	6ogx_CD_agG_m0
6okp_KL_agE_m0	ATARRGQRIYGVVYYFFEGFSYSMDV	4r26_HL_ag_m0
6okp_MN_agD_m0	ARLGPGGIFDRWDGYHGTKWLDP	6okp_MN_agD_m0
6okp_OP_agE_m0	ARLGPGGIFDRWDGYHGTKWLDP	6okp_MN_agD_m0
6okp_QR_agF_m0	ARLGPGGIFDRWDGYHGTKWLDP	6okp_MN_agD_m0
6okq_AB_ag_m0	ARLGPGGIFDRWDGYHGTKWLDP	6okp_MN_agD_m0
6okq_DC_ag_m0	ARLGPGGIFDRWDGYHGTKWLDP	6okp_MN_agD_m0
6okq_FE_ag_m0	ARLGPGGIFDRWDGYHGTKWLDP	6okp_MN_agD_m0
6ol5_AB_ag_m0	ARGGDWYFDV	6ol5_AB_ag_m0
6ol5_HL_ag_m0	ARVGPYCGGDNDQPSYYMDV	6ol5_HL_ag_m0
6ol6_AB_ag_m0	ARTEYGSSQPWYFDA	6ol6_AB_ag_m0
6ol6_HL_ag_m0	ARVGPYCGGDNDQPSYYMDV	6ol5_HL_ag_m0
6ol7_AQ_ag_m0	TRQTYWYLDV	6ol7_AQ_ag_m0
6ol7_CB_ag_m0	ARGKNSDNYWDFQH	4jpk_HL_agA_m0
6ol7_ED_ag_m0	TRQTYWYLDV	6ol7_AQ_ag_m0
6ol7_HL_ag_m0	ARGKNSDNYWDFQH	4jpk_HL_agA_m0
6ol7_IF_ag_m0	ARGKNSDNYWDFQH	4jpk_HL_agA_m0
6ol7_KJ_ag_m0	TRQTYWYLDV	6ol7_AQ_ag_m0
6ol7_MN_ag_m0	ARGKNSDNYWDFQH	4jpk_HL_agA_m0
6ol7_PO_ag_m0	TRQTYWYLDV	6ol7_AQ_ag_m0
6olp_GI_agD _ C _ B_m0	ARMFQESGPPRLDRYYYYNRGSWSGMDV	4nug_HL_ag_m0
6olp_HL_agF _ E_m0	ARMFQESGPPRLDRYYYYNRGSWSGMDV	4nug_HL_ag_m0
6omm_Ee_agA _ C _ B_m0	VRSIYYYSGSPFDF	6crk_Hh_agA _ B _ G_m0
6oor_HL_agA_m0	VRPRSVYYGLYPRLLWFFDF	6oor_HL_agA_m0
6opa_FI_agB_m0	AKGLLRDGTSSWLPYL	4toy_HL_ag_m0
6opa_KJ_agG_m0	ARFGGEVLRYTPKPWDAWVDL	3twc_HL_agH_m0
6opo_HL_agA_m0	AGVYEGEADEGNNDYEGFLKH	1gc1_HL_agG_m0
6opo_IE_agD_m0	AGVYEGEADEGNNDYEGFLKH	1gc1_HL_agG_m0
6opo_OK_agJ_m0	AGVYEGEADEGNNDYEGFLKH	1gc1_HL_agG_m0
6opp_GI_agD_m0	AGVYEGEADEGNNDYEGFLKH	1gc1_HL_agG_m0
6opp_HL_agA_m0	AGVYEGEADEGNNDYEGFLKH	1gc1_HL_agG_m0
6opp_NO_agJ_m0	AGVYEGEADEGNNDYEGFLKH	1gc1_HL_agG_m0
6opq_HL_agA_m0	AGVYEGEADEGNNDYEGFLKH	1gc1_HL_agG_m0
6opq_KN_agD_m0	AGVYEGEADEGNNDYEGFLKH	1gc1_HL_agG_m0
6opq_MO_agE_m0	AGVYEGEADEGNNDYEGFLKH	1gc1_HL_agG_m0
6oq5_DNA_agA_m0	ARRRFSASSVALWRNDDYDV	6oq5_DNA_agA_m0
6oq5_ENA_agA_m0	KGPEL	6oq5_ENA_agA_m0
6oq5_FNA_agA_m0	ALHNAVSGSS	6oq5_FNA_agA_m0
6oq6_DNA_agA_m0	ARRRFSASSVALWRNDDYDV	6oq5_DNA_agA_m0
6oq7_CNA_agA_m0	KGPEL	6oq5_ENA_agA_m0
6oq8_CNA_agB_m0	ALHNAVSGSS	6oq5_FNA_agA_m0
6oq8_DNA_agA_m0	ALHNAVSGSS	6oq5_FNA_agA_m0
6orn_AB_agG_m0	ATARRGQRIYGVVYYFFEGFSYSMDV	4r26_HL_ag_m0
6orn_FI_agK_m0	ATARRGQRIYGVVYYFFEGFSYSMDV	4r26_HL_ag_m0
6orn_OP_agR_m0	ATARRGQRIYGVVYYFFEGFSYSMDV	4r26_HL_ag_m0
6oro_DE_agB_m0	AKSPWGQSFSTEYFEF	6oro_DE_agB_m0
6oro_HL_agG_m0	AKSPWGQSFSTEYFEF	6oro_DE_agB_m0
6oro_JK_agI_m0	AKSPWGQSFSTEYFEF	6oro_DE_agB_m0
6orp_DE_agB_m0	ARDSSGWPDWNRFDV	6orp_DE_agB_m0
6orp_HL_agG_m0	ARDSSGWPDWNRFDV	6orp_DE_agB_m0
6orp_JK_agI_m0	ARDSSGWPDWNRFDV	6orp_DE_agB_m0
6orq_DE_agB_m0	ARHGITTGVVAMDY	6orq_DE_agB_m0
6orq_HL_agG_m0	ARHGITTGVVAMDY	6orq_DE_agB_m0
6orq_JK_agI_m0	ARHGITTGVVAMDY	6orq_DE_agB_m0
6os0_DNA_agA_m0	AAVAYPDIPTDYDFYSDNFY	6do1_CNA_agA_m0
6os1_DNA_agA_m0	AAVAYPDIPTDYDFYSDNFY	6do1_CNA_agA_m0
6os2_DNA_agA_m0	AAVAYPDIPTDYDFYSDNFY	6do1_CNA_agA_m0
6os9_Dd_agA _ B_m0	VRSIYYYSGSPFDF	6crk_Hh_agA _ B _ G_m0
6osh_HL_agK_m0	ARDWTSLNI	6osh_HL_agK_m0
6osv_HL_agK_m0	ARDDRWSLNI	6osv_HL_agK_m0
6osy_56_ag2_m0	ATTKHGRRIYGVVYTFWEKFAFYMDV	3jcb_CB_agA_m0
6osy_87_ag2_m0	VRRGSCDYDGCFPWQY	5jof_AB_ag_m0
6osy_CD_agB_m0	ATTKHGRRIYGVVYTFWEKFAFYMDV	3jcb_CB_agA_m0
6osy_FE_agB_m0	VRRGSCDYDGCFPWQY	5jof_AB_ag_m0
6osy_HL_agA_m0	ARERVVAHYNYGLDL	6pds_BA_agC_m0
6osy_IJ_agG_m0	ARERVVAHYNYGLDL	6pds_BA_agC_m0
6osy_MN_agK_m0	ATTKHGRRIYGVVYTFWEKFAFYMDV	3jcb_CB_agA_m0
6osy_PO_agK_m0	VRRGSCDYDGCFPWQY	5jof_AB_ag_m0
6osy_RS_agQ_m0	ARERVVAHYNYGLDL	6pds_BA_agC_m0
6ot0_HL_agA _ B_m0	ARYPWYWWMEKLSLYPYGMDY	6cmo_HL_agA _ B_m0
6ot1_AC_agO_m0	VREPVIAAAGTVDV	6n16_AB_agE_m0
6ot1_FI_agE_m0	ATTKHGRRIYGVVYTFWEKFAFYMDV	3jcb_CB_agA_m0
6ot1_HL_agB_m0	VREPVIAAAGTVDV	6n16_AB_agE_m0
6ot1_JK_agE_m0	VRRGSCDYDGCFPWQY	5jof_AB_ag_m0
6ot1_MN_agD_m0	VREPVIAAAGTVDV	6n16_AB_agE_m0
6ot1_QR_agP_m0	ATTKHGRRIYGVVYTFWEKFAFYMDV	3jcb_CB_agA_m0
6ot1_ST_agP_m0	VRRGSCDYDGCFPWQY	5jof_AB_ag_m0
6ot1_mn_agG_m0	ATTKHGRRIYGVVYTFWEKFAFYMDV	3jcb_CB_agA_m0
6ot1_qr_agG_m0	VRRGSCDYDGCFPWQY	5jof_AB_ag_m0
6otc_HL_agA_m0	ARGSSWYAGHAFDY	6otc_HL_agA_m0
6ous_MN_agB _ A_m0	TRGAPYGGNYYDSYGLDV	6ous_MN_agB _ A_m0
6ous_OP_agD _ C_m0	TRGAPYGGNYYDSYGLDV	6ous_MN_agB _ A_m0
6ous_QR_agF _ E_m0	TRGAPYGGNYYDSYGLDV	6ous_MN_agB _ A_m0
6ous_ST_agH _ G_m0	TRGAPYGGNYYDSYGLDV	6ous_MN_agB _ A_m0
6ous_UV_agJ _ I_m0	TRGAPYGGNYYDSYGLDV	6ous_MN_agB _ A_m0
6ous_WX_agL _ K_m0	TRGAPYGGNYYDSYGLDV	6ous_MN_agB _ A_m0
6oy4_DC_agA_m0	ARGGFTDYYGMDY	6oy4_DC_agA_m0
6oya_NNA_agA _ B_m0	ARCPAPFTRDCSTVDFTAYAY	6oya_NNA_agA _ B_m0
6oyh_ENA_agA_m0	AAFRVAVTTYAQQSTNEYNY	6oyh_ENA_agA_m0
6oyh_FNA_agB_m0	AAFRVAVTTYAQQSTNEYNY	6oyh_ENA_agA_m0
6oyh_GNA_agC_m0	AAFRVAVTTYAQQSTNEYNY	6oyh_ENA_agA_m0
6oyh_HNA_agD_m0	AAFRVAVTTYAQQSTNEYNY	6oyh_ENA_agA_m0
6oyz_ENA_agA_m0	AAFRVAVTTYAQQSTNEYNY	6oyh_ENA_agA_m0
6oyz_FNA_agB_m0	AAFRVAVTTYAQQSTNEYNY	6oyh_ENA_agA_m0
6oyz_GNA_agC_m0	AAFRVAVTTYAQQSTNEYNY	6oyh_ENA_agA_m0
6oyz_HNA_agD_m0	AAFRVAVTTYAQQSTNEYNY	6oyh_ENA_agA_m0
6oz2_HL_agG_m0	VRDRANGSGRRNVSEFRWFLDL	6oz2_HL_agG_m0
6oz3_HL_agG_m0	ARGPSGENYPFHY	6oz3_HL_agG_m0
6oz4_HL_agG_m0	VRDRANGSGRRNVSEFRWFLDL	6oz2_HL_agG_m0
6oz6_ENA_agA_m0	AAFRVAVTTYAQQSTNEYNY	6oyh_ENA_agA_m0
6oz6_FNA_agB_m0	AAFRVAVTTYAQQSTNEYNY	6oyh_ENA_agA_m0
6oz6_GNA_agC_m0	AAFRVAVTTYAQQSTNEYNY	6oyh_ENA_agA_m0
6oz6_HNA_agD_m0	AAFRVAVTTYAQQSTNEYNY	6oyh_ENA_agA_m0
6oz9_HL_agB _ A_m0	ARGAWNVATYYYVYGMDV	6oz9_HL_agB _ A_m0
6ozc_CD_agA_m0	ARKGSDRLNDSDPFDA	2oqj_BA_agC_m0
6ozc_HL_agA_m0	ARKGSDRLNDSDPFDA	2oqj_BA_agC_m0
6ozc_JM_agE_m0	ARKGSDRLNDSDPFDA	2oqj_BA_agC_m0
6ozc_KN_agF_m0	ARKGSDRLNDSDPFDA	2oqj_BA_agC_m0
6ozc_OQ_agE_m0	ARKGSDRLNDSDPFDA	2oqj_BA_agC_m0
6ozc_PR_agF_m0	ARKGSDRLNDSDPFDA	2oqj_BA_agC_m0
6p3b_HL_ag_m0	ARVRTDRIDY	6p3b_HL_ag_m0
6p3r_AB_agL_m0	ARGFLERLLLGYYAGQRYGMDV	6p3r_AB_agL_m0
6p3r_CD_agE_m0	ARGFLERLLLGYYAGQRYGMDV	6p3r_AB_agL_m0
6p3s_AB_agL_m0	ARGFLERLLLGYYAGQRYGMDV	6p3r_AB_agL_m0
6p3s_CD_agE_m0	ARGFLERLLLGYYAGQRYGMDV	6p3r_AB_agL_m0
6p3s_FG_agH_m0	ARGFLERLLLGYYAGQRYGMDV	6p3r_AB_agL_m0
6p3s_IJ_agK_m0	ARGFLERLLLGYYAGQRYGMDV	6p3r_AB_agL_m0
6p3s_MN_agO_m0	ARGFLERLLLGYYAGQRYGMDV	6p3r_AB_agL_m0
6p3s_PQ_agR_m0	ARGFLERLLLGYYAGQRYGMDV	6p3r_AB_agL_m0
6p3s_ST_agU_m0	ARGFLERLLLGYYAGQRYGMDV	6p3r_AB_agL_m0
6p3s_VW_agX_m0	ARGFLERLLLGYYAGQRYGMDV	6p3r_AB_agL_m0
6p4a_HL_agC_m0	ANWDGDY	1c08_BA_agC_m0
6p4b_BA_agD_m0	ANWDGDY	1c08_BA_agC_m0
6p4b_HL_agC_m0	ANWDGDY	1c08_BA_agC_m0
6p4c_HL_ag_m0	ANWDGDY	1c08_BA_agC_m0
6p4y_HL_agNA_m0	ARRLYSNSYYYAMDY	6p4y_HL_agNA_m0
6p50_HL_agC_m0	ARRLYSNSYYYAMDY	6p4y_HL_agNA_m0
6p60_AB_agE_m0	VRDGVATEITTGDH	6p60_AB_agE_m0
6p60_CD_agF_m0	VRDGVATEITTGDH	6p60_AB_agE_m0
6p60_GH_agI_m0	VRDGVATEITTGDH	6p60_AB_agE_m0
6p60_JK_agL_m0	VRDGVATEITTGDH	6p60_AB_agE_m0
6p62_CD_agB_m0	ARFAGYRYWVSSYPDL	6p62_CD_agB_m0
6p62_FG_agE_m0	ARFAGYRYWVSSYPDL	6p62_CD_agB_m0
6p62_HL_agA_m0	ARFAGYRYWVSSYPDL	6p62_CD_agB_m0
6p65_CD_agB_m0	ARGAVTYDGLLYAGGKHFNL	6p65_CD_agB_m0
6p65_FG_agE_m0	ARGAVTYDGLLYAGGKHFNL	6p65_CD_agB_m0
6p65_HL_agA_m0	ARGAVTYDGLLYAGGKHFNL	6p65_CD_agB_m0
6p67_AB_agK_m0	ARGTYYDGSYFDY	6p67_AB_agK_m0
6p67_CD_agJ_m0	ARGTYYDGSYFDY	6p67_AB_agK_m0
6p67_EF_agG_m0	ARGTYYDGSYFDY	6p67_AB_agK_m0
6p67_HL_agNA_m0	ARGTYYDGSYFDY	6p67_AB_agK_m0
6p79_HL_ag_m0	ASGGELGFPY	6p79_HL_ag_m0
6p7h_AB_agC_m0	RRDPISSITEEFDY	6p7h_AB_agC_m0
6p8d_AB_agC_m0	ASGYVAFHY	6p8d_AB_agC_m0
6p8d_DE_agF_m0	ASGYVAFHY	6p8d_AB_agC_m0
6p8m_HL_agC_m0	ARGINSDTYWDFQH	6p8m_HL_agC_m0
6p8n_BD_agA_m0	ARGKNSDNYWDFQH	4jpk_HL_agA_m0
6p8n_HL_agC_m0	ARGKNSDNYWDFQH	4jpk_HL_agA_m0
6p91_HL_aga _ A_m0	ARSLHSTSPQSYMDV	7ul7_ED_agc_m0
6p95_DE_aga _ A_m0	ARDRRSGSPSVPLDV	6p95_DE_aga _ A_m0
6p95_FG_agb _ B_m0	ARDRRSGSPSVPLDV	6p95_DE_aga _ A_m0
6p95_HL_agc _ C_m0	ARDRRSGSPSVPLDV	6p95_DE_aga _ A_m0
6p9h_CD_agB_m0	ARKEDGRDRDVFDI	6p9h_CD_agB_m0
6p9h_HL_agA_m0	ARKEDGRDRDVFDI	6p9h_CD_agB_m0
6p9i_AB_ag_m0	ARDWPSITVANTADVYGMDV	6p9i_AB_ag_m0
6p9i_CD_ag_m0	ARDWPSITVANTADVYGMDV	6p9i_AB_ag_m0
6p9j_AB_ag_m0	AKPHCSSRTCQYYGSVRFGMDV	6p9j_AB_ag_m0
6p9j_HL_ag_m0	AKPHCSSRTCQYYGSVRFGMDV	6p9j_AB_ag_m0
6p9x_NNA_agA _ B _ G_m0	ARCPAPFTRDCSTVDFTTYAY	6oya_NNA_agA _ B_m0
6p9y_NNA_agA _ B_m0	ARCPAPFTRDCSTVDFTTYAY	6oya_NNA_agA _ B_m0
6pa0_AB_agC_m0	ARERGDGYFAV	1k4c_AB_agC_m0
6pb0_NNA_agA _ B_m0	ARCPAPFTRDCSTVDFTTYAY	6oya_NNA_agA _ B_m0
6pb1_NNA_agA _ B_m0	ARCPAPFTRDCSTVDFTTYAY	6oya_NNA_agA _ B_m0
6pbv_BA_agG_m0	ARDGFCPSNTYGSCYGMDV	6pbv_BA_agG_m0
6pbv_DC_agI_m0	ARDGFCPSNTYGSCYGMDV	6pbv_BA_agG_m0
6pbw_DC_agE_m0	ARDSFYDILSYHYVPYGMDV	6pbw_DC_agE_m0
6pci_HK_agA_m0	AKELLQVYTSAWYYSHGEGYALDV	6pci_HK_agA_m0
6pci_IL_agB_m0	AKELLQVYTSAWYYSHGEGYALDV	6pci_HK_agA_m0
6pci_JM_agC_m0	AKELLQVYTSAWYYSHGEGYALDV	6pci_HK_agA_m0
6pci_NQ_agA _ D_m0	ARGAWNVATYYYVYGMDV	6oz9_HL_agB _ A_m0
6pci_OR_agB _ E_m0	ARGAWNVATYYYVYGMDV	6oz9_HL_agB _ A_m0
6pci_PS_agC _ F_m0	ARGAWNVATYYYVYGMDV	6oz9_HL_agB _ A_m0
6pcu_CB_agA_m0	VADYYYSVPDV	6pcu_CB_agA_m0
6pcu_FE_agD_m0	VADYYYSVPDV	6pcu_CB_agA_m0
6pcu_IH_agG_m0	VADYYYSVPDV	6pcu_CB_agA_m0
6pdr_HL_agA_m0	AFSSRLFGY	6pdr_HL_agA_m0
6pds_BA_agC_m0	VRERVVAHYNYGLDS	6pds_BA_agC_m0
6pds_HL_agG_m0	VRERVVAHYNYGLDS	6pds_BA_agC_m0
6pdu_HL_agC_m0	TDFDF	6pdu_HL_agC_m0
6pdx_HL_agA_m0	ARHTLAYHYDDEGPQMYGDAFDL	6pdx_HL_agA_m0
6pdx_MN_agB_m0	ARHTLAYHYDDEGPQMYGDAFDL	6pdx_HL_agA_m0
6pdx_OP_agC_m0	ARHTLAYHYDDEGPQMYGDAFDL	6pdx_HL_agA_m0
6pe7_HL_ag_m0	ARSWGYFDV	6pe7_HL_ag_m0
6pe8_AB_agU_m0	ARSWGYFDV	6pe7_HL_ag_m0
6pe8_HL_agT_m0	ARSWGYFDV	6pe7_HL_ag_m0
6pe9_AB_agNA_m0	ARSWGYFDV	6pe7_HL_ag_m0
6pe9_CD_agG_m0	ARSWGYFDV	6pe7_HL_ag_m0
6pe9_EF_agU _ I_m0	ARSWGYFDV	6pe7_HL_ag_m0
6pe9_HL_agV_m0	ARSWGYFDV	6pe7_HL_ag_m0
6pe9_KM_agJ_m0	ARSWGYFDV	6pe7_HL_ag_m0
6pec_HL_agA_m0	GREGSGTWGKALDDS	6pec_HL_agA_m0
6pef_AB_agC_m0	AGSPVRQREQDY	6pef_AB_agC_m0
6pef_DE_agF_m0	AGSPVRQREQDY	6pef_AB_agC_m0
6peh_AB_ag_m0	ARGAVTYDGLLYAGGKHFNL	6p65_CD_agB_m0
6peh_HL_ag_m0	ARGAVTYDGLLYAGGKHFNL	6p65_CD_agB_m0
6phb_BA_agE_m0	ACSGSYSFFDY	6phb_BA_agE_m0
6phb_DC_agI_m0	ACSGSYSFFDY	6phb_BA_agE_m0
6phc_AB_agI_m0	VRVEYYYGSYYGSYDFDS	6phg_AB_ag_m0
6phc_CD_agE_m0	VRVEYYYGSYYGSYDFDS	6phg_AB_ag_m0
6phd_HL_agC_m0	VRVGGLGERGYYYDYYMDV	6phd_HL_agC_m0
6phf_AB_agG_m0	ARHSFKSNTGFDY	6phf_AB_agG_m0
6phf_CD_agE_m0	ARHSFKSNTGFDY	6phf_AB_agG_m0
6phg_AB_ag_m0	ARVEYYYDSYYGSYDFDY	6phg_AB_ag_m0
6phh_AB_ag_m0	VRVEYYYGSYYGSYDFDS	6phg_AB_ag_m0
6phh_CD_ag_m0	VRVEYYYGSYYGSYDFDS	6phg_AB_ag_m0
6pi7_CB_agA_m0	ARSHYRPWYAWKYGLDY	6pi7_CB_agA_m0
6pi7_FE_agD_m0	ARSHYRPWYAWKYGLDY	6pi7_CB_agA_m0
6pil_Aa_agNA_m0	VRKYGSEWGGDL	4hbc_HL_ag_m0
6pis_HL_agB_m0	ARVQYSGYNGAYFDV	6pis_HL_agB_m0
6pis_IM_agA_m0	ARVQYSGYNGAYFDV	6pis_HL_agB_m0
6pk8_Aa_agNA_m0	VRKYGSEWGGDL	4hbc_HL_ag_m0
6pk8_Bb_agNA_m0	VRKYGSEWGGDL	4hbc_HL_ag_m0
6pk8_Cc_agNA_m0	VRKYGSEWGGDL	4hbc_HL_ag_m0
6pk8_Dd_agNA_m0	VRKYGSEWGGDL	4hbc_HL_ag_m0
6plh_BA_agC_m0	ARRGHGNYEDY	6plh_BA_agC_m0
6plk_HL_agE_m0	AKDRLSRGGVELYDS	6plk_HL_agE_m0
6plk_IM_agF_m0	AKDRLSRGGVELYDS	6plk_HL_agE_m0
6ppg_BA_agG_m0	ARDIGGFGYFEWNFGL	6ppg_BA_agG_m0
6ppg_HL_agF_m0	ARDIGGFGYFEWNFGL	6ppg_BA_agG_m0
6psc_Aa_ag_m0	VRKYGSEWGGDL	4hbc_HL_ag_m0
6psc_Bb_ag_m0	VRKYGSEWGGDL	4hbc_HL_ag_m0
6psc_Cc_ag_m0	VRKYGSEWGGDL	4hbc_HL_ag_m0
6pt0_Ee_agA _ C _ B_m0	VRSIYYYSGSPFDF	6crk_Hh_agA _ B _ G_m0
6pv7_FG_agD _ E_m0	ASGYDGYPYTMDY	6pv7_FG_agD _ E_m0
6pv7_HI_agA _ B_m0	ASGYDGYPYTMDY	6pv7_FG_agD _ E_m0
6pv8_FG_agD _ E_m0	ASGYDGYPYTMDY	6pv7_FG_agD _ E_m0
6pv8_HI_agA _ B_m0	ASGYDGYPYTMDY	6pv7_FG_agD _ E_m0
6pwc_HL_agA _ R_m0	ARSRQFWYSGLDY	4jqi_HL_agA _ V_m0
6pwu_HL_agA _ C _ E_m0	AREAGGPIWHDDVKYYNYYGDNFDYHYMDV	3mug_BA_ag_m0
6pxg_AB_ag_m0	ARGGSSFAMDY	6pxg_AB_ag_m0
6pxg_CD_ag_m0	ARGGSSFAMDY	6pxg_AB_ag_m0
6pxg_EF_ag_m0	ARGGSSFAMDY	6pxg_AB_ag_m0
6pxg_HL_ag_m0	ARGGSSFAMDY	6pxg_AB_ag_m0
6pxh_CD_agA_m0	ARGGSSFAMDY	6pxg_AB_ag_m0
6pxh_HL_agB_m0	ARGGSSFAMDY	6pxg_AB_ag_m0
6pxr_HL_agA_m0	SISWDGAMDY	6pxr_HL_agA_m0
6pyc_AB_ag_m0	AQRGNYVPFPY	6pyc_AB_ag_m0
6pyd_AB_agB_m0	ARARYGYGFDY	6pyd_AB_agB_m0
6pyd_HL_agH_m0	ARARYGYGFDY	6pyd_AB_agB_m0
6pz8_CG_agJ_m0	ARGGSSFAMDY	6pxg_AB_ag_m0
6pz8_DK_agF_m0	ARGGSSFAMDY	6pxg_AB_ag_m0
6pz8_HL_agB_m0	ARGGSSFAMDY	6pxg_AB_ag_m0
6pze_HL_agA_m0	ARDPGLEWELSLVSNWFDP	6pze_HL_agA_m0
6pzf_FE_agB_m0	ASSTAAEFFDY	6pzf_FE_agB_m0
6pzf_HL_agA_m0	ASSTAAEFFDY	6pzf_FE_agB_m0
6pzg_HL_ag_m0	ARVIPGTVADYFDY	6pzg_HL_ag_m0
6pzh_BA_ag_m0	AKDKRFITMVLIGPFDY	6pzh_BA_ag_m0
6pzh_HL_ag_m0	AKDKRFITMVLIGPFDY	6pzh_BA_ag_m0
6pzw_FE_agC_m0	AKDKRFITMVLIGPFDY	6pzh_BA_ag_m0
6pzw_HL_agA_m0	AKDKRFITMVLIGPFDY	6pzh_BA_ag_m0
6pzw_JG_agB_m0	AKDKRFITMVLIGPFDY	6pzh_BA_ag_m0
6pzw_KI_agD_m0	AKDKRFITMVLIGPFDY	6pzh_BA_ag_m0
6pzy_CD_agA_m0	ARDPSFWSSTSYYPSTRYGMDV	6pzy_CD_agA_m0
6pzy_GJ_agB_m0	ARDPSFWSSTSYYPSTRYGMDV	6pzy_CD_agA_m0
6pzy_HK_agE_m0	ARDPSFWSSTSYYPSTRYGMDV	6pzy_CD_agA_m0
6pzy_IL_agF_m0	ARDPSFWSSTSYYPSTRYGMDV	6pzy_CD_agA_m0
6pzz_FE_agB_m0	ARVIPGTVADYFDY	6pzg_HL_ag_m0
6pzz_HL_agA_m0	ARVIPGTVADYFDY	6pzg_HL_ag_m0
6pzz_IG_agC_m0	ARVIPGTVADYFDY	6pzg_HL_ag_m0
6pzz_KJ_agD_m0	ARVIPGTVADYFDY	6pzg_HL_ag_m0
6q0e_HL_agA_m0	ARAPPYCSSTSCYYYDDPYYMDV	6q0h_HL_agA_m0
6q0h_HL_agA_m0	ARAPPYCTSASCYYYDDPYYMDV	6q0h_HL_agA_m0
6q0i_HL_agA_m0	ARAPPYCTSASCYYYDDPYYMDV	6q0h_HL_agA_m0
6q0l_HL_agA_m0	ARAPPYCTSASCYYYDDPYYMDV	6q0h_HL_agA_m0
6q0o_ZB_agA_m0	ARAPPYCSSASCYYYDDPFFLDV	6q0o_ZB_agA_m0
6q18_HL_agA_m0	AKVPPYCTSASCYYYDDPHYMDV	6q18_HL_agA_m0
6q19_HL_ag_m0	ARAPPYCTSASCYYYDDPYYMDV	6q0h_HL_agA_m0
6q1a_HL_ag_m0	ARAPPYYYYMDV	6q1a_HL_ag_m0
6q1e_HL_ag_m0	ARAPPYCSSTSCYYYDDPYYMDV	6q0h_HL_agA_m0
6q1g_HL_ag_m0	AKVPPYCTSASCYYYDDPHYMDV	6q18_HL_agA_m0
6q1j_HL_ag_m0	ARAPPYCSSASCYYYDDPFFLDV	6q0o_ZB_agA_m0
6q1k_HL_ag_m0	ARAPPYCTSASCYYYDDPYYMDV	6q0h_HL_agA_m0
6q1z_DC_agB_m0	ARVRTWGEYTTRSHIPEEWYFDL	6q1z_DC_agB_m0
6q1z_HL_agA_m0	ARVRTWGEYTTRSHIPEEWYFDL	6q1z_DC_agB_m0
6q20_HL_agA_m0	ARVRTWGDYTTGSNIIEEWYFDL	6q20_HL_agA_m0
6q23_EF_agC_m0	ARTSSWGDYTRGTIKPEPWYFDL	6q23_EF_agC_m0
6q23_GI_agD_m0	ARTSSWGDYTRGTIKPEPWYFDL	6q23_EF_agC_m0
6q23_HL_agA_m0	ARTSSWGDYTRGTIKPEPWYFDL	6q23_EF_agC_m0
6q23_JK_agB_m0	ARTSSWGDYTRGTIKPEPWYFDL	6q23_EF_agC_m0
6q6z_BNA_agA_m0	AASQYDY	6q6z_BNA_agA_m0
6qb3_Xx_agA_m0	ARQVGATWAFDI	5mes_HL_agA_m0
6qb4_Xx_agA_m0	ARQVGATWAFDI	5mes_HL_agA_m0
6qb6_HL_agA_m0	ARQVGATWAFDI	5mes_HL_agA_m0
6qb9_Aa_ag_m0	ARQVGATWAFDI	5mes_HL_agA_m0
6qb9_Xx_ag_m0	ARQVGATWAFDI	5mes_HL_agA_m0
6qbc_HL_ag_m0	ARQVGATWAFDI	5mes_HL_agA_m0
6qcu_HL_ag_m0	AKSVRLSPRSPFDL	6qcu_HL_ag_m0
6qd6_ANA_ag_m0	AARRRGFTLAARTPNEYDY	6qd6_ANA_ag_m0
6qd6_BNA_ag_m0	AARRRGFTLAARTPNEYDY	6qd6_ANA_ag_m0
6qd6_CNA_ag_m0	AARRRGFTLAARTPNEYDY	6qd6_ANA_ag_m0
6qd6_DNA_ag_m0	AARRRGFTLAARTPNEYDY	6qd6_ANA_ag_m0
6qd6_ENA_ag_m0	AARRRGFTLAARTPNEYDY	6qd6_ANA_ag_m0
6qd6_FNA_ag_m0	AARRRGFTLAARTPNEYDY	6qd6_ANA_ag_m0
6qd6_GNA_ag_m0	AARRRGFTLAARTPNEYDY	6qd6_ANA_ag_m0
6qd6_HNA_ag_m0	AAT	6qd6_HNA_ag_m0
6qd6_INA_ag_m0	AARRRGFTLAARTPNEYDY	6qd6_ANA_ag_m0
6qd6_JNA_ag_m0	AARRRGFTLAARTPNEYDY	6qd6_ANA_ag_m0
6qd7_HL_agD _ C_m0	AKSVRLSPRSPFDL	6qcu_HL_ag_m0
6qd7_UP_agB _ A_m0	AKSVRLSPRSPFDL	6qcu_HL_ag_m0
6qd7_XZ_agF _ E_m0	AKSVRLSPRSPFDL	6qcu_HL_ag_m0
6qd8_HL_agF _ E_m0	LRLSHYGGA	6qd8_HL_agF _ E_m0
6qd8_QY_agB _ A_m0	LRLSHYGGA	6qd8_HL_agF _ E_m0
6qd8_WZ_agD _ C_m0	LRLSHYGGA	6qd8_HL_agF _ E_m0
6qee_CB_agA_m0	ARLPIQFGFNYPMDY	5jue_HL_ag_m0
6qex_CB_agA_m0	ARLPIQFGFNYPMDY	5jue_HL_ag_m0
6qf6_Aa_ag_m0	ARQVGATWAFDI	5mes_HL_agA_m0
6qf6_Bb_ag_m0	ARQVGATWAFDI	5mes_HL_agA_m0
6qf6_Cc_ag_m0	ARQVGATWAFDI	5mes_HL_agA_m0
6qf6_Dd_ag_m0	ARQVGATWAFDI	5mes_HL_agA_m0
6qf9_Aa_ag_m0	ARQVGATWAFDI	5mes_HL_agA_m0
6qf9_Bb_ag_m0	ARQVGATWAFDI	5mes_HL_agA_m0
6qfa_KNA_agB_m0	AAKGRYSGGPYYLTNYDY	5o8f_KNA_agA_m0
6qfa_LNA_agC_m0	AAKGRYSGGPYYLTNYDY	5o8f_KNA_agA_m0
6qfa_MNA_agD_m0	AAKGRYSGGPYYLTNYDY	5o8f_KNA_agA_m0
6qfa_NNA_agE_m0	AAKGRYSGGPYYLTNYDY	5o8f_KNA_agA_m0
6qfa_ONA_agA_m0	AAKGRYSGGPYYLTNYDY	5o8f_KNA_agA_m0
6qfc_Bb_agA_m0	ARQVGATWAFDI	5mes_HL_agA_m0
6qgw_BNA_agA_m0	AADPQWSRRVSGADY	6qgw_BNA_agA_m0
6qgx_BNA_agA_m0	AAKTGTWADLTRRYDY	6qgy_BNA_agA_m0
6qgy_BNA_agA_m0	AAKTGTWADMTRRYDY	6qgy_BNA_agA_m0
6qgy_DNA_agC_m0	AAKTGTWADMTRRYDY	6qgy_BNA_agA_m0
6qig_HL_agA_m0	ARRVAWDHGDYTSYAMDY	6qig_HL_agA_m0
6qkd_HNA_ag_m0	AVRRRFDGTTYYSGDYDS	6qkd_HNA_ag_m0
6qkd_INA_ag_m0	AVRRRFDGTTYYSGDYDS	6qkd_HNA_ag_m0
6qkd_JNA_ag_m0	AVRRRFDGTTYYSGDYDS	6qkd_HNA_ag_m0
6qkd_KNA_ag_m0	AVRRRFDGTTYYSGDYDS	6qkd_HNA_ag_m0
6qn7_AB_ag_m0	AKCSVGDSGSYAGKRGTCEYVDA	6qn7_AB_ag_m0
6qn7_HL_ag_m0	AKCSVGDSGSYAGKRGTCEYVDA	6qn7_AB_ag_m0
6qn8_AB_ag_m0	ATLGCYFVEGVGYDTHQLGYTCTFHDA	6qn8_AB_ag_m0
6qn8_CD_ag_m0	ATLGCYFVEGVGYDTHQLGYTCTFHDA	6qn8_AB_ag_m0
6qn8_EF_ag_m0	ATLGCYFVEGVGYDTHQLGYTCTFHDA	6qn8_AB_ag_m0
6qn8_GI_ag_m0	ATLGCYFVEGVGYDTHQLGYTCTFHDA	6qn8_AB_ag_m0
6qn8_HL_ag_m0	ATLGCYFVEGVGYDTHQLGYTCTFHDA	6qn8_AB_ag_m0
6qn8_JK_ag_m0	ATLGCYFVEGVGYDTHQLGYTCTFHDA	6qn8_AB_ag_m0
6qn9_HL_ag_m0	AKCSVGDSGSYAGKRGTCEYVDA	6qn7_AB_ag_m0
6qna_AB_ag_m0	ATLGCYFVEGVGYDTHQLGYTCTFHDA	6qn8_AB_ag_m0
6qna_CD_ag_m0	ATLGCYFVEGVGYDTHQLGYTCTFHDA	6qn8_AB_ag_m0
6qna_EF_ag_m0	ATLGCYFVEGVGYDTHQLGYTCTFHDA	6qn8_AB_ag_m0
6qna_HL_ag_m0	ATLGCYFVEGVGYDTHQLGYTCTFHDA	6qn8_AB_ag_m0
6qnk_BA_ag_m0	VRSIYYYSGSPFDF	6crk_Hh_agA _ B _ G_m0
6qnk_DC_ag_m0	VRSIYYYSGSPFDF	6crk_Hh_agA _ B _ G_m0
6qno_HL_agA _ B _ G_m0	VRSIYYYSGSPFDF	6crk_Hh_agA _ B _ G_m0
6qpg_MNA_agA _ B_m0	AKRRYGGIWPQGTTDYDY	6qpg_MNA_agA _ B_m0
6qpg_NNA_agD _ E_m0	AKRRYGGIWPQGTTDYDY	6qpg_MNA_agA _ B_m0
6qpg_ONA_agG _ H_m0	AKRRYGGIWPQGTTDYDY	6qpg_MNA_agA _ B_m0
6qpg_PNA_agJ _ K_m0	AKRRYGGIWPQGTTDYDY	6qpg_MNA_agA _ B_m0
6qtl_ANA_agA_m0	TATRAYSVGYDY	6qtl_ANA_agA_m0
6qtl_BNA_agH_m0	TATRAYSVGYDY	6qtl_ANA_agA_m0
6qtl_CNA_agA_m0	TATRAYSVGYDY	6qtl_ANA_agA_m0
6qtl_DNA_agD_m0	TATRAYSVGYDY	6qtl_ANA_agA_m0
6qtl_ENA_agE_m0	TATRAYSVGYDY	6qtl_ANA_agA_m0
6qtl_FNA_agE_m0	TATRAYSVGYDY	6qtl_ANA_agA_m0
6qtl_GNA_agD_m0	TATRAYSVGYDY	6qtl_ANA_agA_m0
6qtl_HNA_agH_m0	TATRAYSVGYDY	6qtl_ANA_agA_m0
6qu9_AB_ag_m0	VRWPGDY	6qu9_AB_ag_m0
6qu9_HL_ag_m0	VRWPGDY	6qu9_AB_ag_m0
6qup_BNA_agA_m0	NARVYFGDRDY	6qup_BNA_agA_m0
6quz_ENA_agB _ A_m0	AAADTGSDTDWLPWVYWY	6quz_ENA_agB _ A_m0
6quz_FNA_agD _ C_m0	AAADTGSDTDWLPWVYWY	6quz_ENA_agB _ A_m0
6qv0_ENA_agB _ A_m0	AAADTGSDTDWLPWVYWY	6quz_ENA_agB _ A_m0
6qv0_FNA_agD _ C_m0	AAADTGSDTDWLPWVYWY	6quz_ENA_agB _ A_m0
6qv1_ENA_agB _ A_m0	HASLPGLPY	6qv1_ENA_agB _ A_m0
6qv1_FNA_agD _ C_m0	HASLPGLPY	6qv1_ENA_agB _ A_m0
6qv2_ENA_agB_m0	AADRGYSEYDLIVLDCPYGMDY	6qv2_ENA_agB_m0
6qv2_FNA_agD_m0	AADRGYSEYDLIVLDCPYGMDY	6qv2_ENA_agB_m0
6qx3_ONA_agA _ B_m0	AKRRYGGIWPQGTTDYDY	6qpg_MNA_agA _ B_m0
6qx4_CNA_agA_m0	HADFSTGWAPYDY	6qx4_CNA_agA_m0
6qx4_DNA_agA_m0	ATEGKYGRTQGYWLEYHY	6hhu_HNA_agA_m0
6qx4_ENA_agB_m0	HADFSTGWAPYDY	6qx4_CNA_agA_m0
6qx4_HNA_agB_m0	ATEGKYGRTQGYWLEYHY	6hhu_HNA_agA_m0
6qxe_MNA_agE _ F_m0	AKRRYGGIWPQGTTDYDY	6qpg_MNA_agA _ B_m0
6qxe_ONA_agA _ B_m0	AKRRYGGIWPQGTTDYDY	6qpg_MNA_agA _ B_m0
6r0x_AB_agE_m0	ARSYGSSYGIDY	6r0x_AB_agE_m0
6r0x_CD_agF_m0	ARSYGSSYGIDY	6r0x_AB_agE_m0
6r2s_BA_agC_m0	ARDGTGALDL	6r2s_BA_agC_m0
6r7t_ANA_agB_m0	AAAAWRVGTYDY	6r7t_ANA_agB_m0
6r8x_CB_agA_m0	ARELSYLYGSYYFDY	6r8x_CB_agA_m0
6raf_CNA_agB_m0	ATVTAVLLPCRGVPGKY	6raf_CNA_agB_m0
6rag_CNA_agB_m0	ATVTAVLLPCRGVPGKY	6raf_CNA_agB_m0
6rah_CNA_agB_m0	ATVTAVLLPCRGVPGKY	6raf_CNA_agB_m0
6rai_CNA_agB_m0	ATVTAVLLPCRGVPGKY	6raf_CNA_agB_m0
6raj_CNA_agB_m0	ATVTAVLLPCRGVPGKY	6raf_CNA_agB_m0
6rak_CNA_agB_m0	ATVTAVLLPCRGVPGKY	6raf_CNA_agB_m0
6ral_CNA_agB_m0	ATVTAVLLPCRGVPGKY	6raf_CNA_agB_m0
6ram_CNA_agB_m0	ATVTAVLLPCRGVPGKY	6raf_CNA_agB_m0
6ran_CNA_agB_m0	ATVTAVLLPCRGVPGKY	6raf_CNA_agB_m0
6rbb_HNA_ag_m0	AVRRRFDGTTYYSGDYDS	6qkd_HNA_ag_m0
6rbb_INA_ag_m0	AVRRRFDGTTYYSGDYDS	6qkd_HNA_ag_m0
6rbb_JNA_ag_m0	AVRRRFDGTTYYSGDYDS	6qkd_HNA_ag_m0
6rbb_KNA_ag_m0	AVRRRFDGTTYYSGDYDS	6qkd_HNA_ag_m0
6rco_AB_ag_m0	ARDKHSWSYAFDI	6rco_AB_ag_m0
6rco_CD_ag_m0	ARDKHSWSYAFDI	6rco_AB_ag_m0
6rcq_AB_ag_m0	ARESPNYYDSSGSYYGYYFDY	6rcq_AB_ag_m0
6rcs_AB_ag_m0	ARDGPQQVYYYYGMDV	6rcs_AB_ag_m0
6rcu_BC_agA_m0	ARDKHSWSYAFDI	6rco_AB_ag_m0
6rcu_ED_agA_m0	ARDGPQVGDFDYYYVQWYGMDV	6rcu_ED_agA_m0
6rcv_CB_agA_m0	ARESPNYYDSSGSYYGYYFDY	6rcq_AB_ag_m0
6rcv_ED_agA_m0	ARDGPQVGDFDYYYVQWYGMDV	6rcu_ED_agA_m0
6rcv_HG_agF_m0	ARESPNYYDSSGSYYGYYFDY	6rcq_AB_ag_m0
6rcv_JI_agF_m0	ARDGPQVGDFDYYYVQWYGMDV	6rcu_ED_agA_m0
6rlm_AB_agNA_m0	AKAVSGYFPYFDY	6rlm_AB_agNA_m0
6rlm_CD_agNA_m0	AKAVSGYFPYFDY	6rlm_AB_agNA_m0
6rlm_EF_agNA_m0	AKAVSGYFPYFDY	6rlm_AB_agNA_m0
6rlm_GH_agNA_m0	AKAVSGYFPYFDY	6rlm_AB_agNA_m0
6rlm_IJ_agNA_m0	AKAVSGYFPYFDY	6rlm_AB_agNA_m0
6rlm_KL_agNA_m0	AKAVSGYFPYFDY	6rlm_AB_agNA_m0
6rlm_MN_agNA_m0	AKAVSGYFPYFDY	6rlm_AB_agNA_m0
6rlm_OP_agNA_m0	AKAVSGYFPYFDY	6rlm_AB_agNA_m0
6rlo_AB_agI_m0	AKAVSGYFPYFDY	6rlm_AB_agNA_m0
6rlo_CD_agJ_m0	AKAVSGYFPYFDY	6rlm_AB_agNA_m0
6rlo_EF_agK_m0	AKAVSGYFPYFDY	6rlm_AB_agNA_m0
6rlo_GH_agL_m0	AKAVSGYFPYFDY	6rlm_AB_agNA_m0
6rnk_BNA_agA_m0	AADPFGERLCIAFTNPDGYLET	6ibb_BNA_agA_m0
6rnn_DC_ag_m0	AREGVLHWYFAV	6rnn_DC_ag_m0
6rnn_HL_ag_m0	AREGVLHWYFAV	6rnn_DC_ag_m0
6rp8_HL_agC_m0	ARTGWLGPFDY	7su1_HL_agC_m0
6rp8_hl_agc_m0	ARTGWLGPFDY	7su1_HL_agC_m0
6rpj_BNA_agA_m0	AAAPEGRAWCPDRSSGYNY	6rpj_BNA_agA_m0
6rpj_DNA_agC_m0	AAAPEGRAWCPDRSSGYNY	6rpj_BNA_agA_m0
6rpj_FNA_agE_m0	AAAPEGRAWCPDRSSGYNY	6rpj_BNA_agA_m0
6rpj_HNA_agG_m0	AAAPEGRAWCPDRSSGYNY	6rpj_BNA_agA_m0
6rps_HL_agA_m0	TRDFGYFDSGSPFDY	6rps_HL_agA_m0
6rps_NM_agB_m0	TRDFGYFDSGSPFDY	6rps_HL_agA_m0
6rqm_BNA_agA_m0	AADVIPTETCLSWSGGGPFGY	6rqm_BNA_agA_m0
6rtw_BNA_agA_m0	SAVLVRFGGLRRSY	6rtw_BNA_agA_m0
6rty_BNA_agA_m0	SAVLVRFGGLRRSY	6rtw_BNA_agA_m0
6ru3_CNA_ag_m0	AAGRAILVHKTTKEYDH	6ru3_CNA_ag_m0
6ru5_CNA_agB _ A_m0	AAGTGWSPDTQNEYNY	8oq3_CNA_agA_m0
6ruv_RNA_agY _ X_m0	AAGRAILVHKTTKEYDH	6ru3_CNA_ag_m0
6ruv_SNA_agV _ U_m0	AAGRAILVHKTTKEYDH	6ru3_CNA_ag_m0
6rvc_DNA_agA_m0	ARKVAGGSYKQYDKYDY	6rvc_DNA_agA_m0
6rvc_ENA_agB_m0	ARKVAGGSYKQYDKYDY	6rvc_DNA_agA_m0
6rvc_FNA_agC_m0	ARKVAGGSYKQYDKYDY	6rvc_DNA_agA_m0
6s0y_ANA_agC_m0	GAERYNVEGCGYDVAY	6s0y_ANA_agC_m0
6s0y_BNA_agD_m0	GAERYNVEGCGYDVAY	6s0y_ANA_agC_m0
6s3d_AB_agN_m0	ATETALVVSTPLYTHYFDN	5udc_BC_agA_m0
6s3d_CD_agM_m0	ATETALVVSTPLYTHYFDN	5udc_BC_agA_m0
6s3d_EF_agO_m0	ATETALVVSTPLYTHYFDN	5udc_BC_agA_m0
6s3d_HL_agP_m0	ATETALVVSTPLYTHYFDN	5udc_BC_agA_m0
6s3t_DC_agS_m0	AREGVLHWYFAV	6rnn_DC_ag_m0
6s3t_EI_agT_m0	AREGVLHWYFAV	6rnn_DC_ag_m0
6s3t_NM_agA_m0	AREGVLHWYFAV	6rnn_DC_ag_m0
6s3t_RQ_agB_m0	AREGVLHWYFAV	6rnn_DC_ag_m0
6s5a_HL_agD _ A_m0	VRPYDYGAWFAS	6s5a_HL_agD _ A_m0
6s8d_HL_agA_m0	TTHVPDYNASYYWVY	6s8d_HL_agA_m0
6s8d_PO_agC_m0	TTHVPDYNASYYWVY	6s8d_HL_agA_m0
6s8d_YU_agE_m0	TTHVPDYNASYYWVY	6s8d_HL_agA_m0
6s8i_HL_agA_m0	LTPPPRRY	6s8i_HL_agA_m0
6s8i_PO_agC_m0	LTPPPRRY	6s8i_HL_agA_m0
6s8i_YU_agE_m0	LTPPPRRY	6s8i_HL_agA_m0
6s8j_HL_agA_m0	VRGPFYCDCTGPNDY	6s8j_HL_agA_m0
6s8j_PO_agC_m0	VRGPFYCDCTGPNDY	6s8j_HL_agA_m0
6s8j_YU_agE_m0	VRGPFYCDCTGPNDY	6s8j_HL_agA_m0
6sc5_BNA_agA_m0	AKGSYSRGTPFDY	6sc5_BNA_agA_m0
6sc5_CNA_agA_m0	AKGSYSRGTPFDY	6sc5_BNA_agA_m0
6sc6_BNA_agA_m0	AKGSYSRGTPFDY	6sc5_BNA_agA_m0
6sc6_CNA_agA_m0	AKGSYSRGTPFDY	6sc5_BNA_agA_m0
6sc7_BNA_agA_m0	AKGSYSRGTPFDY	6sc5_BNA_agA_m0
6sc7_CNA_agA_m0	AKGSYSRGTPFDY	6sc5_BNA_agA_m0
6sc8_BNA_agA_m0	AKGSYSRGTPFDY	6sc5_BNA_agA_m0
6sc8_CNA_agA_m0	AKGSYSRGTPFDY	6sc5_BNA_agA_m0
6sc9_BNA_agA_m0	AKGSYSRGTPFDY	6sc5_BNA_agA_m0
6sc9_CNA_agA_m0	AKGSYSRGTPFDY	6sc5_BNA_agA_m0
6sf6_AB_agD_m0	ARGGFFYDVDYWYFDV	6sf6_AB_agD_m0
6sf6_HL_agC_m0	ARGGFFYDVDYWYFDV	6sf6_AB_agD_m0
6sge_BNA_agC_m0	APINNRTMQMSDFLWNY	6sge_BNA_agC_m0
6sge_DNA_agA_m0	APINNRTMQMSDFLWNY	6sge_BNA_agC_m0
6shg_HL_agB_m0	TRGRGDRGDLFGY	4s2s_AB_ag_m0
6snc_BA_agC_m0	VRMPSHGFWSYSFSTWYFDL	6snc_BA_agC_m0
6snc_HL_agP_m0	VRMPSHGFWSYSFSTWYFDL	6snc_BA_agC_m0
6snd_BA_agC_m0	VRMPSHGFWSYSFSTWYFDL	6snc_BA_agC_m0
6snd_HL_agP_m0	VRMPSHGFWSYSFSTWYFDL	6snc_BA_agC_m0
6sne_BA_agO_m0	VRMPSHGFWSYSFSTWYFDL	6snc_BA_agC_m0
6sne_DC_agJ_m0	VRMPSHGFWSYSFSTWYFDL	6snc_BA_agC_m0
6sne_FE_agN_m0	VRMPSHGFWSYSFSTWYFDL	6snc_BA_agC_m0
6sne_HL_agP_m0	VRMPSHGFWSYSFSTWYFDL	6snc_BA_agC_m0
6snh_HL_agX_m0	AREYWSWYSYSYGIDY	6snh_HL_agX_m0
6sni_HL_agX_m0	AREYWSWYSYSYGIDY	6snh_HL_agX_m0
6srv_HL_agNA_m0	ARLRADLGLYMDL	6srv_HL_agNA_m0
6srv_IM_agNA_m0	ARLRADLGLYMDL	6srv_HL_agNA_m0
6srx_HL_ag_m0	ARLRADLGLYMDL	6srv_HL_agNA_m0
6srx_IM_ag_m0	ARLRADLGLYMDL	6srv_HL_agNA_m0
6ss0_HL_agNA_m0	ARLRADLGLYMDL	6srv_HL_agNA_m0
6ss0_IM_agNA_m0	ARLRADLGLYMDL	6srv_HL_agNA_m0
6ss2_HL_agA_m0	ARLRADLGLYMDL	6srv_HL_agNA_m0
6ss4_HL_agA_m0	ARLRADLGLYMDL	6srv_HL_agNA_m0
6ss5_HL_agNA_m0	ARLRADLGLYMDL	6srv_HL_agNA_m0
6ss6_HL_agA_m0	ARLRADLGLYMDL	6srv_HL_agNA_m0
6ss6_IM_agB_m0	ARLRADLGLYMDL	6srv_HL_agNA_m0
6ss6_JN_agC_m0	ARLRADLGLYMDL	6srv_HL_agNA_m0
6ssi_FNA_agA_m0	NVGAS	6ssi_FNA_agA_m0
6ssi_GNA_agB_m0	NVGAS	6ssi_FNA_agA_m0
6ssi_HNA_agC_m0	NVGAS	6ssi_FNA_agA_m0
6ssi_INA_agD_m0	NVGAS	6ssi_FNA_agA_m0
6ssi_JNA_agE_m0	NVGAS	6ssi_FNA_agA_m0
6ssp_KNA_agA _ C _ B _ E _ D_m0	AAGRDADPTIFESRLIAYPFDY	6ssp_KNA_agA _ C _ B _ E _ D_m0
6ssp_LNA_agH _ G _ F _ I _ J_m0	AAGRDADPTIFESRLIAYPFDY	6ssp_KNA_agA _ C _ B _ E _ D_m0
6suz_HL_agA_m0	ALYYYDVSY	2w9d_HL_ag_m0
6sv2_HL_agA_m0	ALYYYDVSY	2w9d_HL_ag_m0
6svl_AB_agC_m0	ARGGFDTHNYAMDY	6svl_AB_agC_m0
6svl_DE_agF_m0	ARGGFDTHNYAMDY	6svl_AB_agC_m0
6svl_GI_agJ_m0	ARGGFDTHNYAMDY	6svl_AB_agC_m0
6svl_HL_agQ_m0	ARGGFDTHNYAMDY	6svl_AB_agC_m0
6svl_KM_agN_m0	ARGGFDTHNYAMDY	6svl_AB_agC_m0
6svl_OP_agR_m0	ARGGFDTHNYAMDY	6svl_AB_agC_m0
6swr_ANA_ag_m0	NAKEKGWFSSLYDY	6hd8_ANA_ag_m0
6swr_DNA_ag_m0	NAKEKGWFSSLYDY	6hd8_ANA_ag_m0
6sxi_AB_agNA_m0	ARPWAFGNGYAWFAY	6sxi_AB_agNA_m0
6sxi_HL_agNA_m0	ALITTTTYAMDY	4hs6_BA_agZ_m0
6t2j_ANA_ag_m0	AKGSYSRGTPFDY	6sc5_BNA_agA_m0
6t2j_BNA_ag_m0	AKGSYSRGTPFDY	6sc5_BNA_agA_m0
6t3f_HL_agF_m0	ARGSGSGWSWFNI	6t3f_HL_agF_m0
6t3j_AB_agE_m0	VRGLYTYYFDY	6t3j_AB_agE_m0
6t3j_CD_agE_m0	ARWGTNVYFAY	6t3j_CD_agE_m0
6t3j_FG_agJ_m0	VRGLYTYYFDY	6t3j_AB_agE_m0
6t3j_HI_agJ_m0	ARWGTNVYFAY	6t3j_CD_agE_m0
6t9d_AB_agD_m0	ARDDGYFDT	6t9d_AB_agD_m0
6t9d_HL_agC_m0	ARDDGYFDT	6t9d_AB_agD_m0
6t9e_AB_agC_m0	ARDDGYFDT	6t9d_AB_agD_m0
6t9e_HL_agD_m0	ARDDGYFDT	6t9d_AB_agD_m0
6tcm_HL_ag_m0	ARGSHYFHGWHFAV	2xa8_HL_ag_m0
6tcn_BA_ag_m0	ARGSHYFHGWHFAV	2xa8_HL_ag_m0
6tcn_HL_ag_m0	ARGSHYFHGWHFAV	2xa8_HL_ag_m0
6tco_BA_ag_m0	ARGSHYFHGWHFAV	2xa8_HL_ag_m0
6tco_HL_ag_m0	ARGSHYFHGWHFAV	2xa8_HL_ag_m0
6tcp_BA_ag_m0	ARGSHYFHGWHFAV	2xa8_HL_ag_m0
6tcp_DC_ag_m0	ARGSHYFHGWHFAV	2xa8_HL_ag_m0
6tcp_FE_ag_m0	ARGSHYFHGWHFAV	2xa8_HL_ag_m0
6tcp_HL_ag_m0	ARGSHYFHGWHFAV	2xa8_HL_ag_m0
6tcq_HL_ag_m0	ARGSHYFHGWHFAV	2xa8_HL_ag_m0
6tcr_HL_ag_m0	ARGSHYFHGWHFAV	2xa8_HL_ag_m0
6tej_CNA_agB_m0	NVKDTGQRMESYDY	6tej_CNA_agB_m0
6tgg_Hh_agP_m0	TGVGQFAY	1sm3_HL_agP_m0
6tkb_HL_agNA_m0	TRREVYGRYNYALDY	6fax_HL_agR_m0
6tkb_IM_agNA_m0	TRREVALDY	6tkb_IM_agNA_m0
6tkc_HL_agNA_m0	TRREVYYYALDY	6tkc_HL_agNA_m0
6tkd_HL_agNA_m0	TRREVYNYYALDY	6tkd_HL_agNA_m0
6tke_HL_agNA_m0	TRREVYYYALDY	6tkc_HL_agNA_m0
6tkf_HL_agNA_m0	TRREVYYYALDY	6tkc_HL_agNA_m0
6tko_HL_agB _ A_m0	ARSRQFWYSGLDY	4jqi_HL_agA _ V_m0
6tou_Aa_agG_m0	ARGTYSDFGSWSPLDY	6tou_Aa_agG_m0
6tul_HL_agNA_m0	ARLRADLGLYMDL	6srv_HL_agNA_m0
6txz_HL_agA_m0	AKANWGFFDY	6txz_HL_agA_m0
6txz_IM_agB_m0	AKANWGFFDY	6txz_HL_agA_m0
6txz_JN_agC_m0	AKANWGFFDY	6txz_HL_agA_m0
6txz_KO_agD_m0	AKANWGFFDY	6txz_HL_agA_m0
6tyb_HL_agG_m0	ARSYEDNYGYFLDYFFFDY	6tyb_HL_agG_m0
6tyl_CNA_agA_m0	NTYPVNSA	6tyl_CNA_agA_m0
6tyl_DNA_agA_m0	ARTSRASVTVRTADFGY	6tyl_DNA_agA_m0
6tyl_ENA_agA_m0	HSFSYNNY	6tyl_ENA_agA_m0
6tyl_HNA_agF_m0	NTYPVNSA	6tyl_CNA_agA_m0
6tyl_INA_agF_m0	ARTSRASVTVRTADFGY	6tyl_DNA_agA_m0
6tyl_JNA_agF_m0	HSFLRHTAASSYNNY	6tyl_JNA_agF_m0
6tys_CD_agB_m0	ARQGDYAWFAY	6tys_CD_agB_m0
6tys_FG_agE_m0	ARQGDYAWFAY	6tys_CD_agB_m0
6tys_HL_agA_m0	ARQGDYAWFAY	6tys_CD_agB_m0
6u02_DC_agB_m0	ASSTAAEFFDY	6pzf_FE_agB_m0
6u02_GF_agE_m0	ASSTAAEFFDY	6pzf_FE_agB_m0
6u02_HL_agA_m0	ASSTAAEFFDY	6pzf_FE_agB_m0
6u02_KI_agJ_m0	ASSTAAEFFDY	6pzf_FE_agB_m0
6u0l_HL_agA_m0	ASNSIAGVAAAGDYYGGDDAYDMDV	6u0l_HL_agA_m0
6u0l_IJ_agB_m0	ASNSIAGVAAAGDYYGGDDAYDMDV	6u0l_HL_agA_m0
6u0l_PQ_agC_m0	ASNSIAGVAAAGDYYGGDDAYDMDV	6u0l_HL_agA_m0
6u0n_HL_agA_m0	ASNSIAGVAAAGDYYGGDDAYDMDV	6u0l_HL_agA_m0
6u0n_IJ_agB_m0	ASNSIAGVAAAGDYYGGDDAYDMDV	6u0l_HL_agA_m0
6u0n_PQ_agC_m0	ASNSIAGVAAAGDYYGGDDAYDMDV	6u0l_HL_agA_m0
6u12_BNA_agA_m0	TLHRFANTLSWGTLNV	6u12_BNA_agA_m0
6u14_ANA_ag_m0	TLHRFANTLSWGTLNV	6u12_BNA_agA_m0
6u14_BNA_ag_m0	TLHRFANTLSWGTLNV	6u12_BNA_agA_m0
6u1n_HL_agC _ R_m0	ARSRQFWYSGLDY	4jqi_HL_agA _ V_m0
6u1t_HL_ag_m0	ARQGDYAWFAY	6tys_CD_agB_m0
6u2f_HL_agA_m0	ARENFYGSSDVYWYFDV	5vlp_HL_agA_m0
6u36_HL_agB_m0	ARERYGYYFDY	6u36_HL_agB_m0
6u38_HL_agB_m0	ARERYGYYFDY	6u36_HL_agB_m0
6u3i_HL_agA_m0	ARENFYGSSDVYWYFDV	5vlp_HL_agA_m0
6u3z_AB_ag_m0	ARGLWSGFYFWFDV	6u3z_AB_ag_m0
6u3z_CD_ag_m0	ARGLWSGFYFWFDV	6u3z_AB_ag_m0
6u50_CNA_ag_m0	NLNVRTAAVGRNDY	6u50_CNA_ag_m0
6u51_ANA_agD_m0	NLNVRTAAVGRNDY	6u50_CNA_ag_m0
6u51_CNA_agB_m0	NLNVRTAAVGRNDY	6u50_CNA_ag_m0
6u52_ANA_agB_m0	NLNVRTAAVGRNDY	6u50_CNA_ag_m0
6u52_CNA_agD_m0	NLNVRTAAVGRNDY	6u50_CNA_ag_m0
6u53_ANA_ag_m0	RLYAEAIY	6u53_ANA_ag_m0
6u54_ANA_agB_m0	RLYAEAIY	6u53_ANA_ag_m0
6u55_ANA_agB_m0	NAYSSAYDRNY	6u55_ANA_agB_m0
6u59_FE_agC_m0	ARAYGYASAAYPQYFNL	6u59_FE_agC_m0
6u59_HL_agA_m0	ARAYGYASAAYPQYFNL	6u59_FE_agC_m0
6u59_KJ_agG_m0	ARAYGYASAAYPQYFNL	6u59_FE_agC_m0
6u6m_HL_agNA_m0	ARADGSDSWGPHFDN	6u6m_HL_agNA_m0
6u6o_HL_agNA_m0	ARKITYSSWGYYFDY	6u6o_HL_agNA_m0
6u6u_HL_agR_m0	TVVFYGEPYFPY	6u6u_HL_agR_m0
6u85_HL_ag_m0	RTYFYSFSY	6dzr_HL_ag_m0
6u8c_DC_ag_m0	AREYHVGLDY	6u8c_DC_ag_m0
6u8c_HL_ag_m0	AREPRGLDY	6u8c_HL_ag_m0
6u8d_HL_agA_m0	ARRYRSYYRSYGFDY	6u8d_HL_agA_m0
6u8k_DE_agB_m0	ARSRYSRRYRGFDY	6u8k_DE_agB_m0
6u8k_FG_agC_m0	ARSRYSRRYRGFDY	6u8k_DE_agB_m0
6u8k_HL_agA_m0	ARSRYSRRYRGFDY	6u8k_DE_agB_m0
6u9s_AB_agC_m0	ARLSPVVVIFIY	6u9s_AB_agC_m0
6u9s_DE_agF_m0	ARLSPVVVIFIY	6u9s_AB_agC_m0
6u9u_HL_ag_m0	ARGLWRGFYFWVDV	6u9u_HL_ag_m0
6ubi_AB_agC_m0	ARDKTYSDAETGMDI	6ubi_AB_agC_m0
6ubi_DE_agF_m0	ARDKTYSDAETGMDI	6ubi_AB_agC_m0
6uc6_CNA_agA_m0	AALADCAGYTLSAFDFDS	6uc6_CNA_agA_m0
6uc6_DNA_agB_m0	AALADCAGYTLSAFDFDS	6uc6_CNA_agA_m0
6uce_HL_agC_m0	ARDKYYGNAEVGMDV	5i8c_AB_agC_m0
6ucf_HL_agA_m0	ARDKYYGNAEVGMDV	5i8c_AB_agC_m0
6uda_CD_agA_m0	ARDVGTEGLSLHFDY	8vh1_CD_agA_m0
6uda_GH_agE_m0	ARDVGTEGLSLHFDY	8vh1_CD_agA_m0
6uda_KL_agI_m0	ARDVGTEGLSLHFDY	8vh1_CD_agA_m0
6udj_AR_agP_m0	ATARRGQRIYGVVYYFFEGFSYSMDV	4r26_HL_ag_m0
6udj_DE_agP_m0	ARDPFGDRANYHPYHMDV	6udj_DE_agP_m0
6udj_HI_agJ_m0	ARDPFGDRANYHPYHMDV	6udj_DE_agP_m0
6udj_KL_agJ_m0	ATARRGQRIYGVVYYFFEGFSYSMDV	4r26_HL_ag_m0
6udj_NO_agG_m0	ARDPFGDRANYHPYHMDV	6udj_DE_agP_m0
6udj_QB_agG_m0	ATARRGQRIYGVVYYFFEGFSYSMDV	4r26_HL_ag_m0
6udk_AB_agG_m0	ATARRGQRIYGVVYYFFEGFSYSMDV	4r26_HL_ag_m0
6udk_DE_agG_m0	ARDPFGDMYNYHPYHMDV	6udk_DE_agG_m0
6udk_FI_agK_m0	ATARRGQRIYGVVYYFFEGFSYSMDV	4r26_HL_ag_m0
6udk_HL_agK_m0	ARDPFGDMYNYHPYHMDV	6udk_DE_agG_m0
6udk_MN_agR_m0	ARDPFGDMYNYHPYHMDV	6udk_DE_agG_m0
6udk_OP_agR_m0	ATARRGQRIYGVVYYFFEGFSYSMDV	4r26_HL_ag_m0
6uft_BNA_agA_m0	GASYFTVCAKKRMSIEYRY	6uft_BNA_agA_m0
6ug7_HL_agH_m0	TKPGSGYAFAY	6ug7_HL_agH_m0
6ug8_HL_agH_m0	TKPGSGYAFAY	6ug7_HL_agH_m0
6ug9_AB_agA_m0	TKPGSGYAFAY	6ug7_HL_agH_m0
6ug9_HL_agH_m0	TKPGSGYAFAY	6ug7_HL_agH_m0
6ug9_JK_agK_m0	TKPGSGYAFAY	6ug7_HL_agH_m0
6uga_BA_ag_m0	TKPGSGYAFAY	6ug7_HL_agH_m0
6uga_HL_ag_m0	TKPGSGYAFAY	6ug7_HL_agH_m0
6ugs_AB_ag_m0	SRNYYGSTYDY	4g3y_HL_agC_m0
6ugs_HL_ag_m0	SRNYYGSTYDY	4g3y_HL_agC_m0
6ugt_AB_ag_m0	SRNYYGSTYDY	4g3y_HL_agC_m0
6ugt_HL_ag_m0	SRNYYGSTYDY	4g3y_HL_agC_m0
6ugu_AB_ag_m0	SRNYYGSTYDY	4g3y_HL_agC_m0
6ugu_HL_ag_m0	SRNYYGSTYDY	4g3y_HL_agC_m0
6ugv_AB_ag_m0	SRNYYGSTYDY	4g3y_HL_agC_m0
6ugv_HL_ag_m0	SRNYYGSTYDY	4g3y_HL_agC_m0
6uht_CNA_agA_m0	AAAPLAGRYSAPCHEYGY	6uht_CNA_agA_m0
6uht_DNA_agB_m0	AAAPLAGRYSAPCHEYGY	6uht_CNA_agA_m0
6ui1_BNA_agA_m0	RLYGSGDY	6ui1_BNA_agA_m0
6ui1_CNA_agA_m0	NADWKMGAWDGATYGIDY	6ui1_CNA_agA_m0
6ui1_DNA_agA_m0	HIEYTHY	6ui1_DNA_agA_m0
6uig_BC_agA_m0	ARESLWNPYYDYYMDV	6uig_BC_agA_m0
6uig_HL_agG_m0	ARESLWNPYYDYYMDV	6uig_BC_agA_m0
6uj9_HL_agA _ C_m0	SRSYWRYSVDV	6uj9_HL_agA _ C_m0
6ujb_EF_agB _ A_m0	AIFYYGRDS	6ujb_EF_agB _ A_m0
6ujc_EF_agB _ A_m0	AIFYYGRDS	6ujb_EF_agB _ A_m0
6ukj_HL_agA_m0	ARYGSNYSFWYTVSSGRYAIDY	6ukj_HL_agA_m0
6ukt_CNA_agA_m0	NTYPVNSA	6tyl_CNA_agA_m0
6ukt_DNA_agA_m0	ARTSRASVTVRTADFGY	6tyl_DNA_agA_m0
6ukt_ENA_agA_m0	HSFSYNNY	6tyl_ENA_agA_m0
6ukt_FNA_agB_m0	ARRAYGFDTERSDSAYSN	6ukt_FNA_agB_m0
6ul4_BNA_agA_m0	AASHFSVCGKKRINIEYRY	6ul4_BNA_agA_m0
6ul6_BNA_agA_m0	NADWKMGAWDGATYGIDY	6ui1_CNA_agA_m0
6ul6_CNA_agA_m0	RLYGSGDY	6ui1_BNA_agA_m0
6ulc_HL_agA _ E_m0	AREAGGPIWHDDVKYYNYYGDNFDYHYMDV	3mug_BA_ag_m0
6ule_AB_agI_m0	ARVGDYSDYKFGAFDI	6ule_AB_agI_m0
6ule_CD_agI_m0	ARVGDYSDYKFGAFDI	6ule_AB_agI_m0
6ulf_AB_agP _ K_m0	ARDAHYSDSSWSSYGGYFDY	6o24_AB_agI_m0
6um5_CD_agA_m0	ARGGWISLYYYGSSDPNFDY	8saz_CD_agA_m0
6um5_GH_agE_m0	ARGGWISLYYYGSSDPNFDY	8saz_CD_agA_m0
6um5_KL_agI_m0	ARGGWISLYYYGSSDPNFDY	8saz_CD_agA_m0
6um6_CD_agA_m0	TTGGWISLYYYYSSDPNFDH	8sb5_CD_agA_m0
6um6_GH_agE_m0	TTGGWISLYYYYSSDPNFDH	8sb5_CD_agA_m0
6um6_KL_agI_m0	TTGGWISLYYYYSSDPNFDH	8sb5_CD_agA_m0
6um7_BC_agI_m0	ARGGWISLYYYGSSDPNFNY	8saz_CD_agA_m0
6um7_FG_agE_m0	ARGGWISLYYYGSSDPNFNY	8saz_CD_agA_m0
6um7_JK_agA_m0	ARGGWISLYYYGSSDPNFNY	8saz_CD_agA_m0
6umg_HL_agC _ R_m0	ARDRLNYYDSSGYKYHYYYGMAV	6umg_HL_agC _ R_m0
6umg_hl_agc _ r_m0	ARDRLNYYDSSGYKYHYYYGMAV	6umg_HL_agC _ R_m0
6umh_HL_ag_m0	ARDRLNYYDSSGYKYHYYYGMAV	6umg_HL_agC _ R_m0
6umh_hl_ag_m0	ARDRLNYYDSSGYKYHYYYGMAV	6umg_HL_agC _ R_m0
6umi_HL_ag_m0	ARDRLNYYDSSGYKYHYYYGMAV	6umg_HL_agC _ R_m0
6umj_HL_agH_m0	ARDRLNYYDSSGYKYHYYYGMAV	6umg_HL_agC _ R_m0
6umx_HL_agA_m0	ARDLLVRFLYYHSWYGMDV	6umx_HL_agA_m0
6umx_hl_agB_m0	ARDLLVRFLYYHSWYGMDV	6umx_HL_agA_m0
6uoe_HL_agP_m0	AREGYCGDDSYCRGQPDY	6uoe_HL_agP_m0
6uqr_Aa_agB_m0	ARFSHFSGYNSDYFDY	6uqr_Aa_agB_m0
6ur5_AB_agC_m0	AKDLTLMYVFDSGYDHAGRAWYGMDV	5w08_GH_agA_m0
6ur5_GH_agD_m0	AKDLTLMYVFDSGYDHAGRAWYGMDV	5w08_GH_agA_m0
6urh_HL_agC_m0	ARENKFRYCRGSYCSGGAFDM	6urh_HL_agC_m0
6urm_DE_agC_m0	ARMLYGDGLGRFDP	6urm_DE_agC_m0
6urm_HL_agF_m0	ARMLYGDGLGRFDP	6urm_DE_agC_m0
6usf_HL_agD_m0	ARWGYWPGEWWPKAFDY	6cbv_HL_agB_m0
6usf_KM_agA_m0	ARWGYWPGEWWPKAFDY	6cbv_HL_agB_m0
6uta_AB_agC_m0	AKDRGPRGGVELFDY	6uta_AB_agC_m0
6uta_HL_agE_m0	AKDRGPRGGVELFDY	6uta_AB_agC_m0
6ute_AB_ag_m0	AKDRLHSGGLELFSY	6ute_AB_ag_m0
6ute_CD_agS_m0	AKDRLHSGGLELFSY	6ute_AB_ag_m0
6ute_EF_ag_m0	AKDRLHSGGLELFSY	6ute_AB_ag_m0
6ute_GH_ag_m0	AKDRLHSGGLELFSY	6ute_AB_ag_m0
6ute_IJ_ag_m0	AKDRLHSGGLELFSY	6ute_AB_ag_m0
6utk_DE_agT_m0	AKGLLRDGTSSWLPYL	4toy_HL_ag_m0
6utk_HL_agG_m0	TRWRGCGMCPYDNYYSSTDASDV	6utk_HL_agG_m0
6uud_HL_agA_m0	ARSWGNSSFVY	6uud_HL_agA_m0
6uuh_AB_agG_m0	TRWRGCGMCPYDNYYSSTDASDV	6utk_HL_agG_m0
6uuh_CD_agD_m0	TRWRGCGMCPYDNYYSSTDASDV	6utk_HL_agG_m0
6uul_AB_agE_m0	TRWRGCGMCPYDNYYSSTDASDV	6utk_HL_agG_m0
6uul_CD_agNA_m0	TRWRGDASDV	6uul_CD_agNA_m0
6uum_BA_agA_m0	TRWRGAGSSNYYDASDV	6uum_BA_agA_m0
6uum_HF_agNA_m0	TRWRGDTSSNYYDASDV	6uum_HF_agNA_m0
6uun_NNA_agA _ B_m0	ARCPAPFTRDCSTVDFTTYAY	6oya_NNA_agA _ B_m0
6uup_Aa_agNA_m0	AAWDGSLSGRGV	6uup_Aa_agNA_m0
6uup_Bb_agNA_m0	AAEEGDGGFFDY	6uup_Bb_agNA_m0
6uup_Cc_agNA_m0	AAWDGSLSGRGV	6uup_Aa_agNA_m0
6uup_Dd_agNA_m0	AAEEGDGGFFDY	6uup_Bb_agNA_m0
6uus_NNA_agA _ B_m0	ARCPAPFTRDCSTVDFTTYAY	6oya_NNA_agA _ B_m0
6uva_NNA_agA _ B_m0	ARCPAPFTRDCSTVDFTTYAY	6oya_NNA_agA _ B_m0
6uvo_HL_agD_m0	ARHLVWFGENRLNWFDP	6uvo_HL_agD_m0
6uy3_Aa_aga_m0	AAEEGDGGFFDY	6uup_Bb_agNA_m0
6uyd_AB_agF_m0	VRSVTPRYCGYCFGGGEFDY	4mwf_AB_agD_m0
6uyd_HL_agE_m0	VRSVTPRYCGYCFGGGEFDY	4mwf_AB_agD_m0
6uye_GJ_agA_m0	AKELLQVYTSAWYYSHGEGYALDV	6pci_HK_agA_m0
6uye_HK_agB_m0	AKELLQVYTSAWYYSHGEGYALDV	6pci_HK_agA_m0
6uye_IL_agC_m0	AKELLQVYTSAWYYSHGEGYALDV	6pci_HK_agA_m0
6uyf_HL_agE_m0	AKVGLRGIVMVMALGGNWLDP	6bkc_HL_agE_m0
6uyg_AB_agE_m0	AKGPYVGGLEGFSE	6uyg_AB_agE_m0
6uyg_HL_agE_m0	VRPETPRYCSYCFGGGEFDN	6bkb_HL_agE_m0
6uym_AB_agF_m0	VRSVTPRYCGYCFGGGEFDY	4mwf_AB_agD_m0
6uym_HL_agE_m0	VRSVTPRYCGYCFGGGEFDY	4mwf_AB_agD_m0
6uyn_HL_agB _ A_m0	AKHMGYQRVETMDV	3gbm_HL_agB _ A_m0
6v4n_AB_agI_m0	ARGDYSGYDRVQVDELMDV	6v4n_AB_agI_m0
6v4n_CG_agM_m0	ARGDYSGYDRVQVDELMDV	6v4n_AB_agI_m0
6v4n_DE_agW_m0	ARGDYSGYDRVQVDELMDV	6v4n_AB_agI_m0
6v4n_HL_agN_m0	ARGDYSGYDRVQVDELMDV	6v4n_AB_agI_m0
6v4o_AB_agI_m0	ARDTVAVYEDFDFYPSSWFYMDV	6v4o_AB_agI_m0
6v4o_CG_agM_m0	ARDTVAVYEDFDFYPSSWFYMDV	6v4o_AB_agI_m0
6v4o_DE_agW_m0	ARDTVAVYEDFDFYPSSWFYMDV	6v4o_AB_agI_m0
6v4o_HL_agN_m0	ARDTVAVYEDFDFYPSSWFYMDV	6v4o_AB_agI_m0
6v4p_CD_agB _ A_m0	TLYDGYYVFAY	6v4p_CD_agB _ A_m0
6v4q_HL_agNA_m0	ASIAAAGSFYYYYYMDV	6v4q_HL_agNA_m0
6v4r_HL_agNA_m0	ASIAAAGSFYYYYYMDV	6v4q_HL_agNA_m0
6v6w_AB_agK_m0	AKGLLRDGTSSWLPYL	4toy_HL_ag_m0
6v6w_DE_agT_m0	AKGLLRDGTSSWLPYL	4toy_HL_ag_m0
6v6w_FH_agC_m0	TRWRGYDTSNYYSDASDV	6v6w_FH_agC_m0
6v6w_IJ_agG_m0	TRWRGYDTSNYYSDASDV	6v6w_FH_agC_m0
6v7y_FNA_agA_m0	AARLVPPGIPSTRPIESMRY	8sos_DNA_agA_m0
6v7z_ENA_agC _ D_m0	AAHVAGFDEYNY	6v7z_ENA_agC _ D_m0
6v7z_FNA_agA _ B_m0	AAHVAGFDEYNY	6v7z_ENA_agC _ D_m0
6v80_ENA_agA _ C_m0	RHTIPVPSTPYDY	6v80_ENA_agA _ C_m0
6v80_JNA_agF _ H_m0	RHTIPVPSTPYDY	6v80_ENA_agA _ C_m0
6v8x_CD_agA_m0	TRGKNCDNYWDFEH	4jpk_HL_agA_m0
6v8x_GH_agE_m0	TRGKNCDNYWDFEH	4jpk_HL_agA_m0
6v8x_KL_agI_m0	TRGKNCDNYWDFEH	4jpk_HL_agA_m0
6v8z_CF_agA_m0	VRRGSCDYDGCFPWQY	5jof_AB_ag_m0
6v8z_DE_agA_m0	ATARRGQRIYGVVYYFFEGFSYSMDV	4r26_HL_ag_m0
6v8z_IL_agG_m0	VRRGSCDYDGCFPWQY	5jof_AB_ag_m0
6v8z_JK_agG_m0	ATARRGQRIYGVVYYFFEGFSYSMDV	4r26_HL_ag_m0
6v8z_OR_agM_m0	VRRGSCDYDGCFPWQY	5jof_AB_ag_m0
6v8z_PQ_agM_m0	ATARRGQRIYGVVYYFFEGFSYSMDV	4r26_HL_ag_m0
6vbg_CNA_agA_m0	AARVGVDYKY	6vbg_CNA_agA_m0
6vbg_DNA_agB_m0	AARVGVDYKY	6vbg_CNA_agA_m0
6vbo_HL_agC_m0	AIVGAKADY	6vbo_HL_agC_m0
6vbp_AB_agF_m0	VTSGIYGYLDY	6vbp_AB_agF_m0
6vbp_CD_agE_m0	VTSGIYGYLDY	6vbp_AB_agF_m0
6vbp_HL_agG_m0	VTSGIYGYLDY	6vbp_AB_agF_m0
6vbp_JI_agK_m0	VTSGIYGYLDY	6vbp_AB_agF_m0
6vbq_AB_agI_m0	AKNVGFCNSYCSDVGMDV	6vbq_AB_agI_m0
6vbq_CD_agK_m0	AKNVGFCNSYCSDVGMDV	6vbq_AB_agI_m0
6vbq_EF_agJ_m0	AKNVGFCNSYCSDVGMDV	6vbq_AB_agI_m0
6vbq_HL_agP_m0	AKNVGFCNSYCSDVGMDV	6vbq_AB_agI_m0
6vc9_HL_agA_m0	AREHYVSGTSLDN	6vc9_HL_agA_m0
6vca_EF_agA_m0	ARAPNWDDAFDI	6vca_EF_agA_m0
6vca_HL_agB_m0	ARAPNWDDAFDI	6vca_EF_agA_m0
6vca_KJ_agC_m0	ARAPNWDDAFDI	6vca_EF_agA_m0
6vca_PO_agD_m0	ARAPNWDDAFDI	6vca_EF_agA_m0
6vcb_NNA_agA _ B_m0	ARCPAPFTRDCSTVDFTTYAY	6oya_NNA_agA _ B_m0
6vel_HL_agC_m0	GRGNYYFDY	6vel_HL_agC_m0
6vep_CD_agE_m0	ARDPYGSKPMDY	3w11_CD_agE_m0
6vep_IJ_agK_m0	ARDPYGSKPMDY	3w11_CD_agE_m0
6vep_OP_agQ_m0	ARDPYGSKPMDY	3w11_CD_agE_m0
6vep_UV_agW_m0	ARDPYGSKPMDY	3w11_CD_agE_m0
6veq_CD_agE_m0	ARDPYGSKPMDY	3w11_CD_agE_m0
6veq_IJ_agK_m0	ARDPYGSKPMDY	3w11_CD_agE_m0
6vgr_CD_agA_m0	ARRAAAYYPNSEWFAY	6vgr_CD_agA_m0
6vgr_HL_agB_m0	ARRAAAYYPNSEWFAY	6vgr_CD_agA_m0
6vi0_ED_agC_m0	TRGKNCDNYWDFEH	4jpk_HL_agA_m0
6vi0_HL_agG_m0	TRGKNCDNYWDFEH	4jpk_HL_agA_m0
6vi0_KJ_agI_m0	TRGKNCDNYWDFEH	4jpk_HL_agA_m0
6vi1_BA_agN_m0	ARYSWPWVSYKPFHLGYYSAMDY	6vi1_BA_agN_m0
6vi1_ED_agM_m0	ARYSWPWVSYKPFHLGYYSAMDY	6vi1_BA_agN_m0
6vi1_FC_agO_m0	ARYSWPWVSYKPFHLGYYSAMDY	6vi1_BA_agN_m0
6vi1_HG_agP_m0	ARYSWPWVSYKPFHLGYYSAMDY	6vi1_BA_agN_m0
6vi1_JI_agQ_m0	ARYSWPWVSYKPFHLGYYSAMDY	6vi1_BA_agN_m0
6vi1_LK_agR_m0	ARYSWPWVSYKPFHLGYYSAMDY	6vi1_BA_agN_m0
6vi2_BA_agNA_m0	ARYSWPWVSYKPFHLGYYSAMDY	6vi1_BA_agN_m0
6vi2_DC_agNA_m0	ARYSWPWVSYKPFHLGYYSAMDY	6vi1_BA_agN_m0
6vi4_CNA_agB_m0	NAEYRTGIEWELLDG	6vi4_CNA_agB_m0
6vi4_DNA_agA_m0	NAEYRTGIEWELLDG	6vi4_CNA_agB_m0
6vja_HL_agC_m0	ARSTYYGDGWYFNV	2osl_AB_agQ_m0
6vja_IM_agD_m0	ARSTYYGDGWYFNV	2osl_AB_agQ_m0
6vjn_HL_agG _ F_m0	ARPYCAIGRCYES	6vjn_HL_agG _ F_m0
6vjt_HL_agP_m0	AREDPHLILATLDL	6vjt_HL_agP_m0
6vkn_GJ_agC _ F_m0	AFFWSTYYKRFDV	6vkn_GJ_agC _ F_m0
6vkn_HL_agA _ E_m0	AFFWSTYYKRFDV	6vkn_GJ_agC _ F_m0
6vkn_IK_agD _ B_m0	AFFWSTYYKRFDV	6vkn_GJ_agC _ F_m0
6vl8_AB_agE_m0	ARDWGPY	6vl8_AB_agE_m0
6vl8_CD_agC_m0	ARDWGPY	6vl8_AB_agE_m0
6vl8_EF_agE_m0	ARDWGPY	6vl8_AB_agE_m0
6vl8_HL_agC_m0	ARDWGPY	6vl8_AB_agE_m0
6vl9_AB_agNA_m0	ARDWGPY	6vl8_AB_agE_m0
6vl9_HL_agH_m0	ARDWGPY	6vl8_AB_agE_m0
6vln_HL_agP _ K_m0	ARDAHYSDSSWSSYGGYFDY	6o24_AB_agI_m0
6vlr_CL_agA_m0	ATTKHGRRIYGVVYTFWEKFAFYMDV	3jcb_CB_agA_m0
6vlr_DK_agH_m0	ATTKHGRRIYGVVYTFWEKFAFYMDV	3jcb_CB_agA_m0
6vlr_EM_agG_m0	ATTKHGRRIYGVVYTFWEKFAFYMDV	3jcb_CB_agA_m0
6vlr_FN_agI _ B_m0	VMWVYILTNGTIWVDV	6vlr_FN_agI _ B_m0
6vlw_HL_agG_m0	TRGKNCDNYWDFEH	4jpk_HL_agA_m0
6vmj_BA_agZ_m0	AREGGFAY	6vmj_BA_agZ_m0
6vmj_FE_agY_m0	AREGGFAY	6vmj_BA_agZ_m0
6vmj_JI_agX_m0	AREGGFAY	6vmj_BA_agZ_m0
6vmj_ML_agW_m0	AREGGFAY	6vmj_BA_agZ_m0
6vmk_BA_agC_m0	AREGGFAY	6vmj_BA_agZ_m0
6vmk_ED_agF_m0	AREGGFAY	6vmj_BA_agZ_m0
6vmk_HG_agI_m0	AREGGFAY	6vmj_BA_agZ_m0
6vmk_KJ_agN_m0	AREGGFAY	6vmj_BA_agZ_m0
6vmk_ML_agW_m0	AREGGFAY	6vmj_BA_agZ_m0
6vmk_PO_agQ_m0	AREGGFAY	6vmj_BA_agZ_m0
6vmk_SR_agT_m0	AREGGFAY	6vmj_BA_agZ_m0
6vmk_VU_agX_m0	AREGGFAY	6vmj_BA_agZ_m0
6vmk_ZY_aga_m0	AREGGFAY	6vmj_BA_agZ_m0
6vmk_cb_agd_m0	AREGGFAY	6vmj_BA_agZ_m0
6vmk_fe_agg_m0	AREGGFAY	6vmj_BA_agZ_m0
6vmk_ih_agj_m0	AREGGFAY	6vmj_BA_agZ_m0
6vmk_lk_agm_m0	AREGGFAY	6vmj_BA_agZ_m0
6vmk_on_agp_m0	AREGGFAY	6vmj_BA_agZ_m0
6vmk_rq_ags_m0	AREGGFAY	6vmj_BA_agZ_m0
6vmk_ut_agv_m0	AREGGFAY	6vmj_BA_agZ_m0
6vms_Ee_agA _ B_m0	VRSIYYYSGSPFDF	6crk_Hh_agA _ B _ G_m0
6vn0_GJ_agE _ C_m0	ARGGKPIYYSSPYGGWYFDL	6vn0_GJ_agE _ C_m0
6vn0_HL_agB _ A_m0	ARGGKPIYYSSPYGGWYFDL	6vn0_GJ_agE _ C_m0
6vn0_IK_agF _ D_m0	ARGGKPIYYSSPYGGWYFDL	6vn0_GJ_agE _ C_m0
6vn1_HL_agA_m0	ARDITAPGAAPFNLPTYGMDV	6vn1_HL_agA_m0
6vn1_IM_agB_m0	ARDITAPGAAPFNLPTYGMDV	6vn1_HL_agA_m0
6vn1_JN_agC_m0	ARDITAPGAAPFNLPTYGMDV	6vn1_HL_agA_m0
6vn7_NNA_agA _ B_m0	ARCPAPFTRDCSTVDFTTYAY	6oya_NNA_agA _ B_m0
6vo0_GJ_agC_m0	ARTSGFGGYAAYSHGVDL	6vo0_GJ_agC_m0
6vo0_HL_agA_m0	ARTSGFGGYAAYSHGVDL	6vo0_GJ_agC_m0
6vo0_IK_agD_m0	ARTSGFGGYAAYSHGVDL	6vo0_GJ_agC_m0
6vo1_GJ_agC_m0	ARWSTADFDY	6vo1_GJ_agC_m0
6vo1_HL_agA_m0	ARWSTADFDY	6vo1_GJ_agC_m0
6vo1_IK_agD_m0	ARWSTADFDY	6vo1_GJ_agC_m0
6vo3_GJ_agC_m0	ARQKFYTGGQGWYFDL	3j5m_DC_agA_m0
6vo3_HL_agA_m0	ARQKFYTGGQGWYFDL	3j5m_DC_agA_m0
6vo3_IK_agD_m0	ARQKFYTGGQGWYFDL	3j5m_DC_agA_m0
6vor_AB_agNA_m0	VMWVYITNGIWVDV	6vor_AB_agNA_m0
6vor_CD_agNA_m0	VMWVYILTNGTIWVDV	6vlr_FN_agI _ B_m0
6vos_HL_agNA_m0	ARWSTADFDY	6vo1_GJ_agC_m0
6vpx_HL_agG_m0	ARTGKYYDFWSEGPPYGEYFQD	7mfa_CD_agNA_m0
6vpx_KN_agI _ A_m0	ARTGKYYDFWSEGPPYGEYFQD	7mfa_CD_agNA_m0
6vpx_MO_agJ _ E _ F_m0	ARTGKYYDFWSEGPPYGEYFQD	7mfa_CD_agNA_m0
6vpx_PQ_agD _ C _ B_m0	ARMFQESGPPRLDRYYYYNRGSWSGMDV	4nug_HL_ag_m0
6vpy_AB_agNA_m0	ASLPRGQLNVAFFDN	4qhl_AB_ag_m0
6vpy_HL_agNA_m0	ASLPRGQLNVAFFDN	4qhl_AB_ag_m0
6vrh_BC_agA_m0	TRSPVRPYYFDY	5i66_AB_ag_m0
6vrk_BC_agA_m0	TRSPVRPYYFDY	5i66_AB_ag_m0
6vrl_BC_agA_m0	TRSPVRPYYFDY	5i66_AB_ag_m0
6vrp_Aa_agNA_m0	AQSAMDH	6vrp_Aa_agNA_m0
6vrp_Bb_agNA_m0	AQSAITSVDTSAMDH	1hys_DC_agB_m0
6vrq_AB_agNA_m0	ARDGSGDDSTWHLHP	6vrq_AB_agNA_m0
6vrq_HL_agNA_m0	AKKFMPTGFFDY	6vrq_HL_agNA_m0
6vrt_HL_ag_m0	ARGGFYGTSIWFDF	3i9g_HL_agL_m0
6vry_HL_agG_m0	AREYCIGSYCTPILDS	6vry_HL_agG_m0
6vsr_AB_agNA_m0	ARGGKPIYYSPYWYFDL	6vsr_AB_agNA_m0
6vtu_HL_agA_m0	ARGMEGLFYAANSLDV	6vtu_HL_agA_m0
6vtw_HL_agA_m0	ARLYGFTYGFAY	3o41_AB_agC_m0
6vu2_HL_ag_m0	ARELREAWYGYDRLDSGLDV	6vu2_HL_ag_m0
6vug_DC_agB_m0	AQSAITSVDTSAMDH	1hys_DC_agB_m0
6vun_Aa_agNA_m0	AQSAITSVDTSAMDH	1hys_DC_agB_m0
6vun_Bb_agNA_m0	AQSAITSVDTSAMDH	1hys_DC_agB_m0
6vuo_Aa_agNA_m0	AQSAITVDTSAMDH	6vuo_Aa_agNA_m0
6vuo_Bb_agNA_m0	AQSAITSVDTSAMDH	1hys_DC_agB_m0
6vup_Aa_agNA_m0	AQSAISAMDH	6vup_Aa_agNA_m0
6vvu_EF_agC_m0	ARDPRGYGLAADRLDL	6vvu_EF_agC_m0
6vvu_GI_agD_m0	ARDPRGYGLAADRLDL	6vvu_EF_agC_m0
6vvu_HL_agA_m0	ARDPRGYGLAADRLDL	6vvu_EF_agC_m0
6vvu_JK_agB_m0	ARDPRGYGLAADRLDL	6vvu_EF_agC_m0
6vx4_HK_agF _ G_m0	AREVLNYYAMDY	6vx4_HK_agF _ G_m0
6vy2_HL_agA_m0	ARELREAWYGYDRLDSGLDV	6vu2_HL_ag_m0
6vy2_IM_agC_m0	ARELREAWYGYDRLDSGLDV	6vu2_HL_ag_m0
6vy2_JN_agE_m0	ARELREAWYGYDRLDSGLDV	6vu2_HL_ag_m0
6vy4_CD_agB_m0	ARFRGHNYFDP	6vy4_CD_agB_m0
6vy4_HL_agA_m0	ARFRGHNYFDP	6vy4_CD_agB_m0
6vy5_HL_agA_m0	AKDGFVGQQLPGRRMWWFDP	6vy5_HL_agA_m0
6vy6_HL_agA_m0	AKDGFVGQQLPGRRMWWFDP	6vy5_HL_agA_m0
6vyh_DC_agA_m0	ARKRGYYGPYFDY	6vyh_DC_agA_m0
6vyv_IM_agF_m0	VRDYFISLDY	5any_IM_agB _ A_m0
6vyv_JN_agG_m0	VRDYFISLDY	5any_IM_agB _ A_m0
6vyv_KO_agE_m0	VRDYFISLDY	5any_IM_agB _ A_m0
6vyv_LP_agH_m0	VRDYFISLDY	5any_IM_agB _ A_m0
6vzi_DE_agB_m0	AKGLLRDGTSSWLPYL	4toy_HL_ag_m0
6vzi_HL_agG_m0	ARAQQGKRIYGMVYYFFEGFSYYMDV	5cez_HL_agG_m0
6w00_HL_agP_m0	AKDWGGADSRVFDY	6w00_HL_agP_m0
6w03_DE_agB_m0	AKGLLRDGTSSWLPYL	4toy_HL_ag_m0
6w03_HL_agG_m0	ARAQQGKRIYGMVYYFFEGFSYYMDV	5cez_HL_agG_m0
6w05_HL_agP_m0	ARDSLFYDHSNDGYYGY	6w05_HL_agP_m0
6w09_IM_agE_m0	VRDYFISLDY	5any_IM_agB _ A_m0
6w09_JN_agF_m0	VRDYFISLDY	5any_IM_agB _ A_m0
6w09_KO_agG_m0	VRDYFISLDY	5any_IM_agB _ A_m0
6w09_LP_agH_m0	VRDYFISLDY	5any_IM_agB _ A_m0
6w0a_AB_agC_m0	ARERGDGYFAV	1k4c_AB_agC_m0
6w0b_AB_agC_m0	ARERGDGYFAV	1k4c_AB_agC_m0
6w0c_AB_agC_m0	ARERGDGYFAV	1k4c_AB_agC_m0
6w0d_AB_agC_m0	ARERGDGYFAV	1k4c_AB_agC_m0
6w0e_AB_agC_m0	ARERGDGYFAV	1k4c_AB_agC_m0
6w0f_AB_agC_m0	ARERGDGYFAV	1k4c_AB_agC_m0
6w0g_AB_agC_m0	ARERGDGYFAV	1k4c_AB_agC_m0
6w0h_AB_agC_m0	ARERGDGYFAV	1k4c_AB_agC_m0
6w0i_AB_agC_m0	ARERGDGYFAV	1k4c_AB_agC_m0
6w0j_AB_agC_m0	ARERGDGYFAV	1k4c_AB_agC_m0
6w16_HL_agF_m0	ARDQAFDL	6w16_HL_agF_m0
6w1c_IM_agF _ B_m0	VRDYFISLDY	5any_IM_agB _ A_m0
6w1c_JN_agG_m0	VRDYFISLDY	5any_IM_agB _ A_m0
6w1c_KO_agE_m0	VRDYFISLDY	5any_IM_agB _ A_m0
6w1c_LP_agH_m0	VRDYFISLDY	5any_IM_agB _ A_m0
6w2b_BC_agA_m0	TRSPVRPYYFDY	5i66_AB_ag_m0
6w2c_BC_agA_m0	TRSPVRPYYFDY	5i66_AB_ag_m0
6w41_HL_agC_m0	AGGSGISTPMDV	9cps_HL_agA_m0
6w4m_HL_agG _ N_m0	ASDSRDFSEPGTYYHSYSNIMDV	6w4m_HL_agG _ N_m0
6w4s_HL_agF_m0	ARQGLRNWYFDV	6w4s_HL_agF_m0
6w4v_CD_agNA_m0	ARQGLRNWYFDV	6w4s_HL_agF_m0
6w4w_HL_agNA_m0	TRSDGRNDMDS	1i9r_HL_agA_m0
6w51_MN_agNA_m0	SRDSSFYVYYAMDY	6w51_MN_agNA_m0
6w51_OP_agD _ F_m0	SRDSSFYVYYAMDY	6w51_MN_agNA_m0
6w51_QR_agNA_m0	SRDSSFYVYYAMDY	6w51_MN_agNA_m0
6w51_ST_agNA_m0	SRDSSFYVYYAMDY	6w51_MN_agNA_m0
6w52_HL_agB _ A_m0	ARVEDTADLHYFDY	6w52_HL_agB _ A_m0
6w5d_AB_agNA_m0	ARVEDTADLHYFDY	6w52_HL_agB _ A_m0
6w5d_HL_agNA_m0	ARVEDTADLHYFDY	6w52_HL_agB _ A_m0
6w73_HL_agNA_m0	ARAKHTVLVMATRWFDP	6w73_HL_agNA_m0
6w7s_HL_agA_m0	ARAPIQVMVVGRMAPDY	6w7s_HL_agA_m0
6w7y_AB_ag_m0	AGGSGISTPMDV	9cps_HL_agA_m0
6w7y_HL_ag_m0	AGGSGISTPMDV	9cps_HL_agA_m0
6waq_ANA_agB_m0	AAAGLGTVVDWESYDYDY	6waq_ANA_agB_m0
6waq_CNA_agD_m0	AAAGLGTVVDWESYDYDY	6waq_ANA_agB_m0
6war_BNA_agA_m0	AAEVGGWPGPRPDY	6war_BNA_agA_m0
6war_DNA_agC_m0	AAEVGGWPGPRPDY	6war_BNA_agA_m0
6war_FNA_agE_m0	AAEVGGWPGPRPDY	6war_BNA_agA_m0
6war_HNA_agG_m0	AAEVGGWPGPRPDY	6war_BNA_agA_m0
6war_JNA_agI_m0	AAEVGGWPGPRPDY	6war_BNA_agA_m0
6war_LNA_agK_m0	AAEVGGWPGPRPDY	6war_BNA_agA_m0
6war_NNA_agM_m0	AAEVGGWPGPRPDY	6war_BNA_agA_m0
6war_PNA_agO_m0	AAEVGGWPGPRPDY	6war_BNA_agA_m0
6was_AB_agG_m0	ARAPVWTYGTSLDV	6was_AB_agG_m0
6was_HL_agJ_m0	ARAPVWTYGTSLDV	6was_AB_agG_m0
6wbv_HL_agA_m0	ARQGLRNWYFDV	6w4s_HL_agF_m0
6wds_HL_agC _ A _ B_m0	AREEGFRAYNLY	6wds_HL_agC _ A _ B_m0
6wdt_HL_agA _ C _ B_m0	VRHEGSCNDGGYCSSFVDN	6wdt_HL_agA _ C _ B_m0
6weq_EF_agA_m0	ARGYLLRTGCFDY	6weq_EF_agA_m0
6weq_GH_agB_m0	ARGYLLRTGCFDY	6weq_EF_agA_m0
6weq_IJ_agC_m0	ARGYLLRTGCFDY	6weq_EF_agA_m0
6weq_KL_agD_m0	ARGYLLRTGCFDY	6weq_EF_agA_m0
6wer_CD_agA_m0	ARGYLLRTGCFDY	6weq_EF_agA_m0
6wer_EF_agB_m0	ARGYLLRTGCFDY	6weq_EF_agA_m0
6wex_HL_agF _ E_m0	AKLPSPYYFDSRAAVWVFSAFHF	6wex_HL_agF _ E_m0
6wez_HL_agB _ A_m0	AKLPSPYYFDSRAAVWVFSAFHF	6wex_HL_agF _ E_m0
6wf0_HL_agB _ A_m0	AKLPSPYYFDSRAAVWVFSAFHF	6wex_HL_agF _ E_m0
6wf1_HL_agB _ A_m0	AKLPSPYYFDSRAAVWVFSAFHF	6wex_HL_agF _ E_m0
6wfx_HL_agP_m0	ASATRYDITLGAFDY	6wfx_HL_agP_m0
6wfy_HL_agP_m0	TRVQLDYGPYQYGYGMDV	9nkz_HL_agA_m0
6wfz_AB_agC_m0	SRVGVVIATAVY	6wfz_AB_agC_m0
6wfz_HL_agP_m0	SRVGVVIATAVY	6wfz_AB_agC_m0
6wg0_HL_agP_m0	VRSDQEARLGAFDI	6wg0_HL_agP_m0
6wg1_AB_agC_m0	SRVGVVIATAVY	6wfz_AB_agC_m0
6wg1_HL_agC_m0	SRVGVVIATAVY	6wfz_AB_agC_m0
6wg2_HL_agP_m0	AKDWGGADSRVFDY	6w00_HL_agP_m0
6wg2_IM_agP_m0	AKDWGGADSRVFDY	6w00_HL_agP_m0
6wg8_AB_agNA_m0	AKDRLSITIYRPRYGLDV	6wg8_AB_agNA_m0
6wgb_AB_agNA_m0	AKDRGLDV	6wgb_AB_agNA_m0
6wgb_CD_agNA_m0	AKDRLDV	6wgb_CD_agNA_m0
6wgj_AB_agNA_m0	AKDRLSTIRYRPYGLDV	6wgj_AB_agNA_m0
6wgj_CD_agNA_m0	AKDRLSTIRYRPYGLDV	6wgj_AB_agNA_m0
6wgj_EF_agNA_m0	AKDRLSITIYRPRYGLDV	6wg8_AB_agNA_m0
6wgj_GH_agNA_m0	AKDRLYYGLDV	6wgj_GH_agNA_m0
6wgk_AB_agNA_m0	AKDRLSITIYRPRYGLDV	6wg8_AB_agNA_m0
6wgk_CD_agNA_m0	AKDRLSITIYRPRYGLDV	6wg8_AB_agNA_m0
6wgk_EF_agNA_m0	AKDRLSITIYRPRYGLDV	6wg8_AB_agNA_m0
6wgk_GH_agNA_m0	AKDRLSITYRPYGLDV	6wgk_GH_agNA_m0
6wgl_AB_agC_m0	AKDRLSITIYRPRYGLDV	6wg8_AB_agNA_m0
6wh9_BC_agG_m0	ARAPNYGYDVAFDI	6wh9_BC_agG_m0
6wh9_EF_agD_m0	ARAPNYGYDVAFDI	6wh9_BC_agG_m0
6wh9_HI_agA_m0	ARAPNYGYDVAFDI	6wh9_BC_agG_m0
6wha_Ee_agB _ C_m0	VRSIYYYSGSPFDF	6crk_Hh_agA _ B _ G_m0
6whc_NNA_agA _ B_m0	ARCPAPFTRDCSTVDFTTYAY	6oya_NNA_agA _ B_m0
6whk_CB_agA_m0	TRDWVRDIIAPLLLHLDY	6whk_CB_agA_m0
6wi9_NNA_agA _ B_m0	ARCPAPFTRDCSTVDFTTYAY	6oya_NNA_agA _ B_m0
6wik_DC_agA_m0	ARKRGYYGPYFDY	6vyh_DC_agA_m0
6wio_AB_agC_m0	VRDYYDILTDYHIYYWYFDL	6wio_AB_agC_m0
6wir_AB_agC_m0	VRDYYDILTDYHIYYWYFDL	6wio_AB_agC_m0
6wit_AB_agC_m0	ATDHREDGPTYWQVGSFVPFRF	6wit_AB_agC_m0
6wit_HL_agI_m0	ATDHREDGPTYWQVGSFVPFRF	6wit_AB_agC_m0
6wix_DE_agB_m0	AKGLLRDGTSSWLPYL	4toy_HL_ag_m0
6wix_HL_agG_m0	ARAQQGKRIYGMVYYFFEGFSYYMDV	5cez_HL_agG_m0
6wiy_HL_agNA_m0	ARSSINIFGVFVMAMDV	6wiy_HL_agNA_m0
6wiz_HL_agB _ A_m0	ARSSINIFGVFVMAMDV	6wiy_HL_agNA_m0
6wj0_HL_agNA_m0	VRGIIFNWPGGLWSFDL	6wj0_HL_agNA_m0
6wj1_GI_agB _ A_m0	VRGIIFNWPGGLWSFDL	6wj0_HL_agNA_m0
6wj1_HL_agF _ E_m0	VRGIIFNWPGGLWSFDL	6wj0_HL_agNA_m0
6wj1_JK_agD _ C_m0	VRGIIFNWPGGLWSFDL	6wj0_HL_agNA_m0
6wjl_FJ_agE_m0	ARESGYDYVFDY	6wjl_FJ_agE_m0
6wjl_HL_agG_m0	ARESGYDYVFDY	6wjl_FJ_agE_m0
6wju_BA_agNA_m0	NFYDGYLFAF	6wju_BA_agNA_m0
6wju_HL_agNA_m0	NFYDGYLFAF	6wju_BA_agNA_m0
6wk4_AB_agNA_m0	ARIVEGSYSSSYFDV	6wk4_AB_agNA_m0
6wkl_AB_agNA_m0	ARNPPYYYGANNTEAMDY	6wkl_AB_agNA_m0
6wkm_HL_agNA_m0	ARNYRWFGAMDH	6wkm_HL_agNA_m0
6wm9_BC_agA_m0	AKESNYGENAFDV	6wno_BC_agA_m0
6wm9_EF_agD_m0	AKESNYGENAFDV	6wno_BC_agA_m0
6wmw_HL_agB_m0	ARRYGPEDIDY	6wmw_HL_agB_m0
6wmw_MN_agB_m0	ARAYLLRLRYGTRYAMDY	6wmw_MN_agB_m0
6wn1_BC_agA_m0	ARDGGSYTYPFFLDS	6wn1_BC_agA_m0
6wn1_EF_agD_m0	ARDGGSYTYPFFLDS	6wn1_BC_agA_m0
6wn4_AB_agC_m0	ARHEDRNYYSYWDY	6wn4_AB_agC_m0
6wn4_HL_agD_m0	ARHEDRNYYSYWDY	6wn4_AB_agC_m0
6wno_BC_agA_m0	AKESNYGENAFDI	6wno_BC_agA_m0
6wno_EF_agD_m0	AKESNYGENAFDI	6wno_BC_agA_m0
6wo3_HL_agE_m0	AREVNLKTWNPHALNVFDV	6wo3_HL_agE_m0
6wo4_HL_agE_m0	AMEVPGFCRGSCSGGYMDV	6wo4_HL_agE_m0
6wo5_AB_agE_m0	AKGPYVGGLEGFSE	6uyg_AB_agE_m0
6wo5_CD_agF_m0	AKGPYVGGLEGFSE	6uyg_AB_agE_m0
6wo5_GI_agF_m0	AGVREGMAAKGSINAFDI	6wo5_GI_agF_m0
6wo5_HL_agE_m0	AGVREGMAAKGSINAFDI	6wo5_GI_agF_m0
6woq_AB_agE_m0	AKGPYVGGLEGFSE	6uyg_AB_agE_m0
6woq_CD_agF_m0	AKGPYVGGLEGFSE	6uyg_AB_agE_m0
6woq_GH_agF_m0	AKVLNLVVRPLDL	6woq_GH_agF_m0
6woq_JK_agE_m0	AKVLQVGRNVVLRPLDL	6woq_JK_agE_m0
6wor_HL_agNA_m0	AKVLQVGRVLNVPLDL	6wor_HL_agNA_m0
6wos_HL_agNA_m0	AKVGLRGIVMVMALGGNWLDP	6bkc_HL_agE_m0
6woz_BC_agA_m0	ARALTIFGVVYDTIWFFDL	6woz_BC_agA_m0
6woz_EF_agD_m0	ARALTIFGVVYDTIWFFDL	6woz_BC_agA_m0
6woz_HI_agG_m0	ARALTIFGVVYDTIWFFDL	6woz_BC_agA_m0
6woz_KL_agJ_m0	ARALTIFGVVYDTIWFFDL	6woz_BC_agA_m0
6wps_CD_agB_m0	ARDYTRGAWFILSEGGGFDN	6wps_CD_agB_m0
6wps_FG_agE_m0	ARDYTRGAWFILSEGGGFDN	6wps_CD_agB_m0
6wps_HL_agA_m0	ARDYTRGAWFILSEGGGFDN	6wps_CD_agB_m0
6wpt_DE_agA_m0	ARDYTRGAWFILSEGGGFDN	6wps_CD_agB_m0
6wpt_HL_agC_m0	ARDYTRGAWFILSEGGGFDN	6wps_CD_agB_m0
6wpw_NNA_agC _ D _ G_m0	ARCPAPFTRDCSTVDFTTYAY	6oya_NNA_agA _ B_m0
6wqo_BC_agA_m0	AKAILTRYNWLDP	6wqo_BC_agA_m0
6wqo_EF_agD_m0	AKAILTRYNWLDP	6wqo_BC_agA_m0
6wrp_HL_agNA_m0	ARAKWGTMGRPPAGTIYDH	6wrp_HL_agNA_m0
6ws6_AB_agA_m0	ARDYTRGAWFILSEGGGFDN	6wps_CD_agB_m0
6ws6_CD_agA_m0	ARDYTRGAWFILSEGGGFDN	6wps_CD_agB_m0
6ws6_EF_ag_m0	ARDYTRGAWFILSEGGGFDN	6wps_CD_agB_m0
6wt3_HL_agNA_m0	ARHEDRNYYSYWDY	6wn4_AB_agC_m0
6wtu_BC_agA_m0	TKDKDEYTHGFNAFDV	6wtu_BC_agA_m0
6wtu_EF_agD_m0	TKDKDEYTHGFNAFDV	6wtu_BC_agA_m0
6wtu_HI_agG_m0	TKDKDEYTHGFNAFDV	6wtu_BC_agA_m0
6wtu_KL_agJ_m0	TKDKDEYTHGFNAFDV	6wtu_BC_agA_m0
6wtv_BC_agA_m0	TKDKDEYTHGFNAFDV	6wtu_BC_agA_m0
6wtv_EF_agD_m0	TKDKDEYTHGFNAFDV	6wtu_BC_agA_m0
6wtv_HI_agG_m0	TKDKDEYTHGFNAFDV	6wtu_BC_agA_m0
6wtv_KL_agJ_m0	TKDKDEYTHGFNAFDV	6wtu_BC_agA_m0
6wty_BC_agA_m0	ARDEHDYVWGPRYSSLTGP	6wty_BC_agA_m0
6wty_EF_agD_m0	ARDEHDYVWGPRYSSLTGP	6wty_BC_agA_m0
6wty_HI_agG_m0	ARDEHDYVWGPRYSSLTGP	6wty_BC_agA_m0
6wty_KL_agJ_m0	ARDEHDYVWGPRYSSLTGP	6wty_BC_agA_m0
6wvz_HL_agM_m0	ARDLRGTNYFDY	6wvz_HL_agM_m0
6ww2_HL_agR_m0	ARWGYWPGEWWPKAFDY	6cbv_HL_agB_m0
6ww2_KNA_agNA_m0	AIDSDTFSYGSYDY	6ww2_KNA_agNA_m0
6ww5_CD_agB_m0	ARYNIHYWRWGAPNYQAMDY	6ww5_CD_agB_m0
6ww5_EF_agA_m0	ARYNIHYWRWGAPNYQAMDY	6ww5_CD_agB_m0
6wwc_AB_agC_m0	TRLRYFGYFDV	6cdi_34_agA_m0
6wwc_DH_agF_m0	TRLRYFGYFDV	6cdi_34_agA_m0
6wwz_Ss_agA _ B_m0	VRSIYYYSGSPFDF	6crk_Hh_agA _ B _ G_m0
6wx1_HL_agNA_m0	ARDNSYVGFPY	6wx1_HL_agNA_m0
6wx2_AB_agC_m0	TRLRYFGYFDV	6cdi_34_agA_m0
6wx2_HL_agF_m0	TRLRYFGYFDV	6cdi_34_agA_m0
6wxl_FE_agD _ C_m0	ATKRGAVTAMFYYYVYGMDV	6wxl_FE_agD _ C_m0
6wxl_HL_agB _ A_m0	ATKRGAVTAMFYYYVYGMDV	6wxl_FE_agD _ C_m0
6wxl_KJ_agI _ G_m0	ATKRGAVTAMFYYYVYGMDV	6wxl_FE_agD _ C_m0
6wyr_HL_agNA_m0	AREVRGYGGGSDY	6wyr_HL_agNA_m0
6wyr_IM_agNA_m0	AREVRGDTGYGGGSDY	6wyr_IM_agNA_m0
6wyt_HL_agNA_m0	ARQEGLGYYDS	6wyt_HL_agNA_m0
6wzg_NNA_agA _ B _ G_m0	ARCPAPFTRDCSTVDFTTYAY	6oya_NNA_agA _ B_m0
6wzj_AB_agE_m0	AREGPYSYYPYERSYGSDL	6wzj_AB_agE_m0
6wzj_CD_agF_m0	AREGPYSYYPYERSYGSDL	6wzj_AB_agE_m0
6wzk_AB_agE_m0	AREGPYSYYPYERSYGSDL	6wzj_AB_agE_m0
6wzk_CD_agF_m0	AREGPYSYYPYERSYGSDL	6wzj_AB_agE_m0
6wzl_AB_agE_m0	AREGPYSYYPYERSYGSDL	6wzj_AB_agE_m0
6wzl_CD_agF_m0	AREGPYSYYPYERSYGSDL	6wzj_AB_agE_m0
6wzm_AB_agE_m0	AREGPYSYYPYERSYGSDL	6wzj_AB_agE_m0
6wzm_CD_agF_m0	AREGPYSYYPYERSYGSDL	6wzj_AB_agE_m0
6wzn_Aa_agNA_m0	QQANSFPLT	6wzn_Aa_agNA_m0
6wzt_ED_agB_m0	VRKYWGDYAYNWFDV	6wzt_ED_agB_m0
6wzt_GF_agC_m0	VRKYWGDYAYNWFDV	6wzt_ED_agB_m0
6wzt_HL_agA_m0	VRKYWGDYAYNWFDV	6wzt_ED_agB_m0
6x04_BNA_agA_m0	KGVMEVGGVIDEY	6x04_BNA_agA_m0
6x04_DNA_agC_m0	KGVMEVGGVIDEY	6x04_BNA_agA_m0
6x04_FNA_agE_m0	KGVMEVGGVIDEY	6x04_BNA_agA_m0
6x04_HNA_agG_m0	KGVMEVGGVIDEY	6x04_BNA_agA_m0
6x04_JNA_agI_m0	KGVMEVGGVIDEY	6x04_BNA_agA_m0
6x04_LNA_agK_m0	KGVMEVGGVIDEY	6x04_BNA_agA_m0
6x05_KNA_agA_m0	HGRGRWWGETGRLDY	6x05_KNA_agA_m0
6x06_KNA_agA_m0	AAPAGGGVVHDDYKAYAY	6x06_KNA_agA_m0
6x07_BNA_agA_m0	NIWAPTTAAITN	6x07_BNA_agA_m0
6x08_KNA_agB_m0	AAARTRGTCRNLWIGMDY	6x08_KNA_agB_m0
6x18_NNA_agA _ B _ G_m0	ARCPAPFTRDCSTVDFTTYAY	6oya_NNA_agA _ B_m0
6x19_NNA_agA _ B_m0	ARCPAPFTRDCSTVDFTTYAY	6oya_NNA_agA _ B_m0
6x1a_NNA_agA _ B_m0	ARCPAPFTRDCSTVDFTTYAY	6oya_NNA_agA _ B_m0
6x1s_AB_agK_m0	ARRSDVGSTVGFDS	6x1s_AB_agK_m0
6x1s_CD_agJ_m0	ARRSDVGSTVGFDS	6x1s_AB_agK_m0
6x1s_EF_agG_m0	ARRSDVGSTVGFDS	6x1s_AB_agK_m0
6x1s_HL_agI_m0	ARRSDVGSTVGFDS	6x1s_AB_agK_m0
6x1t_AB_agN_m0	ARRTNVSSTVGFDS	6x1t_AB_agN_m0
6x1t_CD_agO_m0	ARRTNVSSTVGFDS	6x1t_AB_agN_m0
6x1t_EF_agQ_m0	ARRTNVSSTVGFDS	6x1t_AB_agN_m0
6x1t_GI_agR_m0	ARRTNVSSTVGFDS	6x1t_AB_agN_m0
6x1t_HL_agM_m0	ARRTNVSSTVGFDS	6x1t_AB_agN_m0
6x1t_JK_agP_m0	ARRTNVSSTVGFDS	6x1t_AB_agN_m0
6x1u_AB_agC_m0	VRSSDGFDL	6x1u_AB_agC_m0
6x1u_HL_agD_m0	VRSSDGFDL	6x1u_AB_agC_m0
6x1v_HL_agD_m0	AKLGSGNPVAI	6x1v_HL_agD_m0
6x1w_HL_agA_m0	AKIGSVSDVAI	6x1w_HL_agA_m0
6x3s_JI_agB_m0	ARKGLRWAMDY	6d6t_JI_agB_m0
6x3s_KL_agD_m0	ARKGLRWAMDY	6d6t_JI_agB_m0
6x3t_JI_agB_m0	ARKGLRWAMDY	6d6t_JI_agB_m0
6x3t_KL_agD_m0	ARKGLRWAMDY	6d6t_JI_agB_m0
6x3u_JI_agB_m0	ARKGLRWAMDY	6d6t_JI_agB_m0
6x3u_KL_agD_m0	ARKGLRWAMDY	6d6t_JI_agB_m0
6x3v_JI_agB_m0	ARKGLRWAMDY	6d6t_JI_agB_m0
6x3v_KL_agD_m0	ARKGLRWAMDY	6d6t_JI_agB_m0
6x3w_JI_agB_m0	ARKGLRWAMDY	6d6t_JI_agB_m0
6x3w_KL_agD_m0	ARKGLRWAMDY	6d6t_JI_agB_m0
6x3x_JI_agB_m0	ARKGLRWAMDY	6d6t_JI_agB_m0
6x3x_KL_agD_m0	ARKGLRWAMDY	6d6t_JI_agB_m0
6x3z_JI_agB_m0	ARKGLRWAMDY	6d6t_JI_agB_m0
6x3z_KL_agD_m0	ARKGLRWAMDY	6d6t_JI_agB_m0
6x40_JI_agB_m0	ARKGLRWAMDY	6d6t_JI_agB_m0
6x40_KL_agD_m0	ARKGLRWAMDY	6d6t_JI_agB_m0
6x4g_NNA_agC_m0	GATDTVRIYSCDGNLACLYHRDAA	6x4g_NNA_agC_m0
6x4t_BE_agC_m0	AREGILWGFDLPTF	6x4t_BE_agC_m0
6x4t_DF_agA_m0	AREGILWGFDLPTF	6x4t_BE_agC_m0
6x58_AB_agE_m0	ARTGKYYDFWSEGPPYGEYFQD	7mfa_CD_agNA_m0
6x58_CD_agF_m0	ARTGKYYDFWSEGPPYGEYFQD	7mfa_CD_agNA_m0
6x5b_HL_agA_m0	AGVYEGEADEGNNDYEGFLKH	1gc1_HL_agG_m0
6x5b_IF_agD_m0	AGVYEGEADEGNNDYEGFLKH	1gc1_HL_agG_m0
6x5b_OM_agJ_m0	AGVYEGEADEGNNDYEGFLKH	1gc1_HL_agG_m0
6x5e_BA_agNA_m0	SRSTMITTRSPDRYFDV	6x5e_BA_agNA_m0
6x5e_HL_agNA_m0	SRSTMITTRSPDRYFDV	6x5e_BA_agNA_m0
6x5m_HL_agR_m0	ARQGYRRRGSRGFDY	3ivk_AB_agC_m0
6x5m_hl_agr_m0	ARQGYRRRGSRGFDY	3ivk_AB_agC_m0
6x5n_HL_agR_m0	ARQGYRRRGSRGFDY	3ivk_AB_agC_m0
6x5n_hl_agr_m0	ARQGYRRRGSRGFDY	3ivk_AB_agC_m0
6x78_BA_agI_m0	TRGGTTFVEAPWLAY	6x78_BA_agI_m0
6x78_HL_agG_m0	TRGGTTFVEAPWLAY	6x78_BA_agI_m0
6x7w_AC_agD_m0	ARHGEGKGYSNFAY	6x7w_AC_agD_m0
6x7w_HL_agG_m0	ARHGEGKGYSNFAY	6x7w_AC_agD_m0
6x87_AB_agX_m0	ASAAY	6x87_AB_agX_m0
6x87_CD_agX_m0	ASAAY	6x87_AB_agX_m0
6x87_EF_agX_m0	ASAAY	6x87_AB_agX_m0
6x87_GH_agX_m0	ASAAY	6x87_AB_agX_m0
6x87_IJ_agX_m0	ASAAY	6x87_AB_agX_m0
6x87_KL_agX_m0	ASAAY	6x87_AB_agX_m0
6x87_MN_agX_m0	ASAAY	6x87_AB_agX_m0
6x8p_HL_agP_m0	ASAAY	6x87_AB_agX_m0
6x8q_HL_agP_m0	ASAAY	6x87_AB_agX_m0
6x8s_HL_agP_m0	ASAAY	6x87_AB_agX_m0
6x8u_HL_agP_m0	ASAAY	6x87_AB_agX_m0
6x96_EF_agC_m0	ARGGSGDGQSL	6cjk_BA_ag_m0
6x96_HL_agA_m0	ARGGSGDGQSL	6cjk_BA_ag_m0
6x96_JK_agG_m0	ARGGSGDGQSL	6cjk_BA_ag_m0
6x97_EF_agC_m0	ARFSDTGPYDGLGNL	6x97_EF_agC_m0
6x97_HL_agA_m0	ARFSDTGPYDGLGNL	6x97_EF_agC_m0
6x97_JK_agG_m0	ARFSDTGPYDGLGNL	6x97_EF_agC_m0
6x98_FE_agC_m0	ARGDYDDPDLGVATL	6x98_FE_agC_m0
6x98_HL_agA_m0	ARGDYDDPDLGVATL	6x98_FE_agC_m0
6x98_KJ_agG_m0	ARGDYDDPDLGVATL	6x98_FE_agC_m0
6x9r_HL_agA _ B_m0	ATGGMSSALKSSQYYFDF	6nf5_GI_agD_m0
6x9s_HL_agA _ B_m0	ATGGMSSALKSSQYYFDF	6nf5_GI_agD_m0
6x9t_HL_agA _ B_m0	ATGGMSSALKSSQYYFDF	6nf5_GI_agD_m0
6x9u_HL_agA _ B_m0	ATGGMSSALKSSQYYFDF	6nf5_GI_agD_m0
6x9v_HL_agB _ A_m0	ATGGMSSALKSSQYYFDF	6nf5_GI_agD_m0
6x9x_ANA_agNA_m0	ARGPLSRGYYDY	4jzn_AB_ag_m0
6xbj_Ss_agA _ B_m0	VRSIYYYSGSPFDF	6crk_Hh_agA _ B _ G_m0
6xbk_Ss_agA _ B_m0	VRSIYYYSGSPFDF	6crk_Hh_agA _ B _ G_m0
6xbl_Ss_agA _ B_m0	VRSIYYYSGSPFDF	6crk_Hh_agA _ B _ G_m0
6xbm_Ss_agA _ B_m0	VRSIYYYSGSPFDF	6crk_Hh_agA _ B _ G_m0
6xc2_HL_agA_m0	ARDLDVYGLDV	6xc2_HL_agA_m0
6xc2_XY_agZ_m0	ARDLDVYGLDV	6xc2_HL_agA_m0
6xc3_BA_agC_m0	ARDLDVYGLDV	6xc2_HL_agA_m0
6xc3_HL_agC_m0	AGGSGISTPMDV	9cps_HL_agA_m0
6xc4_HL_agA_m0	ARDFGDFYFDY	7d0c_GF_agC_m0
6xc4_XY_agZ_m0	ARDFGDFYFDY	7d0c_GF_agC_m0
6xc7_CD_agA_m0	ARDFGDFYFDY	7d0c_GF_agC_m0
6xc7_HL_agA_m0	AGGSGISTPMDV	9cps_HL_agA_m0
6xca_HL_agNA_m0	ARGEGWELPYDY	6xca_HL_agNA_m0
6xcj_HL_agG_m0	TRGQLELATSRFDK	6xcj_HL_agG_m0
6xcm_HL_agC_m0	ARGEGWELPYDY	6xca_HL_agNA_m0
6xcm_NS_agB_m0	ARGEGWELPYDY	6xca_HL_agNA_m0
6xcn_BD_agA_m0	ARGEGWELPYDY	6xca_HL_agNA_m0
6xcn_FG_agE_m0	ARGEGWELPYDY	6xca_HL_agNA_m0
6xcn_HL_agC_m0	ARGEGWELPYDY	6xca_HL_agNA_m0
6xdg_BD_agE_m0	ARDRGTTMVPFDY	6xdg_BD_agE_m0
6xdg_CA_agE_m0	ASGSDYGDYLLVY	6xdg_CA_agE_m0
6xe1_HL_agE_m0	ARDLDVSGGMDV	6xe1_HL_agE_m0
6xey_FG_agB_m0	ARDRSWAVYVYYMDV	6xey_FG_agB_m0
6xey_HL_agA_m0	ARDRSWAVYVYYMDV	6xey_FG_agB_m0
6xey_JK_agC_m0	ARDRSWAVYVYYMDV	6xey_FG_agB_m0
6xgc_HL_agD _ C_m0	AKDGGNAIFGNTIVLYGLDS	6xgc_HL_agD _ C_m0
6xgc_IJ_agF _ E_m0	AKDGGNAIFGNTIVLYGLDS	6xgc_HL_agD _ C_m0
6xgc_MN_agB _ A_m0	AKDGGNAIFGNTIVLYGLDS	6xgc_HL_agD _ C_m0
6xja_HL_agNA_m0	AAAGAAAAAA	6xja_HL_agNA_m0
6xjq_CD_agB_m0	ARTKYHYKNWYYWALDY	6mwn_CD_agB_m0
6xjq_HL_agA_m0	ARTKYHYKNWYYWALDY	6mwn_CD_agB_m0
6xjw_CD_agB_m0	ARTKYHYKNWYYWALDY	6mwn_CD_agB_m0
6xjw_HL_agA_m0	ARTKYHYKNWYYWALDY	6mwn_CD_agB_m0
6xjy_CD_agB_m0	ARTKYHYKNWYYWALDY	6mwn_CD_agB_m0
6xjy_HL_agA_m0	ARTKYHYKNWYYWALDY	6mwn_CD_agB_m0
6xjz_CD_agB_m0	ARTKYHYKNWYYWALDY	6mwn_CD_agB_m0
6xjz_HL_agA_m0	ARTKYHYKNWYYWALDY	6mwn_CD_agB_m0
6xkp_HL_agA_m0	ARARGSSGWYRGWRTGINWFDP	6xkp_HL_agA_m0
6xkp_MN_agB_m0	ARARGSSGWYRGWRTGINWFDP	6xkp_HL_agA_m0
6xkq_HL_agA_m0	AGSDNYGFYPNGMDV	6xkq_HL_agA_m0
6xkr_HL_agP_m0	ARLSTGTFAY	6xkr_HL_agP_m0
6xli_AB_agE_m0	ARGWGDYGWFAY	6xli_AB_agE_m0
6xli_CD_agF_m0	ARGWGDYGWFAY	6xli_AB_agE_m0
6xli_HL_agP_m0	ARGWGDYGWFAY	6xli_AB_agE_m0
6xlq_BC_agA_m0	ARRHSDMIYYGYGMDV	6xlq_BC_agA_m0
6xlq_EF_agD_m0	ARRHSDMIYYGYGMDV	6xlq_BC_agA_m0
6xlq_HI_agG_m0	ARRHSDMIYYGYGMDV	6xlq_BC_agA_m0
6xlq_KL_agJ_m0	ARRHSDMIYYGYGMDV	6xlq_BC_agA_m0
6xlz_HL_agP _ A_m0	ARPYCPGSACYDS	6xlz_HL_agP _ A_m0
6xm2_BA_agL_m0	ARHMQVGGAPMSGTAAFDP	6xm2_BA_agL_m0
6xm2_DC_agJ_m0	ARHMQVGGAPMSGTAAFDP	6xm2_BA_agL_m0
6xm2_FE_agI_m0	ARHMQVGGAPMSGTAAFDP	6xm2_BA_agL_m0
6xm2_HG_agK_m0	ARHMQVGGAPMSGTAAFDP	6xm2_BA_agL_m0
6xmi_BA_agC_m0	ARYSWPWVSYKPFHLGYYSAMDY	6vi1_BA_agN_m0
6xmi_ED_agF_m0	ARYSWPWVSYKPFHLGYYSAMDY	6vi1_BA_agN_m0
6xob_MN_agB_m0	AKDTSGWYEFFDS	6xob_MN_agB_m0
6xob_OP_agE_m0	AKDTSGWYEFFDS	6xob_MN_agB_m0
6xob_QR_agH_m0	AKDTSGWYEFFDS	6xob_MN_agB_m0
6xob_ST_agK_m0	AKDTSGWYEFFDS	6xob_MN_agB_m0
6xoc_AB_agNA_m0	ARLDSGDWYYYGLDY	6xoc_AB_agNA_m0
6xoc_HL_agNA_m0	ARGKNCDNYWDFQH	4jpk_HL_agA_m0
6xox_Ee_agA_m0	VRSIYYYSGSPFDF	6crk_Hh_agA _ B _ G_m0
6xox_NNA_agA _ B_m0	ARCPAPFTRDCSTVDFTTYAY	6oya_NNA_agA _ B_m0
6xp6_HG_agA _ C _ B_m0	ARDVQRMGMDV	6xp6_HG_agA _ C _ B_m0
6xp6_JI_agD _ E _ F_m0	ARDVQRMGMDV	6xp6_HG_agA _ C _ B_m0
6xpq_BC_agA_m0	ARDFFEKLILDDANAFDI	6xpq_BC_agA_m0
6xpr_BC_agA_m0	ARRFVERLWGYPKSQDAVDI	6xpr_BC_agA_m0
6xpr_EF_agD_m0	ARRFVERLWGYPKSQDAVDI	6xpr_BC_agA_m0
6xpx_BC_agA_m0	ARDRGGLDV	6xpx_BC_agA_m0
6xpy_BC_agA_m0	ARGVLEQLAPDYYSDFYGMNV	6xpy_BC_agA_m0
6xpz_BC_agA_m0	SKDRGDVWSGYYRYYHYDGGFGMDV	6xpz_BC_agA_m0
6xpz_EF_agD_m0	SKDRGDVWSGYYRYYHYDGGFGMDV	6xpz_BC_agA_m0
6xq0_BC_agA_m0	ARALTEWLFQRGYYHNRTYGMDV	6xq0_BC_agA_m0
6xq0_EF_agD_m0	ARALTEWLFQRGYYHNRTYGMDV	6xq0_BC_agA_m0
6xq2_CB_agA_m0	ARDLVYTGYSYGMDV	6xq2_CB_agA_m0
6xq2_FE_agD_m0	ARDLVYTGYSYGMDV	6xq2_CB_agA_m0
6xq4_CB_agA_m0	ARGEMGDGWYYAPFDY	6xq4_CB_agA_m0
6xq4_EF_agD_m0	ARGEMGDGWYYAPFDY	6xq4_CB_agA_m0
6xqw_HL_agE_m0	ARGPQQHELPPFDY	6xqw_HL_agE_m0
6xr0_HL_agM_m0	ARDDGYYGRFAY	6xr0_HL_agM_m0
6xrj_AB_agNA_m0	ARGMEGLFYAANSLDV	6vtu_HL_agA_m0
6xrj_CD_agNA_m0	ARGMEGLFYAANSLDV	6vtu_HL_agA_m0
6xrj_EF_agNA_m0	ARGMEGLFYAANSLDV	6vtu_HL_agA_m0
6xrj_HL_agNA_m0	ARGMEGLFYAANSLDV	6vtu_HL_agA_m0
6xrt_HL_agG _ E _ F_m0	ARKGEDFYEDDGGATFYQWFFDL	6xrt_HL_agG _ E _ F_m0
6xsk_GJ_agD _ C_m0	AREGITIFGPIVVRVLDS	6xsk_GJ_agD _ C_m0
6xsk_HL_agF _ E_m0	AREGITIFGPIVVRVLDS	6xsk_GJ_agD _ C_m0
6xsk_IK_agB _ A_m0	AREGITIFGPIVVRVLDS	6xsk_GJ_agD _ C_m0
6xsn_HL_agC_m0	ARGLWSGFYFWFDV	6u3z_AB_ag_m0
6xsw_AB_agC_m0	ARGEIRYNWFAY	6xsw_AB_agC_m0
6xsw_DE_agF_m0	ARGEIRYNWFAY	6xsw_AB_agC_m0
6xsw_GI_agJ_m0	ARGEIRYNWFAY	6xsw_AB_agC_m0
6xsw_HL_agX_m0	ARGEIRYNWFAY	6xsw_AB_agC_m0
6xtg_HL_agA_m0	TTRFAY	6xtg_HL_agA_m0
6xud_HL_agNA_m0	TTRFAY	6xtg_HL_agA_m0
6xuk_HL_agA_m0	AVRFAF	6xuk_HL_agA_m0
6xul_AB_agNA_m0	AKDIRRFSGGTAEFEY	6xul_AB_agNA_m0
6xul_CD_agNA_m0	AKDIRRFSGGTAEFEY	6xul_AB_agNA_m0
6xul_EF_agNA_m0	AKDIRRFSGGTAEFEY	6xul_AB_agNA_m0
6xul_GI_agNA_m0	AKDIRRFSGGTAEFEY	6xul_AB_agNA_m0
6xul_HL_agNA_m0	AKDIRRFSGGTAEFEY	6xul_AB_agNA_m0
6xul_JK_agNA_m0	AKDIRRFSGGTAEFEY	6xul_AB_agNA_m0
6xun_AB_agF_m0	AKDIRRFSGGTAEFEY	6xul_AB_agNA_m0
6xun_CD_agG_m0	AKDIRRFSGGTAEFEY	6xul_AB_agNA_m0
6xun_HL_agE_m0	AKDIRRFSGGTAEFEY	6xul_AB_agNA_m0
6xux_ANA_agNA_m0	AARRRGFTLAARTPNEYDY	6qd6_ANA_ag_m0
6xv8_ANA_agNA_m0	AARRRGFTLAARTPNEYDY	6qd6_ANA_ag_m0
6xv8_BNA_agNA_m0	AARRRGFTLAARTPNEYDY	6qd6_ANA_ag_m0
6xv8_CNA_agNA_m0	AARRRGFTLAARTPNEYDY	6qd6_ANA_ag_m0
6xv8_DNA_agNA_m0	AARRRGFTLAARTPNEYDY	6qd6_ANA_ag_m0
6xvi_ANA_agNA_m0	AARRRGFTLAARTPNEYDY	6qd6_ANA_ag_m0
6xvi_BNA_agNA_m0	AARRRGFTLAARTPNEYDY	6qd6_ANA_ag_m0
6xvi_CNA_agNA_m0	AARRRGFTLAARTPNEYDY	6qd6_ANA_ag_m0
6xvi_DNA_agNA_m0	AARRRGFTLAARTPNEYDY	6qd6_ANA_ag_m0
6xw4_CNA_agA_m0	AATYSTIARPTSYDF	6xw4_CNA_agA_m0
6xw4_DNA_agB_m0	AATYSTIARPTSYDF	6xw4_CNA_agA_m0
6xw5_CNA_agA_m0	AGKGQGGTWDY	6xw5_CNA_agA_m0
6xw5_DNA_agB_m0	AGKGQGGTWDY	6xw5_CNA_agA_m0
6xw6_CNA_agA_m0	AARSRFSAMHLLRRYAVDYDD	6xw6_CNA_agA_m0
6xw6_DNA_agB_m0	AARSRFSAMHLLRRYAVDYDD	6xw6_CNA_agA_m0
6xw7_CNA_agA_m0	AGRGSVYYDV	6xw7_CNA_agA_m0
6xw7_DNA_agB_m0	AGRGSVYYDV	6xw7_CNA_agA_m0
6xw7_GNA_agE_m0	AGRGSVYYDV	6xw7_CNA_agA_m0
6xw7_HNA_agF_m0	AGRGSVYYDV	6xw7_CNA_agA_m0
6xxn_ANA_ag_m0	AVAACHFCDSQTKPLDEYIL	6xxn_ANA_ag_m0
6xxn_BNA_ag_m0	AVAACHFCDSQTKPLDEYIL	6xxn_ANA_ag_m0
6xxn_CNA_ag_m0	AVAACHFCDSQTKPLDEYIL	6xxn_ANA_ag_m0
6xxn_DNA_ag_m0	AVAACHFCDSQTKPLDEYIL	6xxn_ANA_ag_m0
6xxn_ENA_ag_m0	AVAACHFCDSQTKPLDEYIL	6xxn_ANA_ag_m0
6xxn_FNA_ag_m0	AVAACHFCDSQTKPLDEYIL	6xxn_ANA_ag_m0
6xxn_GNA_ag_m0	AVAACHFCDSQTKPLDEYIL	6xxn_ANA_ag_m0
6xxn_HNA_ag_m0	AVAACHFCDSQTKPLDEYIL	6xxn_ANA_ag_m0
6xxo_ANA_ag_m0	AARRDYSLSSSSDDFDY	6xxo_ANA_ag_m0
6xxp_ANA_ag_m0	AARRDYSLSSSSDDFDY	6xxo_ANA_ag_m0
6xxv_AB_agC_m0	VRDRTYYSGVETYYDGLDS	6xxv_AB_agC_m0
6xxv_DE_agF_m0	VRDRTYYSGVETYYDGLDS	6xxv_AB_agC_m0
6xy2_HL_agA_m0	AKTEGHYYGSYGYNYALDY	6xy2_HL_agA_m0
6xyf_ANA_agNA_m0	AAARRFRAGVARTVDDVDY	6xyf_ANA_agNA_m0
6xym_ANA_agNA_m0	AAARRFRAGVARTVDDVDY	6xyf_ANA_agNA_m0
6xym_BNA_agNA_m0	AAARRFRAGVARTVDDVDY	6xyf_ANA_agNA_m0
6xzf_BNA_agA_m0	NVNVGFEY	3k1k_CNA_agA_m0
6xzu_ANA_agB_m0	NLLGATTMINTK	6xzu_ANA_agB_m0
6xzw_HL_agD_m0	ARNRGRFDV	6xzw_HL_agD_m0
6y0e_ANA_agNA_m0	NVNVGFEY	3k1k_CNA_agA_m0
6y0e_BNA_agNA_m0	NVNVGFEY	3k1k_CNA_agA_m0
6y1k_HL_agNA_m0	AGLTQSSHNDAN	2xza_HL_ag_m0
6y1l_HL_agL_m0	AGLTQSSHNDAN	2xza_HL_ag_m0
6y1m_HL_agL_m0	AGLTQNDAN	5tjd_HL_ag_m0
6y1n_HL_agL_m0	ARFGTRGNTH	6y1n_HL_agL_m0
6y1r_ANA_agNA_m0	AAARRFRAGVARTVDDVDY	6xyf_ANA_agNA_m0
6y1r_BNA_agNA_m0	AAARVVTARDDVDY	6y1r_BNA_agNA_m0
6y1r_CNA_agNA_m0	AAARRFRAGVARTVDDVDY	6xyf_ANA_agNA_m0
6y1r_DNA_agNA_m0	AAARRFRAGVARTVDDVDY	6xyf_ANA_agNA_m0
6y1r_ENA_agNA_m0	AAAGVVTARDDVDY	6y1r_ENA_agNA_m0
6y49_HL_agL_m0	AGLTNDAN	5ado_HL_agL_m0
6y54_HL_agL_m0	TVVRMDY	6y54_HL_agL_m0
6y54_MN_agN_m0	TVVRMDY	6y54_HL_agL_m0
6y54_OP_agP_m0	TVVRMDY	6y54_HL_agL_m0
6y6c_Cc_agB_m0	ARYYYGYYYSHMDY	6y6c_Cc_agB_m0
6y6c_Dd_agA_m0	ARYYYGYYYSHMDY	6y6c_Cc_agB_m0
6y90_CD_agB_m0	ARSTYYGDGWYFNV	2osl_AB_agQ_m0
6y90_HL_agA_m0	ARSTYYGDGWYFNV	2osl_AB_agQ_m0
6y92_CD_agB_m0	AKDIQYGNYYYGMDV	3giz_HL_ag_m0
6y92_HL_agA_m0	AKDIQYGNYYYGMDV	3giz_HL_ag_m0
6y97_HL_agA _ B_m0	ARNVFDGYWLVY	3pp3_HL_ag_m0
6y9a_HL_agA _ B_m0	ARNVFDGYWLVY	3pp3_HL_ag_m0
6y9b_HL_agC_m0	ARERNYDYDYYDYAMDY	6y9b_HL_agC_m0
6y9b_IM_agA_m0	ARERNYDYDYYDYAMDY	6y9b_HL_agC_m0
6y9b_JN_agB_m0	ARERNYDYDYYDYAMDY	6y9b_HL_agC_m0
6yax_HL_agA_m0	ARENFDAFDV	6yax_HL_agA_m0
6yax_IM_agB_m0	ARENFDAFDV	6yax_HL_agA_m0
6ye3_AB_agC_m0	ARHMGYNDLYAWFAY	6ye3_AB_agC_m0
6ye3_DE_agF_m0	ARHMGYNDLYAWFAY	6ye3_AB_agC_m0
6ye3_GH_agI_m0	ARHMGYNDLYAWFAY	6ye3_AB_agC_m0
6yhq_HL_agNA_m0	ARGDSGYGDFAY	6yhq_HL_agNA_m0
6yio_HL_agB_m0	ARGGSVSGLTVDFDI	6yio_HL_agB_m0
6yla_BC_agA_m0	AGGSGISTPMDV	9cps_HL_agA_m0
6yla_HL_agE_m0	AGGSGISTPMDV	9cps_HL_agA_m0
6ym0_HL_agE_m0	AGGSGISTPMDV	9cps_HL_agA_m0
6ymq_Aa_agG_m0	ARYYYGYYYSHMDY	6y6c_Cc_agB_m0
6ymq_Bb_agI_m0	ARYYYGYYYSHMDY	6y6c_Cc_agB_m0
6ymq_Cc_agJ_m0	ARYYYGYYYSHMDY	6y6c_Cc_agB_m0
6ymq_Ee_ag0_m0	ARYYYGYYYSHMDY	6y6c_Cc_agB_m0
6ymq_Ff_agK_m0	ARYYYGYYYSHMDY	6y6c_Cc_agB_m0
6yo6_CNA_agB _ A_m0	AAGTGWSPDTQNEYNY	8oq3_CNA_agA_m0
6yor_BC_agA_m0	AGGSGISTPMDV	9cps_HL_agA_m0
6yor_HL_agE_m0	AGGSGISTPMDV	9cps_HL_agA_m0
6ysq_CNA_agA_m0	AAGGPEVEIARTNEYDY	6ysq_CNA_agA_m0
6ysq_DNA_agB_m0	AAGGPEVEIARTNEYDY	6ysq_CNA_agA_m0
6yu8_BNA_agA_m0	AAGALPRTHAYEYDY	6yu8_BNA_agA_m0
6ywc_AB_agC_m0	ARLYGFTYGFAY	3o41_AB_agC_m0
6ywc_DE_agF_m0	ARLYGFTYGFAY	3o41_AB_agC_m0
6ywd_AB_agC_m0	ARDMIFNFYFDV	3ixt_AB_agC_m0
6yx9_HL_agA_m0	ARETGTAWFAY	5lwy_HL_agA_m0
6yxd_HL_agA_m0	ARETGTAWFAY	5lwy_HL_agA_m0
6yxf_Hh_agA_m0	ARETGTAWFAY	5lwy_HL_agA_m0
6yxg_Hh_agA_m0	ARETGTAWFAY	5lwy_HL_agA_m0
6yxk_AB_agC_m0	ARGTYLPVSEDAAFDV	6yxk_AB_agC_m0
6yxl_HL_agNA_m0	GRSGRTDARRAPVSY	6yxl_HL_agNA_m0
6yxm_HL_agB_m0	VRGGSLGIGFGSVGY	6yxm_HL_agB_m0
6yye_Cc_agA_m0	ARVGGYYSGWNGIDY	6yye_Cc_agA_m0
6yye_Dd_agB_m0	ARVGGYYSGWNGIDY	6yye_Cc_agA_m0
6yz5_FNA_agE_m0	ARTENVRSLLTAYDSWPYDY	6yz5_FNA_agE_m0
6yz7_DNA_agA_m0	ARTENVRSLLTAYDSWPYDY	6yz5_FNA_agE_m0
6z06_HL_agA_m0	TRDRLGPFDY	6z06_HL_agA_m0
6z10_BNA_agA_m0	AADPFGERLCIAFTNPDGYLET	6ibb_BNA_agA_m0
6z1v_BNA_agA_m0	AATERWGLPARADWGS	6z1v_BNA_agA_m0
6z1z_ANA_agNA_m0	AADERWGKFDY	6z1z_ANA_agNA_m0
6z1z_BNA_agNA_m0	AADERWGKFDY	6z1z_ANA_agNA_m0
6z20_BNA_agA_m0	AADERWGGTGKFDY	6z20_BNA_agA_m0
6z20_DNA_agC_m0	AADERWGGTGKFDY	6z20_BNA_agA_m0
6z2l_CB_agA_m0	TRRGLGYYDGGFAY	6z2l_CB_agA_m0
6z2m_BC_agA_m0	AGGSGISTPMDV	9cps_HL_agA_m0
6z2m_DNA_agA_m0	ARTENVRSLLTAYDSWPYDY	6yz5_FNA_agE_m0
6z2m_FNA_agE_m0	ARTENVRSLLTAYDSWPYDY	6yz5_FNA_agE_m0
6z2m_HL_agE_m0	AGGSGISTPMDV	9cps_HL_agA_m0
6z3k_AB_agNA_m0	AREITMIAWFDP	6z3k_AB_agNA_m0
6z3k_CD_agNA_m0	AREITMIAWFDP	6z3k_AB_agNA_m0
6z3k_EF_agNA_m0	AREITMIAWFDP	6z3k_AB_agNA_m0
6z3k_GI_agNA_m0	AREITMIAWFDP	6z3k_AB_agNA_m0
6z3k_HL_agNA_m0	AREITMIAWFDP	6z3k_AB_agNA_m0
6z3k_JK_agNA_m0	AREITMIAWFDP	6z3k_AB_agNA_m0
6z3k_MN_agNA_m0	AREITMIAWFDP	6z3k_AB_agNA_m0
6z3k_OP_agNA_m0	AREITMIAWFDP	6z3k_AB_agNA_m0
6z3k_QR_agNA_m0	AREITMIAWFDP	6z3k_AB_agNA_m0
6z3p_HL_agC _ A _ B_m0	ARLHSSSFWYGMDV	6z3p_HL_agC _ A _ B_m0
6z3q_HL_agC _ A _ B_m0	AREITMIAWFDP	6z3k_AB_agNA_m0
6z3x_ANA_agNA_m0	AAGSISILEEFDY	6z3x_ANA_agNA_m0
6z3x_BNA_agNA_m0	AAGSILEEFDY	6z3x_BNA_agNA_m0
6z43_XNA_agA_m0	ARTENVRSLLTAYDSWPYDY	6yz5_FNA_agE_m0
6z43_YNA_agB_m0	ARTENVRSLLTAYDSWPYDY	6yz5_FNA_agE_m0
6z43_ZNA_agC_m0	ARTENVRSLLTAYDSWPYDY	6yz5_FNA_agE_m0
6z6v_GNA_agB _ C_m0	GADENPPGWPSWRSSAYDY	6z6v_GNA_agB _ C_m0
6z6v_HNA_agE _ F_m0	GADENPPGWPSWRSSAYDY	6z6v_GNA_agB _ C_m0
6z7w_BA_agI _ J_m0	ARSSEFITTVAADY	6z7w_BA_agI _ J_m0
6z7w_DC_agK _ L_m0	ARSSEFITTVAADY	6z7w_BA_agI _ J_m0
6z7w_FE_agM _ N_m0	ARSSEFITTVAADY	6z7w_BA_agI _ J_m0
6z7w_HG_agO _ P_m0	ARSSEFITTVAADY	6z7w_BA_agI _ J_m0
6z7x_BA_agNA_m0	ARQGLRYFDY	6z7x_BA_agNA_m0
6z7y_BA_agH _ G_m0	ARQGLRYFDY	6z7x_BA_agNA_m0
6z7y_DC_agF _ E_m0	ARQGLRYFDY	6z7x_BA_agNA_m0
6z7z_BA_agH _ G_m0	ARQGLRYFDY	6z7x_BA_agNA_m0
6z7z_DC_agF _ E_m0	ARQGLRYFDY	6z7x_BA_agNA_m0
6zbp_FNA_agE_m0	AQTHYVSYLLTAYDSWPYDY	7z1e_FNA_agE_m0
6zbv_BNA_agA_m0	NVKDWGAWSAYYDY	6zbv_BNA_agA_m0
6zcz_FNA_agE_m0	AQTHYVSYLLTAYDSWPYDY	7z1e_FNA_agE_m0
6zcz_HL_agE_m0	AKDGGKLVWYYFDY	6zcz_HL_agE_m0
6zdg_BC_agA_m0	AKDGGKLVWYYFDY	6zcz_HL_agE_m0
6zdg_FG_agD_m0	AKDGGKLVWYYFDY	6zcz_HL_agE_m0
6zdg_HL_agE_m0	AKDGGKLVWYYFDY	6zcz_HL_agE_m0
6zdh_DF_agB_m0	AKDGGKLVWYYFDY	6zcz_HL_agE_m0
6zdh_GI_agC_m0	AKDGGKLVWYYFDY	6zcz_HL_agE_m0
6zdh_HL_agA_m0	AKDGGKLVWYYFDY	6zcz_HL_agE_m0
6ze1_BNA_agA_m0	AAGTSSFRLREYDY	6ze1_BNA_agA_m0
6zec_HL_agA_m0	VRGSPESSGWYNGHFQY	6zec_HL_agA_m0
6zer_BC_agA_m0	AKDGGKLVWYYFDY	6zcz_HL_agE_m0
6zer_FG_agD_m0	AKDGGKLVWYYFDY	6zcz_HL_agE_m0
6zer_HL_agE_m0	AKDGGKLVWYYFDY	6zcz_HL_agE_m0
6zfo_BC_agA_m0	AKDGGKLVWYYFDY	6zcz_HL_agE_m0
6zfo_HL_agE_m0	AKDGGKLVWYYFDY	6zcz_HL_agE_m0
6zg3_ENA_agA _ I_m0	AATPVWYWSCVKVAGPYDY	6zg3_ENA_agA _ I_m0
6zg3_JNA_agF _ D_m0	AATPVWYWSCVKVAGPYDY	6zg3_ENA_agA _ I_m0
6zh9_FNA_agE_m0	AQTHYVSYLLTAYDSWPYDY	7z1e_FNA_agE_m0
6zh9_HL_agE_m0	AGGSGISTPMDV	9cps_HL_agA_m0
6zhd_DNA_agA_m0	AQTHYVSYLLTAYDSWPYDY	7z1e_FNA_agE_m0
6zhd_ENA_agC_m0	AQTHYVSYLLTAYDSWPYDY	7z1e_FNA_agE_m0
6zhd_FNA_agB_m0	AQTHYVSYLLTAYDSWPYDY	7z1e_FNA_agE_m0
6zjg_HL_agC_m0	VRIRGGSSNWLDP	5ock_HL_agA_m0
6zlr_BC_agA_m0	AGGSGISTPMDV	9cps_HL_agA_m0
6zlr_FG_agD_m0	AGGSGISTPMDV	9cps_HL_agA_m0
6zlr_HL_agE_m0	AGGSGISTPMDV	9cps_HL_agA_m0
6zpl_ENA_agB_m0	NVKDWGAWSAYYDY	6zbv_BNA_agA_m0
6zpl_FNA_agA_m0	NVKDWGAWSAYYDY	6zbv_BNA_agA_m0
6zqk_ANA_agNA_m0	SRWFYAMDY	6zqk_ANA_agNA_m0
6zqk_BNA_agNA_m0	VRSGNYEEYAMDY	6zqk_BNA_agNA_m0
6zqk_CNA_agNA_m0	SRWFYAMDY	6zqk_ANA_agNA_m0
6zqk_DNA_agNA_m0	VRSGNYEEYAMDY	6zqk_BNA_agNA_m0
6zrv_BNA_agA_m0	AADYGSSWFTCNGMDY	6zrv_BNA_agA_m0
6ztd_HL_agNA_m0	ARDGVGAPL	6ztd_HL_agNA_m0
6ztf_AB_agNA_m0	ARGEGYGREGFAI	6ztf_AB_agNA_m0
6ztf_HL_agNA_m0	ARGEGYGREGFAI	6ztf_AB_agNA_m0
6ztr_AB_agJ_m0	ARGEGYGREGFAI	6ztf_AB_agNA_m0
6ztr_HL_agI_m0	ARGEGYGREGFAI	6ztf_AB_agNA_m0
6zvf_HL_agP_m0	ARGTMMASLDY	6zvf_HL_agP_m0
6zwk_ANA_agG_m0	AADYGTSRYQRRTSEYEY	6zwk_ANA_agG_m0
6zwk_BNA_agH_m0	AADYGTSRYQRRTSEYEY	6zwk_ANA_agG_m0
6zwk_CNA_agI_m0	AADYGTSRYQRRTSEYEY	6zwk_ANA_agG_m0
6zwk_DNA_agJ_m0	AADYGTSRYQRRTSEYEY	6zwk_ANA_agG_m0
6zwk_ENA_agK_m0	AADYGTSRYQRRTSEYEY	6zwk_ANA_agG_m0
6zwk_FNA_agL_m0	AADYGTSRYQRRTSEYEY	6zwk_ANA_agG_m0
6zxn_DNA_agA_m0	AIGLNLSSSSV	6zxn_DNA_agA_m0
6zxn_ENA_agB_m0	AIGLNLSSSSV	6zxn_DNA_agA_m0
6zxn_FNA_agC_m0	AIGLNLSSSSV	6zxn_DNA_agA_m0
7a0v_BNA_agA_m0	AQSRAIEASDDRGYDY	7a0v_BNA_agA_m0
7a0v_DNA_agC_m0	AQSRAIEASDDRGYDY	7a0v_BNA_agA_m0
7a0v_FNA_agE_m0	AQSRAIEASDDRGYDY	7a0v_BNA_agA_m0
7a0w_CD_agA_m0	AKSTGRDYGYGGIDA	7a0w_CD_agA_m0
7a0w_EF_agB_m0	AKSTGRDYGYGGIDA	7a0w_CD_agA_m0
7a0x_CD_agA_m0	AKSTGRDYGYGGIDA	7a0w_CD_agA_m0
7a0x_EF_agB_m0	AKSTGRDYGYGGIDA	7a0w_CD_agA_m0
7a0y_CD_agA_m0	AKSTGRDYGYGGIDA	7a0w_CD_agA_m0
7a0y_EF_agB_m0	AKSTGRDYGYGGIDA	7a0w_CD_agA_m0
7a17_BNA_agA_m0	AQSRAIEASDDRGYDY	7a0v_BNA_agA_m0
7a17_DNA_agC_m0	AQSRAIEASDDRGYDY	7a0v_BNA_agA_m0
7a17_FNA_agE_m0	AQSRAIEASDDRGYDY	7a0v_BNA_agA_m0
7a25_DNA_agA_m0	AVQVGYWY	7a25_DNA_agA_m0
7a25_ENA_agB_m0	AVQVGYWY	7a25_DNA_agA_m0
7a25_FNA_agC_m0	AVQVGYWY	7a25_DNA_agA_m0
7a29_DNA_agA_m0	AVQVGYWY	7a25_DNA_agA_m0
7a29_ENA_agB_m0	AVQVGYWY	7a25_DNA_agA_m0
7a29_FNA_agC_m0	AVQVGYWY	7a25_DNA_agA_m0
7a3n_HL_agA_m0	ARDKVDDYGDYLTPFWWYFDY	4ut9_HL_agA_m0
7a3o_HL_agA_m0	ARDKVDDYGDYLTPFWWYFDY	4ut9_HL_agA_m0
7a3p_HL_agA_m0	ARDKVDDYGDYLTPFWWYFDY	4ut9_HL_agA_m0
7a3p_IM_agB_m0	ARDKVDDYGDYLTPFWWYFDY	4ut9_HL_agA_m0
7a3q_HL_agA_m0	ARDKVDDYGDYLTPFWWYFDY	4ut9_HL_agA_m0
7a3q_IM_agB_m0	ARDKVDDYGDYLTPFWWYFDY	4ut9_HL_agA_m0
7a3t_HL_agA_m0	VGGYSNFYYYYTMDV	7cbp_DE_agK _ Q_m0
7a3u_HL_agA_m0	ARDKVDDYGDYLTPFWWYFDY	4ut9_HL_agA_m0
7a48_ANA_agB_m0	AADKDNTGYNY	7a48_ANA_agB_m0
7a4d_ANA_agE_m0	ATACYSSYVTY	7a4d_ANA_agE_m0
7a4d_BNA_agF_m0	ATACYSSYVTY	7a4d_ANA_agE_m0
7a4d_CNA_agE_m0	NAVPGRRGS	7a4d_CNA_agE_m0
7a4d_DNA_agF_m0	NAVPGRRGS	7a4d_CNA_agE_m0
7a4d_GNA_agK_m0	ATACYSSYVTY	7a4d_ANA_agE_m0
7a4d_HNA_agL_m0	ATACYSSYVTY	7a4d_ANA_agE_m0
7a4d_INA_agL_m0	NAVPGRRGS	7a4d_CNA_agE_m0
7a4d_JNA_agK_m0	NAVPGRRGS	7a4d_CNA_agE_m0
7a4t_ANA_agC _ B_m0	NSRGWTTRTGDYDY	7a4t_ANA_agC _ B_m0
7a4y_ANA_agNA_m0	SKTRAGTG	7a4y_ANA_agNA_m0
7a4y_BNA_agE _ D_m0	SKTRAGTG	7a4y_ANA_agNA_m0
7a4y_CNA_agNA_m0	SKTRAGTG	7a4y_ANA_agNA_m0
7a50_ANA_agB_m0	VADSSPYYRRAADYQDYDY	7a50_ANA_agB_m0
7a50_CNA_agD_m0	VADSSPYYRRAADYQDYDY	7a50_ANA_agB_m0
7a5r_HL_agA_m0	AGGSGISTPMDV	9cps_HL_agA_m0
7a5r_IM_agB_m0	AGGSGISTPMDV	9cps_HL_agA_m0
7a5s_HL_agA_m0	AGGSGISTPMDV	9cps_HL_agA_m0
7a5s_IM_agB_m0	AGGSGISTPMDV	9cps_HL_agA_m0
7a5v_ONA_agA_m0	AAKGRYSGGPYYLTNYDY	5o8f_KNA_agA_m0
7a65_CB_agA_m0	ARYYRYEAWFAS	1bln_BA_ag_m0
7a69_CB_agA_m0	ARYYRYEAWFAS	1bln_BA_ag_m0
7a6c_CB_agA_m0	ARYYRYEAWFAS	1bln_BA_ag_m0
7a6e_CB_agA_m0	ARYYRYEAWFAS	1bln_BA_ag_m0
7a6f_CB_agA_m0	ARYYRYEAWFAS	1bln_BA_ag_m0
7a6o_BNA_agA_m0	AAAGVRAEDGRPLTRVSEYTF	7a6o_BNA_agA_m0
7aej_DNA_agA_m0	RAESRTSWPSSSPLDV	4b50_ANA_agNA_m0
7ah1_Aa_agNA_m0	AKPFPYFDY	7ah1_Aa_agNA_m0
7ahu_BA_agE _ F_m0	ARLHYYNSEEFDV	7ahu_BA_agE _ F_m0
7ahu_HL_agC _ D_m0	ARLHYYNSEEFDV	7ahu_BA_agE _ F_m0
7ahv_AB_agH_m0	VKSYGSGSYFNAFDS	7ahv_AB_agH_m0
7aj6_HL_agNA_m0	VRMGARMSDFAIFSFGD	7aj6_HL_agNA_m0
7akd_DE_agC_m0	ARGVLLWFEGPIFEI	7akd_DE_agC_m0
7akd_HL_agB_m0	ARGVLLWFEGPIFEI	7akd_DE_agC_m0
7akj_ED_agB_m0	ARGVLLWFEGPIFEI	7akd_DE_agC_m0
7akj_GF_agC_m0	ARGVLLWFEGPIFEI	7akd_DE_agC_m0
7akj_HL_agA_m0	ARGVLLWFEGPIFEI	7akd_DE_agC_m0
7amp_HL_agB_m0	ARGAGYNFDYAGRFFDF	7amr_HL_agB_m0
7amq_HL_agB_m0	ARGAGYNFDYAGRFFDF	7amr_HL_agB_m0
7amr_HL_agB_m0	ARGNGYNFDYAGRFFDF	7amr_HL_agB_m0
7ams_HL_agB_m0	ARGNGYNFDYAGRFFDF	7amr_HL_agB_m0
7anq_BNA_agA_m0	AARQYYSGRVRFTSYEEYDY	7anq_BNA_agA_m0
7apj_BNA_agA_m0	NTYGRLRRDV	7apj_BNA_agA_m0
7aqg_BNA_agA_m0	SAVRLPQRY	6gwn_BNA_agA_m0
7aqg_CNA_agA_m0	AAVWARVRCNPYDY	6gwn_CNA_agA_m0
7aql_Aa_agNA_m0	VRGDYDYVYFDY	7aql_Aa_agNA_m0
7aql_Bb_agNA_m0	VRGDYDYVYFDY	7aql_Aa_agNA_m0
7aql_Cc_agNA_m0	VRGDYDYVYFDY	7aql_Aa_agNA_m0
7aql_Dd_agNA_m0	VRGDYDYVYFDY	7aql_Aa_agNA_m0
7aqx_CNA_agA_m0	AADLLGEGRRSSEYEY	7aqx_CNA_agA_m0
7aqx_DNA_agB_m0	AADLLGEGRRSSEYEY	7aqx_CNA_agA_m0
7aqy_CNA_agB_m0	AAKLLGSSRYLALEAGYDY	7aqy_CNA_agB_m0
7aqy_DNA_agA_m0	AAKLLGSSRYLALEAGYDY	7aqy_CNA_agB_m0
7aqz_CNA_agB_m0	AADLLGSGKTGDSVYEY	7aqz_CNA_agB_m0
7aqz_DNA_agA_m0	KDGTSVYEYWGQG	7aqz_DNA_agA_m0
7ar0_BNA_agA_m0	AATSSWNDMAASKLGWYEY	7ar0_BNA_agA_m0
7arn_HL_agB_m0	ARDRNGYNFFDY	7arn_HL_agB_m0
7aue_Ss_agA _ B_m0	VRSIYYYSGSPFDF	6crk_Hh_agA _ B _ G_m0
7azb_BNA_agA_m0	APQRSIYSQHKPIY	7azb_BNA_agA_m0
7b09_HL_agA_m0	TRDRLGPFDY	6z06_HL_agA_m0
7b0b_HL_agF_m0	AAPHCSSTYCIDGFDI	7b0b_HL_agF_m0
7b14_DNA_agA_m0	ALTVGTYYSGNSCTYHYDDMDY	7b14_DNA_agA_m0
7b17_BNA_agA_m0	ATEGSLGGGWRDFGS	7b17_BNA_agA_m0
7b18_DNA_agA_m0	ALTVGTYYSGNSCTYHYDDMDY	7b14_DNA_agA_m0
7b18_ENA_agA_m0	ATEGSLGGGWRDFGS	7b17_BNA_agA_m0
7b18_FNA_agB_m0	ALTVGTYYSGNSCTYHYDDMDY	7b14_DNA_agA_m0
7b18_GNA_agB_m0	ATEGSLGGGWRDFGS	7b17_BNA_agA_m0
7b18_HNA_agC_m0	ALTVGTYYSGNSCTYHYDDMDY	7b14_DNA_agA_m0
7b18_INA_agC_m0	ATEGSLGGGWRDFGS	7b17_BNA_agA_m0
7b27_CNA_agA_m0	HAPGVRVGGTERKDV	7b27_CNA_agA_m0
7b27_DNA_aga_m0	HAPGVRVGGTERKDV	7b27_CNA_agA_m0
7b2m_DNA_agB _ A_m0	WLFRFGIENY	7b2m_DNA_agB _ A_m0
7b2p_DNA_agB _ A_m0	LKSSDFYYSSNADS	7b2p_DNA_agB _ A_m0
7b2q_DNA_agC _ B_m0	AADLRQRFGVRETEYDY	7b2q_DNA_agC _ B_m0
7b3o_HL_agE_m0	ARDVADAFDI	7b3o_HL_agE_m0
7b5g_BNA_agA_m0	NVGSFYRGYNYGGSS	7b5g_BNA_agA_m0
7b5g_DNA_agC_m0	NVGSFYRGYNYGGSS	7b5g_BNA_agA_m0
7b5g_FNA_agE_m0	NVGSFYRGYNYGGSS	7b5g_BNA_agA_m0
7b5g_HNA_agG_m0	NVGSFYRGYNYGGSS	7b5g_BNA_agA_m0
7bb6_BNA_agC _ E_m0	ARCPAPFTRDCSTVDFTTYAY	6oya_NNA_agA _ B_m0
7bb7_GNA_agE _ C _ F_m0	ARCPAPFTRDCSTVDFTTYAY	6oya_NNA_agA _ B_m0
7bbg_HL_agA _ C_m0	ARSIELWWGGFDY	7bbg_HL_agA _ C_m0
7bbj_HL_agA_m0	ARLLDYAMDY	7bbj_HL_agA_m0
7bbj_MN_agB_m0	ARLLDYAMDY	7bbj_HL_agA_m0
7bc6_BNA_agA_m0	VADRRALGSPEY	7bc6_BNA_agA_m0
7bc7_BNA_agA_m0	VADRRALGSPEY	7bc6_BNA_agA_m0
7beh_HL_agE_m0	ARDMAFSMRVGSFDY	7beh_HL_agE_m0
7bei_HL_agE_m0	ARDLMVYGIDV	7bei_HL_agE_m0
7bej_HL_agE_m0	ARDLGSGDMDV	7bej_HL_agE_m0
7bek_HL_agE_m0	ARDLGSGDMDV	7bej_HL_agE_m0
7bel_AB_agR_m0	AKGGSYAYYYYMDV	7bel_AB_agR_m0
7bel_CD_agX_m0	AKGGSYAYYYYMDV	7bel_AB_agR_m0
7bel_EF_agX_m0	ARHCSGGTCYYYKPYGMDV	7bel_EF_agX_m0
7bel_HL_agR_m0	ARHCSGGTCYYYKPYGMDV	7bel_EF_agX_m0
7bem_HL_agE_m0	ARDFYEGSFDI	7bem_HL_agE_m0
7ben_AB_agE_m0	ARDVVVVVAAYYHNRNGMDV	7ben_AB_agE_m0
7ben_DF_agC_m0	AAPHCNSTYCSDAFDI	7ben_DF_agC_m0
7ben_GI_agC_m0	ARDVVVVVAAYYHNRNGMDV	7ben_AB_agE_m0
7ben_HL_agE_m0	AAPHCNSTYCSDAFDI	7ben_DF_agC_m0
7beo_AB_agR_m0	ARDVVVVVAAYYHNRNGMDV	7ben_AB_agE_m0
7beo_CD_agX_m0	AAPHCNSTYCSDAFDI	7ben_DF_agC_m0
7beo_EF_agX_m0	ARDVVVVVAAYYHNRNGMDV	7ben_AB_agE_m0
7beo_HL_agR_m0	AAPHCNSTYCSDAFDI	7ben_DF_agC_m0
7bep_AB_agE_m0	ARGGVLRFLLPWENAFDI	7bep_AB_agE_m0
7bep_DF_agC_m0	ARGGVLRFLLPWENAFDI	7bep_AB_agE_m0
7bep_GI_agC_m0	ARDYTRGAWFILSEGGGFDN	6wps_CD_agB_m0
7bep_HL_agE_m0	ARDYTRGAWFILSEGGGFDN	6wps_CD_agB_m0
7bg1_HL_agNA_m0	AREKFYGYDY	7bg1_HL_agNA_m0
7bh8_EF_agC _ Q_m0	ARPDYYGSGYSWYFDV	7bh8_EF_agC _ Q_m0
7bh8_GH_agA _ P_m0	ARPDYYGSGYSWYFDV	7bh8_EF_agC _ Q_m0
7bm5_BA_agNA_m0	VGHVRKLGAFFDY	7bm5_BA_agNA_m0
7bm5_DC_agNA_m0	VGHVRKLGAFFDY	7bm5_BA_agNA_m0
7bm5_FE_agNA_m0	VGHVRKLGAFFDY	7bm5_BA_agNA_m0
7bm5_HL_agNA_m0	VGHVRKLGAFFDY	7bm5_BA_agNA_m0
7bm5_IG_agNA_m0	FFDYWGQGAMVT	7bm5_IG_agNA_m0
7bm5_KJ_agNA_m0	VGHVRKLGAFFDY	7bm5_BA_agNA_m0
7bnp_ANA_agNA_m0	NARSGGSAQWGDFGS	7bnp_ANA_agNA_m0
7bnv_HL_agA_m0	ARHPSPYYYGSYSGSGGFDY	7bnv_HL_agA_m0
7bnw_ANA_agNA_m0	NARRIRFVGRVYDY	7bnw_ANA_agNA_m0
7bnw_BNA_agNA_m0	NARRIRFVGRVYDY	7bnw_ANA_agNA_m0
7bnw_CNA_agNA_m0	NARRIRFVGRVYDY	7bnw_ANA_agNA_m0
7bnw_DNA_agNA_m0	NARRIRFVGRVYDY	7bnw_ANA_agNA_m0
7bpk_CD_agA_m0	ARDHLGWSSIEPASWSFLDY	5gzn_CD_agB _ G_m0
7bpk_HL_agB_m0	ARDHLGWSSIEPASWSFLDY	5gzn_CD_agB _ G_m0
7bq5_CD_agB_m0	ARQWGNYFDH	7bq5_CD_agB_m0
7bq5_HL_agA_m0	ARQWGNYFDH	7bq5_CD_agB_m0
7bsc_HL_agA_m0	ASFYYYTSRPLVY	7bsc_HL_agA_m0
7bsd_AB_agG_m0	ASFYYYTSRPLVY	7bsc_HL_agA_m0
7bsd_HL_agI_m0	ASFYYYTSRPLVY	7bsc_HL_agA_m0
7bts_BNA_agA_m0	NVKDFGAIIYDYDY	4lde_BNA_agA_m0
7bu6_BNA_agA_m0	NVKDFGAIIYDYDY	4lde_BNA_agA_m0
7bu7_BNA_agA_m0	NVKDFGAIIYDYDY	4lde_BNA_agA_m0
7bu8_GI_agB_m0	ARGGRALFYDSYTSGGDRPTWWFDP	7bu8_GI_agB_m0
7bu8_HL_agA_m0	ARGGRALFYDSYTSGGDRPTWWFDP	7bu8_GI_agB_m0
7bu8_JK_agC_m0	ARGGRALFYDSYTSGGDRPTWWFDP	7bu8_GI_agB_m0
7bua_GI_agB_m0	ARGGRALFYDSYTSGGDRPTWWFDP	7bu8_GI_agB_m0
7bua_HL_agA_m0	ARGGRALFYDSYTSGGDRPTWWFDP	7bu8_GI_agB_m0
7bua_JK_agC_m0	ARGGRALFYDSYTSGGDRPTWWFDP	7bu8_GI_agB_m0
7bub_GI_agB_m0	ARGGRALFYDSYTSGGDRPTWWFDP	7bu8_GI_agB_m0
7bub_HL_agA _ C_m0	ARGGRALFYDSYTSGGDRPTWWFDP	7bu8_GI_agB_m0
7bud_GI_agB_m0	ARGGRALFYDSYTSGGDRPTWWFDP	7bu8_GI_agB_m0
7bud_HL_agA _ C_m0	ARGGRALFYDSYTSGGDRPTWWFDP	7bu8_GI_agB_m0
7bue_GI_agB_m0	ARGGRALFYDSYTSGGDRPTWWFDP	7bu8_GI_agB_m0
7bue_HL_agA_m0	ARGGRALFYDSYTSGGDRPTWWFDP	7bu8_GI_agB_m0
7bue_JK_agC_m0	ARGGRALFYDSYTSGGDRPTWWFDP	7bu8_GI_agB_m0
7buf_GI_agB_m0	ARGGRALFYDSYTSGGDRPTWWFDP	7bu8_GI_agB_m0
7buf_HL_agA_m0	ARGGRALFYDSYTSGGDRPTWWFDP	7bu8_GI_agB_m0
7bw0_NNA_agA _ B _ G_m0	ARCPAPFTRDCSTVDFTTYAY	6oya_NNA_agA _ B_m0
7bwj_HL_agE_m0	ARAVVGIVVVRGAAPRAFDI	7bwj_HL_agE_m0
7bxa_BC_agA_m0	ARAYGNYWYIDV	7bxa_BC_agA_m0
7bxa_HL_agP_m0	ARAYGNYWYIDV	7bxa_BC_agA_m0
7bxv_HL_agA_m0	AREAYPNYFDY	7bxv_HL_agA_m0
7byr_HL_agB_m0	ARPQGGSSWYYYDRYGMDV	7byr_HL_agB_m0
7bz2_NNA_agB _ A_m0	ARCPAPFTRDCSTVDFTTYAY	6oya_NNA_agA _ B_m0
7bz5_HL_agA_m0	AREAYGMDV	7bz5_HL_agA_m0
7c01_CD_agB_m0	ARVLPMYGDYLDY	7c01_CD_agB_m0
7c01_HL_agA_m0	ARVLPMYGDYLDY	7c01_CD_agB_m0
7c2e_NNA_agA _ B_m0	ARCPAPFTRDCSTVDFTTYAY	6oya_NNA_agA _ B_m0
7c2l_HL_agA_m0	ATSTAVAGTPDYYDFLYGMDV	7c2l_HL_agA_m0
7c2l_IM_agB_m0	ATSTAVAGTPDYYDFLYGMDV	7c2l_HL_agA_m0
7c2l_JN_agC_m0	ATSTAVAGTPDYYDFLYGMDV	7c2l_HL_agA_m0
7c2s_GH_agB_m0	ARDKVDDYGDYLTPFWWYFDY	4ut9_HL_agA_m0
7c2s_IM_agB _ A_m0	ARDKVDDYGDYLTPFWWYFDY	4ut9_HL_agA_m0
7c2t_KL_agB_m0	ARDKVDDYGDYLTPFWWYFDY	4ut9_HL_agA_m0
7c2t_VW_agN_m0	ARDKVDDYGDYLTPFWWYFDY	4ut9_HL_agA_m0
7c4s_HL_agA_m0	TIPYYSNLRFAY	7c4s_HL_agA_m0
7c4s_JK_agB_m0	TIPYYSNLRFAY	7c4s_HL_agA_m0
7c61_HL_agA_m0	TRPVSYYYDFDY	7c61_HL_agA_m0
7c6a_HL_agA_m0	TRPVSYYYDFDY	7c61_HL_agA_m0
7c80_HL_agA _ C _ B_m0	TGAGGSTYYFDY	7c80_HL_agA _ C _ B_m0
7c81_HL_agA _ C_m0	TRDLRGFAY	7c81_HL_agA _ C_m0
7c88_AB_agC_m0	ATSTGWLDPVDY	7c88_AB_agC_m0
7c88_HL_agM_m0	ATSTGWLDPVDY	7c88_AB_agC_m0
7c8v_ANA_agB_m0	YVWVGHTY	7c8v_ANA_agB_m0
7c8w_ANA_agB_m0	NVKDDGQLAYHY	7d30_ANA_agB_m0
7c94_BA_agC_m0	ARREGGQAPGAWFVY	7c94_BA_agC_m0
7c94_ED_agF_m0	ARREGGQAPGAWFVY	7c94_BA_agC_m0
7c95_BA_agNA_m0	ARREGGQAPGAWFVY	7c94_BA_agC_m0
7c95_DC_agNA_m0	ARREGGQAPGAWFVY	7c94_BA_agC_m0
7cac_ED_agB _ A_m0	ARSEYDPYYVMDY	7cac_ED_agB _ A_m0
7cah_ED_agA_m0	ARSEYDPYYVMDY	7cac_ED_agB _ A_m0
7cai_ED_agA_m0	ARSEYDPYYVMDY	7cac_ED_agB _ A_m0
7cai_GF_agB _ C_m0	ARSEYDPYYVMDY	7cac_ED_agB _ A_m0
7cak_ED_agA_m0	ARSEYDPYYVMDY	7cac_ED_agB _ A_m0
7cak_GF_agB_m0	ARSEYDPYYVMDY	7cac_ED_agB _ A_m0
7cak_IH_agC_m0	ARSEYDPYYVMDY	7cac_ED_agB _ A_m0
7can_ANA_agB_m0	NVYDDGQLA	7can_ANA_agB_m0
7cbp_DE_agK _ Q_m0	VGGYSNFYYYYTMDA	7cbp_DE_agK _ Q_m0
7cbp_RS_agN_m0	VGGYSNFYYYYTMDA	7cbp_DE_agK _ Q_m0
7cdi_HL_agE_m0	ARDLVVYGMDV	7swo_HL_agA_m0
7cdj_HL_agE_m0	ARDFSHQQLVPS	7cdj_HL_agE_m0
7ce2_ZB_agA_m0	ARDKYQTDVSDI	7ce2_ZB_agA_m0
7cea_AB_agNA_m0	ARSIYDGYYDYFDV	7cea_AB_agNA_m0
7ceb_CD_agB_m0	TRIGYDEDYAMDH	5xcx_AB_ag_m0
7cec_FG_agB_m0	TRIGYDEDYAMDH	5xcx_AB_ag_m0
7cec_HI_agB_m0	ARSIYDGYYDYFDV	7cea_AB_agNA_m0
7cfm_NNA_agA _ B _ G_m0	ARCPAPFTRDCSTVDFTTYAY	6oya_NNA_agA _ B_m0
7cfn_NNA_agA _ B_m0	ARCPAPFTRDCSTVDFTTYAY	6oya_NNA_agA _ B_m0
7cgw_AB_agC_m0	ARAYGNYWYIDV	7bxa_BC_agA_m0
7cgw_HL_agP_m0	ARAYGNYWYIDV	7bxa_BC_agA_m0
7ch4_HL_agR_m0	ARDLGPYGMDV	7ch4_HL_agR_m0
7ch5_HL_agR_m0	ARDYGDYYFDY	7d0c_GF_agC_m0
7chb_HL_agR_m0	ARDLGEAGGMDV	7chb_HL_agR_m0
7chc_AB_agR_m0	AKTRGRGLYWVYDGSKDY	7chc_AB_agR_m0
7chc_HL_agR_m0	ARDYGDYYFDY	7d0c_GF_agC_m0
7che_AB_agR_m0	AKTRGRGLYWVYDGSKDY	7chc_AB_agR_m0
7che_HL_agR_m0	ARDLGEAGGMDV	7chb_HL_agR_m0
7chf_AB_agR_m0	AKTRGRGLYWVYDGSKDY	7chc_AB_agR_m0
7chf_HL_agR_m0	ARDLGPYGMDV	7ch4_HL_agR_m0
7chh_DE_agA_m0	AKTRGRGLYWVYDGSKDY	7chc_AB_agR_m0
7chh_GH_agB_m0	AKTRGRGLYWVYDGSKDY	7chc_AB_agR_m0
7chh_JK_agC_m0	AKTRGRGLYWVYDGSKDY	7chc_AB_agR_m0
7cho_BC_agA_m0	ARALQVGASTDYFDY	7cho_BC_agA_m0
7cho_HL_agE_m0	ARALQVGASTDYFDY	7cho_BC_agA_m0
7chp_HL_agE_m0	ARDLQEHGMDV	7chp_HL_agE_m0
7chs_HL_agE_m0	ARDRDYYGMDV	7e3c_BC_agA_m0
7chy_HL_agI_m0	ARFNGYWNYIMDY	7chy_HL_agI_m0
7chz_HL_agI_m0	ARFNGYWNYIMDY	7chy_HL_agI_m0
7cj2_CD_agA_m0	AGVGTFDV	7cj2_CD_agA_m0
7cj2_KL_agB_m0	AGVGTFDV	7cj2_CD_agA_m0
7cjf_AB_agC_m0	ARDLQELGSLDY	7cjf_AB_agC_m0
7ckw_NNA_agA _ B _ G_m0	ARCPAPFTRDCSTVDFTTYAY	6oya_NNA_agA _ B_m0
7ckx_NNA_agA _ B _ G_m0	ARCPAPFTRDCSTVDFTTYAY	6oya_NNA_agA _ B_m0
7cky_NNA_agA _ B _ G_m0	ARCPAPFTRDCSTVDFTTYAY	6oya_NNA_agA _ B_m0
7ckz_NNA_agA _ B _ G_m0	ARCPAPFTRDCSTVDFTTYAY	6oya_NNA_agA _ B_m0
7cm4_HL_agA_m0	ARIPGFLRYRYYYRNYGMDV	7cm4_HL_agA_m0
7cmk_HL_agA _ C_m0	TRDLRGFAY	7c81_HL_agA _ C_m0
7cmu_Ee_agA _ B_m0	VRSIYYYSGSPFDF	6crk_Hh_agA _ B _ G_m0
7cmv_Ee_agA _ B_m0	VRSIYYYSGSPFDF	6crk_Hh_agA _ B _ G_m0
7cn2_Gg_agE_m0	ARVDSDSSFAGDRLDL	7cn2_Gg_agE_m0
7cn2_HL_agD_m0	ARVDSDSSFAGDRLDL	7cn2_Gg_agE_m0
7cn2_Ii_agF_m0	ARVDSDSSFAGDRLDL	7cn2_Gg_agE_m0
7cn2_Jj_agB_m0	ARVDSDSSFAGDRLDL	7cn2_Gg_agE_m0
7cn2_Kk_agC_m0	ARVDSDSSFAGDRLDL	7cn2_Gg_agE_m0
7cn2_Mm_agA_m0	ARVDSDSSFAGDRLDL	7cn2_Gg_agE_m0
7coe_BC_agD_m0	ARDLPRESSGSYHTYYYAMDV	7coe_BC_agD_m0
7coe_HL_agA_m0	ARDLPRESSYGYHTYYSYAMDV	7coe_HL_agA_m0
7cqc_HL_agA_m0	AKTSRVYFDY	4yny_AB_ag_m0
7cqd_HL_agA_m0	AKTSRVYFDY	4yny_AB_ag_m0
7cqd_IM_agB_m0	AKTSRVYFDY	4yny_AB_ag_m0
7cr5_HL_agA_m0	ARETGDYSSSWYDS	7cr5_HL_agA_m0
7crh_NNA_agA _ B_m0	ARCPAPFTRDCSTVDFTTYAY	6oya_NNA_agA _ B_m0
7cth_HL_agC _ A_m0	ARDKVDDYGDYLTPFWWYFDY	4ut9_HL_agA_m0
7cth_IM_agB_m0	ARDKVDDYGDYLTPFWWYFDY	4ut9_HL_agA_m0
7cu5_Aa_agQ_m0	ARQLYYFDY	7cu5_Aa_agQ_m0
7cu5_Bb_agE_m0	ARQLYYFDY	7cu5_Aa_agQ_m0
7cvs_CD_agA_m0	ARLYYGYYGWYFDV	1ots_CD_agA_m0
7cvs_EF_agB_m0	ARLYYGYYGWYFDV	1ots_CD_agA_m0
7cvt_CD_agA_m0	ARLYYGYYGWYFDV	1ots_CD_agA_m0
7cvt_EF_agB_m0	ARLYYGYYGWYFDV	1ots_CD_agA_m0
7cvy_DE_agB_m0	TDFYGFGDFFPY	7cvy_DE_agB_m0
7cvy_IJ_agG_m0	TDFYGFGDFFPY	7cvy_DE_agB_m0
7cvy_NO_agL_m0	TDFYGFGDFFPY	7cvy_DE_agB_m0
7cvy_ST_agQ_m0	TDFYGFGDFFPY	7cvy_DE_agB_m0
7cvz_OP_agE _ D_m0	ARGGLTIDY	7cvz_OP_agE _ D_m0
7cvz_QR_agH _ G_m0	ARGGLTIDY	7cvz_OP_agE _ D_m0
7cw0_OP_agE _ D_m0	ARGGLTIDY	7cvz_OP_agE _ D_m0
7cw0_QR_agH _ G_m0	ARGGLTIDY	7cvz_OP_agE _ D_m0
7cw2_UT_agE _ D_m0	ARGGLTIDY	7cvz_OP_agE _ D_m0
7cw2_WV_age _ d_m0	ARGGLTIDY	7cvz_OP_agE _ D_m0
7cw3_kl_agf _ e_m0	ARGGLTIDY	7cvz_OP_agE _ D_m0
7cw3_mn_agT _ S_m0	ARGGLTIDY	7cvz_OP_agE _ D_m0
7cw3_op_agN _ M_m0	ARGGLTIDY	7cvz_OP_agE _ D_m0
7cw3_qr_agF _ E_m0	ARGGLTIDY	7cvz_OP_agE _ D_m0
7cwl_GJ_agB_m0	ARHATLMNNKDI	7cwl_GJ_agB_m0
7cwl_HL_agA_m0	ARHATLMNNKDI	7cwl_GJ_agB_m0
7cwl_IK_agC_m0	ARHATLMNNKDI	7cwl_GJ_agB_m0
7cwm_GJ_agB_m0	ARHATLMNNKDI	7cwl_GJ_agB_m0
7cwm_HL_agA_m0	ARHATLMNNKDI	7cwl_GJ_agB_m0
7cwm_IK_agC_m0	ARHATLMNNKDI	7cwl_GJ_agB_m0
7cwn_ED_agB_m0	ARSEYDPYYVMDY	7cac_ED_agB _ A_m0
7cwn_GF_agA_m0	ARHATLMNNKDI	7cwl_GJ_agB_m0
7cwn_HN_agC_m0	ARSEYDPYYVMDY	7cac_ED_agB _ A_m0
7cwn_KI_agB_m0	ARHATLMNNKDI	7cwl_GJ_agB_m0
7cwn_LJ_agC_m0	ARHATLMNNKDI	7cwl_GJ_agB_m0
7cwn_OM_agA_m0	ARSEYDPYYVMDY	7cac_ED_agB _ A_m0
7cwo_HL_agA_m0	ARHATLMNNKDI	7cwl_GJ_agB_m0
7cws_ED_agQ_m0	ARSEYDPYYVMDY	7cac_ED_agB _ A_m0
7cws_GF_agR_m0	ARSEYDPYYVMDY	7cac_ED_agB _ A_m0
7cws_IH_agO_m0	ARSEYDPYYVMDY	7cac_ED_agB _ A_m0
7cws_LC_agQ_m0	ATTTPFSSSYWFDP	7cws_LC_agQ_m0
7cws_NK_agO_m0	ATTTPFSSSYWFDP	7cws_LC_agQ_m0
7cws_PM_agR_m0	ATTTPFSSSYWFDP	7cws_LC_agQ_m0
7cwt_ED_agA_m0	ARFRYGGGGTVDY	7cwt_ED_agA_m0
7cwt_GF_agB_m0	ARFRYGGGGTVDY	7cwt_ED_agA_m0
7cwt_IJ_agC_m0	ARFRYGGGGTVDY	7cwt_ED_agA_m0
7cwt_LH_agA_m0	ATTTPFSSSYWFDP	7cws_LC_agQ_m0
7cwt_NK_agB_m0	ATTTPFSSSYWFDP	7cws_LC_agQ_m0
7cwt_PM_agC_m0	ATTTPFSSSYWFDP	7cws_LC_agQ_m0
7cwu_HL_agB_m0	ARHATLMNNKDI	7cwl_GJ_agB_m0
7cwu_JF_agA_m0	ATTTPFSSSYWFDP	7cws_LC_agQ_m0
7cwu_MR_agC_m0	ARHATLMNNKDI	7cwl_GJ_agB_m0
7cwu_NG_agB_m0	ATTTPFSSSYWFDP	7cws_LC_agQ_m0
7cwu_OS_agA_m0	ARHATLMNNKDI	7cwl_GJ_agB_m0
7cwu_PI_agC_m0	ATTTPFSSSYWFDP	7cws_LC_agQ_m0
7cx2_NNA_agA _ B_m0	ARCPAPFTRDCSTVDFTTYAY	6oya_NNA_agA _ B_m0
7cx3_NNA_agA _ B_m0	ARCPAPFTRDCSTVDFTTYAY	6oya_NNA_agA _ B_m0
7cx4_NNA_agA _ B_m0	ARCPAPFTRDCSTVDFTTYAY	6oya_NNA_agA _ B_m0
7cyh_ED_agA_m0	ARFRYGGGGTVDY	7cwt_ED_agA_m0
7cyp_ED_agA_m0	ARFRYGGGGTVDY	7cwt_ED_agA_m0
7cyp_GF_agB_m0	ARFRYGGGGTVDY	7cwt_ED_agA_m0
7cyp_IH_agC_m0	ARFRYGGGGTVDY	7cwt_ED_agA_m0
7cyv_Hh_agB_m0	AKVEVNIGMDYYYYDYGMDV	7cyv_Hh_agB_m0
7cz0_ENA_agA_m0	TVYVGNRY	7cz0_ENA_agA_m0
7cz0_FNA_agB_m0	TVYVGNRY	7cz0_ENA_agA_m0
7cz0_GNA_agC_m0	TVYVGNRY	7cz0_ENA_agA_m0
7cz0_HNA_agD_m0	TVYVGNRY	7cz0_ENA_agA_m0
7cz5_NNA_agA _ B_m0	ARCPAPFTRDCSTVDFTTYAY	6oya_NNA_agA _ B_m0
7czd_ANA_agB_m0	AKDPGGYA	7czd_ANA_agB_m0
7czd_CNA_agD_m0	AKDPGGYA	7czd_ANA_agB_m0
7czp_HL_agA_m0	ARLERDWLPDAFDI	7czp_HL_agA_m0
7czp_JN_agC_m0	ARLERDWLPDAFDI	7czp_HL_agA_m0
7czq_HK_agA_m0	AREGPKSIGTTAFDI	7czq_HK_agA_m0
7czq_JN_agC_m0	AREGPKSIGTTAFDI	7czq_HK_agA_m0
7czr_HK_agA_m0	ARETLAFDY	7czr_HK_agA_m0
7czr_JN_agC_m0	ARETLAFDY	7czr_HK_agA_m0
7czs_HK_agA_m0	ARETLAFDY	7czr_HK_agA_m0
7czs_IM_agB_m0	ARETLAFDY	7czr_HK_agA_m0
7czs_JN_agC_m0	ARETLAFDY	7czr_HK_agA_m0
7czt_HL_agA_m0	ARWFHTGGYFDY	7czt_HL_agA_m0
7czt_IM_agC_m0	ARWFHTGGYFDY	7czt_HL_agA_m0
7czu_HK_agA_m0	ARDGQAITMVGIVGQPPFDY	7czu_HK_agA_m0
7czu_JN_agC_m0	ARDGQAITMVGIVGQPPFDY	7czu_HK_agA_m0
7czv_HK_agA_m0	ARDGQAITMVGIVGQPPFDY	7czu_HK_agA_m0
7czv_IM_agB_m0	ARDGQAITMVGIVGQPPFDY	7czu_HK_agA_m0
7czv_JN_agC_m0	ARDGQAITMVGIVGQPPFDY	7czu_HK_agA_m0
7czw_HL_agA_m0	ARERCYYGSGCRPARVWFDP	7czw_HL_agA_m0
7czw_JN_agC_m0	ARERCYYGSGCRPARVWFDP	7czw_HL_agA_m0
7czx_HK_agA_m0	ASNGQYYDILTYDPPQGWYFDL	7czx_HK_agA_m0
7czx_IM_agB_m0	ASNGQYYDILTYDPPQGWYFDL	7czx_HK_agA_m0
7czx_JN_agC_m0	ASNGQYYDILTYDPPQGWYFDL	7czx_HK_agA_m0
7czy_HK_agA_m0	ARYIVVVPAAKGFDP	7czy_HK_agA_m0
7czy_JN_agC_m0	ARYIVVVPAAKGFDP	7czy_HK_agA_m0
7czz_HK_agA_m0	ARYIVVVPAAKGFDP	7czy_HK_agA_m0
7czz_IM_agB_m0	ARYIVVVPAAKGFDP	7czy_HK_agA_m0
7czz_JN_agC_m0	ARYIVVVPAAKGFDP	7czy_HK_agA_m0
7d00_HK_agA_m0	ARETLAFDY	7czr_HK_agA_m0
7d00_JN_agC_m0	ARETLAFDY	7czr_HK_agA_m0
7d03_HL_agA_m0	ARERCYYGSGCRPARVWFDP	7czw_HL_agA_m0
7d0b_HL_agA_m0	AHSLFLTVGYWSSSSPFDY	7d0b_HL_agA_m0
7d0c_GF_agC_m0	ARDYGDFYFDY	7d0c_GF_agC_m0
7d0c_HL_agA_m0	ARDYGDFYFDY	7d0c_GF_agC_m0
7d0d_GF_agB_m0	AHSLFLTVGYWSSSSPFDY	7d0b_HL_agA_m0
7d0d_HL_agA_m0	AHSLFLTVGYWSSSSPFDY	7d0b_HL_agA_m0
7d2z_ANA_agB_m0	AVMVGFWY	7d2z_ANA_agB_m0
7d30_ANA_agB_m0	NVKDDGQLAYH	7d30_ANA_agB_m0
7d3k_HL_ag2_m0	AKSRYTGDGSIG	7d3k_HL_ag2_m0
7d3l_HL_ag2_m0	TTV	7d3l_HL_ag2_m0
7d3m_HL_ag1 _ 3_m0	ATV	7d3m_HL_ag1 _ 3_m0
7d3r_HL_ag1 _ 3_m0	ATV	7d3m_HL_ag1 _ 3_m0
7d3s_NNA_agA _ B _ G_m0	ARCPAPFTRDCSTVDFTTYAY	6oya_NNA_agA _ B_m0
7d4b_BNA_agA_m0	YARTGYGSSGMLWHEYDY	7d4b_BNA_agA_m0
7d4g_NG_agB_m0	ATTTPFSSSYWFDP	7cws_LC_agQ_m0
7d5b_DNA_agA_m0	TSAGR	3zkq_DNA_agA_m0
7d5p_CNA_agA_m0	AADFAHSFLLSAGSHVGQYSY	6ksn_ANA_ag_m0
7d5p_DNA_agB_m0	AADFAHSFLLSAGSHVGQYSY	6ksn_ANA_ag_m0
7d5q_CNA_agA_m0	AADFAHSFLLSAGSHVGQYSY	6ksn_ANA_ag_m0
7d5q_DNA_agB_m0	AADFAHSFLLSAGSHVGQYSY	6ksn_ANA_ag_m0
7d5u_DNA_agA_m0	TSAGR	3zkq_DNA_agA_m0
7d5z_DC_agA_m0	ARGGWKWGPGAFDV	7d5z_DC_agA_m0
7d5z_HG_agE_m0	ARGGWKWGPGAFDV	7d5z_DC_agA_m0
7d5z_LK_agI_m0	ARGGWKWGPGAFDV	7d5z_DC_agA_m0
7d5z_PO_agM_m0	ARGGWKWGPGAFDV	7d5z_DC_agA_m0
7d68_NNA_agA _ B_m0	ARCPAPFTRDCSTVDFTTYAY	6oya_NNA_agA _ B_m0
7d6i_BC_agA_m0	TRAGWVRGAFDI	7d6i_BC_agA_m0
7d6y_BNA_agA_m0	GRVAKDLNSSSPSSSYTNVVFFGFDY	7d6y_BNA_agA_m0
7d77_Ss_agA _ B_m0	VRSIYYYSGSPFDF	6crk_Hh_agA _ B _ G_m0
7d7m_ENA_agD _ B_m0	ARCPAPFTRDCSTVDFTTYAY	6oya_NNA_agA _ B_m0
7d85_BC_agA_m0	AKDLHMGEPGPFDY	7d85_BC_agA_m0
7d85_EF_agD_m0	AKDLHMGEPGPFDY	7d85_BC_agA_m0
7d8b_BNA_agA_m0	GRVAKALNSRSPSSSYTNVVFIGFDY	7d8b_BNA_agA_m0
7d8b_DNA_agC_m0	GRVAKALNSRSPSSSYTNVVFIGFDY	7d8b_BNA_agA_m0
7d9z_HL_agNA_m0	ARYYAGSDI	7d9z_HL_agNA_m0
7daa_HL_agA_m0	ARYYAGSDI	7d9z_HL_agNA_m0
7db6_Ee_agA _ B_m0	VRSIYYYSGSPFDF	6crk_Hh_agA _ B _ G_m0
7dc7_AB_agNA_m0	ARFGRKGDNLWVFDY	7dc7_AB_agNA_m0
7dc8_BA_agC_m0	ARYGKLYSNLWVFDY	7dc8_BA_agC_m0
7dc8_ED_agF_m0	ARYGKLYSNLWVFDY	7dc8_BA_agC_m0
7dcc_AF_agK_m0	ASDYHGSKYYFDY	7dcc_AF_agK_m0
7dcc_BM_agI_m0	ASDYHGSKYYFDY	7dcc_AF_agK_m0
7dcc_DH_agE_m0	ASDYHGSKYYFDY	7dcc_AF_agK_m0
7dce_HL_agB _ X_m0	ARYYAGSDI	7d9z_HL_agNA_m0
7dcx_AF_agC_m0	ASDYHGSKYYFDY	7dcc_AF_agK_m0
7dcx_BG_agD_m0	ASDYHGSKYYFDY	7dcc_AF_agK_m0
7dcx_EH_agK_m0	ASDYHGSKYYFDY	7dcc_AF_agK_m0
7dd2_AB_agC_m0	ASDYHGSKYYFDY	7dcc_AF_agK_m0
7dd2_EH_agK _ D_m0	ASDYHGSKYYFDY	7dcc_AF_agK_m0
7dd8_AB_agC _ D_m0	ASDYHGSKYYFDY	7dcc_AF_agK_m0
7deo_Aa_agB_m0	ATDPPGLRFRFDY	7deo_Aa_agB_m0
7deo_Cc_agD_m0	ATDPPGLRFRFDY	7deo_Aa_agB_m0
7det_Bb_agA_m0	ARADGYEWYFDV	7det_Bb_agA_m0
7det_Dd_agC_m0	ARADGYEWYFDV	7det_Bb_agA_m0
7deu_Bb_agA_m0	ARDGYPYYYALDY	7w9e_DE_agC_m0
7df1_EI_agNA_m0	ARGYYDILTPRSGIFFDI	7df1_EI_agNA_m0
7df1_FJ_agC_m0	ARGYYDILTPRSGIFFDI	7df1_EI_agNA_m0
7df1_GK_agD_m0	ARGYYDILTPRSGIFFDI	7df1_EI_agNA_m0
7df1_HL_agD_m0	ARGYYDILTPRSGIFFDI	7df1_EI_agNA_m0
7df9_HL_agA _ V_m0	ARSRQFWYSGLDY	4jqi_HL_agA _ V_m0
7dfa_HL_agA _ V_m0	ARSRQFWYSGLDY	4jqi_HL_agA _ V_m0
7dfb_HL_agA _ V_m0	ARSRQFWYSGLDY	4jqi_HL_agA _ V_m0
7dfc_HL_agA _ V_m0	ARSRQFWYSGLDY	4jqi_HL_agA _ V_m0
7dfl_Cc_agA _ B_m0	VRSIYYYSGSPFDF	6crk_Hh_agA _ B _ G_m0
7dfp_CB_agA_m0	ARRYLTGTGAMDY	7dfp_CB_agA_m0
7dge_CNA_agA_m0	AAAMYGSRDPWWEYDY	6n4y_ENA_agB_m0
7dge_DNA_agB_m0	AAAMYGSRDPWWEYDY	6n4y_ENA_agB_m0
7dh5_NNA_agA _ B_m0	ARCPAPFTRDCSTVDFTTYAY	6oya_NNA_agA _ B_m0
7dha_CB_agA_m0	AKDKILWFEGPVFDY	7dha_CB_agA_m0
7dhi_NNA_agA _ B_m0	ARCPAPFTRDCSTVDFTTYAY	6oya_NNA_agA _ B_m0
7dhr_NNA_agA _ B _ G_m0	ARCPAPFTRDCSTVDFTTYAY	6oya_NNA_agA _ B_m0
7djx_ANA_agNA_m0	AADLDYSDYPFPGGDMDY	7djx_ANA_agNA_m0
7djy_ANA_agNA_m0	GGRRWVPAVATDQVAY	7djy_ANA_agNA_m0
7djy_BNA_agNA_m0	GGRRWVPAVATDQVAY	7djy_ANA_agNA_m0
7djy_CNA_agNA_m0	GGRRWVPAVATDQVAY	7djy_ANA_agNA_m0
7djy_DNA_agNA_m0	GGRRWVPAVATDQVAY	7djy_ANA_agNA_m0
7djz_AB_agC_m0	TTDRFVEPGTAPFFDY	7djz_AB_agC_m0
7dk0_AB_agC_m0	AESPLGGGSVSYGSWFDP	7dk0_AB_agC_m0
7dk2_AB_agC_m0	ARDLGILWFGDYP	7dk2_AB_agC_m0
7dk2_DE_agF_m0	ARDLGILWFGDYP	7dk2_AB_agC_m0
7dk2_GH_agI_m0	ARDLGILWFGDYP	7dk2_AB_agC_m0
7dk2_JK_agL_m0	ARDLGILWFGDYP	7dk2_AB_agC_m0
7dk4_ab_agA_m0	AKNGGAHAMDF	7dk4_ab_agA_m0
7dk4_cd_agB_m0	AKNGGAHAMDF	7dk4_ab_agA_m0
7dk4_ef_agC_m0	AKNGGAHAMDF	7dk4_ab_agA_m0
7dk5_ab_agA_m0	AKNGGAHAMDF	7dk4_ab_agA_m0
7dk6_ab_agA_m0	AKNGGAHAMDF	7dk4_ab_agA_m0
7dk6_cd_agB_m0	AKNGGAHAMDF	7dk4_ab_agA_m0
7dk7_ab_agA_m0	AKNGGAHAMDF	7dk4_ab_agA_m0
7dk7_cd_agB_m0	AKNGGAHAMDF	7dk4_ab_agA_m0
7dk7_ef_agC_m0	DFWG	7dk7_ef_agC_m0
7dkj_CD_agA_m0	ARPKGYFPYAMDY	4hlz_GH_agB _ A_m0
7dkj_GH_agE_m0	ARPKGYFPYAMDY	4hlz_GH_agB _ A_m0
7dkj_KL_agI_m0	ARPKGYFPYAMDY	4hlz_GH_agB _ A_m0
7dm1_DC_agA_m0	TGPRPYYDSSPYYGYYFDY	7dm1_DC_agA_m0
7dm1_FE_agB_m0	TGPRPYYDSSPYYGYYFDY	7dm1_DC_agA_m0
7dm2_HL_agA_m0	ARGDYYYDGDSAVPHFDN	7dm2_HL_agA_m0
7dnh_HL_agE _ A_m0	ARKIYDGYGFSY	7dnh_HL_agE _ A_m0
7dnk_HL_agD _ A _ C _ E_m0	ARGGGRYAMDY	7dnk_HL_agD _ A _ C _ E_m0
7dnl_HL_agB _ A_m0	ARIHYVTDALDY	7dnl_HL_agB _ A_m0
7doh_HL_agI_m0	ARGLDN	7doh_HL_agI_m0
7dpm_AB_agC_m0	AKGYYYDSSGERFYYDAFDI	7dpm_AB_agC_m0
7dpm_DE_agF_m0	AKGYYYDSSGERFYYDAFDI	7dpm_AB_agC_m0
7dpm_GH_agI_m0	AKGYYYDSSGERFYYDAFDI	7dpm_AB_agC_m0
7dpm_JK_agL_m0	AKGYYYDSSGERFYYDAFDI	7dpm_AB_agC_m0
7dq7_HL_agB_m0	ARGGGYYGYGGYGMDY	7dq7_HL_agB_m0
7dr4_AB_agJ_m0	ARSLATRFGYAMDY	7dr4_AB_agJ_m0
7dr4_CD_agNA_m0	ARSLATRFGYAMDY	7dr4_AB_agJ_m0
7dr4_EF_agNA_m0	ARSLATRFGYAMDY	7dr4_AB_agJ_m0
7dr4_HL_agK_m0	ARSLATRFGYAMDY	7dr4_AB_agJ_m0
7dss_ANA_ag1 _ 3_m0	NGLRASNAEWGPRFGT	7dss_ANA_ag1 _ 3_m0
7dst_ENA_agC_m0	TAGFALPPSDY	7dst_ENA_agC_m0
7dty_NNA_agA _ B _ G_m0	ARCPAPFTRDCSTVDFTTYAY	6oya_NNA_agA _ B_m0
7dun_HL_agNA_m0	AKDKILWFEGPVFDY	7dha_CB_agA_m0
7duo_HL_agB_m0	AKDKILWFEGPVFDY	7dha_CB_agA_m0
7duq_NNA_agA _ B_m0	ARCPAPFTRDCSTVDFTTYAY	6oya_NNA_agA _ B_m0
7dur_NNA_agA _ B_m0	ARCPAPFTRDCSTVDFTTYAY	6oya_NNA_agA _ B_m0
7dv4_BNA_agA_m0	ARAVPHSPSSFDI	7dv4_BNA_agA_m0
7dv4_DNA_agC_m0	ARAVPHSPSSFDI	7dv4_BNA_agA_m0
7dv4_FNA_agE_m0	ARAVPHSPSSFDI	7dv4_BNA_agA_m0
7dv4_HNA_agG_m0	ARAVPHSPSSFDI	7dv4_BNA_agA_m0
7dw9_NNA_agA _ B_m0	ARCPAPFTRDCSTVDFTTYAY	6oya_NNA_agA _ B_m0
7dw9_Ss_agA_m0	VRSIYYYSGSPFDF	6crk_Hh_agA _ B _ G_m0
7dwt_HL_agA_m0	AKELSGYDPGFEY	7dwt_HL_agA_m0
7dwu_HL_agA_m0	AKELSGYDPGFEY	7dwt_HL_agA_m0
7dx4_HL_agE_m0	ARERGYSGYAAGYYFDY	7dx4_HL_agE_m0
7dzx_HL_agC_m0	ARDWDYDILTFWSGGAFDI	7dzx_HL_agC_m0
7dzy_HL_agB_m0	ARDPYDLYGGYDGTFDY	7dzy_HL_agB_m0
7dzy_MN_agC_m0	ARDPYDLYGGYDGTFDY	7dzy_HL_agB_m0
7dzy_OP_agA_m0	ARDPYDLYGGYDGTFDY	7dzy_HL_agB_m0
7e14_NNA_agA _ B_m0	ARCPAPFTRDCSTVDFTTYAY	6oya_NNA_agA _ B_m0
7e23_BC_agA_m0	ARGNTMVRIVGIPFEY	7e23_BC_agA_m0
7e32_Ee_agA _ B_m0	VRSIYYYSGSPFDF	6crk_Hh_agA _ B _ G_m0
7e33_Ee_agA _ B_m0	VRSIYYYSGSPFDF	6crk_Hh_agA _ B _ G_m0
7e39_CB_agA_m0	ARETVSYGMDV	7e39_CB_agA_m0
7e3b_BC_agA_m0	ARDRGYSSTWGDGFDI	7e3b_BC_agA_m0
7e3c_BC_agA_m0	ARDLDYYGMDV	7e3c_BC_agA_m0
7e3k_DE_agA_m0	AAPYCSSTRCSDGFDI	7e3k_DE_agA_m0
7e3k_FG_agB_m0	AAPYCSSTRCSDGFDI	7e3k_DE_agA_m0
7e3k_HL_agC_m0	AAPYCSSTRCSDGFDI	7e3k_DE_agA_m0
7e3l_DE_agA_m0	AAPNCNSTHCTDGFDI	7e3l_DE_agA_m0
7e3l_FG_agB_m0	AAPNCNSTHCTDGFDI	7e3l_DE_agA_m0
7e3l_HL_agC_m0	AAPNCNSTHCTDGFDI	7e3l_DE_agA_m0
7e3o_HL_agR_m0	ARGLGLRFWELPISSY	7e3o_HL_agR_m0
7e53_BNA_agA_m0	ALRRRGWSNTSPQKWGGWYDY	7e53_BNA_agA_m0
7e5o_HL_agA_m0	ARGWDLDYYYGMDV	7e5o_HL_agA_m0
7e5r_IK_agC_m0	ARHATLMNNKDI	7cwl_GJ_agB_m0
7e5r_LH_agA_m0	ARSEYDPYYVMDY	7cac_ED_agB _ A_m0
7e5r_MU_agA_m0	ARHATLMNNKDI	7cwl_GJ_agB_m0
7e5r_ND_agB_m0	ARSEYDPYYVMDY	7cac_ED_agB _ A_m0
7e5r_OE_agC_m0	ARSEYDPYYVMDY	7cac_ED_agB _ A_m0
7e5r_PQ_agA_m0	ATTTPFSSSYWFDP	7cws_LC_agQ_m0
7e5r_TV_agB_m0	ARHATLMNNKDI	7cwl_GJ_agB_m0
7e5r_WR_agB_m0	ATTTPFSSSYWFDP	7cws_LC_agQ_m0
7e5r_XS_agC_m0	ATTTPFSSSYWFDP	7cws_LC_agQ_m0
7e5s_EH_agC_m0	ARSEYDPYYVMDY	7cac_ED_agB _ A_m0
7e5s_IK_agB_m0	ARHATLMNNKDI	7cwl_GJ_agB_m0
7e5s_JT_agC_m0	ARHATLMNNKDI	7cwl_GJ_agB_m0
7e5s_LD_agB_m0	ARSEYDPYYVMDY	7cac_ED_agB _ A_m0
7e5s_PN_agA_m0	ATTTPFSSSYWFDP	7cws_LC_agQ_m0
7e5s_RO_agA_m0	ARFRYGGGGTVDY	7cwt_ED_agA_m0
7e5s_UQ_agB_m0	ATTTPFSSSYWFDP	7cws_LC_agQ_m0
7e5s_VS_agC_m0	ATTTPFSSSYWFDP	7cws_LC_agQ_m0
7e5y_CB_agA_m0	ARDLMEVGGMDV	7e5y_CB_agA_m0
7e5y_HL_agR_m0	ARDLMEVGGMDV	7e5y_CB_agA_m0
7e6p_HL_agA_m0	ALFDGYYPWFAS	7e6p_HL_agA_m0
7e6u_BNA_agA_m0	AAGDARWSLARLLEQYNY	7e6u_BNA_agA_m0
7e6u_DNA_agC_m0	AAGDARWSLARLLEQYNY	7e6u_BNA_agA_m0
7e72_AB_agE_m0	ARGLYGNS	7e72_AB_agE_m0
7e72_CD_agF_m0	ARGLYGNS	7e72_AB_agE_m0
7e7e_CD_agB_m0	ARHMYDF	7e7e_CD_agB_m0
7e7e_HL_agA_m0	ARHMYDF	7e7e_CD_agB_m0
7e7x_HL_agA_m0	ATGPAIAATEANWFDL	7e7x_HL_agA_m0
7e7x_MN_agB_m0	ATGPAIAATEANWFDL	7e7x_HL_agA_m0
7e7y_AB_agR_m0	ARLINHYYDSGDGSGAFDI	7e7y_AB_agR_m0
7e7y_CD_agE_m0	ARLINHYYDGDGSGAFDI	7e7y_CD_agE_m0
7e86_AB_agC_m0	ARDAQNYGMDV	7e86_AB_agC_m0
7e88_AB_agC_m0	ARDRGLVSDY	7e88_AB_agC_m0
7e88_DE_agF_m0	ARDRGLVSDY	7e88_AB_agC_m0
7e88_GH_agI_m0	ARDRGLVSDY	7e88_AB_agC_m0
7e88_JK_agL_m0	ARDRGLVSDY	7e88_AB_agC_m0
7e8c_DE_agC_m0	ARDLGPYGMDV	7ch4_HL_agR_m0
7e8c_HL_agA_m0	ATNGGAHSSFSWTYGMDV	7e8c_HL_agA_m0
7e8c_KI_agB_m0	AKTRGRGLYWVYDGSKDY	7chc_AB_agR_m0
7e8c_MJ_agA_m0	AKTRGRGLYWVYDGSKDY	7chc_AB_agR_m0
7e8c_NP_agB_m0	ARDLGPYGMDV	7ch4_HL_agR_m0
7e8c_OQ_agA_m0	ARDLGPYGMDV	7ch4_HL_agR_m0
7e8c_SU_agC_m0	ATNGGAHSSFSWTYGMDV	7e8c_HL_agA_m0
7e8c_TV_agB_m0	ATNGGAHSSFSWTYGMDV	7e8c_HL_agA_m0
7e8c_aZ_agC_m0	AKTRGRGLYWVYDGSKDY	7chc_AB_agR_m0
7e8f_CB_agR_m0	AKTRGRGLYWVYDGSKDY	7chc_AB_agR_m0
7e8f_DE_agR_m0	ARDLGPYGMDV	7ch4_HL_agR_m0
7e8f_HL_agA_m0	ATNGGAHSSFSWTYGMDV	7e8c_HL_agA_m0
7e8m_HL_agE_m0	ARDLVVYGMDV	7swo_HL_agA_m0
7e9b_HL_agC_m0	VSYYYGIDF	7e9b_HL_agC_m0
7e9g_Dd_agA _ B_m0	VRSIYYYSGSPFDF	6crk_Hh_agA _ B _ G_m0
7e9g_ENA_agR_m0	HADYKYTTHNTA	7e9g_ENA_agR_m0
7e9g_FNA_agS_m0	HADYKYTTHNTA	7e9g_ENA_agR_m0
7e9h_Dd_agA _ B_m0	VRSIYYYSGSPFDF	6crk_Hh_agA _ B _ G_m0
7e9n_HL_agA_m0	AKAVEMVRGLEPDAGYGMDV	7e9n_HL_agA_m0
7e9n_PO_agB_m0	AKAVEMVRGLEPDAGYGMDV	7e9n_HL_agA_m0
7e9n_YX_agC_m0	AKAVEMVRGLEPDAGYGMDV	7e9n_HL_agA_m0
7e9o_HL_agA_m0	AKAVEMVRGLEPDAGYGMDV	7e9n_HL_agA_m0
7e9o_PO_agB_m0	AKAVEMVRGLEPDAGYGMDV	7e9n_HL_agA_m0
7e9o_YX_agC_m0	AKAVEMVRGLEPDAGYGMDV	7e9n_HL_agA_m0
7e9p_HL_agB_m0	AKAVEMVRGLEPDAGYGMDV	7e9n_HL_agA_m0
7e9q_FE_agB_m0	AKAVEMVRGLEPDAGYGMDV	7e9n_HL_agA_m0
7e9q_HL_agA_m0	AKAVEMVRGLEPDAGYGMDV	7e9n_HL_agA_m0
7e9q_YX_agC_m0	AKAVEMVRGLEPDAGYGMDV	7e9n_HL_agA_m0
7eaj_FL_ag1 _ 3_m0	AVVPTVDFDY	7eaj_FL_ag1 _ 3_m0
7eak_FL_agA _ C_m0	AVVPTVDFDY	7eaj_FL_ag1 _ 3_m0
7eam_CD_agB_m0	TRFYDYVNYGMDY	7eam_CD_agB_m0
7eam_HL_agA_m0	TRFYDYVNYGMDY	7eam_CD_agB_m0
7ean_HL_agA_m0	ASAHYYGSSSSFPY	7ean_HL_agA_m0
7eb2_Nn_agA _ B_m0	VRSIYYYSGSPFDF	6crk_Hh_agA _ B _ G_m0
7ebr_EF_agC _ A_m0	ARGGGGNSPFAY	7ebr_EF_agC _ A_m0
7ebz_EF_agB _ A _ C_m0	ARGGGGNSPFAY	7ebr_EF_agC _ A_m0
7ec5_EF_agB _ A _ C_m0	AREGYDYDGFAY	7ec5_EF_agB _ A _ C_m0
7ecy_EF_agC _ A_m0	ARGGGGNSPFAY	7ebr_EF_agC _ A_m0
7eh3_ANA_agNA_m0	AASIYGYYSDTLRTYYSNNYLY	7eh3_ANA_agNA_m0
7eh3_ANA_agNA_m1	AASIYGYYSDTLRTYYSNNYLY	7eh3_ANA_agNA_m0
7eh3_ANA_agNA_m2	AASIYGYYSDTLRTYYSNNYLY	7eh3_ANA_agNA_m0
7eh3_ANA_agNA_m3	AASIYGYYSDTLRTYYSNNYLY	7eh3_ANA_agNA_m0
7eh3_ANA_agNA_m4	AASIYGYYSDTLRTYYSNNYLY	7eh3_ANA_agNA_m0
7eh3_ANA_agNA_m5	AASIYGYYSDTLRTYYSNNYLY	7eh3_ANA_agNA_m0
7eh3_ANA_agNA_m6	AASIYGYYSDTLRTYYSNNYLY	7eh3_ANA_agNA_m0
7eh3_ANA_agNA_m7	AASIYGYYSDTLRTYYSNNYLY	7eh3_ANA_agNA_m0
7eh3_ANA_agNA_m8	AASIYGYYSDTLRTYYSNNYLY	7eh3_ANA_agNA_m0
7eh3_ANA_agNA_m9	AASIYGYYSDTLRTYYSNNYLY	7eh3_ANA_agNA_m0
7eh5_DO_agA_m0	ARMGDGYVYGAMDY	7eh5_DO_agA_m0
7eh5_EP_agB_m0	ARMGDGYVYGAMDY	7eh5_DO_agA_m0
7eh5_FQ_agC_m0	ARMGDGYVYGAMDY	7eh5_DO_agA_m0
7eh5_HL_agA_m0	ARDGYPYYYALDF	7w9e_DE_agC_m0
7eh5_IM_agB_m0	ARDGYPYYYALDF	7w9e_DE_agC_m0
7eh5_JN_agC_m0	ARDGYPYYYALDF	7w9e_DE_agC_m0
7ej0_Hh_agA _ B_m0	VRSIYYYSGSPFDF	6crk_Hh_agA _ B _ G_m0
7ej4_HL_agA_m0	ANFGNYEEIAY	7ej4_HL_agA_m0
7ej4_IM_agB_m0	ANFGNYEEIAY	7ej4_HL_agA_m0
7ej4_JN_agC_m0	ANFGNYEEIAY	7ej4_HL_agA_m0
7ej5_HL_agA_m0	ARDGYPYYYALDF	7w9e_DE_agC_m0
7ej5_IM_agB_m0	ARDGYPYYYALDF	7w9e_DE_agC_m0
7ej5_JN_agC_m0	ARDGYPYYYALDF	7w9e_DE_agC_m0
7ej8_Hh_agA _ B_m0	VRSIYYYSGSPFDF	6crk_Hh_agA _ B _ G_m0
7eja_Hh_agA _ B_m0	VRSIYYYSGSPFDF	6crk_Hh_agA _ B _ G_m0
7ejk_Hh_agA _ B_m0	VRSIYYYSGSPFDF	6crk_Hh_agA _ B _ G_m0
7ejx_Ss_agA _ B_m0	VRSIYYYSGSPFDF	6crk_Hh_agA _ B _ G_m0
7ejy_HL_agR_m0	ARDAAVYGIDV	7ejy_HL_agR_m0
7ejz_HL_agR_m0	ARDAAVYGIDV	7ejy_HL_agR_m0
7ek0_HL_agR_m0	ARDAAVYGIDV	7ejy_HL_agR_m0
7ekb_HL_agP_m0	AREGTTGKIPGAFAH	3lh2_IM_agT_m0
7ekk_HL_agP_m0	AREGTTGCGIPKGGAFAH	4xcy_CD_ag_m0
7elx_HL_agC_m0	ARTGWLGPFDY	7su1_HL_agC_m0
7elx_hl_agc_m0	ARTGWLGPFDY	7su1_HL_agC_m0
7enf_PO_agB_m0	ARDTEDCSTTSCYVDY	7enf_PO_agB_m0
7eng_HL_agB_m0	ARDTEDCSTTSCYVDY	7enf_PO_agB_m0
7eo0_HL_ag3_m0	AKWSSRGGYDCGYDSSHVSYLDA	7eo0_HL_ag3_m0
7eo2_Ee_agB _ C_m0	VRSIYYYSGSPFDF	6crk_Hh_agA _ B _ G_m0
7eo4_Ee_agB _ C_m0	VRSIYYYSGSPFDF	6crk_Hh_agA _ B _ G_m0
7eow_BNA_agA_m0	AAAGVRAEDGRPLTRVSEYTF	7a6o_BNA_agA_m0
7epb_CNA_agA_m0	HADYKYTTHNTA	7e9g_ENA_agR_m0
7epb_DNA_agB_m0	HADYKYTTHNTA	7e9g_ENA_agR_m0
7ept_NNA_agA _ B_m0	ARCPAPFTRDCSTVDFTTYAY	6oya_NNA_agA _ B_m0
7epx_HL_agA_m0	AKDRSYGPPDEYNFVYGMDV	7epx_HL_agA_m0
7epx_IM_agB_m0	AKDRSYGPPDEYNFVYGMDV	7epx_HL_agA_m0
7eq1_Ss_agA _ Y _ B_m0	VRSIYYYSGSPFDF	6crk_Hh_agA _ B _ G_m0
7eq3_Aa_agNA_m0	AKHDGHETMDY	3v6o_CE_agA_m0
7euo_Ss_agA _ B_m0	VRSIYYYSGSPFDF	6crk_Hh_agA _ B _ G_m0
7evm_NNA_agA _ B_m0	ARCPAPFTRDCSTVDFTTYAY	6oya_NNA_agA _ B_m0
7evy_Ee_agA _ B_m0	VRSIYYYSGSPFDF	6crk_Hh_agA _ B _ G_m0
7evz_Ee_agA _ B_m0	VRSIYYYSGSPFDF	6crk_Hh_agA _ B _ G_m0
7ew0_Ee_agA _ B_m0	VRSIYYYSGSPFDF	6crk_Hh_agA _ B _ G_m0
7ew1_Ee_agD _ B_m0	VRSIYYYSGSPFDF	6crk_Hh_agA _ B _ G_m0
7ew2_Ss_agA _ C _ B_m0	VRSIYYYSGSPFDF	6crk_Hh_agA _ B _ G_m0
7ew3_Ss_agA _ C _ B_m0	VRSIYYYSGSPFDF	6crk_Hh_agA _ B _ G_m0
7ew4_Ss_agA _ B_m0	VRSIYYYSGSPFDF	6crk_Hh_agA _ B _ G_m0
7ew5_BC_agM_m0	NAGHDYDRGRFPY	12e8_HL_agNA_m0
7ew5_EF_agA_m0	NAGHDYDRGRFPY	12e8_HL_agNA_m0
7ew5_HI_agD_m0	NAGHDYDRGRFPY	12e8_HL_agNA_m0
7ew5_KL_agG_m0	NAGHDYDRGRFPY	12e8_HL_agNA_m0
7ew5_NO_agJ_m0	NAGHDYDRGRFPY	12e8_HL_agNA_m0
7ew5_QR_agb_m0	NAGHDYDRGRFPY	12e8_HL_agNA_m0
7ew5_TU_agP_m0	NAGHDYDRGRFPY	12e8_HL_agNA_m0
7ew5_WX_agS_m0	NAGHDYDRGRFPY	12e8_HL_agNA_m0
7ew5_Za_agV_m0	NAGHDYDRGRFPY	12e8_HL_agNA_m0
7ew5_gj_agY_m0	NAGHDYDRGRFPY	12e8_HL_agNA_m0
7ew7_Ee_agA _ B_m0	VRSIYYYSGSPFDF	6crk_Hh_agA _ B _ G_m0
7exd_Ee_agA _ B _ G_m0	VRSIYYYSGSPFDF	6crk_Hh_agA _ B _ G_m0
7ey0_AB_agR_m0	AKDFSRDGDAFDI	7ey0_AB_agR_m0
7ey0_HL_agR_m0	ARFLPTYDYFDY	7ey0_HL_agR_m0
7ey4_HL_agR _ N_m0	ARGVTSYSDNSDTRYNGDAFDI	7ey4_HL_agR _ N_m0
7ey5_BC_agA_m0	VYGSGSPSNWFHP	7ey5_BC_agA_m0
7ey5_HL_agA_m0	TTGALVESRYFGTFWDYYFDY	7ey5_HL_agA_m0
7eya_HL_agR_m0	ARDRAYRLGELDGWLSSDAFDI	7eya_HL_agR_m0
7eyc_AB_agQ_m0	ASVYFTY	7eyc_AB_agQ_m0
7eyc_HL_agP_m0	ASVYFTY	7eyc_AB_agQ_m0
7ezh_Hh_agA _ B_m0	VRSIYYYSGSPFDF	6crk_Hh_agA _ B _ G_m0
7ezm_Hh_agA _ B_m0	VRSIYYYSGSPFDF	6crk_Hh_agA _ B _ G_m0
7ezv_HL_agA_m0	TSGSYYGTLDF	7ezv_HL_agA_m0
7ezv_MN_agA_m0	AAPHCSGGYCTDGFDI	7ezv_MN_agA_m0
7f07_CNA_agNA_m0	GRPLPEMGFFPIQTAMVDY	7f07_CNA_agNA_m0
7f0t_ENA_agA _ B _ D_m0	ARCPAPFTRDCSTVDFTTYAY	6oya_NNA_agA _ B_m0
7f0x_Bb_agA_m0	ARDGYPYYFAMDY	7f0x_Bb_agA_m0
7f12_Bb_agA_m0	ARDGYPYYFAMDY	7f0x_Bb_agA_m0
7f15_Bb_agA_m0	ARDGYPYYFAMDY	7f0x_Bb_agA_m0
7f16_NNA_agA _ B_m0	ARCPAPFTRDCSTVDFTTYAY	6oya_NNA_agA _ B_m0
7f1g_DNA_agA_m0	TSAGR	3zkq_DNA_agA_m0
7f1o_ENA_agA _ B_m0	ARCPAPFTRDCSTVDFTTYAY	6oya_NNA_agA _ B_m0
7f23_ENA_agA _ B_m0	ARCPAPFTRDCSTVDFTTYAY	6oya_NNA_agA _ B_m0
7f2o_Ss_agA _ B_m0	VRSIYYYSGSPFDF	6crk_Hh_agA _ B _ G_m0
7f2s_AB_agNA_m0	AGWNRYDED	7f2s_AB_agNA_m0
7f35_BA_agA_m0	AGWNRYDED	7f2s_AB_agNA_m0
7f35_DC_agC_m0	AGWNRYDED	7f2s_AB_agNA_m0
7f35_FE_agE_m0	AGWNRYDED	7f2s_AB_agNA_m0
7f3q_CB_agA_m0	AKSLIYGHYDAGTLIYYFDY	7f3q_CB_agA_m0
7f3q_HL_agA_m0	ALTTSGWFSFDY	7f3q_HL_agA_m0
7f46_HL_agB _ C_m0	AKAVEMVRGLEPDAGYGMDV	7e9n_HL_agA_m0
7f4d_NNA_agA _ B_m0	ARCPAPFTRDCSTVDFTTYAY	6oya_NNA_agA _ B_m0
7f4f_Ss_agA _ B_m0	VRSIYYYSGSPFDF	6crk_Hh_agA _ B _ G_m0
7f4h_NNA_agA _ B_m0	ARCPAPFTRDCSTVDFTTYAY	6oya_NNA_agA _ B_m0
7f4h_Ss_agA _ G_m0	VRSIYYYSGSPFDF	6crk_Hh_agA _ B _ G_m0
7f4i_NNA_agA _ B_m0	ARCPAPFTRDCSTVDFTTYAY	6oya_NNA_agA _ B_m0
7f53_NNA_agA _ B_m0	ARCPAPFTRDCSTVDFTTYAY	6oya_NNA_agA _ B_m0
7f54_NNA_agA _ B_m0	ARCPAPFTRDCSTVDFTTYAY	6oya_NNA_agA _ B_m0
7f55_NNA_agA _ B_m0	ARCPAPFTRDCSTVDFTTYAY	6oya_NNA_agA _ B_m0
7f58_NNA_agA _ B_m0	ARCPAPFTRDCSTVDFTTYAY	6oya_NNA_agA _ B_m0
7f5g_BNA_agA_m0	NILEGQRWSNY	7f5g_BNA_agA_m0
7f5g_DNA_agC_m0	NILEGQRWSNY	7f5g_BNA_agA_m0
7f5h_CNA_agA_m0	NVVDRWYDY	7f5h_CNA_agA_m0
7f5h_DNA_agB_m0	NVVDRWYDY	7f5h_CNA_agA_m0
7f62_HL_agA_m0	ANFGNYEEIAY	7ej4_HL_agA_m0
7f63_HL_agA_m0	ARDGYPYYYALDF	7w9e_DE_agC_m0
7f6y_HL_agR_m0	ARDAAVYGIDV	7ejy_HL_agR_m0
7f6z_HL_agR_m0	ARDAAVYGIDV	7ejy_HL_agR_m0
7f7e_CL_agE_m0	AKSLIYGHYDAGTLIYYFDY	7f3q_CB_agA_m0
7f7h_AB_agE_m0	ARDLVVYGMDV	7swo_HL_agA_m0
7f7h_CD_agF_m0	ARDLVVYGMDV	7swo_HL_agA_m0
7f8w_Dd_agB _ A _ C_m0	VRSIYYYSGSPFDF	6crk_Hh_agA _ B _ G_m0
7f9w_BC_agA_m0	ARERGDYSFNWYFDL	7f9w_BC_agA_m0
7f9y_NNA_agA _ B _ G_m0	ARCPAPFTRDCSTVDFTTYAY	6oya_NNA_agA _ B_m0
7f9z_Ee_agA_m0	VRSIYYYSGSPFDF	6crk_Hh_agA _ B _ G_m0
7f9z_NNA_agA _ B_m0	ARCPAPFTRDCSTVDFTTYAY	6oya_NNA_agA _ B_m0
7fab_HL_ag_m0	ARNLIAGGIDV	7fab_HL_ag_m0
7fae_HL_agA_m0	AGGGGRRLFQDYFDY	7fae_HL_agA_m0
7fae_ed_agB_m0	AGGGGRRLFQDYFDY	7fae_HL_agA_m0
7fae_hg_agC_m0	AGGGGRRLFQDYFDY	7fae_HL_agA_m0
7faf_HL_agC_m0	AGGGGRRLFQDYFDY	7fae_HL_agA_m0
7faf_dc_agA_m0	AGGGGRRLFQDYFDY	7fae_HL_agA_m0
7faf_gf_agB_m0	AGGGGRRLFQDYFDY	7fae_HL_agA_m0
7fah_CD_agB_m0	ARMVRDAMDF	7fah_CD_agB_m0
7fah_HL_agA_m0	ARMVRDAMDF	7fah_CD_agB_m0
7fat_BNA_agA_m0	AAEGGPSLSYCTGGSLLFGYGLMYNS	7fat_BNA_agA_m0
7fau_BNA_agA_m0	AAGLVRGSCTDPHDLVSYLGV	7fau_BNA_agA_m0
7fau_DNA_agC_m0	AAGLVRGSCTDPHDLVSYLGV	7fau_BNA_agA_m0
7fbi_HL_agA_m0	GRGVSTNM	7fbi_HL_agA_m0
7fbi_NM_agA_m0	ARGYGGYGAGIGYFNI	7fbi_NM_agA_m0
7fbj_BNA_agA_m0	RAYSLSAGACMWMGYI	7fbj_BNA_agA_m0
7fbj_DNA_agC_m0	RAYSLSAGACMWMGYI	7fbj_BNA_agA_m0
7fbj_FNA_agE_m0	RAYSLSAGACMWMGYI	7fbj_BNA_agA_m0
7fbj_HNA_agNA_m0	RAYSLSAGACMWMGYI	7fbj_BNA_agA_m0
7fbj_JNA_agNA_m0	RAYSLSAGACMWMGYI	7fbj_BNA_agA_m0
7fbj_LNA_agK_m0	RAYSLSAGACMWMGYI	7fbj_BNA_agA_m0
7fbj_NNA_agM_m0	RAYSLSAGACMWMGYI	7fbj_BNA_agA_m0
7fbj_PNA_agO_m0	RAYSLSAGACMWMGYI	7fbj_BNA_agA_m0
7fbk_CNA_agA_m0	RAYSTTGDERCDRWQGYI	7fbk_CNA_agA_m0
7fbk_DNA_agB_m0	RAYSTTGDERCDRWQGYI	7fbk_CNA_agA_m0
7fci_HL_agA_m0	TILVYDAYVYFAMDY	7fci_HL_agA_m0
7fcp_BD_agA_m0	ARDFGFEGPRMDV	7fcp_BD_agA_m0
7fcp_HL_agA_m0	AREARGYYDRSPHYYGGYFDY	7fcp_HL_agA_m0
7fcq_HL_agA_m0	AREARGYYDRSPHYYGGYFDY	7fcp_HL_agA_m0
7fei_HL_ag2 _ 1_m0	TKSIHSYSVFE	7fei_HL_ag2 _ 1_m0
7fej_HL_ag2 _ 1_m0	TKSIHSYSVFE	7fei_HL_ag2 _ 1_m0
7fg2_DNA_agA_m0	YAVGGDGDS	7fg2_DNA_agA_m0
7fg3_DNA_agA_m0	YAVGGDGDS	7fg2_DNA_agA_m0
7fgj_HL_agC_m0	ARSTYYSGALDY	6lra_HL_agC_m0
7fgk_HL_agNA_m0	ARSTYYSGALDY	6lra_HL_agC_m0
7fgl_HL_agC_m0	ARSTYYSGALDY	6lra_HL_agC_m0
7fgr_HL_agC_m0	ARSTYYSGALDY	6lra_HL_agC_m0
7fh0_BNA_agA_m0	AAGEAWLATSRHHYDY	7fh0_BNA_agA_m0
7fh0_CNA_agA_m0	AAGEAWLATSRHHYDY	7fh0_BNA_agA_m0
7fig_NNA_agA _ B _ G_m0	ARCPAPFTRDCSTVDFTTYAY	6oya_NNA_agA _ B_m0
7fim_NNA_agA _ B_m0	ARCPAPFTRDCSTVDFTTYAY	6oya_NNA_agA _ B_m0
7fin_NNA_agA _ B _ G_m0	ARCPAPFTRDCSTVDFTTYAY	6oya_NNA_agA _ B_m0
7fiy_NNA_agA _ B_m0	ARCPAPFTRDCSTVDFTTYAY	6oya_NNA_agA _ B_m0
7fjc_HL_agE_m0	AGGGGRRLFQDYFDY	7fae_HL_agA_m0
7fjn_HL_agB_m0	ARDGENVLDY	7fjn_HL_agB_m0
7fjn_IJ_agA_m0	ARDGENVLDY	7fjn_HL_agB_m0
7fjo_FG_agC_m0	ARDGENVLDY	7fjn_HL_agB_m0
7fjo_HL_agA_m0	ARDGENVLDY	7fjn_HL_agB_m0
7fjo_JK_agB_m0	ARDGENVLDY	7fjn_HL_agB_m0
7fjs_CA_agB_m0	ARDGENVLDY	7fjn_HL_agB_m0
7fjs_HL_agE_m0	ARDGENVLDY	7fjn_HL_agB_m0
7jgj_HL_agA_m0	ATVVGRVYAMDY	7jgj_HL_agA_m0
7jhg_HL_agA_m0	ARYYPYFISYMKSYEAMDY	7jhg_HL_agA_m0
7jhg_NNA_agNA_m0	AIDSDTFSYGSYDY	6ww2_KNA_agNA_m0
7jhh_HL_agA_m0	ARYYPYFISYMKSYEAMDY	7jhg_HL_agA_m0
7jhh_NNA_agNA_m0	AIDSDTFSYGSYDY	6ww2_KNA_agNA_m0
7jhj_Dd_agA _ B_m0	VRSIYYYSGSPFDF	6crk_Hh_agA _ B _ G_m0
7jie_CD_agB_m0	ARDRVPSYSPSKGWMAYGMDV	7jie_CD_agB_m0
7jie_EF_agA_m0	ARDRVPSYSPSKGWMAYGMDV	7jie_CD_agB_m0
7jix_HL_agA_m0	ARGSNSFAY	7jix_HL_agA_m0
7jjo_NNA_agA _ B_m0	ARCPAPFTRDCSTVDFTTYAY	6oya_NNA_agA _ B_m0
7jkb_ANA_agNA_m0	ASALEPLSEPLGF	1ohq_ANA_ag_m0
7jkb_BNA_agNA_m0	VTPERQCKQYCTSARPRY	7jkb_BNA_agNA_m0
7jkm_HL_agNA_m0	AKDMSGYGHKGYYGMDV	7jkm_HL_agNA_m0
7jkm_KNA_agNA_m0	AIDSDTFSYGSYDY	6ww2_KNA_agNA_m0
7jks_HL_agG_m0	ARSFDSDEYWWFTY	7jks_HL_agG_m0
7jkt_HL_agG_m0	VRKRVYDEDYWDWAY	7jkt_HL_agG_m0
7jlk_AB_agNA_m0	ARGKNSDNYWDFQH	4jpk_HL_agA_m0
7jlk_HL_agNA_m0	ARGDYYGSSSAWLPY	7jlk_HL_agNA_m0
7jln_AB_agNA_m0	TRDFGASYVGFAY	7jln_AB_agNA_m0
7jln_HL_agNA_m0	ARGKNSDNYWDFQH	4jpk_HL_agA_m0
7jmo_HL_agA_m0	ARDLERAGGMDV	7jmo_HL_agA_m0
7jmp_HL_agA_m0	ARAHVDTAMSEVGAFDI	7jmp_HL_agA_m0
7jmw_HL_agA_m0	ARPPRNYYDRSARQYYGEYFQH	7jmw_HL_agA_m0
7jmx_HL_agNA_m0	ARPPRNYAREYFQH	7jmx_HL_agNA_m0
7jn5_HL_agF_m0	AGGSGISTPMDV	9cps_HL_agA_m0
7joo_HL_agC_m0	ARDFYGSGSHYYVPFDY	7joo_HL_agC_m0
7joo_KNA_agNA_m0	AAAAAAAAAAAAAA	7joo_KNA_agNA_m0
7joz_NNA_agA _ B_m0	ARCPAPFTRDCSTVDFTTYAY	6oya_NNA_agA _ B_m0
7jr7_CD_agB _ A_m0	ARMITTVYYFDY	7jr7_CD_agB _ A_m0
7jr7_EF_agB_m0	ARKQDSSGLPYAMDY	7jr7_EF_agB_m0
7jtf_AB_agE_m0	ARVRTALVGERPGIFDF	7jtf_AB_agE_m0
7jtf_CD_agF_m0	ARVRTALVGERPGIFDF	7jtf_AB_agE_m0
7jtg_AB_agE_m0	ARGETKMITVLGTTGAGGLDS	7jtg_AB_agE_m0
7jti_HL_agA_m0	ARDFYDYDYFVYAMDY	1gig_HL_ag_m0
7jtr_Bb_agA_m0	TRGLFAY	7jtr_Bb_agA_m0
7jtr_Dd_agC_m0	TRGLFAY	7jtr_Bb_agA_m0
7jtr_Ff_agE_m0	TRGLFAY	7jtr_Bb_agA_m0
7jtr_Hh_agG_m0	TRGLFAY	7jtr_Bb_agA_m0
7jum_Hh_agA_m0	AKESGRAVADR	7jum_Hh_agA_m0
7jum_Ii_agB_m0	AKESGRAVADR	7jum_Hh_agA_m0
7jum_Jj_agC_m0	AKESGRAVADR	7jum_Hh_agA_m0
7jv2_HL_agA_m0	ALSSGYSGYAGNY	7jv2_HL_agA_m0
7jv4_DE_agB_m0	ALSSGYSGYAGNY	7jv2_HL_agA_m0
7jv4_FG_agC_m0	ALSSGYSGYAGNY	7jv2_HL_agA_m0
7jv4_HL_agA_m0	ALSSGYSGYAGNY	7jv2_HL_agA_m0
7jv5_NNA_agA _ B _ G_m0	ARCPAPFTRDCSTVDFTTYAY	6oya_NNA_agA _ B_m0
7jv6_CD_agB_m0	ALSSGYSGYAGNY	7jv2_HL_agA_m0
7jv6_FG_agE_m0	ALSSGYSGYAGNY	7jv2_HL_agA_m0
7jv6_HL_agA_m0	ALSSGYSGYAGNY	7jv2_HL_agA_m0
7jva_HL_agA_m0	ARVWWLRGSFDY	7jva_HL_agA_m0
7jvb_CNA_agA_m0	AARDIETAEYIY	7jvb_CNA_agA_m0
7jvb_DNA_agB_m0	AARDIETAEYIY	7jvb_CNA_agA_m0
7jvc_CD_agB_m0	ARVWWLRGSFDY	7jva_HL_agA_m0
7jvc_FG_agE_m0	ARVWWLRGSFDY	7jva_HL_agA_m0
7jvc_HL_agA_m0	ARVWWLRGSFDY	7jva_HL_agA_m0
7jvd_HL_agA_m0	TRRVVVTGKGAMDY	7jvd_HL_agA_m0
7jvp_NNA_agA _ B _ G_m0	ARCPAPFTRDCSTVDFTTYAY	6oya_NNA_agA _ B_m0
7jvq_NNA_agA _ B _ G_m0	ARCPAPFTRDCSTVDFTTYAY	6oya_NNA_agA _ B_m0
7jvr_Ee_agA _ C _ B_m0	VRSIYYYSGSPFDF	6crk_Hh_agA _ B _ G_m0
7jw0_DC_agB_m0	ARGDSSGYYYYFDY	7jw0_DC_agB_m0
7jw0_GF_agE_m0	ARGDSSGYYYYFDY	7jw0_DC_agB_m0
7jw0_HL_agA_m0	ARGDSSGYYYYFDY	7jw0_DC_agB_m0
7jwb_DNA_agA _ B_m0	ARWDFAGSSGLDY	7jwb_DNA_agA _ B_m0
7jwg_AB_agE_m0	ARGILRYDFWFLDY	7jwg_AB_agE_m0
7jwg_HL_agC_m0	ARGILRYDFWFLDY	7jwg_AB_agE_m0
7jwp_AB_agQ_m0	ARMPYTTDRDF	7jwp_AB_agQ_m0
7jwp_CD_agR_m0	ARMPYTTDRDF	7jwp_AB_agQ_m0
7jwp_EF_agS_m0	ARMPYTTDRDF	7jwp_AB_agQ_m0
7jwp_GH_agT_m0	ARMPYTTDRDF	7jwp_AB_agQ_m0
7jwp_IJ_agU_m0	ARMPYTTDRDF	7jwp_AB_agQ_m0
7jwp_KL_agV_m0	ARMPYTTDRDF	7jwp_AB_agQ_m0
7jwp_MN_agW_m0	ARMPYTTDRDF	7jwp_AB_agQ_m0
7jwp_OP_agX_m0	ARMPYTTDRDF	7jwp_AB_agQ_m0
7jwq_AB_agV_m0	ARMPYTTDRDF	7jwp_AB_agQ_m0
7jwq_CD_agP_m0	ARMPYTTDRDF	7jwp_AB_agQ_m0
7jx3_AB_agR_m0	ARDYTRGAWFILSEGGGFDN	6wps_CD_agB_m0
7jx3_CD_agR_m0	TTGSETYYYSSDGPFDY	7jx3_CD_agR_m0
7jx3_HL_agR_m0	ARGDSSGYYYYFDY	7jw0_DC_agB_m0
7jxc_HL_agNA_m0	TTFDY	7jxc_HL_agNA_m0
7jxd_AB_agNA_m0	ARVWWLRGSFDY	7jva_HL_agA_m0
7jxd_CD_agNA_m0	ARVWWLRGSFDY	7jva_HL_agA_m0
7jxe_HL_agNA_m0	ARPDYQVLGYDYGIWFYGMDV	7jxe_HL_agNA_m0
7k37_HG_agA _ B_m0	ARVEGVRGVMYHFGYPMDV	3whe_12_agH_m0
7k37_JI_agC _ D_m0	ARVEGVRGVMYHFGYPMDV	3whe_12_agH_m0
7k37_LK_agE _ F_m0	ARVEGVRGVMYHFGYPMDV	3whe_12_agH_m0
7k39_HG_agA _ B_m0	ARVEGVRGVMYHFGYPMDV	3whe_12_agH_m0
7k39_JI_agC _ D_m0	ARVEGVRGVMYHFGYPMDV	3whe_12_agH_m0
7k39_LK_agE _ F_m0	ARVEGVRGVMYHFGYPMDV	3whe_12_agH_m0
7k3a_HG_agA _ B_m0	ARVEGVRGVMYHFGYPMDV	3whe_12_agH_m0
7k3a_JI_agC _ D_m0	ARVEGVRGVMYHFGYPMDV	3whe_12_agH_m0
7k3a_LK_agE _ F_m0	ARVEGVRGVMYHFGYPMDV	3whe_12_agH_m0
7k3b_HG_agA _ B_m0	ARVEGVRGVMYHFGYPMDV	3whe_12_agH_m0
7k3b_JI_agC _ D_m0	ARVEGVRGVMYHFGYPMDV	3whe_12_agH_m0
7k3b_LK_agE _ F_m0	ARVEGVRGVMYHFGYPMDV	3whe_12_agH_m0
7k3q_HL_agNA_m0	ASPYCSGGSCSDGFDI	7k3q_HL_agNA_m0
7k43_CD_agB_m0	ARAAPFYDFYGSWSYFDY	7k43_CD_agB_m0
7k43_FG_agE_m0	ARAAPFYDFYGSWSYFDY	7k43_CD_agB_m0
7k43_HL_agA_m0	ARAAPFYDFYGSWSYFDY	7k43_CD_agB_m0
7k45_HL_agB_m0	ASPYCSGGSCSDGFDI	7k3q_HL_agNA_m0
7k4n_CD_agB_m0	ASPYCSGGSCSDGFDI	7k3q_HL_agNA_m0
7k4n_FG_agE_m0	ASPYCSGGSCSDGFDI	7k3q_HL_agNA_m0
7k4n_HL_agA_m0	ASPYCSGGSCSDGFDI	7k3q_HL_agNA_m0
7k65_BNA_agA_m0	AVQAVPIRYRRY	7k65_BNA_agA_m0
7k66_BC_agA_m0	ARCGNYVDYAIDY	7k66_BC_agA_m0
7k75_AB_agE_m0	ARTGIVVTPTDWFDP	7k75_AB_agE_m0
7k75_CD_agF_m0	ARTGIVVTPTDWFDP	7k75_AB_agE_m0
7k75_IJ_agF_m0	ARTGIVVTPTDWFDP	7k75_AB_agE_m0
7k75_MN_agE_m0	ARTGIVVTPTDWFDP	7k75_AB_agE_m0
7k76_AB_agP_m0	ARTGIVVTPTDWFDP	7k75_AB_agE_m0
7k76_HL_agP_m0	ARTGIVVTPTDWFDP	7k75_AB_agE_m0
7k78_Kk_agC _ D _ B_m0	ARKSSRLRSTLDY	6dzt_Mm_agG _ F _ H_m0
7k78_Ll_agG _ F _ H_m0	ARKSSRLRSTLDY	6dzt_Mm_agG _ F _ H_m0
7k7h_HL_agA _ C _ G_m0	AGLELTGTLPY	7k7h_HL_agA _ C _ G_m0
7k7i_HL_agA_m0	VRQYYGSNSYGMDY	7k7i_HL_agA_m0
7k7i_JK_agB_m0	VRQYYGSNSYGMDY	7k7i_HL_agA_m0
7k7i_MN_agC_m0	VRQYYGSNSYGMDY	7k7i_HL_agA_m0
7k7i_PQ_agD_m0	VRQYYGSNSYGMDY	7k7i_HL_agA_m0
7k7i_XY_agE_m0	VRQYYGSNSYGMDY	7k7i_HL_agA_m0
7k7r_BA_agC_m0	TRDPPYFDN	7k7r_BA_agC_m0
7k7r_ED_agF_m0	TRDPPYFDN	7k7r_BA_agC_m0
7k7y_CNA_agB_m0	AAVYGRYTYPSQKSYEY	7k7y_CNA_agB_m0
7k7y_DNA_agA_m0	AAVYGRYTYPSQKSYEY	7k7y_CNA_agB_m0
7k7y_FNA_agE_m0	AAVYGRYTYPSQKSYEY	7k7y_CNA_agB_m0
7k7y_HNA_agG_m0	AAVYGRYTYPSQKSYEY	7k7y_CNA_agB_m0
7k84_BNA_agA_m0	AASHRFSDYPESRMDGMDY	7k84_BNA_agA_m0
7k8m_AB_agE_m0	ARDYGDYYFDY	7d0c_GF_agC_m0
7k8n_AB_agNA_m0	ARDYGDYYFDY	7d0c_GF_agC_m0
7k8o_HL_agNA_m0	AKEGRPSDIVVVVAFDY	7k8o_HL_agNA_m0
7k8p_HL_agNA_m0	ARSFRDDPRIAAPGAVDAFDI	7k8p_HL_agNA_m0
7k8q_HL_agNA_m0	ARAPLFPTGVLYYYDGAYGMDV	7k8q_HL_agNA_m0
7k8r_HL_agNA_m0	ASSSGYLFHSDY	7k8r_HL_agNA_m0
7k8s_HL_agA_m0	AKEGRPSDIVVVVAFDY	7k8o_HL_agNA_m0
7k8s_MN_agC_m0	AKEGRPSDIVVVVAFDY	7k8o_HL_agNA_m0
7k8s_OP_agB_m0	AKEGRPSDIVVVVAFDY	7k8o_HL_agNA_m0
7k8t_HL_agC_m0	AKEGRPSDIVVVVAFDY	7k8o_HL_agNA_m0
7k8t_MN_agB_m0	AKEGRPSDIVVVVAFDY	7k8o_HL_agNA_m0
7k8t_OP_agA_m0	AKEGRPSDIVVVVAFDY	7k8o_HL_agNA_m0
7k8v_HL_agA _ B_m0	ARSFRDDPRIAAPGAVDAFDI	7k8p_HL_agNA_m0
7k8v_MN_agC_m0	ARSFRDDPRIAAPGAVDAFDI	7k8p_HL_agNA_m0
7k8w_HL_agA _ B_m0	ARANHETTMDYYYYTYYMDV	7k8w_HL_agA _ B_m0
7k8w_NS_agG_m0	ARANHETTMDYYYYTYYMDV	7k8w_HL_agA _ B_m0
7k8x_DF_agB _ C_m0	ARAPLFPTGVLYYYDGAYGMDV	7k8q_HL_agNA_m0
7k8x_EG_agA_m0	ARAPLFPTGVLYYYDGAYGMDV	7k8q_HL_agNA_m0
7k8y_GI_agB _ D_m0	ARAPLFPTGVLYYYDGAYGMDV	7k8q_HL_agNA_m0
7k8z_HL_agA_m0	ASSSGYLFHSDY	7k8r_HL_agNA_m0
7k8z_MN_agC_m0	ASSSGYLFHSDY	7k8r_HL_agNA_m0
7k90_HL_agB_m0	AREGEVEGYNDFWRDRSYGSYYFDY	7k90_HL_agB_m0
7k90_MN_agA_m0	AREGEVEGYNDFWRDRSYGSYYFDY	7k90_HL_agB_m0
7k90_OP_agC_m0	AREGEVEGYNDFWRDRSYGSYYFDY	7k90_HL_agB_m0
7k93_Ee_agA_m0	ARGYLLRTGCFDY	6weq_EF_agA_m0
7k93_Gg_agB_m0	ARGYLLRTGCFDY	6weq_EF_agA_m0
7k93_Ii_agC_m0	ARGYLLRTGCFDY	6weq_EF_agA_m0
7k93_Kk_agD_m0	ARGYLLRTGCFDY	6weq_EF_agA_m0
7k9h_HL_agB _ A_m0	ARKDYYGYRYGMDY	7k9h_HL_agB _ A_m0
7k9h_IM_agC_m0	ARKDYYGYRYGMDY	7k9h_HL_agB _ A_m0
7k9i_HL_agA_m0	ARKDYYGYRYGMDY	7k9h_HL_agB _ A_m0
7k9j_HL_agA_m0	ARWDFYGSRTFDY	7k9j_HL_agA_m0
7k9j_IM_agB_m0	ARWDFYGSRTFDY	7k9j_HL_agA_m0
7k9j_JN_agC_m0	ARWDFYGSRTFDY	7k9j_HL_agA_m0
7k9k_HL_agA_m0	ARWDFYGSRTFDY	7k9j_HL_agA_m0
7k9z_BA_agE_m0	ASDPRDDIAGGY	7k9z_BA_agE_m0
7k9z_HL_agE_m0	ARDRGDTIDY	7k9z_HL_agE_m0
7kba_AB_agNA_m0	ARGPHHSDRSGYYGGTFDI	7kba_AB_agNA_m0
7kba_HL_agNA_m0	ARGPHHSDRSGYYGGTFDI	7kba_AB_agNA_m0
7kbb_AB_agE _ C_m0	ARGPHHSDRSGYYGGTFDI	7kba_AB_agNA_m0
7kbb_HL_agD_m0	AKDWALFRLWRTFDH	5vob_HL_agD _ B_m0
7kbi_CNA_agA _ B_m0	AADLEYSQIMRCSPGSYGV	5j57_BNA_agA_m0
7kbk_CNA_agA _ B_m0	ALNRGYSGTGQKSPYYEYND	7kbk_CNA_agA _ B_m0
7kbm_Aa_agNA_m0	AQSAITVDTSAMDH	6vuo_Aa_agNA_m0
7kbo_Aa_agNA_m0	AQSSAMDH	7kbo_Aa_agNA_m0
7kbp_Aa_agNA_m0	SRWGGDGFYAMDY	3b9v_ANA_ag_m0
7kbp_Bb_agNA_m0	SRWGGDGFYAMDY	3b9v_ANA_ag_m0
7kbp_Cc_agNA_m0	SRWGGDGFYAMDY	3b9v_ANA_ag_m0
7kbp_Dd_agNA_m0	SRWGGDGFYAMDY	3b9v_ANA_ag_m0
7kbt_EF_agA_m0	TRTSYYFGSSYDFDV	4ki5_EF_agM_m0
7kc1_EF_agD _ C_m0	ARAGITIFGTILGGLDY	7kc1_EF_agD _ C_m0
7kc1_HL_agB _ A_m0	ARAGITIFGTILGGLDY	7kc1_EF_agD _ C_m0
7kc1_JK_agI _ G_m0	ARAGITIFGTILGGLDY	7kc1_EF_agD _ C_m0
7kc9_CNA_agB _ A_m0	KGTADGSSLSGYLEV	7kc9_CNA_agB _ A_m0
7kc9_FNA_agE _ D_m0	KGTADGSSLSGYLEV	7kc9_CNA_agB _ A_m0
7kcr_HL_agC _ A _ E_m0	AADGEETPSGSFDY	7kcr_HL_agC _ A _ E_m0
7kd0_CNA_agB _ A_m0	KRPAGRIEDEL	7kd0_CNA_agB _ A_m0
7kd2_CNA_agB _ A_m0	NARDMWDRSHEY	7kd2_CNA_agB _ A_m0
7kd6_CD_agE_m0	ARDPYGSKPMDY	3w11_CD_agE_m0
7kd6_IJ_agK_m0	ARDPYGSKPMDY	3w11_CD_agE_m0
7kd6_OP_agQ_m0	ARDPYGSKPMDY	3w11_CD_agE_m0
7kd6_UV_agW_m0	ARDPYGSKPMDY	3w11_CD_agE_m0
7kdd_DE_agA_m0	ARDGAKTVSNSGHYYLLSLNRLDA	4ot1_HL_agA_m0
7kdd_FG_agB_m0	ARDGAKTVSNSGHYYLLSLNRLDA	4ot1_HL_agA_m0
7kdd_HI_agC_m0	ARDGAKTVSNSGHYYLLSLNRLDA	4ot1_HL_agA_m0
7kde_HL_agG_m0	VRGPNHWEYFNNGSDEYFEF	7kde_HL_agG_m0
7kde_JI_agF_m0	VRGPNHWEYFNNGSDEYFEF	7kde_HL_agG_m0
7kde_MN_agE_m0	VRGPNHWEYFNNGSDEYFEF	7kde_HL_agG_m0
7kde_OP_agG _ B_m0	TTTSTYDRWSGVGDHHLMAFSS	5cjx_AC_agJ _ K_m0
7kde_QR_agC_m0	TTTSTYDRWSGVGDHHLMAFSS	5cjx_AC_agJ _ K_m0
7kde_ST_agA_m0	TTTSTYDRWSGVGDHHLMAFSS	5cjx_AC_agJ _ K_m0
7kdm_CNA_agB _ A_m0	KGTADGSSLSGYLEV	7kc9_CNA_agB _ A_m0
7kdm_FNA_agE _ D_m0	KGTADGSSLSGYLEV	7kc9_CNA_agB _ A_m0
7kdu_CNA_agB _ A_m0	KATGERGQYGYLEV	7kdu_CNA_agB _ A_m0
7ke1_AB_agNA_m0	AKDQISYPAASPLDY	7ke1_AB_agNA_m0
7ke1_CD_agNA_m0	AKDQISYPAASPLDY	7ke1_AB_agNA_m0
7kej_GJ_agA_m0	ARQINEMATFGYYHIETYMDV	7kej_GJ_agA_m0
7kej_HK_agB_m0	ARQINEMATFGYYHIETYMDV	7kej_GJ_agA_m0
7kej_IL_agC_m0	ARQINEMATFGYYHIETYMDV	7kej_GJ_agA_m0
7keo_AB_agD _ C_m0	ARYGFAGQPWTEYAMDY	7keo_AB_agD _ C_m0
7keo_EF_agH _ G_m0	ARYGFAGQPWTEYAMDY	7keo_AB_agD _ C_m0
7ket_AB_agC_m0	AKDQISYPAASPLDY	7ke1_AB_agNA_m0
7kew_GJ_agA_m0	ARDEIIGAPRHWFDS	7kew_GJ_agA_m0
7kew_HK_agB_m0	ARDEIIGAPRHWFDS	7kew_GJ_agA_m0
7kew_IL_agC_m0	ARDEIIGAPRHWFDS	7kew_GJ_agA_m0
7kex_GJ_agA_m0	ARDTASFWGLPFAF	7kex_GJ_agA_m0
7kex_HK_agB_m0	ARDTASFWGLPFAF	7kex_GJ_agA_m0
7kex_IL_agC_m0	ARDTASFWGLPFAF	7kex_GJ_agA_m0
7kez_HL_agV_m0	ARGGAVAGVGTYYFDY	7kez_HL_agV_m0
7kf0_AB_agC_m0	ARGGSFYYYYMDV	7kf0_AB_agC_m0
7kf0_HL_agV_m0	ARGGSFYYYYMDV	7kf0_AB_agC_m0
7kf1_AB_agC_m0	AKLGIGYYYYGMDV	7kf1_AB_agC_m0
7kf1_DE_agF_m0	AKLGIGYYYYGMDV	7kf1_AB_agC_m0
7kf1_GI_agJ_m0	AKLGIGYYYYGMDV	7kf1_AB_agC_m0
7kf1_HL_agV_m0	AKLGIGYYYYGMDV	7kf1_AB_agC_m0
7kf9_GJ_agA_m0	ARVRGGRITLGQYYYMDGSGMDV	7kf9_GJ_agA_m0
7kf9_HK_agB_m0	ARVRGGRITLGQYYYMDGSGMDV	7kf9_GJ_agA_m0
7kf9_IL_agC_m0	ARVRGGRITLGQYYYMDGSGMDV	7kf9_GJ_agA_m0
7kfb_GJ_agA_m0	ATGSGKGPSASFYYYYSEGDFINV	7kfb_GJ_agA_m0
7kfb_HK_agB_m0	ATGSGKGPSASFYYYYSEGDFINV	7kfb_GJ_agA_m0
7kfb_IL_agC_m0	ATGSGKGPSASFYYYYSEGDFINV	7kfb_GJ_agA_m0
7kfe_GI_agB_m0	ARGLRSLSPRGQEGPTPYHYQARRWGPAYYMDV	7kfe_GI_agB_m0
7kfe_HJ_agC_m0	ARGLRSLSPRGQEGPTPYHYQARRWGPAYYMDV	7kfe_GI_agB_m0
7kfg_AB_agNA_m0	ARQINEMATFGYYHIETYMDV	7kej_GJ_agA_m0
7kfh_GJ_agA_m0	ARGPPLRGERSWFYDYKESEGFYMDV	7kfh_GJ_agA_m0
7kfh_HK_agB_m0	ARGPPLRGERSWFYDYKESEGFYMDV	7kfh_GJ_agA_m0
7kfh_IL_agC_m0	ARGPPLRGERSWFYDYKESEGFYMDV	7kfh_GJ_agA_m0
7kfv_CD_agB_m0	ARGDVSGRYYGLDY	7kfv_CD_agB_m0
7kfv_FG_agE_m0	ARGDVSGRYYGLDY	7kfv_CD_agB_m0
7kfv_HL_agA_m0	ARGDVSGRYYGLDY	7kfv_CD_agB_m0
7kfw_CD_agB_m0	ARGDVSGRYYGLDY	7kfv_CD_agB_m0
7kfw_FG_agE_m0	ARGDVSGRYYGLDY	7kfv_CD_agB_m0
7kfw_HL_agA_m0	ARGDVSGRYYGLDY	7kfv_CD_agB_m0
7kfx_HL_agA_m0	ARGDVSGRYYGLDY	7kfv_CD_agB_m0
7kfy_HL_agA_m0	ARGDVSGRYYGLDY	7kfv_CD_agB_m0
7kgj_BNA_agA_m0	NVKDVGHYHEYYDY	7kgj_BNA_agA_m0
7kgk_BNA_agA_m0	IVWVGAQY	7kgk_BNA_agA_m0
7kgu_BA_agNA_m0	SRSYWRYSVDV	6uj9_HL_agA _ C_m0
7kgu_DC_agNA_m0	SRSYWRYSVDV	6uj9_HL_agA _ C_m0
7kgu_FE_agNA_m0	SRSYWRYSVDV	6uj9_HL_agA _ C_m0
7kgu_HL_agNA_m0	SRSYWRYSVDV	6uj9_HL_agA _ C_m0
7kgv_CE_agB_m0	ARNFRGNGAMDY	6c08_AB_agC_m0
7kgv_DF_agA_m0	ARNFRGNGAMDY	6c08_AB_agC_m0
7kh0_NNA_agA _ B_m0	ARCPAPFTRDCSTVDFTTYAY	6oya_NNA_agA _ B_m0
7kh0_Ss_agA_m0	VRSIYYYSGSPFDF	6crk_Hh_agA _ B _ G_m0
7khf_AL_agF_m0	VHASLFNLGNRSVYFRY	7khf_AL_agF_m0
7khf_HB_agI_m0	VHASLFNLGNRSVYFRY	7khf_AL_agF_m0
7ki0_NNA_agA _ B _ G_m0	ARCPAPFTRDCSTVDFTTYAY	6oya_NNA_agA _ B_m0
7ki1_NNA_agA _ B _ G_m0	ARCPAPFTRDCSTVDFTTYAY	6oya_NNA_agA _ B_m0
7ki4_DC_agB_m0	ARDRGYGYGGFAY	7ki4_DC_agB_m0
7ki4_GF_agE_m0	ARDRGYGYGGFAY	7ki4_DC_agB_m0
7ki4_HL_agA_m0	ARDRGYGYGGFAY	7ki4_DC_agB_m0
7ki6_DC_agB_m0	ARFGSSYWAMDY	7ki6_DC_agB_m0
7ki6_GF_agE_m0	ARFGSSYWAMDY	7ki6_DC_agB_m0
7ki6_HL_agA_m0	ARFGSSYWAMDY	7ki6_DC_agB_m0
7kjh_ANA_agC_m0	AARDFGFGNNYDY	7kjh_ANA_agC_m0
7kjh_BNA_agD_m0	AARDFGFGNNYDY	7kjh_ANA_agC_m0
7kji_ANA_agB_m0	HVDRFGTEY	7kji_ANA_agB_m0
7kkh_BA_agB_m0	ARDYDWQYFDY	7kkh_BA_agB_m0
7kkj_ANA_agNA_m0	AADPASPAYGDY	7kkk_BNA_agA_m0
7kkj_CNA_agNA_m0	AADPASPAYGDY	7kkk_BNA_agA_m0
7kkk_BNA_agA_m0	AADPASPAPGDY	7kkk_BNA_agA_m0
7kkk_DNA_agC_m0	AADPASPAPGDY	7kkk_BNA_agA_m0
7kkk_FNA_agE_m0	AADPASPAPGDY	7kkk_BNA_agA_m0
7kkl_BNA_agA_m0	AADPASPAYGDY	7kkk_BNA_agA_m0
7kkl_ENA_agC_m0	AADPASPAYGDY	7kkk_BNA_agA_m0
7kkl_FNA_agD_m0	AADPASPAYGDY	7kkk_BNA_agA_m0
7kkz_HL_agNA_m0	TTPLGGYFDMDY	7kkz_HL_agNA_m0
7klc_DC_agA_m0	AGVYEGEADEGNNDYEGFLKH	1gc1_HL_agG_m0
7klc_HL_agA_m0	TTPLGGYFDMDY	7kkz_HL_agNA_m0
7klg_HL_agA_m0	ARSYYYGGFGMDY	7klg_HL_agA_m0
7klg_IM_agB_m0	ARSYYYGGFGMDY	7klg_HL_agA_m0
7klh_HL_agA_m0	ARSYYYGGFGMDY	7klg_HL_agA_m0
7klh_IM_agB_m0	ARSYYYGGFGMDY	7klg_HL_agA_m0
7klw_BNA_agA_m0	NVKDVGHYHEYYDY	7kgj_BNA_agA_m0
7klw_CNA_agA_m0	AAAAWGYAWQHLPDDYWY	7klw_CNA_agA_m0
7km5_CNA_agB_m0	MAGELDH	7km5_CNA_agB_m0
7km5_DNA_agA_m0	MAGSKSGHELDH	7km5_DNA_agA_m0
7km6_HL_agNA_m0	ARGGEGYYFDY	7km6_HL_agNA_m0
7km6_hl_agNA_m0	ARGGEGYYFDY	7km6_HL_agNA_m0
7kmd_AE_agT_m0	AKGLLRDGTSSWLPYL	4toy_HL_ag_m0
7kmd_HL_agG_m0	ATARRGQRIYGVVYYFFEGFSYYMDV	4r26_HL_ag_m0
7kmg_AB_agC_m0	ARGYYEARHYYYYYAMDV	7kmg_AB_agC_m0
7kmg_DE_agF_m0	ARGYYEARHYYYYYAMDV	7kmg_AB_agC_m0
7kmh_AB_agC_m0	ARSPYGGNS	7kmh_AB_agC_m0
7kmi_AB_agC_m0	AREVAGTYDY	7kmi_AB_agC_m0
7kmk_HL_agA_m0	ARSYYYGGFGMDY	7klg_HL_agA_m0
7kmk_IM_agB_m0	ARSYYYGGFGMDY	7klg_HL_agA_m0
7kml_HL_agA_m0	ARSYYYGGFGMDY	7klg_HL_agA_m0
7kml_IM_agB_m0	ARSYYYGGFGMDY	7klg_HL_agA_m0
7kml_JN_agC_m0	ARSYYYGGFGMDY	7klg_HL_agA_m0
7kn3_HL_agA_m0	AREYYYGMDV	7kn3_HL_agA_m0
7kn3_MN_agB_m0	AREYYYGMDV	7kn3_HL_agA_m0
7kn4_HL_agA_m0	ATPGAIMGALHI	7kn4_HL_agA_m0
7kn4_MN_agB_m0	ATPGAIMGALHI	7kn4_HL_agA_m0
7kn5_CNA_agA_m0	ALTVGTYYSGNSCTYHYDDMDY	7b14_DNA_agA_m0
7kn5_DNA_agB_m0	ALTVGTYYSGNSCTYHYDDMDY	7b14_DNA_agA_m0
7kn5_ENA_agA_m0	AAQSGSYYWCWDSGHEYEY	7kn7_BNA_agA_m0
7kn5_FNA_agB_m0	AAQSGSYYWCWDSGHEYEY	7kn7_BNA_agA_m0
7kn6_CNA_agA_m0	ATEGSLGGGWRDFGS	7b17_BNA_agA_m0
7kn6_HL_agA_m0	ARDFGDFYFDY	7d0c_GF_agC_m0
7kn7_BNA_agA_m0	AAQSGSYYWCWDSGHEYDY	7kn7_BNA_agA_m0
7kn7_HL_agA_m0	ARDFGDFYFDY	7d0c_GF_agC_m0
7kpb_HL_agA _ C_m0	TTEAYGYSNNWFGY	7kpb_HL_agA _ C_m0
7kpg_HL_agS_m0	ARETWNHLFDY	7kpg_HL_agS_m0
7kpj_AB_agE_m0	ARRGFYFDY	7kpj_AB_agE_m0
7kpj_CD_agF_m0	ARRGFYFDY	7kpj_AB_agE_m0
7kq7_HL_agB_m0	ATWQTTGPTGWFAY	7kq7_HL_agB_m0
7kqb_HL_agA_m0	ARLITMVRGEDY	7kqb_HL_agA_m0
7kqb_KJ_agC_m0	ARLITMVRGEDY	7kqb_HL_agA_m0
7kqe_HL_agA_m0	ARRWWLRGAFDI	7kqe_HL_agA_m0
7kqe_IN_agB_m0	ARRWWLRGAFDI	7kqe_HL_agA_m0
7kqe_JM_agC_m0	ARRWWLRGAFDI	7kqe_HL_agA_m0
7kqg_BC_agA_m0	AKDRVDTTSWHFYYDKSMDV	7kqg_BC_agA_m0
7kqh_CD_agA_m0	AKDLRASSSMYYYYDSGMDV	7kqh_CD_agA_m0
7kqh_HL_agB_m0	AKDLRASSSMYYYYDSGMDV	7kqh_CD_agA_m0
7kqi_AC_agB_m0	AKDFRSSSSMYYFYDYGMGV	7kqi_AC_agB_m0
7kqk_AB_agC_m0	AKPALDSDQCAEPFGGCIDA	4glr_HI_agA_m0
7kqk_HL_agP_m0	AKPALDSDQCAEPFGGCIDA	4glr_HI_agA_m0
7kql_HL_agT_m0	ATGGPYGDAYHWFEP	7kql_HL_agT_m0
7kqy_ANA_agNA_m0	AGTGTRFVY	7kqy_ANA_agNA_m0
7kqy_BNA_agNA_m0	AGTGTRFVY	7kqy_ANA_agNA_m0
7kqy_CNA_agNA_m0	AGTGTRFVY	7kqy_ANA_agNA_m0
7kqy_DNA_agNA_m0	AGTFVY	7kqy_DNA_agNA_m0
7kqy_ENA_agNA_m0	AGTGTRFVY	7kqy_ANA_agNA_m0
7kqy_FNA_agNA_m0	AGTGTRFVY	7kqy_ANA_agNA_m0
7kr5_HL_agB _ A_m0	VRQKYGNYFDY	7kr5_HL_agB _ A_m0
7kr5_MN_agD _ C_m0	VRQKYGNYFDY	7kr5_HL_agB _ A_m0
7kr5_OP_agF _ E_m0	VRQKYGNYFDY	7kr5_HL_agB _ A_m0
7kra_IJ_agA_m0	ARGLAGRGYSGYGSYLR	7kra_IJ_agA_m0
7ks9_HL_agB_m0	ARIYGDYA	7ks9_HL_agB_m0
7ksg_DNA_agA_m0	ALTVGTYYSGNSCTYHYDDMDY	7b14_DNA_agA_m0
7ksg_ENA_agB_m0	ALTVGTYYSGNSCTYHYDDMDY	7b14_DNA_agA_m0
7ksg_FNA_agC_m0	ALTVGTYYSGNSCTYHYDDMDY	7b14_DNA_agA_m0
7ktx_IJ_agA_m0	ARGLAGRGYSGYGSYLR	7kra_IJ_agA_m0
7kx4_BC_agNA_m0	VKDPKAWLEPEW	7kx4_BC_agNA_m0
7kx4_DA_agNA_m0	VKDPKAWLEPEW	7kx4_BC_agNA_m0
7kxj_HL_agA_m0	ARSYYYGGFGMDY	7klg_HL_agA_m0
7kxj_IM_agB_m0	ARSYYYGGFGMDY	7klg_HL_agA_m0
7kxj_JN_agC_m0	ARSYYYGGFGMDY	7klg_HL_agA_m0
7kxk_HL_agA_m0	ARSYYYGGFGMDY	7klg_HL_agA_m0
7kxk_IM_agB_m0	ARSYYYGGFGMDY	7klg_HL_agA_m0
7kxk_JN_agC_m0	ARSYYYGGFGMDY	7klg_HL_agA_m0
7kyl_HL_agE_m0	AREEGYGNPYPYWYFDV	7kyl_HL_agE_m0
7kyl_XY_agZ_m0	AREEGYGNPYPYWYFDV	7kyl_HL_agE_m0
7kyo_HL_agB_m0	ARGPMALLYYRGFDY	7kyo_HL_agB_m0
7kza_HL_agNA_m0	AGGSGISTPMDV	9cps_HL_agA_m0
7kzb_AB_agC_m0	AGGSGISTPMDV	9cps_HL_agA_m0
7kzb_HL_agC_m0	ARGISPFYFDY	7kzb_HL_agC_m0
7kzc_CD_agNA_m0	MDVWGQGTTVTVS	7kzc_CD_agNA_m0
7kzc_HL_agNA_m0	ARDTGMDV	7kzc_HL_agNA_m0
7kzx_DC_agB_m0	ARQSYSGLSPRYSWHRGAMDY	7kzx_DC_agB_m0
7kzx_FE_agA_m0	ARQSYSGLSPRYSWHRGAMDY	7kzx_DC_agB_m0
7kzz_DC_agA_m0	ARQSYSGLSPRYSWHRGAMDY	7kzx_DC_agB_m0
7kzz_FE_agB_m0	ARQSYSGLSPRYSWHRGAMDY	7kzx_DC_agB_m0
7l02_HL_agT_m0	ARKGSDRLNDSDPFDA	2oqj_BA_agC_m0
7l02_MK_agA_m0	ARKGSDRLNDSDPFDA	2oqj_BA_agC_m0
7l06_DF_agW_m0	ARKGSDRLNDSDPFDA	2oqj_BA_agC_m0
7l06_GE_agB_m0	ARKGSDRLNDSDPFDA	2oqj_BA_agC_m0
7l06_HL_agU_m0	ARKGSDRLNDSDPFDA	2oqj_BA_agC_m0
7l06_MK_agA_m0	ARKGSDRLNDSDPFDA	2oqj_BA_agC_m0
7l09_HL_agT_m0	ARKGSDRLNDSDPFDA	2oqj_BA_agC_m0
7l09_MK_agA_m0	ARKGSDRLNDSDPFDA	2oqj_BA_agC_m0
7l0l_GJ_agE _ C_m0	ARHSGYHINTTFFDY	7l0l_GJ_agE _ C_m0
7l0l_HL_agB _ A_m0	ARHSGYHINTTFFDY	7l0l_GJ_agE _ C_m0
7l0l_IK_agF _ D_m0	ARHSGYHINTTFFDY	7l0l_GJ_agE _ C_m0
7l0n_AB_agR_m0	ARDYTRGAWFILSEGGGFDN	6wps_CD_agB_m0
7l0n_CD_agS_m0	ARDYTRGAWFILSEGGGFDN	6wps_CD_agB_m0
7l0n_HL_agR_m0	ARGDSSGYYYYFDY	7jw0_DC_agB_m0
7l0n_MN_agS_m0	ARGDSSGYYYYFDY	7jw0_DC_agB_m0
7l1u_Hh_agA _ B_m0	VRSIYYYSGSPFDF	6crk_Hh_agA _ B _ G_m0
7l1v_Hh_agA _ B_m0	VRSIYYYSGSPFDF	6crk_Hh_agA _ B _ G_m0
7l1v_SNA_agR_m0	EVYVGYFY	7l1v_SNA_agR_m0
7l2c_CD_agB_m0	ATGWAYKTSWYFGY	7l2c_CD_agB_m0
7l2c_HL_agA_m0	ATGWAYKTSWYFGY	7l2c_CD_agB_m0
7l2d_HL_agA_m0	ATGIAVIGPPPYYYTSYGMDV	7l2d_HL_agA_m0
7l2e_GJ_agB_m0	AKDSGYNYYGSWFDP	7l2e_GJ_agB_m0
7l2e_HL_agA_m0	AKDSGYNYYGSWFDP	7l2e_GJ_agB_m0
7l2e_IK_agC_m0	AKDSGYNYYGSWFDP	7l2e_GJ_agB_m0
7l2f_GJ_agC_m0	ARDPRDYYDFWYYDYGSYGLDV	7l2f_GJ_agC_m0
7l2f_HL_agA_m0	ARDPRDYYDFWYYDYGSYGLDV	7l2f_GJ_agC_m0
7l2f_IK_agB_m0	ARDPRDYYDFWYYDYGSYGLDV	7l2f_GJ_agC_m0
7l3n_DE_agB _ C_m0	ARGYYEARHYYYYYAMDV	7kmg_AB_agC_m0
7l56_FG_agC_m0	ARGLGVGCSGGYDLYCNYYMDV	7l56_FG_agC_m0
7l56_HL_agA_m0	ARGLGVGCSGGYDLYCNYYMDV	7l56_FG_agC_m0
7l56_JK_agB_m0	ARGLGVGCSGGYDLYCNYYMDV	7l56_FG_agC_m0
7l57_HL_agB_m0	ARGGSRCSGGNYAWGYCDAFDI	7l57_HL_agB_m0
7l58_HL_agB_m0	ARVPYCSSTSDRHCWYFDL	7l58_HL_agB_m0
7l5b_HL_agA_m0	ARGGSRCSGGNYAWGYCDAFDI	7l57_HL_agB_m0
7l5j_WL_agB_m0	ARLLRYFYALDY	4ncc_21_ag_m0
7l5j_YX_agA_m0	ARLLRYFYALDY	4ncc_21_ag_m0
7l6m_hg_agNA_m0	TRLEPDFLSGWAH	7l6m_hg_agNA_m0
7l6m_ij_agNA_m0	TRLEPDFLSGWAH	7l6m_hg_agNA_m0
7l6v_BNA_agA_m0	SALNLEDMEY	7l6v_BNA_agA_m0
7l6v_CNA_agA_m0	NGMRLYTRVSGRHPES	7l6v_CNA_agA_m0
7l6v_DNA_agA_m0	KLEHDLGYYDY	7l6v_DNA_agA_m0
7l6v_ENA_agA_m0	ATGYRTDRTIPGGS	3v0a_CNA_agA_m0
7l6v_FNA_agA_m0	ARAFLACGPVGWGATEYDY	7l6v_FNA_agA_m0
7l77_HL_agNA_m0	ARGKRYSASYSNYFGV	7l77_HL_agNA_m0
7l79_AB_agNA_m0	GRVVDGFNAAGPLEF	7l79_AB_agNA_m0
7l79_HL_agNA_m0	GRVVDGFNAAGPLEF	7l79_AB_agNA_m0
7l7d_HL_agE_m0	AAPYCSSINCSDGFDI	7l7d_HL_agE_m0
7l7e_AB_agG_m0	AAPYCSSINCSDGFDI	7l7d_HL_agE_m0
7l7e_CD_agb_m0	TTAGSYYYDTVEPLGPGGKFDY	8ekd_EF_agG_m0
7l7e_EF_agG_m0	TTAGSYYYDTVEPLGPGGKFDY	8ekd_EF_agG_m0
7l7e_HL_agS_m0	AAPYCSSINCSDGFDI	7l7d_HL_agE_m0
7l7e_IJ_agK_m0	AAPYCSSINCSDGFDI	7l7d_HL_agE_m0
7l7e_MN_agS_m0	TTAGSYYYDTVEPLGPGGKFDY	8ekd_EF_agG_m0
7l7e_OP_agK_m0	TTAGSYYYDTVEPLGPGGKFDY	8ekd_EF_agG_m0
7l7e_TU_agb_m0	AAPYCSSINCSDGFDI	7l7d_HL_agE_m0
7l7r_BA_agG_m0	VKDPKAWLEPEW	7kx4_BC_agNA_m0
7l7r_DC_agG_m0	ARDRMDYSSGGVFDY	7l7r_DC_agG_m0
7l8p_EF_agC_m0	VRPLYDYYAMDY	2vc2_HL_agA_m0
7l8p_HL_agA_m0	VRPLYDYYAMDY	2vc2_HL_agA_m0
7la4_HL_agA_m0	TRSYYGRFDY	7la4_HL_agA_m0
7laa_HL_agA_m0	ARARRADNSGYYGFHFDC	7laa_HL_agA_m0
7lab_HL_agC_m0	ATSSGPSRLCGYCSGGHSFDY	7lab_HL_agC_m0
7lab_TS_agA_m0	ATSSGPSRLCGYCSGGHSFDY	7lab_HL_agC_m0
7lab_YX_agB_m0	ATSSGPSRLCGYCSGGHSFDY	7lab_HL_agC_m0
7lbe_FE_agA_m0	GRAFRILGDSLVFVND	7lbe_FE_agA_m0
7lbe_HG_agA_m0	ARDRSYYAFSSGYYDSLSYGLDV	7lbe_HG_agA_m0
7lbf_FE_agA_m0	GRAFRILGDSLVFVND	7lbe_FE_agA_m0
7lbf_HG_agA_m0	ARDRSYYAFSSGYYDSLSYGLDV	7lbe_HG_agA_m0
7lbg_FE_agA_m0	GRAFRILGDSLVFVND	7lbe_FE_agA_m0
7lbg_HG_agA_m0	ARDRSYYAFSSGYYDSLSYGLDV	7lbe_HG_agA_m0
7lcn_BD_agA_m0	ATGSPFGVTVDWFDP	7lcn_BD_agA_m0
7lcn_HL_agC_m0	ATGSPFGVTVDWFDP	7lcn_BD_agA_m0
7lcn_MS_agK_m0	ATGSPFGVTVDWFDP	7lcn_BD_agA_m0
7lcv_AB_agC_m0	AKTSGSYYHYYEIDV	7lcv_AB_agC_m0
7ld1_HL_agB_m0	ARDVRVDDSWSGGGSLLDYTYFDY	7ld1_HL_agB_m0
7ld1_MN_agC_m0	ARDVRVDDSWSGGGSLLDYTYFDY	7ld1_HL_agB_m0
7ld1_PO_agA_m0	ARDVRVDDSWSGGGSLLDYTYFDY	7ld1_HL_agB_m0
7ldd_Ii_agC_m0	ARPRGNYVVMDY	6njl_Ii_agC_m0
7ldd_KJ_agD_m0	AREDYDYDWHFDV	6njl_KJ_agD_m0
7ldd_Ll_agA_m0	ARPRGNYVVMDY	6njl_Ii_agC_m0
7ldd_NM_agB_m0	AREDYDYDWHFDV	6njl_KJ_agD_m0
7lde_Ii_agC_m0	ARPRGNYVVMDY	6njl_Ii_agC_m0
7lde_KJ_agD_m0	AREDYDYDWHFDV	6njl_KJ_agD_m0
7lde_Ll_agA_m0	ARPRGNYVVMDY	6njl_Ii_agC_m0
7lde_NM_agB_m0	AREDYDYDWHFDV	6njl_KJ_agD_m0
7ldj_ENA_agB_m0	AAIAATYYSGSYHPCQFYDGMDY	7ldj_ENA_agB_m0
7ldj_FNA_agA_m0	AAIAATYYSGSYHPCQFYDGMDY	7ldj_ENA_agB_m0
7ldj_GNA_agC_m0	AAIAATYYSGSYHPCQFYDGMDY	7ldj_ENA_agB_m0
7ldj_HNA_agD_m0	AAIAATYYSGSYHPCQFYDGMDY	7ldj_ENA_agB_m0
7lex_DE_agB_m0	AREGAYGYRHYPSNWFDP	7lf1_DE_agB_m0
7lex_FH_agC_m0	AREGAYGYRHYPSNWFDP	7lf1_DE_agB_m0
7lex_GI_agA_m0	AREGAYGYRHYPSNWFDP	7lf1_DE_agB_m0
7lex_KL_agM_m0	AREGAYGYRHYPSNWFDP	7lf1_DE_agB_m0
7lex_QO_agN_m0	AREGAYGYRHYPSNWFDP	7lf1_DE_agB_m0
7lex_RP_agJ_m0	AREGAYGYRHYPSNWFDP	7lf1_DE_agB_m0
7ley_DE_agA_m0	ARDRRRGSSGYDAFDI	7ley_DE_agA_m0
7ley_GF_agB_m0	ARDRRRGSSGYDAFDI	7ley_DE_agA_m0
7ley_HI_agC_m0	ARDRRRGSSGYDAFDI	7ley_DE_agA_m0
7lez_DE_agB_m0	AREGAYGYRHYPSNWFDP	7lf1_DE_agB_m0
7lez_GI_agA _ C_m0	AREGAYGYRHYPSNWFDP	7lf1_DE_agB_m0
7lez_QO_agM _ J_m0	AREGAYGYRHYPSNWFDP	7lf1_DE_agB_m0
7lez_RP_agN_m0	AREGAYGYRHYPSNWFDP	7lf1_DE_agB_m0
7lf0_DE_agB_m0	AREGAYGYRHYPSNWFDP	7lf1_DE_agB_m0
7lf0_FH_agC_m0	AREGAYGYRHYPSNWFDP	7lf1_DE_agB_m0
7lf0_GI_agA_m0	AREGAYGYRHYPSNWFDP	7lf1_DE_agB_m0
7lf0_KL_agN_m0	AREGAYGYRHYPSNWFDP	7lf1_DE_agB_m0
7lf0_QO_agJ_m0	AREGAYGYRHYPSNWFDP	7lf1_DE_agB_m0
7lf0_RP_agM_m0	AREGAYGYRHYPSNWFDP	7lf1_DE_agB_m0
7lf1_DE_agB_m0	AREGAYGYRQYPSNWFDP	7lf1_DE_agB_m0
7lf1_FH_agC_m0	AREGAYGYRQYPSNWFDP	7lf1_DE_agB_m0
7lf1_GI_agA_m0	AREGAYGYRQYPSNWFDP	7lf1_DE_agB_m0
7lf1_KL_agM_m0	AREGAYGYRQYPSNWFDP	7lf1_DE_agB_m0
7lf1_OQ_agN_m0	AREGAYGYRQYPSNWFDP	7lf1_DE_agB_m0
7lf1_PR_agJ_m0	AREGAYGYRQYPSNWFDP	7lf1_DE_agB_m0
7lf2_DE_agA_m0	VYDLYYFDY	7lf2_DE_agA_m0
7lf2_FH_agB_m0	VYDLYYFDY	7lf2_DE_agA_m0
7lf2_GI_agC_m0	VYDLYYFDY	7lf2_DE_agA_m0
7lf2_KL_agJ_m0	VYDLYYFDY	7lf2_DE_agA_m0
7lf2_OM_agR_m0	VYDLYYFDY	7lf2_DE_agA_m0
7lf2_PN_agQ_m0	VYDLYYFDY	7lf2_DE_agA_m0
7lf7_AB_agM_m0	ARQIDDYVYDALDY	7lf7_AB_agM_m0
7lf7_HL_agK_m0	ARQIDDYVYDALDY	7lf7_AB_agM_m0
7lf8_HL_agA_m0	ARQIDDYVYDALDY	7lf7_AB_agM_m0
7lfa_BD_agA_m0	ARENLYGYYFDY	7lfa_BD_agA_m0
7lfa_HL_agC_m0	ARENLYGYYFDY	7lfa_BD_agA_m0
7lfb_HL_agX_m0	ARLIYDGYDISSDF	7lfb_HL_agX_m0
7lfd_HL_agA_m0	ARLIYDGYDISSDF	7lfb_HL_agX_m0
7lg6_CD_agA _ I_m0	AFFWSTYYKRFDV	6vkn_GJ_agC _ F_m0
7lg6_HL_agA_m0	GRVVDGFNAAGPLEF	7l79_AB_agNA_m0
7lg6_JM_agE _ B_m0	AFFWSTYYKRFDV	6vkn_GJ_agC _ F_m0
7lg6_KN_agF _ G_m0	AFFWSTYYKRFDV	6vkn_GJ_agC _ F_m0
7lg6_OQ_agE_m0	GRVVDGFNAAGPLEF	7l79_AB_agNA_m0
7lg6_PR_agF_m0	GRVVDGFNAAGPLEF	7l79_AB_agNA_m0
7li6_BC_agA_m0	ARSAYGSGEFAMDY	6d9g_AB_ag_m0
7li7_BC_agA_m0	ARSAYGSGEFAMDY	6d9g_AB_ag_m0
7li8_BC_agA_m0	ARSAYGSGEFAMDY	6d9g_AB_ag_m0
7li9_BC_agA_m0	ARSAYGSGEFAMDY	6d9g_AB_ag_m0
7lia_BC_agA_m0	ARSAYGSGEFAMDY	6d9g_AB_ag_m0
7lj4_ED_agA_m0	TRGNYVFDY	4i9w_ED_agA_m0
7lj4_GF_agB_m0	TRGNYVFDY	4i9w_ED_agA_m0
7lj5_ED_agA_m0	TRGNYVFDY	4i9w_ED_agA_m0
7lj5_GF_agB_m0	TRGNYVFDY	4i9w_ED_agA_m0
7lja_ED_agA_m0	TRGNYVFDY	4i9w_ED_agA_m0
7lja_GF_agB_m0	TRGNYVFDY	4i9w_ED_agA_m0
7ljb_ED_agA_m0	TRGNYVFDY	4i9w_ED_agA_m0
7ljb_GF_agB_m0	TRGNYVFDY	4i9w_ED_agA_m0
7ljc_NNA_agA _ B _ G_m0	ARCPAPFTRDCSTVDFTTYAY	6oya_NNA_agA _ B_m0
7ljd_NNA_agA _ B _ G_m0	ARCPAPFTRDCSTVDFTTYAY	6oya_NNA_agA _ B_m0
7ljr_ST_agA_m0	ARADYYYDGSSYFFDY	7ljr_ST_agA_m0
7lk4_BA_agR_m0	ARHTGKSSFFDY	7lk4_BA_agR_m0
7lk4_DC_agS_m0	ARHTGKSSFFDY	7lk4_BA_agR_m0
7lk4_FE_agP_m0	ARHTGKSSFFDY	7lk4_BA_agR_m0
7lk4_HG_agQ_m0	ARHTGKSSFFDY	7lk4_BA_agR_m0
7lk9_AB_agNA_m0	ARDLGTGLFDY	7lk9_AB_agNA_m0
7lk9_CD_agNA_m0	ARDLGTGLFDY	7lk9_AB_agNA_m0
7lk9_HL_agNA_m0	ARDLGTGLFDY	7lk9_AB_agNA_m0
7lk9_MN_agNA_m0	ARDLGTGLFDY	7lk9_AB_agNA_m0
7lka_AB_agNA_m0	ARDLGTGLFDY	7lk9_AB_agNA_m0
7lka_CD_agNA_m0	ARDLGTGLFDY	7lk9_AB_agNA_m0
7lka_EF_agNA_m0	ARDLGTGLFDY	7lk9_AB_agNA_m0
7lka_HL_agNA_m0	ARDLGTGLFDY	7lk9_AB_agNA_m0
7lkb_BC_agD_m0	ALLTVITDPDTFDI	7lkg_AB_agC_m0
7lkb_HL_agA_m0	ALLTVITDPDTFDI	7lkg_AB_agC_m0
7lkf_HL_agA_m0	TRYNDYDAFYFDY	7lkf_HL_agA_m0
7lkg_AB_agC_m0	ALLTVITDPDAFDI	7lkg_AB_agC_m0
7lkg_DE_agF_m0	ALLTVITDPDAFDI	7lkg_AB_agC_m0
7lkh_HL_agA_m0	TRYNDYDAFYFDY	7lkf_HL_agA_m0
7lki_AB_agC_m0	TLQYGTSS	7lki_AB_agC_m0
7lki_DE_agF_m0	TLQYGTSS	7lki_AB_agC_m0
7ll1_EF_agC_m0	GRVVDGFNAAGPLEF	7l79_AB_agNA_m0
7ll1_HL_agA_m0	GRVVDGFNAAGPLEF	7l79_AB_agNA_m0
7ll1_JK_agG_m0	GRVVDGFNAAGPLEF	7l79_AB_agNA_m0
7ll2_HL_agA_m0	ARGKRYSASYSNYFGV	7l77_HL_agNA_m0
7ll2_IJ_agC_m0	ARGKRYSASYSNYFGV	7l77_HL_agNA_m0
7ll2_KM_agE_m0	ARGKRYSASYSNYFGV	7l77_HL_agNA_m0
7llk_CD_agA_m0	ARVHAWRYFDWVNVKEVPSRRLSIDL	7llk_CD_agA_m0
7llk_GH_agE_m0	ARVHAWRYFDWVNVKEVPSRRLSIDL	7llk_CD_agA_m0
7llk_KL_agI_m0	ARVHAWRYFDWVNVKEVPSRRLSIDL	7llk_CD_agA_m0
7lll_NNA_agA _ B_m0	ARCPAPFTRDCSTVDFTTYAY	6oya_NNA_agA _ B_m0
7lly_NNA_agA _ B_m0	ARCPAPFTRDCSTVDFTTYAY	6oya_NNA_agA _ B_m0
7lm8_HL_agA_m0	ARPPRNYYDRSARQYYGEYFQH	7jmw_HL_agA_m0
7lm8_MN_agA_m0	ARIRGVYSWGSIGGDY	7lm8_MN_agA_m0
7lm9_HL_agA_m0	ARIRGVYSWGSIGGDY	7lm8_MN_agA_m0
7lo6_HG_agE_m0	AGVYEGEADEGNNDYEGFLKH	1gc1_HL_agG_m0
7lo6_JI_agC_m0	AGVYEGEADEGNNDYEGFLKH	1gc1_HL_agG_m0
7lo6_LK_agA_m0	AGVYEGEADEGNNDYEGFLKH	1gc1_HL_agG_m0
7lo7_HL_agZ_m0	ARWETGYYPYWYFGYMRWALDY	7lo7_HL_agZ_m0
7lo8_HL_agZ_m0	ARYSRYYYYAWWYGGVRGGLDY	7lo8_HL_agZ_m0
7lok_KJ_agA_m0	AGVYEGEADEGNNDYEGFLKH	1gc1_HL_agG_m0
7lok_ML_agC_m0	AGVYEGEADEGNNDYEGFLKH	1gc1_HL_agG_m0
7lop_BC_agA_m0	AGGSGISTPMDV	9cps_HL_agA_m0
7lop_HL_agA_m0	AREVMVRGAPPLYGMDV	7lop_HL_agA_m0
7lop_WV_agZ_m0	AGGSGISTPMDV	9cps_HL_agA_m0
7lop_XY_agZ_m0	AREVMVRGAPPLYGMDV	7lop_HL_agA_m0
7lpn_DNA_agC_m0	ARSKSTYISSNYNGYDY	7lpn_DNA_agC_m0
7lpn_HNA_agG_m0	ARSKSTYISSNYNGYDY	7lpn_DNA_agC_m0
7lpn_INA_agF_m0	ARSKSTYISSNYNGYDY	7lpn_DNA_agC_m0
7lq7_CD_agB_m0	ARDGDSGSYTEYLGFDY	7lq7_CD_agB_m0
7lq7_FG_agE_m0	ARDGDSGSYTEYLGFDY	7lq7_CD_agB_m0
7lq7_HL_agA_m0	ARDGDSGSYTEYLGFDY	7lq7_CD_agB_m0
7lq7_PQ_agA_m0	ARPPRNYYDRSARQYYGEYFQH	7jmw_HL_agA_m0
7lq7_TU_agB_m0	ARPPRNYYDRSARQYYGEYFQH	7jmw_HL_agA_m0
7lq7_yz_agE_m0	ARPPRNYYDRSARQYYGEYFQH	7jmw_HL_agA_m0
7lqv_HL_agA_m0	ASLQTVDTAYKEIYGMDV	7lqv_HL_agA_m0
7lqv_WX_agB_m0	ASLQTVDTAYKEIYGMDV	7lqv_HL_agA_m0
7lqv_YZ_agC_m0	ASLQTVDTAYKEIYGMDV	7lqv_HL_agA_m0
7lqw_HL_agC_m0	ARGVGYRGVLPINWFDP	7lqw_HL_agC_m0
7lr3_AB_agC_m0	SREAYFAMDY	7lr3_AB_agC_m0
7lr3_HL_agD_m0	SREAYFAMDY	7lr3_AB_agC_m0
7lr4_AB_agC_m0	ASPIHYGHNVPFDY	7lr4_AB_agC_m0
7lr4_HL_agD_m0	ASPIHYGHNVPFDY	7lr4_AB_agC_m0
7lrs_DE_agC_m0	AAPNCSNVYCVDGFDI	7lrs_DE_agC_m0
7lrt_DE_agC_m0	AAPNCSNVYCVDGFDI	7lrs_DE_agC_m0
7lrt_FG_agB_m0	AAPNCSNVYCVDGFDI	7lrs_DE_agC_m0
7lrt_HL_agA_m0	AAPNCSNVYCVDGFDI	7lrs_DE_agC_m0
7ls9_DF_agB_m0	ARVHRWAYCINGFCVGAYSDY	7ls9_DF_agB_m0
7ls9_EG_agC_m0	ARVHRWAYCINGFCVGAYSDY	7ls9_DF_agB_m0
7ls9_HL_agA_m0	ARVHRWAYCINGFCVGAYSDY	7ls9_DF_agB_m0
7lsb_BD_agNA_m0	ARGNYFDY	7lsb_BD_agNA_m0
7lse_HL_agE_m0	AKSPTAIDPPFDY	7lse_HL_agE_m0
7lsf_HL_agE_m0	AKSPTAIDPPFDY	7lse_HL_agE_m0
7lsg_HL_agC_m0	AKSPTAIDPPFDY	7lse_HL_agE_m0
7lsi_AC_agNA_m0	ARGNYFDY	7lsb_BD_agNA_m0
7lsi_BD_agNA_m0	ARGNYFDY	7lsb_BD_agNA_m0
7lss_HL_agB_m0	AHHKIERIFDY	7wth_HL_agE_m0
7lu9_hg_age_m0	GRINNGGGKWDHIDF	7lu9_hg_age_m0
7lu9_ij_agB_m0	GRINNGGGKWDHIDF	7lu9_hg_age_m0
7lu9_lk_agf_m0	GRINNGGGKWDHIDF	7lu9_hg_age_m0
7lu9_mn_agI_m0	GRINNGGGKWDHIDF	7lu9_hg_age_m0
7lu9_po_agP_m0	GRINNGGGKWDHIDF	7lu9_hg_age_m0
7lu9_qr_agd_m0	GRINNGGGKWDHIDF	7lu9_hg_age_m0
7lua_hg_agM_m0	TRLEPDFLSGWAH	7l6m_hg_agNA_m0
7lua_ij_agN_m0	TRLEPDFLSGWAH	7l6m_hg_agNA_m0
7luc_DE_agC_m0	ARDPPAVAAAMFDF	7luc_DE_agC_m0
7luc_FG_agA_m0	ARDPPAVAAAMFDF	7luc_DE_agC_m0
7luc_HI_agB_m0	ARDPPAVAAAMFDF	7luc_DE_agC_m0
7luc_JK_agA_m0	ARQVGGVVVAEYYYPPPYGMDA	7luc_JK_agA_m0
7luc_LM_agB_m0	ARQVGGVVVAEYYYPPPYGMDA	7luc_JK_agA_m0
7luc_NO_agC_m0	ARQVGGVVVAEYYYPPPYGMDA	7luc_JK_agA_m0
7lud_AB_agNA_m0	ARDVPADVGHFMDV	7lud_AB_agNA_m0
7lud_HL_agNA_m0	ARDVPADVGHFMDV	7lud_AB_agNA_m0
7lue_HL_agA_m0	ARDVPADVGHFMDV	7lud_AB_agNA_m0
7lue_IM_agB_m0	ARDVPADVGHFMDV	7lud_AB_agNA_m0
7lue_JN_agC_m0	ARDVPADVGHFMDV	7lud_AB_agNA_m0
7lvu_ANA_agNA_m0	AAKRGGAVAATEWYDY	7lvu_ANA_agNA_m0
7lvu_BNA_agNA_m0	AAKRGGAVAATEWYDY	7lvu_ANA_agNA_m0
7lvu_CNA_agNA_m0	AAKRGGAVAATEWYDY	7lvu_ANA_agNA_m0
7lvu_DNA_agNA_m0	AAKRGGAVAATEWYDY	7lvu_ANA_agNA_m0
7lvw_GNA_agA_m0	AAKRGGAVAATEWYDY	7lvu_ANA_agNA_m0
7lvw_HNA_agE_m0	AAKRGGAVAATEWYDY	7lvu_ANA_agNA_m0
7lvw_INA_agD_m0	AAKRGGAVAATEWYDY	7lvu_ANA_agNA_m0
7lvw_JNA_agB_m0	AAKRGGAVAATEWYDY	7lvu_ANA_agNA_m0
7lvw_KNA_agF_m0	AAKRGGAVAATEWYDY	7lvu_ANA_agNA_m0
7lvw_LNA_agC_m0	AAKRGGAVAATEWYDY	7lvu_ANA_agNA_m0
7lwd_HL_agA_m0	ARSAYGSGEFAMDY	6d9g_AB_ag_m0
7lx2_HL_agA_m0	ATTKHGRRIYGVVYTFWEKFAFYMDV	3jcb_CB_agA_m0
7lx2_NM_agB_m0	ATTKHGRRIYGVVYTFWEKFAFYMDV	3jcb_CB_agA_m0
7lx2_PO_agC_m0	ATTKHGRRIYGVVYTFWEKFAFYMDV	3jcb_CB_agA_m0
7lx3_HL_agA_m0	ATTKHGRRIYGVVYTFWEKFAFYMDV	3jcb_CB_agA_m0
7lx3_NM_agB_m0	ATTKHGRRIYGVVYTFWEKFAFYMDV	3jcb_CB_agA_m0
7lx3_PO_agC_m0	ATTKHGRRIYGVVYTFWEKFAFYMDV	3jcb_CB_agA_m0
7lx5_ANA_agB_m0	AKDRMDGSTEPWRDFGS	7lx5_ANA_agB_m0
7lx5_CNA_agB_m0	AAIAATYYSGSYHPCQFYDGMDY	7ldj_ENA_agB_m0
7lxm_HL_agA_m0	ATTKHGRRIYGVVYTFWEKFAFYMDV	3jcb_CB_agA_m0
7lxm_NM_agC_m0	ATTKHGRRIYGVVYTFWEKFAFYMDV	3jcb_CB_agA_m0
7lxm_PO_agE_m0	ATTKHGRRIYGVVYTFWEKFAFYMDV	3jcb_CB_agA_m0
7lxn_HL_agA_m0	ATTKHGRRIYGVVYTFWEKFAFYMDV	3jcb_CB_agA_m0
7lxn_IM_agC_m0	ATTKHGRRIYGVVYTFWEKFAFYMDV	3jcb_CB_agA_m0
7lxn_JN_agE_m0	ATTKHGRRIYGVVYTFWEKFAFYMDV	3jcb_CB_agA_m0
7lxw_HL_agA_m0	ARAFPDSSSGSWFTIDY	7lxw_HL_agA_m0
7lxx_HL_agA_m0	ARDGNAYKWLNEALVRFDY	7lxx_HL_agA_m0
7lxy_ED_agA_m0	ARAAPFYDFYGSWSYFDY	7k43_CD_agB_m0
7lxy_FC_agB_m0	ARAAPFYDFYGSWSYFDY	7k43_CD_agB_m0
7lxy_GI_agB_m0	ARAFPDSSSGSWFTIDY	7lxw_HL_agA_m0
7lxy_HL_agA_m0	ARAFPDSSSGSWFTIDY	7lxw_HL_agA_m0
7lxy_MK_agJ_m0	ARAAPFYDFYGSWSYFDY	7k43_CD_agB_m0
7lxy_NO_agJ_m0	ARAFPDSSSGSWFTIDY	7lxw_HL_agA_m0
7lxz_ED_agA_m0	ARAAPFYDFYGSWSYFDY	7k43_CD_agB_m0
7lxz_FC_agB_m0	ARAAPFYDFYGSWSYFDY	7k43_CD_agB_m0
7lxz_GI_agB_m0	ARDGNAYKWLNEALVRFDY	7lxx_HL_agA_m0
7lxz_HJ_agA_m0	ARDGNAYKWLNEALVRFDY	7lxx_HL_agA_m0
7lxz_ML_agK_m0	ARAAPFYDFYGSWSYFDY	7k43_CD_agB_m0
7lxz_NO_agK_m0	ARDGNAYKWLNEALVRFDY	7lxx_HL_agA_m0
7ly0_HL_agA_m0	ARAVAGEWYFDY	7ly0_HL_agA_m0
7ly2_ED_agA_m0	ARAAPFYDFYGSWSYFDY	7k43_CD_agB_m0
7ly2_FC_agB_m0	ARAAPFYDFYGSWSYFDY	7k43_CD_agB_m0
7ly2_GI_agB_m0	ARAVAGEWYFDY	7ly0_HL_agA_m0
7ly2_HL_agA_m0	ARAVAGEWYFDY	7ly0_HL_agA_m0
7ly2_MK_agJ_m0	ARAAPFYDFYGSWSYFDY	7k43_CD_agB_m0
7ly2_NO_agJ_m0	ARAVAGEWYFDY	7ly0_HL_agA_m0
7ly3_DC_agA_m0	ARAVAGEWYFDY	7ly0_HL_agA_m0
7ly3_FE_agB_m0	ARAVAGEWYFDY	7ly0_HL_agA_m0
7ly9_AM_agK_m0	ARQRSDYWDFDV	4jpv_HL_agG_m0
7ly9_BC_agG_m0	ARQRSDYWDFDV	4jpv_HL_agG_m0
7ly9_EI_agD_m0	ARQRSDYWDFDV	4jpv_HL_agG_m0
7ly9_HL_agD_m0	AKDKGDSDDNLFYSYGYYMDG	3q6f_BA_ag_m0
7lyv_AB_agNA_m0	ARRIRGYSGTYD	7lyv_AB_agNA_m0
7lyv_CD_agNA_m0	ARRIRGYSGTYD	7lyv_AB_agNA_m0
7lyv_EF_agNA_m0	ARRIRGYSGTYD	7lyv_AB_agNA_m0
7lyv_HL_agNA_m0	ARRIRGYSGTYD	7lyv_AB_agNA_m0
7lyw_AB_agNA_m0	ARDESTGDYYYYMDV	7lyw_AB_agNA_m0
7lyw_CD_agNA_m0	ARDESTGDYYYYMDV	7lyw_AB_agNA_m0
7lyw_HL_agNA_m0	ARDESTGDYYYYMDV	7lyw_AB_agNA_m0
7lz6_CD_agA_m0	ARDFYDFWNHSFERTFDF	7lz6_CD_agA_m0
7lz6_EF_agB_m0	ARDFYDFWNHSFERTFDF	7lz6_CD_agA_m0
7lzp_BNA_agA_m0	AADFSIAYSGTYEAYAPPYDYDY	7lzp_BNA_agA_m0
7lzp_CNA_agA_m0	KLEHDLGYYDY	7l6v_DNA_agA_m0
7lzp_ENA_agD_m0	AADFSIAYSGTYEAYAPPYDYDY	7lzp_BNA_agA_m0
7lzp_FNA_agD_m0	KLEHDLGYYDY	7l6v_DNA_agA_m0
7lzp_GNA_agA_m0	NSGPY	7lzp_GNA_agA_m0
7lzp_HNA_agD_m0	NSGPY	7lzp_GNA_agA_m0
7m1c_HL_agNA_m0	ARDMGMDV	7m1c_HL_agNA_m0
7m1h_BNA_agA_m0	ARAFLACGPVGWGATEYDY	7l6v_FNA_agA_m0
7m1h_CNA_agA_m0	ATGYRTDRTIPGGS	3v0a_CNA_agA_m0
7m1h_DNA_agA_m0	NADWKMGAWDGATYGIDY	6ui1_CNA_agA_m0
7m1h_ENA_agA_m0	YANLQKSSEDLGPYY	7m1h_ENA_agA_m0
7m1h_FNA_agA_m0	NAGKLRRTWGTGLDDY	7m1h_FNA_agA_m0
7m1h_GNA_agA_m0	NADIATMTVAGGFDY	7m1h_GNA_agA_m0
7m2h_AB_agC_m0	ARERGDGYFAV	1k4c_AB_agC_m0
7m2h_DE_agF_m0	ARERGDGYFAV	1k4c_AB_agC_m0
7m2i_AB_agC_m0	ARERGDGYFAV	1k4c_AB_agC_m0
7m2j_AB_agC_m0	ARERGDGYFAV	1k4c_AB_agC_m0
7m30_FG_agC _ E_m0	ARDESTGDYYYYMDV	7lyw_AB_agNA_m0
7m30_HL_agB_m0	ARDMGMDV	7m1c_HL_agNA_m0
7m30_MN_agC_m0	ARRIRGYSGTYD	7lyv_AB_agNA_m0
7m3i_AB_agC_m0	ASSQRPDGLNYYFDY	7m3i_AB_agC_m0
7m3i_HL_agR_m0	ASSQRPDGLNYYFDY	7m3i_AB_agC_m0
7m3n_HL_agA_m0	ARRGSHGSYSFAY	7m3n_HL_agA_m0
7m42_BA_agE_m0	ARGSRYDWNQNNWFDP	7m42_BA_agE_m0
7m42_DC_agE_m0	AKDGERWDSVVRASPVNGMDV	7m42_DC_agE_m0
7m51_HL_agA_m0	ARQLGRGNGLDY	7m51_HL_agA_m0
7m52_HL_agA_m0	ARQLGRGNGLDY	7m51_HL_agA_m0
7m53_HL_agA_m0	ARQLGRGNGLDY	7m51_HL_agA_m0
7m55_HL_agA_m0	ARQLGRGNGLDY	7m51_HL_agA_m0
7m6d_AB_agC_m0	AGGSGISTPMDV	9cps_HL_agA_m0
7m6d_HL_agC_m0	ARDLEVVGAMDV	7m6d_HL_agC_m0
7m6e_DC_agE_m0	ARTQWGYNYFHSGFYMDV	7m6e_DC_agE_m0
7m6e_FG_agB_m0	ARTQWGYNYFHSGFYMDV	7m6e_DC_agE_m0
7m6e_HL_agA_m0	ARTQWGYNYFHSGFYMDV	7m6e_DC_agE_m0
7m6f_CD_agE_m0	ASSRPPLLDDWFDP	7m6f_CD_agE_m0
7m6f_HL_agA_m0	ASSRPPLLDDWFDP	7m6f_CD_agE_m0
7m6g_HL_agC_m0	AIPYSSVTFDC	7m6g_HL_agC_m0
7m6g_RS_agB_m0	AIPYSSVTFDC	7m6g_HL_agC_m0
7m6h_DF_agB _ C_m0	ARGGRYCSSTGSYCTVGMDV	7m6h_DF_agB _ C_m0
7m6h_EG_agA_m0	ARGGRYCSSTGSYCTVGMDV	7m6h_DF_agB _ C_m0
7m6i_HL_agC _ B_m0	ARGPYYYDGGSYYLDY	7m6i_HL_agC _ B_m0
7m6i_MN_agA_m0	ARGPYYYDGGSYYLDY	7m6i_HL_agC _ B_m0
7m71_HL_agA _ B_m0	ARLITMVRGEDY	7kqb_HL_agA_m0
7m74_HL_agA_m0	ARYYPYFISYMKSYEAMDY	7jhg_HL_agA_m0
7m74_NNA_agNA_m0	AIDSDTFSYGSYDY	6ww2_KNA_agNA_m0
7m7b_HL_agA_m0	ARRWWLRGAFDI	7kqe_HL_agA_m0
7m7e_CD_agA _ B_m0	TRGGTLFDY	6c9u_HL_agA_m0
7m7f_CD_agA_m0	TRGGTLFDY	6c9u_HL_agA_m0
7m7f_EF_agB_m0	TRGGTLFDY	6c9u_HL_agA_m0
7m7g_CD_agB_m0	TRGGTLFDY	6c9u_HL_agA_m0
7m7g_EF_agA_m0	TRGGTLFDY	6c9u_HL_agA_m0
7m7h_CD_agA_m0	TRGGTLFDY	6c9u_HL_agA_m0
7m7h_EF_agB_m0	TRGGTLFDY	6c9u_HL_agA_m0
7m7i_CD_agA_m0	TRGGTLFDY	6c9u_HL_agA_m0
7m7i_EF_agB_m0	TRGGTLFDY	6c9u_HL_agA_m0
7m7j_CD_agA_m0	TRGGTLFDY	6c9u_HL_agA_m0
7m7j_EF_agB_m0	TRGGTLFDY	6c9u_HL_agA_m0
7m7w_AB_agS_m0	ARGFNGNYYGDDGWDAFDI	7m7w_AB_agS_m0
7m7w_CD_agS_m0	ARQWSHYTYDYYY	7m7w_CD_agS_m0
7m7w_EF_agR_m0	ARQWSHYTYDYYY	7m7w_CD_agS_m0
7m7w_HL_agR_m0	ARGFNGNYYGDDGWDAFDI	7m7w_AB_agS_m0
7m8j_HL_agA_m0	ATGPAVRGRSWFDP	7m8j_HL_agA_m0
7m8l_GJ_agA_m0	ATGSGKGPSASFYYYYSEGDFINV	7kfb_GJ_agA_m0
7m8l_HK_agB_m0	ATGSGKGPSASFYYYYSEGDFINV	7kfb_GJ_agA_m0
7m8l_IL_agC_m0	ATGSGKGPSASFYYYYSEGDFINV	7kfb_GJ_agA_m0
7m8l_MP_agD_m0	ARESSWVESLGRDN	7m8l_MP_agD_m0
7m8l_NQ_agE_m0	ARESSWVESLGRDN	7m8l_MP_agD_m0
7m8l_OR_agF_m0	ARESSWVESLGRDN	7m8l_MP_agD_m0
7mbx_NNA_agA _ B _ G_m0	ARCPAPFTRDCSTVDFTTYAY	6oya_NNA_agA _ B_m0
7mdj_AB_agC_m0	ARERGDGYFDY	7mdj_AB_agC_m0
7mdp_HI_agA_m0	ARGSSSWYLDGPFDY	7mdp_HI_agA_m0
7mdt_HL_agA_m0	TRTLGDYYLD	7mdt_HL_agA_m0
7mdu_EF_agA _ B_m0	ATGGMSSALKSSQYYFDF	6nf5_GI_agD_m0
7mdu_HL_agA_m0	ARQQSNFDF	7mdu_HL_agA_m0
7mdw_ANA_agR_m0	AARDIETAEYTY	7mdw_ANA_agR_m0
7mdw_BNA_agR_m0	AVRRDSSWGYLDRSFEYDY	7mdw_BNA_agR_m0
7me7_ANA_agR_m0	HAVGQEASYAAPRAY	7me7_ANA_agR_m0
7me7_BNA_agR_m0	AVRRDSSWGYLDRSFEYDY	7mdw_BNA_agR_m0
7mej_ANA_agR_m0	AARDIETAEYTY	7mdw_ANA_agR_m0
7mej_BNA_agR_m0	AAETYSIYDKEDSWGY	7mej_BNA_agR_m0
7mem_GJ_agC_m0	AKSDSSGFYQGRREF	7mem_GJ_agC_m0
7mem_HL_agE_m0	AKSDSSGFYQGRREF	7mem_GJ_agC_m0
7mem_IK_agF_m0	AKSDSSGFYQGRREF	7mem_GJ_agC_m0
7mep_HL_agA_m0	ARARGGYEDDDGTYHYGYGLDS	7mep_HL_agA_m0
7mep_IG_agE_m0	AFFWSTYYKRFDV	6vkn_GJ_agC _ F_m0
7mep_MJ_agC _ F_m0	AFFWSTYYKRFDV	6vkn_GJ_agC _ F_m0
7mep_NK_agD _ B_m0	AFFWSTYYKRFDV	6vkn_GJ_agC _ F_m0
7mf1_HL_agA_m0	AREGRRYGSGTSIYWGYFDY	7mf1_HL_agA_m0
7mf7_AB_agNA_m0	ARTGKYYDFWSEGAPYGEYFQD	7mfa_CD_agNA_m0
7mf7_CD_agNA_m0	ARTGKYYDFWSEGAPYGEYFQD	7mfa_CD_agNA_m0
7mf7_EF_agNA_m0	ARTGKYYDFWSEGAPYGEYFQD	7mfa_CD_agNA_m0
7mf7_HL_agNA_m0	ARTGKYYDFWSEGAPYGEYFQD	7mfa_CD_agNA_m0
7mf8_HL_agNA_m0	ARTGKYYDFWSEGPAYGEYFQD	7mfa_CD_agNA_m0
7mf9_CD_agNA_m0	ARTGKYYDFWSEGPAYGEYFQD	7mfa_CD_agNA_m0
7mf9_GI_agNA_m0	ARTGKYYDFWSEGPAYGEYFQD	7mfa_CD_agNA_m0
7mf9_HL_agNA_m0	ARTGKYYDFWSEGPAYGEYFQD	7mfa_CD_agNA_m0
7mf9_MN_agNA_m0	ARTGKYYDFWSEGPAYGEYFQD	7mfa_CD_agNA_m0
7mf9_QR_agNA_m0	ARTGKYYDFWSEGPAYGEYFQD	7mfa_CD_agNA_m0
7mfa_CD_agNA_m0	ARTGKYYDFWSEGAAYGEYFQD	7mfa_CD_agNA_m0
7mfa_GI_agNA_m0	ARTGKYYDFWSEGAAYGEYFQD	7mfa_CD_agNA_m0
7mfa_HL_agNA_m0	ARTGKYYDFWSEGAAYGEYFQD	7mfa_CD_agNA_m0
7mfa_MN_agNA_m0	ARTGKYYDFWSEGAAYGEYFQD	7mfa_CD_agNA_m0
7mfa_QR_agNA_m0	ARTGKYYDFWSEGAAYGEYFQD	7mfa_CD_agNA_m0
7mfa_UV_agNA_m0	ARTGKYYDFWSEGAAYGEYFQD	7mfa_CD_agNA_m0
7mfb_HL_agNA_m0	ARTGKYYDFWSEGPPYGEYFQD	7mfa_CD_agNA_m0
7mfg_EF_agD _ C_m0	ARGGSYYVDYFHH	7mfg_EF_agD _ C_m0
7mfg_HL_agB _ A_m0	ARGGSYYVDYFHH	7mfg_EF_agD _ C_m0
7mfg_JK_agI _ G_m0	ARGGSYYVDYFHH	7mfg_EF_agD _ C_m0
7mfr_BA_agP_m0	TGDDSGDVNI	7mfr_BA_agP_m0
7mfr_YX_agQ_m0	TGDDSGDVNI	7mfr_BA_agP_m0
7mfu_BNA_agA_m0	YVYVGSSY	7mfu_BNA_agA_m0
7mfu_CNA_agA_m0	AAAAWGYAWQHLPDDYWY	7klw_CNA_agA_m0
7mfu_ENA_agD_m0	YVYVGSSY	7mfu_BNA_agA_m0
7mfu_FNA_agD_m0	AAAAWGYAWQHLPDDYWY	7klw_CNA_agA_m0
7mfv_BNA_agNA_m0	IVWVGAQY	7kgk_BNA_agA_m0
7mgw_BC_agA_m0	ARSAYGSGEFAMDY	6d9g_AB_ag_m0
7mhr_AB_agC_m0	ARERGDGYFAV	1k4c_AB_agC_m0
7mhx_AB_agC_m0	ARERGDGYFAV	1k4c_AB_agC_m0
7mhy_MN_agA_m0	AGSRITGTWFAY	7mhy_MN_agA_m0
7mhy_OP_agA_m0	ARVWNYDYYFDY	7mhy_OP_agA_m0
7mhz_OP_agA_m0	ARVWNYDYYFDY	7mhy_OP_agA_m0
7mjh_DNA_agA_m0	ARDNLGYRPLNESYGMDV	7mjh_DNA_agA_m0
7mjh_ENA_agB_m0	ARDNLGYRPLNESYGMDV	7mjh_DNA_agA_m0
7mjh_FNA_agC_m0	ARDNLGYRPLNESYGMDV	7mjh_DNA_agA_m0
7mji_ENA_agB_m0	ARDNLGYRPLNESYGMDV	7mjh_DNA_agA_m0
7mjj_DE_agA_m0	ARGYGDYYFDY	7mjj_DE_agA_m0
7mjj_FG_agB_m0	ARGYGDYYFDY	7mjj_DE_agA_m0
7mjk_DE_agA_m0	ARGYGDYYFDY	7mjj_DE_agA_m0
7mjk_FG_agB_m0	ARGYGDYYFDY	7mjj_DE_agA_m0
7mjk_HI_agC_m0	ARGYGDYYFDY	7mjj_DE_agA_m0
7mjl_HL_agA_m0	ARGYGDYYFDY	7mjj_DE_agA_m0
7mjs_HL_agX_m0	ARSLEYLYSSGAWKYQYTGLDY	7mjs_HL_agX_m0
7mjt_AB_agC_m0	ARERGDGYFDY	7mdj_AB_agC_m0
7mk6_AB_agC_m0	ARERGDGYFDY	7mdj_AB_agC_m0
7mkl_HL_agA_m0	ARDGRGYDDY	7mkl_HL_agA_m0
7mkm_HL_agA_m0	ARDGRGYDDY	7mkl_HL_agA_m0
7mlh_CA_agF_m0	ATFRLTGSYGSGSY	7mlh_CA_agF_m0
7mlh_ED_agB_m0	ATFRLTGSYGSGSY	7mlh_CA_agF_m0
7mlu_FK_agE_m0	AMGVRGNYFDY	7mlu_FK_agE_m0
7mlu_GJ_agB_m0	AMGVRGNYFDY	7mlu_FK_agE_m0
7mlu_HI_agC_m0	AMGVRGNYFDY	7mlu_FK_agE_m0
7mlu_LM_agA_m0	AMGVRGNYFDY	7mlu_FK_agE_m0
7mlu_NO_agD_m0	AMGVRGNYFDY	7mlu_FK_agE_m0
7mlv_FNA_agD_m0	AMGVRGNYFDY	7mlu_FK_agE_m0
7mlv_GJ_agB_m0	AMGVRGNYFDY	7mlu_FK_agE_m0
7mlv_HI_agC_m0	AMGVRGNYFDY	7mlu_FK_agE_m0
7mlv_LM_agA_m0	AMGVRGNYFDY	7mlu_FK_agE_m0
7mlx_HL_agR_m0	ARQGYRRRGSRGFDY	3ivk_AB_agC_m0
7mly_FK_agD _ E_m0	AMGVRGNYFDY	7mlu_FK_agE_m0
7mly_GJ_agB_m0	AMGVRGNYFDY	7mlu_FK_agE_m0
7mly_HI_agC_m0	AMGVRGNYFDY	7mlu_FK_agE_m0
7mly_LM_agA_m0	AMGVRGNYFDY	7mlu_FK_agE_m0
7mlz_HL_agA_m0	AAPYCSGGFCSDGFDI	7mlz_HL_agA_m0
7mm0_HL_agA_m0	AAPYCSGGFCSDGFDI	7mlz_HL_agA_m0
7mmn_DE_agB_m0	ARDRIVDDYYYYGMDV	4zyk_AB_ag_m0
7mmn_HL_agI_m0	ARDRIVDDYYYYGMDV	4zyk_AB_ag_m0
7mmn_MG_agK_m0	ARDRIVDDYYYYGMDV	4zyk_AB_ag_m0
7mmo_AB_agC_m0	AHHSISTIFDH	7mmo_AB_agC_m0
7mmo_DE_agF_m0	AHHSISTIFDH	7mmo_AB_agC_m0
7mn8_DC_agB_m0	SRWGGDGFYAMDY	3b9v_ANA_ag_m0
7mnl_HL_agA_m0	ARSPWRWSGVSYYFGGDKALDY	7mnl_HL_agA_m0
7mnl_KM_agB_m0	ARSPWRWSGVSYYFGGDKALDY	7mnl_HL_agA_m0
7mnm_HL_agA_m0	ARSPWRWSGVSYYFGGDKALDY	7mnl_HL_agA_m0
7mnm_KM_agB_m0	ARSPWRWSGVSYYFGGDKALDY	7mnl_HL_agA_m0
7mnn_HL_agA_m0	ARSPWRWSGVSYYFGGDKALDY	7mnl_HL_agA_m0
7mnn_KM_agB_m0	ARSPWRWSGVSYYFGGDKALDY	7mnl_HL_agA_m0
7mno_HL_agA_m0	ARSPWRWSGVSYYFGGDKALDY	7mnl_HL_agA_m0
7mno_KM_agB_m0	ARSPWRWSGVSYYFGGDKALDY	7mnl_HL_agA_m0
7mrz_XY_agC_m0	ARDSLRYGMDV	7mrz_XY_agC_m0
7msq_DE_agB_m0	VREMRRGYSGYLDWYDYAFDI	7msq_DE_agB_m0
7msq_HL_agA_m0	VREMRRGYSGYLDWYDYAFDI	7msq_DE_agB_m0
7mta_HL_agG_m0	ARYEGWWWTNAYALDY	7mta_HL_agG_m0
7mta_HL_agG_m1	ARYEGWWWTNAYALDY	7mta_HL_agG_m0
7mta_HL_agG_m2	ARYEGWWWTNAYALDY	7mta_HL_agG_m0
7mta_HL_agG_m3	ARYEGWWWTNAYALDY	7mta_HL_agG_m0
7mta_HL_agG_m4	ARYEGWWWTNAYALDY	7mta_HL_agG_m0
7mta_HL_agG_m5	ARYEGWWWTNAYALDY	7mta_HL_agG_m0
7mtb_HL_agG_m0	ARHEYGWWRDNWGLDY	7mtb_HL_agG_m0
7mtb_HL_agG_m1	ARHEYGWWRDNWGLDY	7mtb_HL_agG_m0
7mtb_HL_agG_m2	ARHEYGWWRDNWGLDY	7mtb_HL_agG_m0
7mtb_HL_agG_m3	ARHEYGWWRDNWGLDY	7mtb_HL_agG_m0
7mtb_HL_agG_m4	ARHEYGWWRDNWGLDY	7mtb_HL_agG_m0
7mtb_HL_agG_m5	ARHEYGWWRDNWGLDY	7mtb_HL_agG_m0
7mu4_HL_agNA_m0	ARTRCTSNGWYYFDS	7mu4_HL_agNA_m0
7mub_AB_agC_m0	ARERGDGYFDY	7mdj_AB_agC_m0
7mw2_DE_agA_m0	AREGHRVGPAY	7mw2_DE_agA_m0
7mw2_FG_agB_m0	AREGHRVGPAY	7mw2_DE_agA_m0
7mw2_HL_agC_m0	AREGHRVGPAY	7mw2_DE_agA_m0
7mw3_DE_agA_m0	AREGHRVGPAY	7mw2_DE_agA_m0
7mw3_FG_agB_m0	AREGHRVGPAY	7mw2_DE_agA_m0
7mw3_HL_agC_m0	AREGHRVGPAY	7mw2_DE_agA_m0
7mw4_DE_agA_m0	AREGHRVGPAY	7mw2_DE_agA_m0
7mw4_FG_agB_m0	AREGHRVGPAY	7mw2_DE_agA_m0
7mw4_HL_agC_m0	AREGHRVGPAY	7mw2_DE_agA_m0
7mw5_DE_agA_m0	ARSRGDY	7mw5_DE_agA_m0
7mw5_FG_agB_m0	ARSRGDY	7mw5_DE_agA_m0
7mw5_HL_agC_m0	ARSRGDY	7mw5_DE_agA_m0
7mw6_DE_agA_m0	ARSRGDY	7mw5_DE_agA_m0
7mw6_FG_agB_m0	ARSRGDY	7mw5_DE_agA_m0
7mw6_HL_agC_m0	ARSRGDY	7mw5_DE_agA_m0
7mww_HL_agE_m0	ATSDYSYALDS	4web_HL_agE_m0
7mwx_AB_agC_m0	ATSDYSYALDS	4web_HL_agE_m0
7mwx_EF_agG_m0	ATSDYSYALDS	4web_HL_agE_m0
7mx8_HL_agNA_m0	AFAYLWGSRYRRADY	7mx8_HL_agNA_m0
7mxd_CD_agA_m0	ARQRSDYWDFDV	4jpv_HL_agG_m0
7mxd_JK_agF_m0	ARQRSDYWDFDV	4jpv_HL_agG_m0
7mxd_SU_agG_m0	ARQRSDYWDFDV	4jpv_HL_agG_m0
7mxd_XY_agF_m0	AGETPEDDFQYYGPYFKT	7n28_XY_agF_m0
7mxe_AB_agJ _ F_m0	TTTSTYDRWSGVGDHHLMAFSS	5cjx_AC_agJ _ K_m0
7mxe_HL_agG _ D_m0	TTTSTYDRWSGVGDHHLMAFSS	5cjx_AC_agJ _ K_m0
7mxe_MO_agC _ P_m0	TTTSTYDRWSGVGDHHLMAFSS	5cjx_AC_agJ _ K_m0
7mxe_RW_agJ_m0	ARSYVRAETLMFYPGGLSANRFDV	7mxe_RW_agJ_m0
7mxl_AB_agC_m0	AGSYYYGVDV	7mxl_AB_agC_m0
7mxl_HL_agC_m0	AREAIGSTSFDN	7mxl_HL_agC_m0
7mxl_JK_agC_m0	AREHGSSWGFFDY	7mxl_JK_agC_m0
7mxp_GJ_agB_m0	ARADYGDFFFDY	7mxp_GJ_agB_m0
7mxp_HL_agC_m0	ARADYGDFFFDY	7mxp_GJ_agB_m0
7mxp_IK_agA_m0	ARADYGDFFFDY	7mxp_GJ_agB_m0
7my2_ANA_agB_m0	AADRGMGGYDFMDY	7my2_ANA_agB_m0
7my2_DNA_agC_m0	AADRGMGGYDFMDY	7my2_ANA_agB_m0
7my2_HNA_agE_m0	AADRGMGGYDFMDY	7my2_ANA_agB_m0
7my3_DNA_agB_m0	KTAFPYFGSNCVLDY	7my3_DNA_agB_m0
7my3_ENA_agA_m0	KTAFPYFGSNCVLDY	7my3_DNA_agB_m0
7my3_HNA_agC_m0	KTAFPYFGSNCVLDY	7my3_DNA_agB_m0
7myt_AB_agNA_m0	ARAPRIRWGSQKLRYTNFDS	7myt_AB_agNA_m0
7myt_HL_agNA_m0	ARAPRIRWGSQKLRYTNFDS	7myt_AB_agNA_m0
7myz_HL_agC_m0	ARSLAGNAMDY	5tzu_HL_agC_m0
7myz_IM_agD_m0	ARSLAGNAMDY	5tzu_HL_agC_m0
7mzf_HL_agA_m0	ARDRGDYLFDY	7mzf_HL_agA_m0
7mzg_HL_agA_m0	ARDAVYYGMDV	7mzg_HL_agA_m0
7mzh_BC_agA_m0	ARSYYDY	7mzh_BC_agA_m0
7mzh_HL_agE_m0	ARSYYDY	7mzh_BC_agA_m0
7mzi_HL_agA_m0	AKVGWGAFDI	7mzi_HL_agA_m0
7mzj_CD_agB_m0	AKVGWGAFDI	7mzi_HL_agA_m0
7mzj_FE_agA_m0	AKVGWGAFDI	7mzi_HL_agA_m0
7mzj_HL_agA_m0	TTDLCRSTSHECDAFDI	7mzj_HL_agA_m0
7mzj_NM_agB_m0	TTDLCRSTSHECDAFDI	7mzj_HL_agA_m0
7mzk_CD_agB_m0	AKVGWGAFDI	7mzi_HL_agA_m0
7mzk_FE_agA_m0	AKVGWGAFDI	7mzi_HL_agA_m0
7mzk_HL_agA_m0	AKDRVTIFGWNGMDV	7mzk_HL_agA_m0
7mzk_NM_agB_m0	AKDRVTIFGWNGMDV	7mzk_HL_agA_m0
7mzl_HL_agA_m0	VGGVVLDVNVWFDP	7mzl_HL_agA_m0
7mzm_HL_agA_m0	ARSPPTSDWYDNNYAPSYYMDV	7mzm_HL_agA_m0
7mzn_HL_agA_m0	ARVGGYCSNASCVSDV	7mzn_HL_agA_m0
7n04_HL_agNA_m0	ARDDGYYDRYYGSGVFDL	5drz_BA_agQ_m0
7n05_HL_agE_m0	ARDDGYYDRYYGSGVFDL	5drz_BA_agQ_m0
7n07_HL_agNA_m0	VKGRDYYDSGTFYGVAFDI	1dfb_HL_ag_m0
7n08_AB_agE_m0	VKGRDYYDSGTFYGVAFDI	1dfb_HL_ag_m0
7n08_CD_agG_m0	VKGRDYYDSGTFYGVAFDI	1dfb_HL_ag_m0
7n08_HL_agF_m0	VKGRDYYDSGTFYGVAFDI	1dfb_HL_ag_m0
7n0a_BA_agC_m0	TCWEWDLDF	7n0a_BA_agC_m0
7n0g_XNA_agA_m0	NVKDVGHYHEYYDY	7kgj_BNA_agA_m0
7n0g_YNA_agB_m0	NVKDVGHYHEYYDY	7kgj_BNA_agA_m0
7n0g_ZNA_agC_m0	NVKDVGHYHEYYDY	7kgj_BNA_agA_m0
7n0h_XNA_agA_m0	NVKDVGHYHEYYDY	7kgj_BNA_agA_m0
7n0h_ZNA_agC_m0	NVKDVGHYHEYYDY	7kgj_BNA_agA_m0
7n0i_INA_agA _ B_m0	ATNTRWTYFSPVTPDRYDY	7n0i_INA_agA _ B_m0
7n0i_JNA_agC _ D_m0	ATNTRWTYFSPVTPDRYDY	7n0i_INA_agA _ B_m0
7n0i_KNA_agE _ F_m0	ATNTRWTYFSPVTPDRYDY	7n0i_INA_agA _ B_m0
7n0i_LNA_agG _ H_m0	ATNTRWTYFSPVTPDRYDY	7n0i_INA_agA _ B_m0
7n0r_CNA_agA_m0	AKYQAAVQHEKEDY	7n0r_CNA_agA_m0
7n0r_DNA_agB_m0	AKYQAAVQHEKEDY	7n0r_CNA_agA_m0
7n0u_HL_agC_m0	AGSYYYGVDV	7mxl_AB_agC_m0
7n0v_HL_agC_m0	AREHGSSWGFFDY	7mxl_JK_agC_m0
7n0x_HL_agG_m0	AREGGAPGSWALDY	7n0x_HL_agG_m0
7n28_CD_agA_m0	ARQRSDYWDFDV	4jpv_HL_agG_m0
7n28_JK_agF_m0	ARQRSDYWDFDV	4jpv_HL_agG_m0
7n28_SU_agG_m0	ARQRSDYWDFDV	4jpv_HL_agG_m0
7n28_XY_agF_m0	AGETPEDDFQYYGPYFKS	7n28_XY_agF_m0
7n3c_HL_agC_m0	ARLSVRVWFGHPLEYGMDV	7n3c_HL_agC_m0
7n3d_HL_agC_m0	ARHSRIEVTGALDFDY	7n3d_HL_agC_m0
7n3e_HL_agNA_m0	ARGVAVDWYFDL	9bj4_DE_agB_m0
7n3f_HL_agNA_m0	ARGVAVDWYFDL	9bj4_DE_agB_m0
7n3g_HL_agNA_m0	ARDLYSSGGTDI	7n3g_HL_agNA_m0
7n3h_HL_agNA_m0	ARDLYSSGGTDI	7n3g_HL_agNA_m0
7n3i_HL_agC_m0	ARDLYSSGGTDI	7n3g_HL_agNA_m0
7n4i_HL_agC_m0	ARLLYYSSDSPLDS	7n4i_HL_agC_m0
7n4j_HL_agA_m0	ARERPPFDVVVVYPRAAPNWFDP	7n4j_HL_agA_m0
7n4l_HL_agA_m0	AKDSPYYPGYFQD	7n4l_HL_agA_m0
7n4m_HL_agA_m0	ANLAWLRGYFDY	7n4m_HL_agA_m0
7n4n_DNA_agA_m0	TSAGR	3zkq_DNA_agA_m0
7n5h_EF_agB_m0	AREVYYYDRSSAYYGDGFDI	7n5h_EF_agB_m0
7n5h_HL_agA_m0	AREVYYYDRSSAYYGDGFDI	7n5h_EF_agB_m0
7n5h_JK_agC_m0	AREVYYYDRSSAYYGDGFDI	7n5h_EF_agB_m0
7n62_HL_agA_m0	AKDQDDGYYYYYYMDV	7n62_HL_agA_m0
7n64_HL_agB _ A_m0	AKGRPLDRGRSWGQQIEDYDDFDI	7n64_HL_agB _ A_m0
7n65_CD_agA_m0	AREAYHLVYDDGRPIRNWFDP	7n65_CD_agA_m0
7n65_GH_agE_m0	AREAYHLVYDDGRPIRNWFDP	7n65_CD_agA_m0
7n65_KL_agI_m0	AREAYHLVYDDGRPIRNWFDP	7n65_CD_agA_m0
7n6p_AB_agNA_m0	AILGTFNWKGGSNYFGP	7n6p_AB_agNA_m0
7n6p_HL_agNA_m0	AILGTFNWKGGSNYFGP	7n6p_AB_agNA_m0
7n8h_CB_agA_m0	ANLKDSRYGSSYYDY	7n8h_CB_agA_m0
7n8h_ED_agA_m0	ARAAPFYDFYGSWSYFDY	7k43_CD_agB_m0
7n8h_HG_agF_m0	ARAAPFYDFYGSWSYFDY	7k43_CD_agB_m0
7n8h_JI_agF_m0	ANLKDSRYGSSYYDY	7n8h_CB_agA_m0
7n8h_ML_agK_m0	ARAAPFYDFYGSWSYFDY	7k43_CD_agB_m0
7n8h_ON_agK_m0	ANLKDSRYGSSYYDY	7n8h_CB_agA_m0
7n8i_HL_agA_m0	ANLKDSRYGSSYYDY	7n8h_CB_agA_m0
7n8q_CD_agA_m0	ATYRIIAAYGVRYFQY	6mfj_AB_ag_m0
7n8q_HL_agG_m0	ATYRIIAAYGVRYFQY	6mfj_AB_ag_m0
7n9a_ANA_agE_m0	AARDIETAEYTY	7mdw_ANA_agR_m0
7n9b_DNA_agA_m0	AARDIETAEYTY	7mdw_ANA_agR_m0
7n9b_FNA_agC _ B_m0	AARDIETAEYTY	7mdw_ANA_agR_m0
7n9c_DNA_agC_m0	AADKDVYYGYPFSTNEYEY	7n9c_DNA_agC_m0
7n9c_ENA_agA_m0	AADKDVYYGYPFSTNEYEY	7n9c_DNA_agC_m0
7n9e_DNA_agA _ B_m0	VKSKSPWTSREFDDY	7n9e_DNA_agA _ B_m0
7n9t_DNA_agC_m0	HAVGQEASYAAPRAY	7me7_ANA_agR_m0
7n9t_ENA_agA_m0	HAVGQEASYAAPRAY	7me7_ANA_agR_m0
7n9t_FNA_agB_m0	HAVGQEASYAAPRAY	7me7_ANA_agR_m0
7n9v_BNA_agC_m0	FAALDTAY	5o2u_BNA_agA_m0
7n9v_ENA_agD_m0	FAALDTAY	5o2u_BNA_agA_m0
7n9v_FNA_agG_m0	FAALDTAY	5o2u_BNA_agA_m0
7n9v_HNA_agK_m0	FAALDTAY	5o2u_BNA_agA_m0
7n9v_JNA_agI_m0	FAALDTAY	5o2u_BNA_agA_m0
7n9v_LNA_agA_m0	FAALDTAY	5o2u_BNA_agA_m0
7na7_Nn_agA _ B_m0	VRSIYYYSGSPFDF	6crk_Hh_agA _ B _ G_m0
7na8_Nn_agA _ B_m0	VRSIYYYSGSPFDF	6crk_Hh_agA _ B _ G_m0
7na9_DNA_agA_m0	AADGTASVFNSRDASAYNKYNY	7na9_DNA_agA_m0
7nab_AB_agD_m0	ARLPQYCSNQCVGRWFDP	7nab_AB_agD_m0
7nab_HL_agC_m0	ARLPQYCSNQCVGRWFDP	7nab_AB_agD_m0
7nbb_DNA_agA _ C _ B_m0	AAGIVGDVWGVIYYLY	8a67_DNA_agA _ C _ B_m0
7nbb_HNA_agE _ F _ G_m0	AAGIVGDVWGVIYYLY	8a67_DNA_agA _ C _ B_m0
7nc0_HL_agNA_m0	APTTVVPFAY	7nc0_HL_agNA_m0
7ncs_HL_agA_m0	VGHVRKLGAFFDY	7bm5_BA_agNA_m0
7nd0_HL_agA_m0	VGHVRKLGAFFDY	7bm5_BA_agNA_m0
7nd3_HL_agB_m0	ARDLGYHDY	7nd3_HL_agB_m0
7nd4_DE_agA_m0	ARHCSGGTCYYYKPYGMDV	7bel_EF_agX_m0
7nd4_FG_agB_m0	ARHCSGGTCYYYKPYGMDV	7bel_EF_agX_m0
7nd4_HL_agC_m0	ARHCSGGTCYYYKPYGMDV	7bel_EF_agX_m0
7nd5_HL_agB_m0	ARDLMVYGIDV	7bei_HL_agE_m0
7nd6_HL_agB_m0	ARDLGSGDMDV	7bej_HL_agE_m0
7nd7_FG_agB_m0	ARDMAFSMRVGSFDY	7beh_HL_agE_m0
7nd7_HL_agA_m0	ARDMAFSMRVGSFDY	7beh_HL_agE_m0
7nd7_JK_agC_m0	ARDMAFSMRVGSFDY	7beh_HL_agE_m0
7nd8_HL_agB_m0	ARGGVLRFLLPWENAFDI	7bep_AB_agE_m0
7nd9_HL_agB_m0	AAPHCNSTYCSDAFDI	7ben_DF_agC_m0
7nda_HL_agC _ A_m0	AAPHCNSTYCSDAFDI	7ben_DF_agC_m0
7ndb_HL_agB_m0	AAPHCNSTYCSDAFDI	7ben_DF_agC_m0
7ndc_DE_agC_m0	AKDRYFMDV	7ndc_DE_agC_m0
7ndc_FG_agA_m0	AKDRYFMDV	7ndc_DE_agC_m0
7ndc_HL_agB_m0	AKDRYFMDV	7ndc_DE_agC_m0
7ndd_DE_agC_m0	AKDRYFMDV	7ndc_DE_agC_m0
7ndd_FG_agA_m0	AKDRYFMDV	7ndc_DE_agC_m0
7ndd_HL_agB_m0	AKDRYFMDV	7ndc_DE_agC_m0
7ndf_CNA_agB_m0	NAEGPAGY	7ndf_CNA_agB_m0
7ndf_DNA_agA_m0	NAEGPAGY	7ndf_CNA_agB_m0
7neg_HL_agE_m0	ARDFYEGSFDI	7bem_HL_agE_m0
7neh_HL_agE_m0	ARDFYEGSFDI	7bem_HL_agE_m0
7neq_DC_agB_m0	ATFYGAKGTLDY	5niv_BA_ag_m0
7neq_FE_agA_m0	ATFYGAKGTLDY	5niv_BA_ag_m0
7nez_DC_agB_m0	ATFYGAKGTLDY	5niv_BA_ag_m0
7nez_FE_agA_m0	ATFYGAKGTLDY	5niv_BA_ag_m0
7nfa_CA_agNA_m0	APTTVVPFAY	7nc0_HL_agNA_m0
7nfa_DB_agNA_m0	APTTVVPFAY	7nc0_HL_agNA_m0
7nfd_DC_agB_m0	ATFYGAKGTLDY	5niv_BA_ag_m0
7nfd_FE_agA_m0	ATFYGAKGTLDY	5niv_BA_ag_m0
7nfq_CNA_agA_m0	VQGRNWPYDY	7nfq_CNA_agA_m0
7nfq_DNA_agB_m0	VQGRNWPYDY	7nfq_CNA_agA_m0
7nfr_BNA_agA_m0	TKGSNWPYDN	7nfr_BNA_agA_m0
7nft_CNA_agA_m0	AAGAYHSKKDTLYDY	7nft_CNA_agA_m0
7nft_DNA_agB_m0	AAGAYHSKKDTLYDY	7nft_CNA_agA_m0
7ngh_DNA_agB_m0	RVLVGWGY	7ngh_DNA_agB_m0
7nik_FNA_agA _ B_m0	WSRET	7nik_FNA_agA _ B_m0
7nil_FNA_agA_m0	AGKTDY	7nil_FNA_agA_m0
7nir_FNA_agA _ B_m0	NAEHI	7nir_FNA_agA _ B_m0
7nis_FNA_agNA_m0	AATY	7nis_FNA_agNA_m0
7niu_CB_agA_m0	ARSFSINGSYSWAAQDWWYGLDY	7niu_CB_agA_m0
7niu_ED_agA_m0	ARAYIWWYRMQQAMDY	7niu_ED_agA_m0
7niv_CB_agA_m0	ARSFSINGSYSWAAQDWWYGLDY	7niu_CB_agA_m0
7niv_ED_agA_m0	ARAYIWWYRMQQAMDY	7niu_ED_agA_m0
7niw_CB_agA_m0	ARSFSINGSYSWAAQDWWYGLDY	7niu_CB_agA_m0
7nj3_FNA_agA_m0	AAR	7nj3_FNA_agA_m0
7nj4_FNA_agNA_m0	AARSF	7nj4_FNA_agNA_m0
7nj5_FNA_agA_m0	AAAGDY	7nj5_FNA_agA_m0
7nj7_FNA_agA_m0	AFTDY	7nj7_FNA_agA_m0
7njz_HL_agC_m0	TRGRGDRGDLFGY	4s2s_AB_ag_m0
7nk1_FNA_agNA_m0	WST	7nk1_FNA_agNA_m0
7nk2_FNA_agNA_m0	AAAKY	7nk2_FNA_agNA_m0
7nk4_FNA_agA_m0	AARG	7nk4_FNA_agA_m0
7nk8_FNA_agA _ B_m0	AKRRYGGIWPQGTTDYDY	6qpg_MNA_agA _ B_m0
7nka_FNA_agNA_m0	NGL	7nka_FNA_agNA_m0
7nkc_FNA_agNA_m0	ARADY	7nkc_FNA_agNA_m0
7nki_FNA_agA_m0	YVYTL	7nki_FNA_agA_m0
7nkr_FNA_agNA_m0	AAAKY	7nk2_FNA_agNA_m0
7nks_CD_agB_m0	ARSGSVFGVVSL	7nks_CD_agB_m0
7nks_HL_agA_m0	ARSGSVFGVVSL	7nks_CD_agB_m0
7nkt_BNA_agA_m0	AALQGSYYYTAVFGNEYDY	7nkt_BNA_agA_m0
7nll_ANA_agD_m0	AVGPSFSYTGSTPLESRYYWDYDY	7nll_ANA_agD_m0
7nll_CNA_agB_m0	AVGPSFSYTGSTPLESRYYWDYDY	7nll_ANA_agD_m0
7nmu_CNA_agA_m0	ATSPLYSTNDSICREDYDY	7nmu_CNA_agA_m0
7nmu_DNA_agB_m0	ATSPLYSTNDSICREDYDY	7nmu_CNA_agA_m0
7now_ANA_agB_m0	ASAASSAAYSGTYYYASYYDY	7now_ANA_agB_m0
7now_CNA_agD_m0	ASAASSAAYSGTYYYASYYDY	7now_ANA_agB_m0
7noz_RNA_agD _ C_m0	AAGRAILVHKTTKEYDH	6ru3_CNA_ag_m0
7np1_HL_agA_m0	ARGEGGSIGVVTSDY	7np1_HL_agA_m0
7np1_IM_agB_m0	ARGEGGSIGVVTSDY	7np1_HL_agA_m0
7np1_JN_agC_m0	ARGEGGSIGVVTSDY	7np1_HL_agA_m0
7np1_KO_agD_m0	ARGEGGSIGVVTSDY	7np1_HL_agA_m0
7np9_CNA_agNA_m0	AASENNLTLGVWHY	7np9_CNA_agNA_m0
7nqa_CNA_agB_m0	NIEADQTKGYGIVVYPY	7nqa_CNA_agB_m0
7nqa_DNA_agA_m0	NIEADQTKGYGIVVYPY	7nqa_CNA_agB_m0
7nqk_BNA_agA_m0	AAARRRWTFKETNTAEFYET	7nqk_BNA_agA_m0
7nrh_HL_agA_m0	ARSGSVFGVVSL	7nks_CD_agB_m0
7ns6_GNA_agL_m0	AVGPSFSYTGSTPLESRYYWDYDY	7nll_ANA_agD_m0
7ns6_HNA_agJ_m0	AVGPSFSYTGSTPLESRYYWDYDY	7nll_ANA_agD_m0
7ns6_ONA_agN_m0	AVGPSFSYTGSTPLESRYYWDYDY	7nll_ANA_agD_m0
7ns6_SNA_agM_m0	AVGPSFSYTGSTPLESRYYWDYDY	7nll_ANA_agD_m0
7ns6_TNA_agI_m0	AVGPSFSYTGSTPLESRYYWDYDY	7nll_ANA_agD_m0
7ns6_UNA_agK_m0	AVGPSFSYTGSTPLESRYYWDYDY	7nll_ANA_agD_m0
7ntc_HL_agC_m0	ASNRSPYDNSSYYFDY	7ntc_HL_agC_m0
7nvl_NNA_agE_m0	KANRNWGREWDDY	7nvl_NNA_agE_m0
7nvl_nNA_age_m0	KANRNWGREWDDY	7nvl_NNA_agE_m0
7nvm_NNA_agE_m0	KANRNWGREWDDY	7nvl_NNA_agE_m0
7nvm_nNA_age_m0	KANRNWGREWDDY	7nvl_NNA_agE_m0
7nvn_NNA_agE_m0	KANRNWGREWDDY	7nvl_NNA_agE_m0
7nvn_nNA_age_m0	KANRNWGREWDDY	7nvl_NNA_agE_m0
7nvo_NNA_agE_m0	WDDYWG	7nvo_NNA_agE_m0
7nvo_nNA_age_m0	WDDYWG	7nvo_NNA_agE_m0
7nw3_HL_agA_m0	TRGRGDRGDLFGY	4s2s_AB_ag_m0
7nwl_DE_agB_m0	TRIGYDEDYAMDH	5xcx_AB_ag_m0
7nx0_DNA_agC_m0	AAVDRHSPGSNYWARNFGS	7nx0_DNA_agC_m0
7nx0_ENA_agB_m0	AAVDRHSPGSNYWARNFGS	7nx0_DNA_agC_m0
7nx2_BA_agNA_m0	ARSRGYFGYSTYDS	7nx2_BA_agNA_m0
7nx2_DC_agNA_m0	ARSRGYFGYSTYDS	7nx2_BA_agNA_m0
7nx3_BC_agF_m0	ARSRGYFGYSTYDS	7nx2_BA_agNA_m0
7nx3_ED_agA_m0	ARSRGYFGYSTYDS	7nx2_BA_agNA_m0
7nx6_AB_agE_m0	ARGEGSPGNWFDP	7nx6_AB_agE_m0
7nx6_HL_agE_m0	AKDGGKLVWYYFDY	6zcz_HL_agE_m0
7nx7_AB_agE_m0	ARGEGSPGNWFDP	7nx6_AB_agE_m0
7nx7_HL_agE_m0	AKDGGKLVWYYFDY	6zcz_HL_agE_m0
7nx8_AB_agE_m0	ARGEGSPGNWFDP	7nx6_AB_agE_m0
7nx8_HL_agE_m0	AKDGGKLVWYYFDY	6zcz_HL_agE_m0
7nx9_AB_agE_m0	ARGEGSPGNWFDP	7nx6_AB_agE_m0
7nx9_HL_agE_m0	AKDGGKLVWYYFDY	6zcz_HL_agE_m0
7nxa_AB_agE_m0	ARGEGSPGNWFDP	7nx6_AB_agE_m0
7nxa_HL_agE_m0	AKDGGKLVWYYFDY	6zcz_HL_agE_m0
7nxb_AB_agE_m0	ARGEGSPGNWFDP	7nx6_AB_agE_m0
7nxb_HL_agE_m0	AKDGGKLVWYYFDY	6zcz_HL_agE_m0
7nxx_BNA_agA_m0	AAGNGALPPGPSLRRQNMDT	7nxx_BNA_agA_m0
7o06_ANA_agC_m0	NAARPLRPGGERWLNY	7o06_ANA_agC_m0
7o06_BNA_agD_m0	NAARPLRPGGERWLNY	7o06_ANA_agC_m0
7o0s_ANA_agB_m0	NAVAVAGRAFSY	7o0s_ANA_agB_m0
7o2z_HL_agP_m0	AQLAYHDNPWFAY	7o2z_HL_agP_m0
7o30_BA_agQ_m0	ARDYYGRYRYAMDY	7o30_BA_agQ_m0
7o30_HL_agP_m0	ARDYYGRYRYAMDY	7o30_BA_agQ_m0
7o31_HL_agP_m0	VRGGSIYDDYGYAMDY	7o31_HL_agP_m0
7o31_XNA_agNA_m0	AIDSDTFSYGSYDY	6ww2_KNA_agNA_m0
7o33_HL_agP_m0	NLWGR	7o33_HL_agP_m0
7o3b_ANA_agG_m0	NAVAVAGRAFSY	7o0s_ANA_agB_m0
7o3b_BNA_agH_m0	NAVAVAGRAFSY	7o0s_ANA_agB_m0
7o3b_CNA_agI_m0	NAVAVAGRAFSY	7o0s_ANA_agB_m0
7o4y_HL_agNA_m0	AREVTGDELDAFDI	7o4y_HL_agNA_m0
7o52_HL_agU_m0	AREVTGDELDAFDI	7o4y_HL_agNA_m0
7o7f_HF_agA _ B_m0	VRSIYYYSGSPFDF	6crk_Hh_agA _ B _ G_m0
7o9s_HL_agA_m0	ARAYTSNDSIVFDP	7o9s_HL_agA_m0
7o9w_CB_agA_m0	ARLPIQFGFNYPMDY	5jue_HL_ag_m0
7oan_FNA_agA_m0	ALGVTAASCDNPYF	7oan_FNA_agA_m0
7oan_GNA_agB_m0	ALGVTAASCDNPYF	7oan_FNA_agA_m0
7oan_HNA_agC_m0	ALGVTAASCDNPYF	7oan_FNA_agA_m0
7oao_FNA_agE_m0	ALGVTAASCDNPYF	7oan_FNA_agA_m0
7oap_ANA_agE_m0	AAGRFAGRDPWTSSYDY	7oap_ANA_agE_m0
7oap_FNA_agE_m0	AITTIVRAYYETYETADFGS	7oap_FNA_agE_m0
7oaq_ANA_agE_m0	AAGRFAGRDPWTSSYDY	7oap_ANA_agE_m0
7oaq_FNA_agE_m0	AITTIVRAYYETYETADFGS	7oap_FNA_agE_m0
7oau_BNA_agA_m0	ALGVTAASCDNPYF	7oan_FNA_agA_m0
7oau_FNA_agE_m0	ALGVTAASCDNPYF	7oan_FNA_agA_m0
7oay_BNA_agA_m0	AADRGESYYPRTYTEYEF	7oay_BNA_agA_m0
7oay_DNA_agC_m0	AADRGESYYPRTYTEYEF	7oay_BNA_agA_m0
7oay_FNA_agE_m0	AADRGESYYPRTYTEYEF	7oay_BNA_agA_m0
7oay_HNA_agG_m0	AADRGESYYPRTYTEYEF	7oay_BNA_agA_m0
7oay_JNA_agI_m0	AADRGESYYPRTYTEYEF	7oay_BNA_agA_m0
7oay_LNA_agK_m0	AADRGESYYPRTYTEYEF	7oay_BNA_agA_m0
7obf_ANA_agNA_m0	ASALEPLSEPLGF	1ohq_ANA_ag_m0
7obf_BNA_agNA_m0	ASALEPLSEPLGF	1ohq_ANA_ag_m0
7ocj_BNA_agD_m0	KQTQLGYDY	7ocj_BNA_agD_m0
7ocj_ENA_agC_m0	KQTQLGYDY	7ocj_BNA_agD_m0
7ocj_GNA_agA_m0	KQTQLGYDY	7ocj_BNA_agD_m0
7ocj_HNA_agF_m0	KQTQLGYDY	7ocj_BNA_agD_m0
7ocy_CNA_agA _ B_m0	NGFFIQDF	7ocy_CNA_agA _ B_m0
7oh0_CB_agA_m0	ARQADNWFDP	7oh0_CB_agA_m0
7oh1_ED_agA_m0	ARIGGSTYGTMLRYYFDH	7oh1_ED_agA_m0
7oly_HL_agC_m0	ARDSLRYGMDV	7mrz_XY_agC_m0
7olz_BNA_agA_m0	AAASDYGLPDERFLYDY	7olz_BNA_agA_m0
7olz_CNA_agA_m0	AYGPLTKYGSPWYWSYEYDY	7olz_CNA_agA_m0
7om4_BNA_agA_m0	AADRWASSNRRVDYDY	7om4_BNA_agA_m0
7om5_ANA_agNA_m0	AADRWASSNRRVDYDY	7om4_BNA_agA_m0
7om5_BNA_agNA_m0	AADRWASSNRRVDYDY	7om4_BNA_agA_m0
7omm_CNA_agA _ B_m0	NVKDIGWWAAYDY	7omm_CNA_agA _ B_m0
7omm_DNA_agA_m0	AAAYSGIWTPWVGLATYEY	7omm_DNA_agA_m0
7omn_ANA_agNA_m0	ARWHYDYADGGPWYGMDY	7omn_ANA_agNA_m0
7omn_BNA_agNA_m0	ARWHYDYADGGPWYGMDY	7omn_ANA_agNA_m0
7omn_CNA_agNA_m0	ARWHYDYADGGPWYGMDY	7omn_ANA_agNA_m0
7omt_ANA_agNA_m0	NVKDIGWWAAYDY	7omm_CNA_agA _ B_m0
7on5_ANA_agNA_m0	AYGPLTKYGSPWYWSYEYDY	7olz_CNA_agA_m0
7oo2_AB_agNA_m0	ARNYRGFAY	7oo2_AB_agNA_m0
7oo2_CD_agNA_m0	ARNYRGFAY	7oo2_AB_agNA_m0
7ooi_ANA_agNA_m0	ARWHWAYSAWGPWYGMDY	7ooi_ANA_agNA_m0
7ooi_BNA_agNA_m0	ARWHWAYSAWGPWYGMDY	7ooi_ANA_agNA_m0
7or9_AB_agE_m0	ARGEGSPGNWFDP	7nx6_AB_agE_m0
7or9_HL_agE_m0	ARDGGILTLYGDYFDH	7or9_HL_agE_m0
7ora_AB_agR_m0	AKGGSYAYYYYMDV	7bel_AB_agR_m0
7ora_DE_agC_m0	AKGGSYAYYYYMDV	7bel_AB_agR_m0
7ora_FG_agR_m0	AAPHCNSTYCSDAFDI	7ben_DF_agC_m0
7ora_HL_agC_m0	AAPHCNSTYCSDAFDI	7ben_DF_agC_m0
7orb_AB_agR_m0	ARDVVVVVAAYYHNRNGMDV	7ben_AB_agE_m0
7orb_CD_agX_m0	AAPHCNSTYCSDAFDI	7ben_DF_agC_m0
7orb_EF_agX_m0	ARDVVVVVAAYYHNRNGMDV	7ben_AB_agE_m0
7orb_HL_agR_m0	AAPHCNSTYCSDAFDI	7ben_DF_agC_m0
7ow1_HK_agA_m0	ARGSRYALDY	7ow1_HK_agA_m0
7ox1_AB_agG_m0	ARAGEGRSWYYYGPYGMDY	7ox1_AB_agG_m0
7ox1_CD_agZ_m0	ARAGEGRSWYYYGPYGMDY	7ox1_AB_agG_m0
7ox1_EF_agY_m0	ARAGEGRSWYYYGPYGMDY	7ox1_AB_agG_m0
7ox1_HL_agX_m0	ARAGEGRSWYYYGPYGMDY	7ox1_AB_agG_m0
7ox2_AL_agT_m0	GSLAGPYYDY	7ox2_AL_agT_m0
7ox2_BC_agO_m0	GSLAGPYYDY	7ox2_AL_agT_m0
7ox2_DE_agM_m0	GSLAGPYYDY	7ox2_AL_agT_m0
7ox2_JK_agN_m0	GSLAGPYYDY	7ox2_AL_agT_m0
7ox3_AB_agC_m0	ARVSAATLFLDY	7ox3_AB_agC_m0
7ox4_AB_agC_m0	AREDHYSDHTGWNDY	7ox4_AB_agC_m0
7oxn_HK_agA_m0	ARGSRYALDY	7ow1_HK_agA_m0
7ozt_ANA_agB_m0	NFAPGLQSVRSGS	7ozt_ANA_agB_m0
7p00_Hh_agA _ B _ G_m0	VRSIYYYSGSPFDF	6crk_Hh_agA _ B _ G_m0
7p02_Hh_agA _ B _ G_m0	VRSIYYYSGSPFDF	6crk_Hh_agA _ B _ G_m0
7p14_BNA_agA_m0	AAAYNGLIAAVKLPTRYWY	7p14_BNA_agA_m0
7p16_BNA_agA_m0	AAAYNGLIAAVKLPTRYWY	7p14_BNA_agA_m0
7p2d_CNA_agA_m0	AASENNLTLGVWHY	7np9_CNA_agNA_m0
7p40_CD_agE_m0	AAPNCSGGYCSDGFDL	7p40_CD_agE_m0
7p40_FB_agA_m0	AAPNCSGGYCSDGFDL	7p40_CD_agE_m0
7p40_IH_agG_m0	AAPNCSGGYCSDGFDL	7p40_CD_agE_m0
7p5v_GNA_agA_m0	YVYVGNEY	7p5v_GNA_agA_m0
7p5v_HNA_agB_m0	YVYVGNEY	7p5v_GNA_agA_m0
7p5v_INA_agC_m0	YVYVGNEY	7p5v_GNA_agA_m0
7p5v_JNA_agD_m0	YVYVGNEY	7p5v_GNA_agA_m0
7p5v_KNA_agE_m0	YVYVGNEY	7p5v_GNA_agA_m0
7p5v_LNA_agF_m0	YVYVGNEY	7p5v_GNA_agA_m0
7p5w_GNA_agA_m0	NVKDTGHTTNQYDY	7p5w_GNA_agA_m0
7p5w_HNA_agB_m0	NVKDTGHTTNQYDY	7p5w_GNA_agA_m0
7p5w_INA_agC_m0	NVKDTGHTTNQYDY	7p5w_GNA_agA_m0
7p5w_JNA_agD_m0	NVKDTGHTTNQYDY	7p5w_GNA_agA_m0
7p5w_KNA_agE_m0	NVKDTGHTTNQYDY	7p5w_GNA_agA_m0
7p5w_LNA_agF_m0	NVKDTGHTTNQYDY	7p5w_GNA_agA_m0
7p5y_GNA_agA_m0	NVKDVGDHNFPYDY	7p5y_GNA_agA_m0
7p5y_HNA_agB_m0	NVKDVGDHNFPYDY	7p5y_GNA_agA_m0
7p5y_INA_agC_m0	NVKDVGDHNFPYDY	7p5y_GNA_agA_m0
7p5y_JNA_agD_m0	NVKDVGDHNFPYDY	7p5y_GNA_agA_m0
7p5y_KNA_agE_m0	NVKDVGDHNFPYDY	7p5y_GNA_agA_m0
7p5y_LNA_agF_m0	NVKDVGDHNFPYDY	7p5y_GNA_agA_m0
7p60_GNA_agB_m0	AAAYEGDTSYYLPEEYGY	7p60_GNA_agB_m0
7p60_HNA_agD_m0	AAAYEGDTSYYLPEEYGY	7p60_GNA_agB_m0
7p60_INA_agF_m0	AAAYEGDTSYYLPEEYGY	7p60_GNA_agB_m0
7p6k_GNA_agB_m0	AVNVGFTY	7p6k_GNA_agB_m0
7p6k_HNA_agD_m0	AVNVGFTY	7p6k_GNA_agB_m0
7p6k_INA_agF_m0	AVNVGFTY	7p6k_GNA_agB_m0
7p77_ANA_agB_m0	FVYVGRSY	7p77_ANA_agB_m0
7p77_DNA_agC_m0	FVYVGRSY	7p77_ANA_agB_m0
7p77_HNA_agE_m0	FVYVGRSY	7p77_ANA_agB_m0
7p77_WNA_agB_m0	AAAAWGYAWQHLPDDYWY	7klw_CNA_agA_m0
7p77_XNA_agE_m0	AAAAWGYAWQHLPDDYWY	7klw_CNA_agA_m0
7p77_YNA_agC_m0	AAAAWGYAWQHLPDDYWY	7klw_CNA_agA_m0
7p78_BNA_agA_m0	FVYVGRSY	7p77_ANA_agB_m0
7p78_DNA_agC_m0	FVYVGRSY	7p77_ANA_agB_m0
7p78_HNA_agE_m0	FVYVGRSY	7p77_ANA_agB_m0
7p78_WNA_agC_m0	AAAAWGYAWQHLPDDYWY	7klw_CNA_agA_m0
7p78_YNA_agE_m0	AAAAWGYAWQHLPDDYWY	7klw_CNA_agA_m0
7p79_BNA_agC_m0	FVYVGRSY	7p77_ANA_agB_m0
7p79_DNA_agE_m0	FVYVGRSY	7p77_ANA_agB_m0
7p79_HNA_agA_m0	FVYVGRSY	7p77_ANA_agB_m0
7p7a_ANA_agB_m0	AAAAWGYAWQHLPDDYWY	7klw_CNA_agA_m0
7p7a_DNA_agE_m0	AAAAWGYAWQHLPDDYWY	7klw_CNA_agA_m0
7pa5_BNA_agA_m0	TIDRGLHSYDLYDY	7pa5_BNA_agA_m0
7pa6_Kk_agA_m0	QQSYSTPYT	7pa6_Kk_agA_m0
7pa6_Ll_agB_m0	QQSYSTPYT	7pa6_Kk_agA_m0
7pa6_Mm_agC_m0	QQSYSTPYT	7pa6_Kk_agA_m0
7pa6_Nn_agD_m0	QQSYSTPYT	7pa6_Kk_agA_m0
7pa6_Oo_agE_m0	QQSYSTPYT	7pa6_Kk_agA_m0
7pa6_Pp_agF_m0	QQSYSTPYT	7pa6_Kk_agA_m0
7pa6_Qq_agG_m0	QQSYSTPYT	7pa6_Kk_agA_m0
7pa6_Rr_agH_m0	QQSYSTPYT	7pa6_Kk_agA_m0
7pa6_Ss_agI_m0	QQSYSTPYT	7pa6_Kk_agA_m0
7pa6_Tt_agJ_m0	QQSYSTPYT	7pa6_Kk_agA_m0
7pa7_Aa_agNA_m0	NLLMWEAVTVQ	7pa7_Aa_agNA_m0
7pa7_Bb_agNA_m0	NLLMWEAVTVQ	7pa7_Aa_agNA_m0
7pa7_Cc_agNA_m0	LLMWEAVTVQ	7pa7_Cc_agNA_m0
7pa7_Dd_agNA_m0	NLLMWEAVTVQ	7pa7_Aa_agNA_m0
7pa7_Ee_agNA_m0	CGNLLMWEAVTVQ	7pa7_Ee_agNA_m0
7pa7_Mm_agNA_m0	NLLMWEAVTVQ	7pa7_Aa_agNA_m0
7pa7_Nn_agNA_m0	NLLMWEAVTVQ	7pa7_Aa_agNA_m0
7pa7_Oo_agNA_m0	CGNLLMWEAVTVQ	7pa7_Ee_agNA_m0
7pa7_Pp_agNA_m0	LLMWEAVTVQ	7pa7_Cc_agNA_m0
7pa7_Qq_agNA_m0	GNLLMWEAVTVQ	7pa7_Qq_agNA_m0
7pa8_HG_agC_m0	ARYAHDWNVDY	7pa8_HG_agC_m0
7pa8_JI_agB_m0	ARYAHDWNVDY	7pa8_HG_agC_m0
7pa8_LK_agA_m0	ARYAHDWNVDY	7pa8_HG_agC_m0
7pa8_NM_agD_m0	ARYAHDWNVDY	7pa8_HG_agC_m0
7pa8_YF_agE_m0	ARYAHDWNVDY	7pa8_HG_agC_m0
7pa9_KL_agD_m0	ARDGGGYSTGFYFFDF	7pa9_KL_agD_m0
7pa9_MN_agA_m0	ARDGGGYSTGFYFFDF	7pa9_KL_agD_m0
7pa9_OP_agB_m0	ARDGGGYSTGFYFFDF	7pa9_KL_agD_m0
7pa9_QR_agE_m0	ARDGGGYSTGFYFFDF	7pa9_KL_agD_m0
7pa9_TS_agI_m0	ARDGGGYSTGFYFFDF	7pa9_KL_agD_m0
7pa9_VW_agJ_m0	ARDGGGYSTGFYFFDF	7pa9_KL_agD_m0
7pa9_XU_agG_m0	ARDGGGYSTGFYFFDF	7pa9_KL_agD_m0
7pa9_YZ_agF_m0	ARDGGGYSTGFYFFDF	7pa9_KL_agD_m0
7pa9_ba_agH_m0	ARDGGGYSTGFYFFDF	7pa9_KL_agD_m0
7pa9_cd_agC_m0	ARDGGGYSTGFYFFDF	7pa9_KL_agD_m0
7paa_Aa_agF_m0	VTLKTEVIGVTSL	7paa_Aa_agF_m0
7paa_Bb_agG_m0	VTLKTEVIGVTSL	7paa_Aa_agF_m0
7paa_Cc_agH_m0	VTLKTEVIGVTSL	7paa_Aa_agF_m0
7paa_Dd_agI_m0	VTLKTEVIGVTSL	7paa_Aa_agF_m0
7paa_Ee_agJ_m0	VTLKTEVIGVTSL	7paa_Aa_agF_m0
7paa_Kk_agNA_m0	QVWDSRSDHPYV	7paa_Kk_agNA_m0
7paa_Ww_agNA_m0	QVWDSRSDHPYV	7paa_Kk_agNA_m0
7paa_Xx_agNA_m0	QVWDSRSDHPYV	7paa_Kk_agNA_m0
7paa_Yy_agNA_m0	QVWDSRSDHPYV	7paa_Kk_agNA_m0
7paa_Zz_agNA_m0	QVWDSRSDHPYV	7paa_Kk_agNA_m0
7paf_BNA_agD_m0	AAADDGWMFHYLPNHYEY	7paf_BNA_agD_m0
7paf_CNA_agA_m0	AAADDGWMFHYLPNHYEY	7paf_BNA_agD_m0
7pbd_FNA_agC _ B_m0	AAKGRYSGGPYYLTNYDY	5o8f_KNA_agA_m0
7pbz_FNA_agC _ B_m0	AAKGRYSGGPYYLTNYDY	5o8f_KNA_agA_m0
7pc0_FNA_agC _ B_m0	AAKGRYSGGPYYLTNYDY	5o8f_KNA_agA_m0
7pc2_GH_agC_m0	ARQRSDYWDFDV	4jpv_HL_agG_m0
7pc2_IJ_agB_m0	ARQRSDYWDFDV	4jpv_HL_agG_m0
7pc2_KL_agA_m0	ARQRSDYWDFDV	4jpv_HL_agG_m0
7pc2_MN_agC_m0	AKDDILGDCSTSHYYYGWYCQGMDV	7pc2_MN_agC_m0
7pc2_OP_agB_m0	AKDDILGDCSTSHYYYGWYCQGMDV	7pc2_MN_agC_m0
7pc2_QR_agA_m0	AKDDILGDCSTSHYYYGWYCQGMDV	7pc2_MN_agC_m0
7pg8_BA_agE_m0	ARTSRGWIGYSSGLDY	7pg8_BA_agE_m0
7pg8_FD_agH_m0	ARTSRGWIGYSSGLDY	7pg8_BA_agE_m0
7pg8_IG_agK_m0	ARTSRGWIGYSSGLDY	7pg8_BA_agE_m0
7pg8_LJ_agC_m0	ARTSRGWIGYSSGLDY	7pg8_BA_agE_m0
7pg8_NM_agQ_m0	ARTSRGWIGYSSGLDY	7pg8_BA_agE_m0
7pg8_RP_agT_m0	ARTSRGWIGYSSGLDY	7pg8_BA_agE_m0
7pg8_US_agW_m0	ARTSRGWIGYSSGLDY	7pg8_BA_agE_m0
7pg8_XV_agO_m0	ARTSRGWIGYSSGLDY	7pg8_BA_agE_m0
7pgb_AB_agC_m0	ARTYGWYYWWSWAFDY	7pgb_AB_agC_m0
7pgb_HL_agc_m0	ARTYGWYYWWSWAFDY	7pgb_AB_agC_m0
7pgb_RS_agT_m0	ARTYGWYYWWSWAFDY	7pgb_AB_agC_m0
7pgb_UV_agW_m0	ARTYGWYYWWSWAFDY	7pgb_AB_agC_m0
7pgb_XY_agZ_m0	ARTYGWYYWWSWAFDY	7pgb_AB_agC_m0
7pgb_ab_agd_m0	ARTYGWYYWWSWAFDY	7pgb_AB_agC_m0
7pgb_fg_age_m0	ARTYGWYYWWSWAFDY	7pgb_AB_agC_m0
7pgb_ik_agh_m0	ARTYGWYYWWSWAFDY	7pgb_AB_agC_m0
7pgb_mn_agl_m0	ARTYGWYYWWSWAFDY	7pgb_AB_agC_m0
7pgb_pq_ago_m0	ARTYGWYYWWSWAFDY	7pgb_AB_agC_m0
7ph2_CNA_agB_m0	NAEGPAGY	7ndf_CNA_agB_m0
7ph2_DNA_agA_m0	NAEGPAGY	7ndf_CNA_agB_m0
7ph3_CNA_agB_m0	NAEGPAGY	7ndf_CNA_agB_m0
7ph3_DNA_agA_m0	NAEGPAGY	7ndf_CNA_agB_m0
7ph4_CNA_agB_m0	NAEGPAGY	7ndf_CNA_agB_m0
7ph4_DNA_agA_m0	NAEGPAGY	7ndf_CNA_agB_m0
7ph7_CNA_agB_m0	NAEGPAGY	7ndf_CNA_agB_m0
7ph7_DNA_agA_m0	NAEGPAGY	7ndf_CNA_agB_m0
7phg_HL_agA_m0	AAPNCSGGYCSDGFDL	7p40_CD_agE_m0
7php_HL_agNA_m0	ARGYQYWQYHANWYWSGGLDY	7php_HL_agNA_m0
7php_KNA_agNA_m0	AIDSDTFSYGSYDY	6ww2_KNA_agNA_m0
7php_NNA_agA_m0	KSDGLISYSAAQLSTY	7php_NNA_agA_m0
7phq_AC_agNA_m0	ARGYQYWQYHANWYWSGGLDY	7php_HL_agNA_m0
7phq_ENA_agD_m0	NAAIRTTVTRSAQEY	5m94_BNA_agA_m0
7phq_FNA_agNA_m0	AIDSDTFSYGSYDY	6ww2_KNA_agNA_m0
7phq_HL_agNA_m0	ARGYQYWQYHANWYWSGGLDY	7php_HL_agNA_m0
7phq_KNA_agNA_m0	AIDSDTFSYGSYDY	6ww2_KNA_agNA_m0
7phq_NNA_agB_m0	NAAIRTTVTRSAQEY	5m94_BNA_agA_m0
7phs_HL_agNA_m0	ARDPDVVGTFHYDY	4zs7_HL_agA_m0
7phu_BC_agA_m0	ARDLWFGESYPPYGVDV	7phu_BC_agA_m0
7phu_DE_agA_m0	ARDGPQVGDFDYYYVQWYGMDV	6rcu_ED_agA_m0
7phv_BC_agA_m0	AKTARSDYCLGTIDDIDA	7phv_BC_agA_m0
7phv_EF_agD_m0	AKTARSDYCLGTIDDIDA	7phv_BC_agA_m0
7phw_BC_agA_m0	TKSADDGGHYSFDSGEIDA	7phw_BC_agA_m0
7phw_EF_agD_m0	TKSADDGGHYSFDSGEIDA	7phw_BC_agA_m0
7pi2_BC_agA_m0	AKHGVNGCDWVSYSGCVDA	7pi2_BC_agA_m0
7pi2_EF_agD_m0	AKHGVNGCDWVSYSGCVDA	7pi2_BC_agA_m0
7pi2_HI_agG_m0	AKHGVNGCDWVSYSGCVDA	7pi2_BC_agA_m0
7pi2_KL_agJ_m0	AKHGVNGCDWVSYSGCVDA	7pi2_BC_agA_m0
7pi3_BC_agA_m0	AKHGVNGCDWVSYSGCVDA	7pi2_BC_agA_m0
7pi3_DE_agA_m0	AKTARSDYCLGTIDDIDA	7phv_BC_agA_m0
7pi3_FG_agA_m0	TKSADDGGHYSFDSGEIDA	7phw_BC_agA_m0
7pi3_IJ_agH_m0	AKHGVNGCDWVSYSGCVDA	7pi2_BC_agA_m0
7pi3_KL_agH_m0	AKTARSDYCLGTIDDIDA	7phv_BC_agA_m0
7pi3_MN_agH_m0	TKSADDGGHYSFDSGEIDA	7phw_BC_agA_m0
7pi3_PQ_agO_m0	AKHGVNGCDWVSYSGCVDA	7pi2_BC_agA_m0
7pi3_RS_agO_m0	AKTARSDYCLGTIDDIDA	7phv_BC_agA_m0
7pi3_TU_agO_m0	TKSADDGGHYSFDSGEIDA	7phw_BC_agA_m0
7pi3_WX_agV_m0	AKHGVNGCDWVSYSGCVDA	7pi2_BC_agA_m0
7pi3_YZ_agV_m0	AKTARSDYCLGTIDDIDA	7phv_BC_agA_m0
7pi3_ab_agV_m0	TKSADDGGHYSFDSGEIDA	7phw_BC_agA_m0
7pi7_BC_agA_m0	ARDVLYFDV	7pi7_BC_agA_m0
7pi7_EF_agD_m0	ARDVLYFDV	7pi7_BC_agA_m0
7pij_HL_agNA_m0	ARGYQYWQYHANWYWSGGLDY	7php_HL_agNA_m0
7pij_KNA_agNA_m0	AIDSDTFSYGSYDY	6ww2_KNA_agNA_m0
7pij_NNA_agB_m0	NAAIRTTVTRSAQEY	5m94_BNA_agA_m0
7piu_NNA_agA _ B_m0	ARCPAPFTRDCSTVDFTTYAY	6oya_NNA_agA _ B_m0
7piv_NNA_agA _ B_m0	ARCPAPFTRDCSTVDFTTYAY	6oya_NNA_agA _ B_m0
7pkl_HNA_agNA_m0	SRWGGDGFYAMDY	3b9v_ANA_ag_m0
7pkl_Ll_agNA_m0	AADVRWTGGDHRADY	7pkl_Ll_agNA_m0
7pnm_GD_agB_m0	ARDPQWLYDHDLDV	7pnm_GD_agB_m0
7pnm_HL_agA_m0	ARDPQWLYDHDLDV	7pnm_GD_agB_m0
7pnm_IE_agC_m0	ARDPQWLYDHDLDV	7pnm_GD_agB_m0
7pnq_DF_agB_m0	ARGNYYGSGDVYSYGMDV	7pnq_DF_agB_m0
7pnq_HL_agA_m0	ARGNYYGSGDVYSYGMDV	7pnq_DF_agB_m0
7pnq_XY_agC_m0	ARGNYYGSGDVYSYGMDV	7pnq_DF_agB_m0
7po5_HL_agA_m0	ARGNYYGSGDVYSYGMDV	7pnq_DF_agB_m0
7po5_XF_agC_m0	ARGNYYGSGDVYSYGMDV	7pnq_DF_agB_m0
7po5_ZD_agB_m0	ARGNYYGSGDVYSYGMDV	7pnq_DF_agB_m0
7pqg_BNA_agA_m0	AANYYGVSWFPSILSSYDY	7pqg_BNA_agA_m0
7pqq_BNA_agA_m0	AAATIGRLAGTSDITLYDY	7pqq_BNA_agA_m0
7pqy_BC_agA_m0	ARDHVRPGMNI	7pqy_BC_agA_m0
7pqy_HL_agE_m0	ARDHVRPGMNI	7pqy_BC_agA_m0
7pqz_AB_agE_m0	AKGPDILTGYYYYNYYGMDV	7pqz_AB_agE_m0
7pqz_HL_agE_m0	ARDHVRPGMNI	7pqy_BC_agA_m0
7pr0_CB_agA_m0	ASPGGITAAGTYGFLVSYGMDV	7pr0_CB_agA_m0
7pr0_GF_agD_m0	ASPGGITAAGTYGFLVSYGMDV	7pr0_CB_agA_m0
7pr0_HL_agE_m0	ASPGGITAAGTYGFLVSYGMDV	7pr0_CB_agA_m0
7pry_AB_agI_m0	AKGGSYAYYYYMDV	7bel_AB_agR_m0
7pry_CD_agI_m0	ARVTEPRWSTCYFDY	7pry_CD_agI_m0
7pry_FG_agE_m0	AKGGSYAYYYYMDV	7bel_AB_agR_m0
7pry_HL_agE_m0	ARVTEPRWSTCYFDY	7pry_CD_agI_m0
7prz_HL_agE_m0	AKDSSAAIPYYYYGMDV	7prz_HL_agE_m0
7ps0_BC_agA_m0	ARLVVPSPGKSWFDP	7ps0_BC_agA_m0
7ps0_HL_agE_m0	ARLVVPSPGKSWFDP	7ps0_BC_agA_m0
7ps1_AB_agE_m0	ARDLVVYGMDV	7swo_HL_agA_m0
7ps2_AB_agG_m0	AKDQGPATVMRIATVGAMDV	7ps2_AB_agG_m0
7ps2_HL_agG_m0	ARHVVALHTLYPDY	7ps2_HL_agG_m0
7ps3_HL_agNA_m0	ARVGAHDYYDSSDNWFDP	7ps3_HL_agNA_m0
7ps4_BC_agA_m0	ARSRVGATGDYYGYYMDV	7ps4_BC_agA_m0
7ps4_HL_agE_m0	ARSRVGATGDYYGYYMDV	7ps4_BC_agA_m0
7ps5_HL_agE_m0	AAPHCNRTHCSDGFDI	7ps5_HL_agE_m0
7ps6_CD_agE_m0	ARDGELLGWFDP	7ps6_CD_agE_m0
7ps6_HL_agE_m0	ARQIGPKRPAVQSDWFDP	7ps6_HL_agE_m0
7ps7_AB_agE_m0	ARHAAPSPDGNWFDP	7ps7_AB_agE_m0
7ps7_HL_agR_m0	ARHAAPSPDGNWFDP	7ps7_AB_agE_m0
7q0a_YZ_agB_m0	ARDHVRPGMNI	7pqy_BC_agA_m0
7q0g_AB_agE_m0	AKVSQWALILF	7q0g_AB_agE_m0
7q0g_HL_agE_m0	ARDHVRPGMNI	7pqy_BC_agA_m0
7q0h_AB_agE_m0	SRLSQWDLLPM	7q0h_AB_agE_m0
7q0h_HL_agE_m0	ARQIGPKRPAVQSDWFDP	7ps6_HL_agE_m0
7q0i_AB_agD_m0	ARSYCSGGFCYYGFYGLDV	7q0i_AB_agD_m0
7q0i_HL_agC_m0	ARSYCSGGFCYYGFYGLDV	7q0i_AB_agD_m0
7q1u_BNA_agA_m0	HAGVQGALMGPRNY	7q1u_BNA_agA_m0
7q3q_BNA_agA_m0	AAARVGEIIAPSILVSNYAY	7q3q_BNA_agA_m0
7q3r_FNA_agA_m0	AATVDYSGTLTRGRAAEDYDD	7q3r_FNA_agA_m0
7q3r_GNA_agA_m0	DVAAFDSSYDEVLDS	7q3r_GNA_agA_m0
7q4q_BA_agE_m0	ARSITTVVLDY	7q4q_BA_agE_m0
7q4q_DC_agF_m0	ARSITTVVLDY	7q4q_BA_agE_m0
7q6c_HL_agA_m0	ARPSTEALFAY	7q6c_HL_agA_m0
7q6c_KNA_agNA_m0	AIDSDTFSYGSYDY	6ww2_KNA_agNA_m0
7q6e_EF_agB_m0	AKVSQWALILF	7q0g_AB_agE_m0
7q6e_HL_agA_m0	AKVSQWALILF	7q0g_AB_agE_m0
7q6e_JK_agC_m0	AKVSQWALILF	7q0g_AB_agE_m0
7q6z_BNA_agA_m0	HAGVQGALMGPRNY	7q1u_BNA_agA_m0
7q9f_EF_agB_m0	SRLSQWDLLPM	7q0h_AB_agE_m0
7q9f_HL_agA_m0	SRLSQWDLLPM	7q0h_AB_agE_m0
7q9f_JK_agC_m0	SRLSQWDLLPM	7q0h_AB_agE_m0
7q9g_EF_agB_m0	ARGEGSPGNWFDP	7nx6_AB_agE_m0
7q9g_HL_agA_m0	ARGEGSPGNWFDP	7nx6_AB_agE_m0
7q9i_EF_agB_m0	ARSYCSGGFCYYGFYGLDV	7q0i_AB_agD_m0
7q9i_HL_agA_m0	ARSYCSGGFCYYGFYGLDV	7q0i_AB_agD_m0
7q9i_JK_agC_m0	ARSYCSGGFCYYGFYGLDV	7q0i_AB_agD_m0
7q9j_EF_agB_m0	ARAYCSGGFCSDTFDI	7q9j_EF_agB_m0
7q9j_HL_agA_m0	ARAYCSGGFCSDTFDI	7q9j_EF_agB_m0
7q9j_JK_agC_m0	ARAYCSGGFCSDTFDI	7q9j_EF_agB_m0
7q9k_DE_agB_m0	ARVGAHDYYDSSDNWFDP	7ps3_HL_agNA_m0
7q9k_HL_agC_m0	ARVGAHDYYDSSDNWFDP	7ps3_HL_agNA_m0
7q9m_EF_agB_m0	ARHVVALHTLYPDY	7ps2_HL_agG_m0
7q9m_HL_agC_m0	ARHVVALHTLYPDY	7ps2_HL_agG_m0
7q9m_JK_agA_m0	ARHVVALHTLYPDY	7ps2_HL_agG_m0
7q9p_EF_agB_m0	ARVTEPRWSTCYFDY	7pry_CD_agI_m0
7q9p_HL_agA_m0	ARVTEPRWSTCYFDY	7pry_CD_agI_m0
7q9p_JK_agC_m0	ARVTEPRWSTCYFDY	7pry_CD_agI_m0
7qbd_ENA_agB _ A_m0	YDRETEYNY	7qbd_ENA_agB _ A_m0
7qbe_ENA_agA_m0	AASSQIFYGAISTTKDFNS	7qbe_ENA_agA_m0
7qbe_FNA_agC_m0	AASSQIFYGAISTTKDFNS	7qbe_ENA_agA_m0
7qbf_BNA_agA_m0	NAAAEGETNCLSWEEYDY	7qbf_BNA_agA_m0
7qbg_ENA_agC _ B_m0	AAIYQPSNGRLVCPEYSY	7qbg_ENA_agC _ B_m0
7qbg_GNA_agA _ D_m0	AAIYQPSNGRLVCPEYSY	7qbg_ENA_agC _ B_m0
7qcq_ANA_agB_m0	APAYEGDLYA	8pii_ANA_agB_m0
7qe5_BNA_agA_m0	ARSSAYGSSPNLWSRYDY	7qe5_BNA_agA_m0
7qez_EF_agA_m0	AGGSGISTPMDV	9cps_HL_agA_m0
7qez_HL_agA_m0	AAPYCSGGLCTDGFDI	7s5q_BC_agA_m0
7qf0_HL_agA_m0	ARDGDYYGMDV	7qf0_HL_agA_m0
7qf1_CB_agA_m0	ARLPYYYDSYGSYYFDY	7qf1_CB_agA_m0
7qf1_ED_agF_m0	ARLPYYYDSYGSYYFDY	7qf1_CB_agA_m0
7qha_CNA_agB _ A_m0	AAYPLYDDPYYY	7qha_CNA_agB _ A_m0
7qia_BNA_agA_m0	AARTVYRPGPDEFNEYAY	7qia_BNA_agA_m0
7qia_CNA_agA_m0	SADPRSNLDDGRY	7qia_CNA_agA_m0
7qic_BNA_agA_m0	AARTVYRPGPDEFNEYAY	7qia_BNA_agA_m0
7qic_CNA_agA_m0	SADPRSNLDDGRY	7qia_CNA_agA_m0
7qiv_CNA_agB _ A_m0	AAGTGWSPDTQNEYNY	8oq3_CNA_agA_m0
7qji_BNA_agA_m0	AARTVYRPGPDEFNEYAY	7qia_BNA_agA_m0
7qji_CNA_agA_m0	SADPRSNLDDGRY	7qia_CNA_agA_m0
7qji_FNA_agE_m0	SADPRSNLDDGRY	7qia_CNA_agA_m0
7qji_GNA_agE_m0	AARTVYRPGPDEFNEYAY	7qia_BNA_agA_m0
7qjj_BNA_agA_m0	AARTVYRPGPDEFNEYAY	7qia_BNA_agA_m0
7qjj_CNA_agA_m0	SADPRSNLDDGRY	7qia_CNA_agA_m0
7qjj_FNA_agE_m0	SADPRSNLDDGRY	7qia_CNA_agA_m0
7qjj_GNA_agE_m0	AARTVYRPGPDEFNEYAY	7qia_BNA_agA_m0
7qn5_FNA_agC_m0	AAKGRYSGGPYYLTNYDY	5o8f_KNA_agA_m0
7qn5_GNA_agD_m0	AAKGRYSGGPYYLTNYDY	5o8f_KNA_agA_m0
7qn6_KNA_agB_m0	AAKGRYSGGPYYLTNYDY	5o8f_KNA_agA_m0
7qn6_LNA_agC_m0	AAKGRYSGGPYYLTNYDY	5o8f_KNA_agA_m0
7qn6_MNA_agD_m0	AAKGRYSGGPYYLTNYDY	5o8f_KNA_agA_m0
7qn7_FNA_agC_m0	AAKGRYSGGPYYLTNYDY	5o8f_KNA_agA_m0
7qn7_GNA_agD_m0	AAKGRYSGGPYYLTNYDY	5o8f_KNA_agA_m0
7qn8_KNA_agB_m0	AAKGRYSGGPYYLTNYDY	5o8f_KNA_agA_m0
7qn8_LNA_agC_m0	AAKGRYSGGPYYLTNYDY	5o8f_KNA_agA_m0
7qn8_MNA_agD_m0	AAKGRYSGGPYYLTNYDY	5o8f_KNA_agA_m0
7qn9_LNA_agC_m0	AAKGRYSGGPYYLTNYDY	5o8f_KNA_agA_m0
7qn9_MNA_agD_m0	AAKGRYSGGPYYLTNYDY	5o8f_KNA_agA_m0
7qna_NNA_agE _ D_m0	AAKGRYSGGPYYLTNYDY	5o8f_KNA_agA_m0
7qnb_NNA_agE _ D_m0	AAKGRYSGGPYYLTNYDY	5o8f_KNA_agA_m0
7qnc_FNA_agC_m0	AAKGRYSGGPYYLTNYDY	5o8f_KNA_agA_m0
7qnc_GNA_agD_m0	AAKGRYSGGPYYLTNYDY	5o8f_KNA_agA_m0
7qnd_KNA_agB_m0	AAKGRYSGGPYYLTNYDY	5o8f_KNA_agA_m0
7qnd_LNA_agC_m0	AAKGRYSGGPYYLTNYDY	5o8f_KNA_agA_m0
7qnd_MNA_agD_m0	AAKGRYSGGPYYLTNYDY	5o8f_KNA_agA_m0
7qne_GNA_agA _ E_m0	AAGAGFWGLATRSSYHY	6hug_GNA_agA _ E_m0
7qnw_AB_agE_m0	ARPRPPDYYDAGSNLLFDI	7qnw_AB_agE_m0
7qnw_HL_agE_m0	AKDGGKLVWYYFDY	6zcz_HL_agE_m0
7qnx_AB_agE_m0	ARPRPPDYYDAGSNLLFDI	7qnw_AB_agE_m0
7qnx_HL_agE_m0	AKDGGKLVWYYFDY	6zcz_HL_agE_m0
7qny_AB_agE_m0	AREVGGTFGVERSILGGLDY	7qny_AB_agE_m0
7qny_HL_agE_m0	ARDLGSGDMDV	7bej_HL_agE_m0
7qt0_AB_agA_m0	AIEIYDGYNTMDY	7qt0_AB_agA_m0
7qt0_CD_agC_m0	AIEIYDGYNTMDY	7qt0_AB_agA_m0
7qt0_EF_agE_m0	AIEIYDGYNTMDY	7qt0_AB_agA_m0
7qt0_GH_agG_m0	AIEIYDGYNTMDY	7qt0_AB_agA_m0
7qt0_IJ_agI_m0	AIEIYDGYNTMDY	7qt0_AB_agA_m0
7qt0_KL_agK_m0	AIEIYDGYNTMDY	7qt0_AB_agA_m0
7qt2_AB_agA_m0	AIEVGYYDY	7qt2_AB_agA_m0
7qt2_CD_agC_m0	AIEVGYYDY	7qt2_AB_agA_m0
7qt3_AB_agB_m0	AMEDYYGSSYEDY	7qt3_AB_agB_m0
7qt3_CD_agC_m0	AMEDYYGSSYEDY	7qt3_AB_agB_m0
7qt4_AB_agA_m0	AIEAITITTDY	7qt4_AB_agA_m0
7qti_BC_agA_m0	VKDRHYDSSVFYGNGFDI	7qti_BC_agA_m0
7qti_FE_agA_m0	AAPNCSGGYCSDGFDL	7p40_CD_agE_m0
7qti_GH_agK_m0	VKDRHYDSSVFYGNGFDI	7qti_BC_agA_m0
7qti_IJ_agD_m0	VKDRHYDSSVFYGNGFDI	7qti_BC_agA_m0
7qtj_BC_agA_m0	VKDRHYDSSVFYGNGFDI	7qti_BC_agA_m0
7qtj_FE_agA_m0	AAPNCSGGYCSDGFDL	7p40_CD_agE_m0
7qtk_BC_agD_m0	VKDRHYDSSVFYGNGFDI	7qti_BC_agA_m0
7qu1_AB_agC_m0	ARDDYGTRYYFDY	7qu1_AB_agC_m0
7qu2_AB_agC_m0	SRSGIYDGAYYYAMDY	7qu2_AB_agC_m0
7quh_HL_agA_m0	ARDGSSPYYYSMEY	7quh_HL_agA_m0
7qvk_BNA_agA_m0	AAEGHRYELCTGAALDY	7qvk_BNA_agA_m0
7qvm_Ss_agA _ B_m0	VRSIYYYSGSPFDF	6crk_Hh_agA _ B _ G_m0
7r0c_Dd_agC _ A_m0	QQYKYVPVT	7r0c_Dd_agC _ A_m0
7r0j_Dd_agC _ A_m0	QQYKYVPVT	7r0c_Dd_agC _ A_m0
7r1z_CNA_agA_m0	AVRTPSSQTLY	7r1z_CNA_agA_m0
7r1z_ENA_agA_m0	AARKPMYRVDGKSIQNYDY	7r1z_ENA_agA_m0
7r20_BNA_agNA_m0	NVVKRGPQWGME	7r20_BNA_agNA_m0
7r23_BNA_agA_m0	AARKPMYRVDGKSIQNYDY	7r1z_ENA_agA_m0
7r23_CNA_agA_m0	AVRTPSSQTLY	7r1z_CNA_agA_m0
7r24_CNA_agA_m0	AVRTPSSQTLY	7r1z_CNA_agA_m0
7r24_ENA_agA_m0	AARKPMYRVDGKSIQNYDY	7r1z_ENA_agA_m0
7r40_DF_agB_m0	AKEGTYYYGSGSF	7r40_DF_agB_m0
7r40_EG_agC_m0	AKEGTYYYGSGSF	7r40_DF_agB_m0
7r40_HL_agA_m0	AKEGTYYYGSGSF	7r40_DF_agB_m0
7r4i_DNA_agA_m0	TVAFGTCDNRYWGRGDY	7r4i_DNA_agA_m0
7r4i_ENA_agB_m0	TVAFGTCDNRYWGRGDY	7r4i_DNA_agA_m0
7r4q_DNA_agA_m0	ASGYYGAGSYDFNN	7r4q_DNA_agA_m0
7r4q_ENA_agB_m0	ASGYYGAGSYDFNN	7r4q_DNA_agA_m0
7r4r_DNA_agC_m0	AASVKDFTCTFNS	7r4r_DNA_agC_m0
7r58_HL_agA_m0	ARGTVVGDWYFDV	7r58_HL_agA_m0
7r63_ANA_agNA_m0	AAKDASVTVITAEDYPY	7r63_ANA_agNA_m0
7r63_BNA_agNA_m0	AAKDASVTVITAEDYPY	7r63_ANA_agNA_m0
7r63_CNA_agNA_m0	AAKDASVTVITAEDYPY	7r63_ANA_agNA_m0
7r63_DNA_agNA_m0	AAKDASVTVITAEDYPY	7r63_ANA_agNA_m0
7r6w_AB_agR_m0	ARDYTRGAWFILSEGGGFDN	6wps_CD_agB_m0
7r6w_HL_agR_m0	ARPDYQVLGYDYGIWFYGMDV	7jxe_HL_agNA_m0
7r6x_AB_agR_m0	ARDYTRGAWFILSEGGGFDN	6wps_CD_agB_m0
7r6x_CD_agR_m0	ASPYCSGGSCSDGFDI	7k3q_HL_agNA_m0
7r6x_HL_agR_m0	ARGDSSGYYYYFDY	7jw0_DC_agB_m0
7r73_ANA_agG_m0	AAKWRPLRYSNSPNDSDYNY	3r0m_ANA_ag_m0
7r74_BNA_agC_m0	AARRLPIGDYTD	7r74_BNA_agC_m0
7r74_DNA_agA_m0	AARRLPIGDYTD	7r74_BNA_agC_m0
7r7n_HL_agE_m0	ARDSRYCSGGSYCSVWFDP	7r7n_HL_agE_m0
7r87_CD_agB _ A_m0	ARDAWMGFDY	7r87_CD_agB _ A_m0
7r88_CD_agB _ A_m0	ARDAWMGFDY	7r87_CD_agB _ A_m0
7r89_CD_agB _ A_m0	ARDAWMGFDY	7r87_CD_agB _ A_m0
7r8a_CD_agB _ A_m0	ARDAWMGFDY	7r87_CD_agB _ A_m0
7r8b_CD_agB _ A_m0	ARDAWMGFDY	7r87_CD_agB _ A_m0
7r8l_CD_agE_m0	AGGSGISTPMDV	9cps_HL_agA_m0
7r8l_HL_agE_m0	ARDLYSSGGTDI	7n3g_HL_agNA_m0
7r8m_DE_agC_m0	ARGVAVDWYFDL	9bj4_DE_agB_m0
7r8m_HL_agB_m0	ARGVAVDWYFDL	9bj4_DE_agB_m0
7r8n_HL_agA_m0	AREGDVEGFSDLWRDRSYGSYYFDY	7r8n_HL_agA_m0
7r8n_MN_agE_m0	AREGDVEGFSDLWRDRSYGSYYFDY	7r8n_HL_agA_m0
7r8n_OP_agB_m0	AREGDVEGFSDLWRDRSYGSYYFDY	7r8n_HL_agA_m0
7r8o_HL_agB_m0	ARREAYGPRDYYYYYGMDV	7r8o_HL_agB_m0
7r8o_MN_agE_m0	ARREAYGPRDYYYYYGMDV	7r8o_HL_agB_m0
7r8o_OP_agA_m0	ARREAYGPRDYYYYYGMDV	7r8o_HL_agB_m0
7r8u_HL_agA _ B_m0	ALVWGTQGKGVYYDWGRYGMDV	7r8u_HL_agA _ B_m0
7r98_DNA_agA_m0	ASGRYLGGITQSYSGDFAP	7r98_DNA_agA_m0
7r98_ENA_agB_m0	ASGRYLGGITQSYSGDFAP	7r98_DNA_agA_m0
7r98_FNA_agC_m0	ASGRYLGGITQSYSGDFAP	7r98_DNA_agA_m0
7r9d_HL_agNA_m0	ARRPLYDGGYDYPMDY	7r9d_HL_agNA_m0
7r9d_NNA_agNA_m0	AAAY	7r9d_NNA_agNA_m0
7ra3_Ee_agA_m0	VRSIYYYSGSPFDF	6crk_Hh_agA _ B _ G_m0
7ra3_NNA_agB_m0	ARCPAPFTRDCSTVDFTTYAY	6oya_NNA_agA _ B_m0
7ra7_AB_agNA_m0	ARFSDTGPYDGLGNL	6x97_EF_agC_m0
7ra7_HL_agNA_m0	ARFSDTGPYDGLGNL	6x97_EF_agC_m0
7ra8_CD_agB_m0	ARGFNGNYYGDDGWDAFDI	7m7w_AB_agS_m0
7ra8_FG_agE_m0	ARGFNGNYYGDDGWDAFDI	7m7w_AB_agS_m0
7ra8_HL_agA_m0	ARGFNGNYYGDDGWDAFDI	7m7w_AB_agS_m0
7rah_BA_agE_m0	AREIMRGGGYYFDY	7rah_BA_agE_m0
7rah_DC_agE_m0	ARGLNYGSHQSWYFDV	7rah_DC_agE_m0
7rai_HL_agA_m0	ARLQCAGFSCSDMEGPFDL	7rai_HL_agA_m0
7rai_IM_agC_m0	ARLQCAGFSCSDMEGPFDL	7rai_HL_agA_m0
7rai_JN_agE_m0	ARLQCAGFSCSDMEGPFDL	7rai_HL_agA_m0
7raj_HL_agA_m0	ALLTVITDPDAFDI	7lkg_AB_agC_m0
7ral_HL_agB_m0	ARGFNGNYYGDDGWDAFDI	7m7w_AB_agS_m0
7ran_Ee_agB _ C_m0	VRSIYYYSGSPFDF	6crk_Hh_agA _ B _ G_m0
7raq_HL_agP_m0	ARLPQYCSNQCVGRWFDP	7nab_AB_agD_m0
7rbt_Ee_agA_m0	VRSIYYYSGSPFDF	6crk_Hh_agA _ B _ G_m0
7rbt_NNA_agA _ B_m0	ARCPAPFTRDCSTVDFTTYAY	6oya_NNA_agA _ B_m0
7rbu_HL_agB_m0	ARCRPEYYFGYSGSLDFDY	7rbu_HL_agB_m0
7rbv_HL_agB _ C_m0	ARCRPEYYFGYSGSLDFDY	7rbu_HL_agB_m0
7rbv_hl_agA_m0	ARCRPEYYFGYSGSLDFDY	7rbu_HL_agB_m0
7rby_BNA_agA_m0	AAVPSTYYSGTYPHCTYYGGMDY	7rby_BNA_agA_m0
7rby_DNA_agC_m0	AAVPSTYYSGTYPHCTYYGGMDY	7rby_BNA_agA_m0
7rco_DC_agB_m0	ARHMQVGGAPMSGTAAFDP	6xm2_BA_agL_m0
7rco_FE_agA_m0	ARHMQVGGAPMSGTAAFDP	6xm2_BA_agL_m0
7rcs_AB_agD_m0	ALLTVITDPDAFDI	7lkg_AB_agC_m0
7rcs_HL_agC_m0	ALLTVITDPDAFDI	7lkg_AB_agC_m0
7rd3_AB_agC_m0	ALLTVITDSDAFDI	7rd3_AB_agC_m0
7rd3_HL_agD_m0	ALLTVITDSDAFDI	7rd3_AB_agC_m0
7rd4_AB_agI_m0	ALLTVITDPDAFDI	7lkg_AB_agC_m0
7rd4_HL_agG_m0	ALLTVITDPDAFDI	7lkg_AB_agC_m0
7rd5_BA_agF_m0	VRRYDYDGFAF	7rd5_BA_agF_m0
7rd5_DC_agE_m0	VRRYDYDGFAF	7rd5_BA_agF_m0
7rd9_HL_agC_m0	ALLTVITDPDAFDI	7lkg_AB_agC_m0
7rda_HL_agC_m0	ALLTVITDPDAFDI	7lkg_AB_agC_m0
7rdj_BA_agNA_m0	ARGGPKVYYEYNVYGSWNCFDP	7rdj_BA_agNA_m0
7rdk_BA_agNA_m0	ARGGPKVYYEYNVYGSWNCFDP	7rdj_BA_agNA_m0
7rdl_BA_agNA_m0	ARGGRKVYHPYNVYGTWNCFDP	7rdm_BA_agC_m0
7rdl_DC_agNA_m0	ARGGRKVYHPYNVYGTWNCFDP	7rdm_BA_agC_m0
7rdm_BA_agC_m0	ARGGRKVYHAYNVYGTWNCFDP	7rdm_BA_agC_m0
7rdw_GI_agN_m0	ARWDWGQYWFFDL	7rdw_GI_agN_m0
7rdw_HL_agM_m0	ARWDWGQYWFFDL	7rdw_GI_agN_m0
7rdw_QR_agC_m0	ARWDWGQYWFFDL	7rdw_GI_agN_m0
7rdw_UV_agD_m0	ARWDWGQYWFFDL	7rdw_GI_agN_m0
7re7_HL_agA _ C_m0	ARYYVSLVDI	7re7_HL_agA _ C_m0
7re7_IJ_agNA_m0	ARYYVSLVDI	7re7_HL_agA _ C_m0
7re9_AB_agNA_m0	ARYYVSLVDI	7re7_HL_agA _ C_m0
7re9_HL_agNA_m0	ARYYVSLVDI	7re7_HL_agA _ C_m0
7rew_AB_agG_m0	VQDGLGPYNYFYGMDV	7rew_AB_agG_m0
7rew_HL_agI_m0	VQDGLGPYNYFYGMDV	7rew_AB_agG_m0
7rfb_AB_agC_m0	AKDGVGWSGHWQSPGSGVDV	7rfb_AB_agC_m0
7rfb_HL_agD_m0	AKDGVGWSGHWQSPGSGVDV	7rfb_AB_agC_m0
7rfc_AB_agC_m0	VRWSFGDYGLFLTEGDY	7rfc_AB_agC_m0
7rfc_HL_agD_m0	VRWSFGDYGLFLTEGDY	7rfc_AB_agC_m0
7rfp_HL_agA_m0	ARHDLSFDY	7rfp_HL_agA_m0
7rfp_IM_agB_m0	ARHDLSFDY	7rfp_HL_agA_m0
7rg7_ANA_agA_m0	AADDNYVTARWSSGPDY	3qxt_ANA_agA_m0
7rg9_Ee_agA _ B_m0	VRSIYYYSGSPFDF	6crk_Hh_agA _ B _ G_m0
7rg9_NNA_agA_m0	ARCPAPFTRDCSTVDFTTYAY	6oya_NNA_agA _ B_m0
7rga_ANA_agA_m0	AADDNYVTARWSSGPDY	3qxt_ANA_agA_m0
7rga_BNA_agB_m0	AADDNYVTARWSSGPDY	3qxt_ANA_agA_m0
7rga_CNA_agC_m0	AADDNYVTARWSSGPDY	3qxt_ANA_agA_m0
7rga_DNA_agD_m0	AADDNYVTARWSSGPDY	3qxt_ANA_agA_m0
7rga_ENA_agE_m0	AADDNYVTARWSSGPDY	3qxt_ANA_agA_m0
7rga_FNA_agF_m0	AADDNYVTARWSSGPDY	3qxt_ANA_agA_m0
7rga_GNA_agG_m0	AADDNYVTARWSSGPDY	3qxt_ANA_agA_m0
7rgp_Ee_agA_m0	VRSIYYYSGSPFDF	6crk_Hh_agA _ B _ G_m0
7rgp_NNA_agA _ B_m0	ARCPAPFTRDCSTVDFTTYAY	6oya_NNA_agA _ B_m0
7ri1_BNA_agA_m0	ARSKSTYISSNYNGYDY	7lpn_DNA_agC_m0
7ri2_BNA_agA_m0	AAKWRPLRYSNSPYDSDYYD	3r0m_ANA_ag_m0
7rk1_Cc_agA_m0	ATFYDGYDY	7rk1_Cc_agA_m0
7rk1_Dd_agB_m0	ATFYDGYDY	7rk1_Cc_agA_m0
7rk2_Cc_agB_m0	ARNSLLDAMDY	7rk2_Cc_agB_m0
7rk2_Dd_agA_m0	ARNSLLDAMDY	7rk2_Cc_agB_m0
7rkf_Dd_agA _ B_m0	VRSIYYYSGSPFDF	6crk_Hh_agA _ B _ G_m0
7rkm_Dd_agA _ B_m0	VRSIYYYSGSPFDF	6crk_Hh_agA _ B _ G_m0
7rkn_Dd_agA _ B_m0	VRSIYYYSGSPFDF	6crk_Hh_agA _ B _ G_m0
7rks_HL_agR_m0	ASGYTGYDYFYDGRVYGLDV	7rks_HL_agR_m0
7rks_IM_agS_m0	ASGYTGYDYFYDGRVYGLDV	7rks_HL_agR_m0
7rku_EF_agNA_m0	ARHAAAYYDRSIFYYGEYFQH	7rku_EF_agNA_m0
7rku_GI_agA _ D_m0	ARHAAAYYDRSIFYYGEYFQH	7rku_EF_agNA_m0
7rku_HL_agNA_m0	ARHAAAYYDRSIFYYGEYFQH	7rku_EF_agNA_m0
7rku_JK_agB _ C_m0	ARHAAAYYDRSIFYYGEYFQH	7rku_EF_agNA_m0
7rkv_DH_agB_m0	ASGYTGYDYFYDGRVYGLDV	7rks_HL_agR_m0
7rkv_EF_agA_m0	ASGYTGYDYFYDGRVYGLDV	7rks_HL_agR_m0
7rkv_GL_agC_m0	ASGYTGYDYFYDGRVYGLDV	7rks_HL_agR_m0
7rkx_Dd_agA _ B_m0	VRSIYYYSGSPFDF	6crk_Hh_agA _ B _ G_m0
7rky_Dd_agA _ B_m0	VRSIYYYSGSPFDF	6crk_Hh_agA _ B _ G_m0
7rlv_AB_agP_m0	AREGHWDDGWYFDV	7rlv_AB_agP_m0
7rlv_CD_agR_m0	AREGHWDDGWYFDV	7rlv_AB_agP_m0
7rlv_EF_agQ_m0	AREGHWDDGWYFDV	7rlv_AB_agP_m0
7rlw_AB_agP_m0	AREGHWDDGWYFDV	7rlv_AB_agP_m0
7rlw_CD_agR_m0	AREGHWDDGWYFDV	7rlv_AB_agP_m0
7rlx_AB_agP_m0	AREGHWDDGWYFDV	7rlv_AB_agP_m0
7rly_AB_agQ_m0	AREGHWDDGWYFDV	7rlv_AB_agP_m0
7rly_CD_agP_m0	AREGHWDDGWYFDV	7rlv_AB_agP_m0
7rly_EF_agR_m0	AREGHWDDGWYFDV	7rlv_AB_agP_m0
7rlz_AB_agP_m0	AREGHWDDGWYFDV	7rlv_AB_agP_m0
7rlz_DC_agR_m0	AREGHWDDGWYFDV	7rlv_AB_agP_m0
7rm0_AB_agP_m0	ARWANCGCAMDY	7rm0_AB_agP_m0
7rm0_CD_agQ_m0	ARWANCGCAMDY	7rm0_AB_agP_m0
7rm0_EF_agR_m0	ARWANCGCAMDY	7rm0_AB_agP_m0
7rm0_GH_agS_m0	ARWANCGCAMDY	7rm0_AB_agP_m0
7rm1_AB_agP_m0	ARWANCGCAMDY	7rm0_AB_agP_m0
7rm1_CD_agP_m0	ARWANCGCAMDY	7rm0_AB_agP_m0
7rm3_AB_agQ_m0	ARWANCGCAMDY	7rm0_AB_agP_m0
7rm3_CD_agP_m0	ARWANCGCAMDY	7rm0_AB_agP_m0
7rmg_NNA_agA _ B_m0	ARCPAPFTCFSTVDTTYAY	7rmg_NNA_agA _ B_m0
7rmh_NNA_agA _ B_m0	ARCPAPFTCFSTVDTTYAY	7rmg_NNA_agA _ B_m0
7rmi_NNA_agA _ B_m0	ARCPAPFTCFSTVDTTYAY	7rmg_NNA_agA _ B_m0
7rnj_HL_agB_m0	ARGSPKGAFDY	7rnj_HL_agB_m0
7rnn_CNA_agD_m0	NARYRSSYP	7rnn_CNA_agD_m0
7rp0_AB_agC_m0	ARERGDGYFAV	1k4c_AB_agC_m0
7rp2_HI_agA_m0	ARGSSSWYLDGPFDY	7mdp_HI_agA_m0
7rp3_HI_agA_m0	ARGSSSWYLDGPFDY	7mdp_HI_agA_m0
7rpt_AB_agNA_m0	ARGSTGGY	7rpt_AB_agNA_m0
7rpt_CD_agNA_m0	ARGSTGGY	7rpt_AB_agNA_m0
7rpt_EF_agNA_m0	ARGSTGGY	7rpt_AB_agNA_m0
7rpt_GH_agNA_m0	ARGSTGGY	7rpt_AB_agNA_m0
7rpu_AB_agP_m0	ARGSTGGY	7rpt_AB_agNA_m0
7rq6_DE_agB_m0	AREYSSSYFYYYYMDV	7rq6_DE_agB_m0
7rq6_HL_agA_m0	AREYSSSYFYYYYMDV	7rq6_DE_agB_m0
7rq6_JK_agC_m0	AREYSSSYFYYYYMDV	7rq6_DE_agB_m0
7rqp_AB_agNA_m0	HRNFYDGSGPFDY	7rqp_AB_agNA_m0
7rqq_HL_agP_m0	HRNYYDSSGPFDY	7rqq_HL_agP_m0
7rqr_AB_agC_m0	HRNFYDGSGPFDY	7rqp_AB_agNA_m0
7rqr_HL_agP_m0	HRNFYDGSGPFDY	7rqp_AB_agNA_m0
7rr0_BC_agA_m0	AAPNCSRTYCLDGFNM	7rr0_BC_agA_m0
7rsn_EJ_agC_m0	ARQKFYTGGQGWYFDL	3j5m_DC_agA_m0
7rsn_FK_agG_m0	ARQKFYTGGQGWYFDL	3j5m_DC_agA_m0
7rsn_HL_agA_m0	ARQKFYTGGQGWYFDL	3j5m_DC_agA_m0
7rso_GJ_agC_m0	ARQKFYTGGQGWYFDL	3j5m_DC_agA_m0
7rso_HL_agA_m0	ARQKFYTGGQGWYFDL	3j5m_DC_agA_m0
7rso_IK_agD_m0	ARQKFYTGGQGWYFDL	3j5m_DC_agA_m0
7rt9_AB_agY_m0	ASFAY	7rt9_AB_agY_m0
7rt9_CD_agZ_m0	ASFAY	7rt9_AB_agY_m0
7rta_HL_agN_m0	ASFAY	7rt9_AB_agY_m0
7rtb_NNA_agA _ B_m0	ARCPAPFTRDCSTVDFTTYAY	6oya_NNA_agA _ B_m0
7rth_BA_agNA_m0	ARGYQYWQYHANWYWSGGLDY	7php_HL_agNA_m0
7rth_DC_agNA_m0	ARGYQYWQYHANWYWSGGLDY	7php_HL_agNA_m0
7rth_FE_agNA_m0	ARGYQYWQYHANWYWSGGLDY	7php_HL_agNA_m0
7rth_HG_agNA_m0	ARGYQYWQYHANWYWSGGLDY	7php_HL_agNA_m0
7rth_JI_agNA_m0	ARGYQYWQYHANWYWSGGLDY	7php_HL_agNA_m0
7rth_LK_agNA_m0	ARGYQYWQYHANWYWSGGLDY	7php_HL_agNA_m0
7rth_NM_agNA_m0	ARGYQYWQYHANWYWSGGLDY	7php_HL_agNA_m0
7rth_PO_agNA_m0	ARGYQYWQYHANWYWSGGLDY	7php_HL_agNA_m0
7rth_RQ_agNA_m0	ARGYQYWQYHANWYWSGGLDY	7php_HL_agNA_m0
7rth_aNA_agNA_m0	GATRKYVPVRQDLAFSSYDY	6jb2_ANA_agB_m0
7rth_cNA_agNA_m0	GATRKYVPVRQDLAFSSYDY	6jb2_ANA_agB_m0
7rth_eNA_agNA_m0	GATRKYVPVRQDLAFSSYDY	6jb2_ANA_agB_m0
7rth_gNA_agNA_m0	GATRKYVPVRQDLAFSSYDY	6jb2_ANA_agB_m0
7rth_iNA_agNA_m0	GATRKYVPVRQDLAFSSYDY	6jb2_ANA_agB_m0
7rth_kNA_agNA_m0	GATRKYVPVRQDLAFSSYDY	6jb2_ANA_agB_m0
7rth_mNA_agNA_m0	GATRKYVPVRQDLAFSSYDY	6jb2_ANA_agB_m0
7rth_oNA_agNA_m0	GATRKYVPVRQDLAFSSYDY	6jb2_ANA_agB_m0
7rth_qNA_agNA_m0	GATRKYVPVRQDLAFSSYDY	6jb2_ANA_agB_m0
7ru3_EF_agB_m0	ALRNQWDLLVY	7ru3_EF_agB_m0
7ru3_HL_agA_m0	ALRNQWDLLVY	7ru3_EF_agB_m0
7ru4_HL_agA_m0	ALRNQWDLLVY	7ru3_EF_agB_m0
7ru5_DE_agB_m0	ARDFRYCSSYCRTFWFDP	7ru5_DE_agB_m0
7ru5_HL_agA_m0	ARDFRYCSSYCRTFWFDP	7ru5_DE_agB_m0
7ru6_LNA_agA_m0	RYSWYGYSYGWSR	7ru6_LNA_agA_m0
7ru8_HL_agC_m0	ARDFRYCSSYCRTFWFDP	7ru5_DE_agB_m0
7rug_LNA_agA_m0	RYSWYGYSYGWSR	7ru6_LNA_agA_m0
7rw2_GJ_agB_m0	ARDREPHSDSSGYWYYYYKLSDYALDV	7rw2_GJ_agB_m0
7rw2_HL_agA_m0	ARDREPHSDSSGYWYYYYKLSDYALDV	7rw2_GJ_agB_m0
7rw2_IK_agC_m0	ARDREPHSDSSGYWYYYYKLSDYALDV	7rw2_GJ_agB_m0
7rxc_HL_agB_m0	ARRPLYDGGYDYPMDY	7r9d_HL_agNA_m0
7rxc_NNA_agK_m0	NVKDEGDSFYWYDY	6i6j_CNA_agA_m0
7rxd_HL_agB_m0	ARRPLYDGGYDYPMDY	7r9d_HL_agNA_m0
7rxd_NNA_agR_m0	NVKDVGHYHEYYDY	7kgj_BNA_agA_m0
7rxi_HL_agA_m0	ARARGFIQHFYYMDV	7rxi_HL_agA_m0
7rxj_AB_agG_m0	ARGGSLHPSAGADWIDP	7rxj_AB_agG_m0
7rxj_HL_agI_m0	ARGGSLHPSAGADWIDP	7rxj_AB_agG_m0
7rxl_CD_agF_m0	ARRAGGFADYYFDY	7rxl_CD_agF_m0
7rxl_HL_agE_m0	ARRAGGFADYYFDY	7rxl_CD_agF_m0
7rxp_HL_agA_m0	ATDDNILGHCRSKYYNRQCSHGMDV	7rxp_HL_agA_m0
7ryc_Ee_agD _ C_m0	VRSIYYYSGSPFDF	6crk_Hh_agA _ B _ G_m0
7ryu_HL_agNA_m0	ARRDTDFWIGRYVFEF	7ryu_HL_agNA_m0
7ryv_EF_agNA_m0	ARVGDRFGGSYAMDV	7ryv_EF_agNA_m0
7ryv_HL_agNA_m0	ARVGDRFGGSYAMDV	7ryv_EF_agNA_m0
7ryv_IJ_agNA_m0	ARVGDRFGGSYAMDV	7ryv_EF_agNA_m0
7ryv_PQ_agNA_m0	ARVGDRFGGSYAMDV	7ryv_EF_agNA_m0
7s07_HL_agA_m0	ARVGYYDLWSNGSYGWYIDV	7s07_HL_agA_m0
7s07_XY_agA _ B_m0	AREAGGFHSHFDM	7s07_XY_agA _ B_m0
7s08_AB_agNA_m0	AREGAPRWALSPRKNWFDP	7s08_AB_agNA_m0
7s08_HL_agNA_m0	AREGAPRWALSPRKNWFDP	7s08_AB_agNA_m0
7s0b_AB_agF_m0	ARDLWGSFGFAFDV	7s0b_AB_agF_m0
7s0b_CD_agE_m0	ARDLWGSFGFAFDV	7s0b_AB_agF_m0
7s0c_HL_agA_m0	ARGRDLAAKTFTAFDV	7s0c_HL_agA_m0
7s0c_MN_agB_m0	ARGRDLAAKTFTAFDV	7s0c_HL_agA_m0
7s0d_HL_agC_m0	ARDRWASWGLAFDV	7s0d_HL_agC_m0
7s0d_MN_agA_m0	ARDRWASWGLAFDV	7s0d_HL_agC_m0
7s0d_OP_agB_m0	ARDRWASWGLAFDV	7s0d_HL_agC_m0
7s0e_HL_agA_m0	ARDRDHADYWGFDV	7s0e_HL_agA_m0
7s0j_HL_agNA_m0	ARVGYYDLWSNGSYGWYIDV	7s07_HL_agA_m0
7s0x_CD_agF_m0	ARGMGIAVRRFDY	7s0x_CD_agF_m0
7s0x_HL_agE_m0	ARGMGIAVRRFDY	7s0x_CD_agF_m0
7s11_HL_agC_m0	ARNFPYPGINFD	7s11_HL_agC_m0
7s11_IM_agD_m0	ARNFPYPGINFD	7s11_HL_agC_m0
7s11_JN_agE_m0	ARNFPYPGINFD	7s11_HL_agC_m0
7s11_KO_agF_m0	ARNFPYPGINFD	7s11_HL_agC_m0
7s13_HL_agD_m0	ASRDYPGFAY	7s13_HL_agD_m0
7s13_IM_agC_m0	ASRDYPGFAY	7s13_HL_agD_m0
7s1b_HL_agA_m0	AREGAPRWALSPRKNWFDP	7s08_AB_agNA_m0
7s1b_XY_agA _ B_m0	AREAGGFHSHFDM	7s07_XY_agA _ B_m0
7s1m_NNA_agA _ B _ G_m0	ARCPAPFTRDCSTVDFTTYAY	6oya_NNA_agA _ B_m0
7s2r_BNA_agA_m0	AADDRTWLPRVQERPGGLNEYNY	7s2r_BNA_agA_m0
7s2s_ANA_agD_m0	AAASPGRCFLPPELATRALYYN	7s2s_ANA_agD_m0
7s2s_CNA_agB_m0	AAASPGRCFLPPELATRALYYN	7s2s_ANA_agD_m0
7s3i_NNA_agA _ B _ G_m0	ARCPAPFTRDCSTVDFTTYAY	6oya_NNA_agA _ B_m0
7s3m_HL_agA_m0	TRVRGNDYGHRAMDY	7s3m_HL_agA_m0
7s3n_HL_agA_m0	TRVRGNDYGHRAMDY	7s3m_HL_agA_m0
7s4g_AB_agK_m0	GRRNFDY	7s4g_AB_agK_m0
7s4g_CD_agG_m0	GRRNFDY	7s4g_AB_agK_m0
7s4g_EF_agI_m0	GRRNFDY	7s4g_AB_agK_m0
7s4g_HL_agJ_m0	GRRNFDY	7s4g_AB_agK_m0
7s4s_HL_agA_m0	ARDLEVAGAIDY	7s4s_HL_agA_m0
7s5p_HL_agA_m0	ARGTAMAYGMDV	7s5p_HL_agA_m0
7s5q_BC_agA_m0	AAPYCSGGHCTDGFDI	7s5q_BC_agA_m0
7s5q_HL_agA_m0	ARPPRNYYDRSARQYYGEYFQH	7jmw_HL_agA_m0
7s5r_BC_agA_m0	AAPYCSSTYCNDAFDI	7s5r_BC_agA_m0
7s5r_HL_agA_m0	ARPPRNYYDRSARQYYGEYFQH	7jmw_HL_agA_m0
7s6c_EG_agA_m0	TRGGTLFDY	6c9u_HL_agA_m0
7s6c_HF_agB_m0	TRGGTLFDY	6c9u_HL_agA_m0
7s6d_DF_agB_m0	TRGGTLFDY	6c9u_HL_agA_m0
7s6d_EG_agA_m0	TRGGTLFDY	6c9u_HL_agA_m0
7s6j_CD_agB_m0	ARRAIDSDTQEVYSHFDY	7s6j_CD_agB_m0
7s6j_FG_agE_m0	ARRAIDSDTQEVYSHFDY	7s6j_CD_agB_m0
7s6j_HL_agA_m0	ARRAIDSDTQEVYSHFDY	7s6j_CD_agB_m0
7s6k_CD_agB_m0	ARRAIDSDTQEVYSHFDY	7s6j_CD_agB_m0
7s6k_FG_agE_m0	ARRAIDSDTQEVYSHFDY	7s6j_CD_agB_m0
7s6k_HL_agA_m0	ARRAIDSDTQEVYSHFDY	7s6j_CD_agB_m0
7s6l_HL_agA_m0	ARRAIDSDTQEVYSHFDY	7s6j_CD_agB_m0
7s7i_HL_agA_m0	ARWGYGSGGFDY	7s7i_HL_agA_m0
7s7i_IM_agB_m0	ARWGYGSGGFDY	7s7i_HL_agA_m0
7s7i_JN_agC_m0	ARWGYGSGGFDY	7s7i_HL_agA_m0
7s7i_UV_agD_m0	ARWGYGSGGFDY	7s7i_HL_agA_m0
7s7i_WX_agE_m0	ARWGYGSGGFDY	7s7i_HL_agA_m0
7s7i_YZ_agF_m0	ARWGYGSGGFDY	7s7i_HL_agA_m0
7s7r_BNA_agA_m0	AADHALVGVGTYNY	7s7r_BNA_agA_m0
7s83_ANA_agC_m0	KVYWGNSWQDGPCFKLGSYE	7s83_ANA_agC_m0
7s83_BNA_agC_m0	NAWDSWETRKLQCDYDV	7s83_BNA_agC_m0
7s8g_HL_agNA_m0	AREIRRATSWSADL	7s8g_HL_agNA_m0
7s8g_hl_agNA_m0	AREIRRATSWSADL	7s8g_HL_agNA_m0
7s8h_BC_agA_m0	GRRQIMSLSKYLNRPVDS	7s8h_BC_agA_m0
7s8h_HL_aga_m0	ARSLHSTSPQSYMDV	7ul7_ED_agc_m0
7s8l_Ee_agB _ C_m0	VRSIYYYSGSPFDF	6crk_Hh_agA _ B _ G_m0
7s8m_Ee_agB _ C_m0	VRSIYYYSGSPFDF	6crk_Hh_agA _ B _ G_m0
7s8n_Ee_agB _ C_m0	VRSIYYYSGSPFDF	6crk_Hh_agA _ B _ G_m0
7s8o_Ee_agB _ C_m0	VRSIYYYSGSPFDF	6crk_Hh_agA _ B _ G_m0
7s8p_Ee_agB _ C_m0	VRSIYYYSGSPFDF	6crk_Hh_agA _ B _ G_m0
7sa6_HL_agA_m0	ARYLKYDGTSYRFDY	5t5f_HL_agA_m0
7sah_BNA_agNA_m0	SARSRGYVLSVSRLVDSYDY	6lr7_BNA_agA_m0
7sai_CNA_agA_m0	TARSRGFVLSVSRLDDSFDY	7sai_CNA_agA_m0
7saj_BNA_agA_m0	AAAKSGTWWYESRQNDFGS	6ir2_BNA_agA_m0
7saj_DNA_agC_m0	AAAKSGTWWYESRQNDFGS	6ir2_BNA_agA_m0
7saj_FNA_agE_m0	AAAKSGTWWYESRQNDFGS	6ir2_BNA_agA_m0
7saj_HNA_agG_m0	AAAKSGTWWYESRQNDFGS	6ir2_BNA_agA_m0
7saj_JNA_agI_m0	AAAKSGTWWYESRQNDFGS	6ir2_BNA_agA_m0
7sak_BNA_agA_m0	AANLGNYISQNSRLYGY	6ir1_BNA_agA_m0
7sal_CNA_agNA_m0	AAGDFHSCRAYKSCDY	7sal_CNA_agNA_m0
7sal_DNA_agNA_m0	AAGDFHSCRAYKSCDY	7sal_CNA_agNA_m0
7sbd_HL_agC_m0	VRHVGDY	7sbd_HL_agC_m0
7sbf_Ee_agA _ B_m0	VRSIYYYSGSPFDF	6crk_Hh_agA _ B _ G_m0
7sbg_HL_agC_m0	VRHVGDY	7sbd_HL_agC_m0
7sbu_HL_agA_m0	ARRAIDSDTQEVYSHFDY	7s6j_CD_agB_m0
7sbz_AB_agD_m0	ARYLKYDGTSYRFDY	5t5f_HL_agA_m0
7sbz_HL_agC_m0	ARYLKYDGTSYRFDY	5t5f_HL_agA_m0
7sc1_HL_agA_m0	ARDLYVFGMDV	7sc1_HL_agA_m0
7sc1_MN_agB_m0	ARDLYVFGMDV	7sc1_HL_agA_m0
7sc1_PQ_agC_m0	ARDLYVFGMDV	7sc1_HL_agA_m0
7scg_Ee_agA _ B_m0	VRSIYYYSGSPFDF	6crk_Hh_agA _ B _ G_m0
7scn_EF_agD _ C_m0	ATSRSMYYFYQLDV	7scn_EF_agD _ C_m0
7scn_HL_agB _ A_m0	ATSRSMYYFYQLDV	7scn_EF_agD _ C_m0
7scn_JK_agI _ G_m0	ATSRSMYYFYQLDV	7scn_EF_agD _ C_m0
7sco_EF_agD _ C_m0	AGSSGYYQPPPY	7sco_EF_agD _ C_m0
7sco_HL_agB _ A_m0	AGSSGYYQPPPY	7sco_EF_agD _ C_m0
7sco_JK_agI _ G_m0	AGSSGYYQPPPY	7sco_EF_agD _ C_m0
7sd2_AB_agNA_m0	VRHVGDY	7sbd_HL_agC_m0
7sd2_CD_agNA_m0	VRHVGDY	7sbd_HL_agC_m0
7sd2_HL_agNA_m0	VRHVGDY	7sbd_HL_agC_m0
7sd3_GH_agF _ E_m0	AREGTTGWGWIPKGLGAFAH	1tzg_HL_agP_m0
7sd3_IM_agD_m0	AREGTTGWGWIPKGLGAFAH	1tzg_HL_agP_m0
7sd3_KN_agB_m0	AREGTTGWGWIPKGLGAFAH	1tzg_HL_agP_m0
7sd5_HL_agA_m0	ARTFPSYYDRSNLYHYGYGMDV	7sd5_HL_agA_m0
7seg_AB_agD_m0	ARGSAYYYDFADY	7seg_AB_agD_m0
7seg_HL_agC_m0	ARGSAYYYDFADY	7seg_AB_agD_m0
7sem_BC_agF_m0	ARARATGYSTISPYFDI	7sem_BC_agF_m0
7sfv_MN_agB_m0	ATLQMDYGNGGDLDY	7sfv_MN_agB_m0
7sfv_OP_agE_m0	ATLQMDYGNGGDLDY	7sfv_MN_agB_m0
7sfv_QR_agH_m0	ATLQMDYGNGGDLDY	7sfv_MN_agB_m0
7sfv_ST_agK_m0	ATLQMDYGNGGDLDY	7sfv_MN_agB_m0
7sfw_MN_agB_m0	ATLQMDYGNGGDLDY	7sfv_MN_agB_m0
7sfw_OP_agE_m0	ATLQMDYGNGGDLDY	7sfv_MN_agB_m0
7sfw_QR_agH_m0	ATLQMDYGNGGDLDY	7sfv_MN_agB_m0
7sfw_ST_agK_m0	ATLQMDYGNGGDLDY	7sfv_MN_agB_m0
7sfx_AB_agE_m0	ARGNGNGGMDV	7sfx_AB_agE_m0
7sfx_CD_agF_m0	ARGNGNGGMDV	7sfx_AB_agE_m0
7sfx_GH_agNA_m0	ARGNGNGGMDV	7sfx_AB_agE_m0
7sfx_JK_agNA_m0	ARDV	7sfx_JK_agNA_m0
7sg4_HL_agA_m0	ARDVRVDDSWSGGGSLLDYTYFDY	7ld1_HL_agB_m0
7sg5_HL_agA_m0	ALLTVLTDPDAFDI	7lkg_AB_agC_m0
7sg6_HL_agA_m0	ALLTVLTDPDAFDI	7lkg_AB_agC_m0
7sgf_HL_agA _ a_m0	VKTYVSRFGYWRIYDYFDL	7sgf_HL_agA _ a_m0
7sgf_JK_agB _ b_m0	VKTYVSRFGYWRIYDYFDL	7sgf_HL_agA _ a_m0
7sgf_MN_agC _ c_m0	VKTYVSRFGYWRIYDYFDL	7sgf_HL_agA _ a_m0
7sht_HL_agB_m0	AKGNNYFHGWHFAV	7sht_HL_agB_m0
7sht_JK_agD_m0	AKGNNYFHGWHFAV	7sht_HL_agB_m0
7shu_CD_agA_m0	AKGNNYFHGWHFAV	7sht_HL_agB_m0
7shu_EF_agB_m0	AKGNNYFHGWHFAV	7sht_HL_agB_m0
7shy_CD_agA_m0	ARGSHYFHGWHFAV	2xa8_HL_ag_m0
7shy_EF_agB_m0	ARGSHYFHGWHFAV	2xa8_HL_ag_m0
7shy_IJ_agG_m0	ARGSHYFHGWHFAV	2xa8_HL_ag_m0
7shy_KL_agH_m0	ARGSHYFHGWHFAV	2xa8_HL_ag_m0
7shz_CD_agA_m0	ARGSHYFHGWHFAV	2xa8_HL_ag_m0
7shz_EF_agB_m0	ARGSHYFHGWHFAV	2xa8_HL_ag_m0
7shz_IJ_agG_m0	ARGSHYFHGWHFAV	2xa8_HL_ag_m0
7shz_KL_agH_m0	ARGSHYFHGWHFAV	2xa8_HL_ag_m0
7si0_CD_agA_m0	ARGSHYFHGWHFAV	2xa8_HL_ag_m0
7si0_EF_agB_m0	ARGSHYFHGWHFAV	2xa8_HL_ag_m0
7si0_IJ_agG_m0	ARGSHYFHGWHFAV	2xa8_HL_ag_m0
7si0_KL_agH_m0	ARGSHYFHGWHFAV	2xa8_HL_ag_m0
7si2_ED_agB_m0	VKDGEQLVPLFDY	7si2_ED_agB_m0
7si2_GF_agC_m0	VKDGEQLVPLFDY	7si2_ED_agB_m0
7si2_HL_agA_m0	VKDGEQLVPLFDY	7si2_ED_agB_m0
7sj0_BL_agA_m0	ATGSPFDRQTNWFDP	7sj0_BL_agA_m0
7sjm_HL_agNA_m0	TRGYDYDYALDY	7sjm_HL_agNA_m0
7sjn_DE_agB_m0	TRGYDYDYALDY	7sjm_HL_agNA_m0
7sjn_FG_agC_m0	TRGYDYDYALDY	7sjm_HL_agNA_m0
7sjn_HL_agA_m0	TRGYDYDYALDY	7sjm_HL_agNA_m0
7sjo_EF_agC_m0	TRGYDYDYALDY	7sjm_HL_agNA_m0
7sjo_HL_agA_m0	TRGYDYDYALDY	7sjm_HL_agNA_m0
7sjo_IJ_agB_m0	TRGYDYDYALDY	7sjm_HL_agNA_m0
7sjp_HL_agE_m0	TRGYDYDYALDY	7sjm_HL_agNA_m0
7sjs_HL_agC_m0	AITMAPVV	7sjs_HL_agC_m0
7sk3_DC_agB_m0	ARVYPWWYYHYYKGALDY	7sk3_DC_agB_m0
7sk3_FE_agA_m0	ARVSYWDWTWYKSWGEGMDY	7sk3_FE_agA_m0
7sk4_DC_agB_m0	ARVYPWWYYHYYKGALDY	7sk3_DC_agB_m0
7sk4_FE_agA_m0	ARVSYWDWTWYKSWGEGMDY	7sk3_FE_agA_m0
7sk5_FE_agA_m0	ARVSYWDWTWYKSWGEGMDY	7sk3_FE_agA_m0
7sk5_KNA_agNA_m0	AIDSDTFSYGSYDY	6ww2_KNA_agNA_m0
7sk6_FE_agA_m0	ARVSYWDWTWYKSWGEGMDY	7sk3_FE_agA_m0
7sk7_DC_agB _ A_m0	ARVYPWWYYHYYKGALDY	7sk3_DC_agB_m0
7sk7_KNA_agNA_m0	AIDSDTFSYGSYDY	6ww2_KNA_agNA_m0
7sk8_DC_agB_m0	ARVYPWWYYHYYKGALDY	7sk3_DC_agB_m0
7sk8_FE_agA_m0	ARVSYWDWTWYKSWGEGMDY	7sk3_FE_agA_m0
7sk9_FE_agA_m0	ARVSYWDWTWYKSWGEGMDY	7sk3_FE_agA_m0
7skz_HL_agA_m0	VKNSDVFRHPFLYFDV	7skz_HL_agA_m0
7sl5_AB_agC_m0	VKGLDVLRFLDLSLREGSPTDAFDI	7sl5_AB_agC_m0
7sl5_DE_agF_m0	VKGLDVLRFLDLSLREGSPTDAFDI	7sl5_AB_agC_m0
7sl5_GH_agI_m0	VKGLDVLRFLDLSLREGSPTDAFDI	7sl5_AB_agC_m0
7sl5_JK_agL_m0	VKGLDVLRFLDLSLREGSPTDAFDI	7sl5_AB_agC_m0
7sl8_BNA_agA_m0	AVRYTPWRRYSY	7sl8_BNA_agA_m0
7sl9_BNA_agA_m0	AVEYKYGPSRQDTYYY	7sl9_BNA_agA_m0
7sla_BNA_agA_m0	AVRYTPWRRYSY	7sl8_BNA_agA_m0
7sn1_HL_agNA_m0	ARDLAYRDWVYRYFDL	7sn1_HL_agNA_m0
7sn2_HL_agA_m0	ARDLAYRDWVYRYFDL	7sn1_HL_agNA_m0
7sn3_DNA_agA_m0	ARDLAYRDWVYRYFDL	7sn1_HL_agNA_m0
7sn3_FG_agB_m0	ARDLAYRDWVYRYFDL	7sn1_HL_agNA_m0
7sn3_HL_agC_m0	ARDLAYRDWVYRYFDL	7sn1_HL_agNA_m0
7so5_HL_agA_m0	SGGRRAAVGHRTFAI	7so5_HL_agA_m0
7so7_HL_agA_m0	LRGYDVDY	7so7_HL_agA_m0
7so7_XY_agB_m0	LRGYDVDY	7so7_HL_agA_m0
7so9_CB_agA_m0	ANLKDSRYGSSYYDY	7n8h_CB_agA_m0
7so9_ED_agA_m0	ARAAPFYDFYGSWSYFDY	7k43_CD_agB_m0
7so9_HG_agF_m0	ARAAPFYDFYGSWSYFDY	7k43_CD_agB_m0
7so9_JI_agF_m0	ANLKDSRYGSSYYDY	7n8h_CB_agA_m0
7so9_ML_agK_m0	ARAAPFYDFYGSWSYFDY	7k43_CD_agB_m0
7so9_ON_agK_m0	ANLKDSRYGSSYYDY	7n8h_CB_agA_m0
7soa_HL_agA_m0	ANLKDSRYGSSYYDY	7n8h_CB_agA_m0
7sob_CB_agA_m0	ANLKDSRYGSSYYDY	7n8h_CB_agA_m0
7sob_FE_agD_m0	ANLKDSRYGSSYYDY	7n8h_CB_agA_m0
7sob_GI_agA_m0	ARDYTRGAWFILSEGGGFDN	6wps_CD_agB_m0
7sob_HJ_agD_m0	ARDYTRGAWFILSEGGGFDN	6wps_CD_agB_m0
7sob_ML_agK_m0	ANLKDSRYGSSYYDY	7n8h_CB_agA_m0
7sob_NO_agK_m0	ARDYTRGAWFILSEGGGFDN	6wps_CD_agB_m0
7soc_HL_agA_m0	ARDYTRGAWFILSEGGGFDN	6wps_CD_agB_m0
7sod_HL_agA_m0	ANLKDSRYGSSYYDY	7n8h_CB_agA_m0
7soe_BL_agA_m0	AHVLVWFGEPLVDAFDV	7soe_BL_agA_m0
7soe_ED_agC_m0	AHVLVWFGEPLVDAFDV	7soe_BL_agA_m0
7soe_HG_agF_m0	AHVLVWFGEPLVDAFDV	7soe_BL_agA_m0
7sof_HL_agA_m0	AHVLVWFGEPLVDAFDV	7soe_BL_agA_m0
7sp6_BNA_agA_m0	AARRYGGTDTTTYGSYDY	7sp6_BNA_agA_m0
7sp6_CNA_agA_m0	ALRTARDSYYPNRTYTGYDY	7sp6_CNA_agA_m0
7sp7_BNA_agA_m0	AARRYGGTDTTTYGSYDY	7sp6_BNA_agA_m0
7sp7_CNA_agA_m0	ALRTARDSYYPNRTYTGYDY	7sp6_CNA_agA_m0
7sp8_BNA_agA_m0	AARRYGGTDTTTYGSYDY	7sp6_BNA_agA_m0
7sp8_CNA_agA_m0	ALRTARDSYYPNRTYTGYDY	7sp6_CNA_agA_m0
7sp9_BNA_agA_m0	AARRYGGTDTTTYGSYDY	7sp6_BNA_agA_m0
7sp9_CNA_agA_m0	ALRTARDSYYPNRTYTGYDY	7sp6_CNA_agA_m0
7spa_BNA_agA_m0	AARRYGGTDTTTYGSYDY	7sp6_BNA_agA_m0
7spa_CNA_agA_m0	ALRTARDSYYPNRTYTGYDY	7sp6_CNA_agA_m0
7spo_CNA_agA_m0	RAWSDTSQKPCHMKQEWAWEGHV	7spo_CNA_agA_m0
7spo_DNA_agB_m0	RAWSDTSQKPCHMKQEWAWEGHV	7spo_CNA_agA_m0
7spp_CNA_agA_m0	KALINTGKTCDMNFHY	7spp_CNA_agA_m0
7sq1_AI_agG_m0	TRPGYYGHYAMDY	7sq1_AI_agG_m0
7sq1_HL_agE_m0	TRPGYYGHYAMDY	7sq1_AI_agG_m0
7sqo_Ee_agA _ B _ G_m0	VRSIYYYSGSPFDF	6crk_Hh_agA _ B _ G_m0
7sqp_BNA_agA_m0	YGLSYSNDDY	7sqp_BNA_agA_m0
7sqp_DNA_agC_m0	YGLSYSNDDY	7sqp_BNA_agA_m0
7sqw_AB_agC_m0	ARERGDGYFAV	1k4c_AB_agC_m0
7sr0_BNA_agA_m0	YGLSYSNDDY	7sqp_BNA_agA_m0
7sr0_DNA_agC_m0	YGLSYSNDDY	7sqp_BNA_agA_m0
7sr3_BNA_agA_m0	YGLSYSNDDY	7sqp_BNA_agA_m0
7sr3_DNA_agC_m0	YGLSYSNDDY	7sqp_BNA_agA_m0
7sr4_BNA_agA_m0	YGLSYSNDDY	7sqp_BNA_agA_m0
7sr4_DNA_agC_m0	YGLSYSNDDY	7sqp_BNA_agA_m0
7sr5_BNA_agA_m0	YGLSYSNDDY	7sqp_BNA_agA_m0
7sr5_DNA_agC_m0	YGLSYSNDDY	7sqp_BNA_agA_m0
7sr8_Ee_agA _ B_m0	VRSIYYYSGSPFDF	6crk_Hh_agA _ B _ G_m0
7srk_BNA_agA_m0	YGLSYSNDDY	7sqp_BNA_agA_m0
7srk_DNA_agC_m0	YGLSYSNDDY	7sqp_BNA_agA_m0
7srr_Ee_agB _ C_m0	VRSIYYYSGSPFDF	6crk_Hh_agA _ B _ G_m0
7srs_HL_agC_m0	ARSRQFWYSGLDY	4jqi_HL_agA _ V_m0
7srs_QP_agR_m0	ARFGSFITTIYYTTLNPVDY	5tud_CB_agA_m0
7ssc_HL_agP_m0	ARDGRSVGSFGGILDP	7ssc_HL_agP_m0
7ssz_ENA_agA_m0	SSWRTGFYEY	7ssz_ENA_agA_m0
7ssz_FNA_agB_m0	SSWRTGFYEY	7ssz_ENA_agA_m0
7ssz_GNA_agC_m0	SSWRTGFYEY	7ssz_ENA_agA_m0
7ssz_HNA_agD_m0	SSWRTGFYEY	7ssz_ENA_agA_m0
7st5_HL_agA_m0	AREAGSSWYDFDL	7st5_HL_agA_m0
7st5_hl_agF_m0	AREAGSSWYDFDL	7st5_HL_agA_m0
7st8_HL_agS_m0	ARIPTDDYYALDH	7st8_HL_agS_m0
7stf_HL_agA _ C_m0	SRATNIPVYAFDY	7stf_HL_agA _ C_m0
7str_HL_agC_m0	ARIYDSSGHYYPVFDY	7str_HL_agC_m0
7sts_AB_agD_m0	ARDYYQLPMDV	7sts_AB_agD_m0
7sts_HL_agC_m0	ARDYYQLPMDV	7sts_AB_agD_m0
7stz_HL_agC_m0	ASSNYVLGYAMDY	6cxy_HL_agC_m0
7stz_IM_agD_m0	ASSNYVLGYAMDY	6cxy_HL_agC_m0
7su0_HL_agC_m0	ARTGWLGPFDY	7su1_HL_agC_m0
7su0_IM_agD_m0	ARTGWLGPFDY	7su1_HL_agC_m0
7su1_HL_agC_m0	ARHGWLGPFDY	7su1_HL_agC_m0
7sue_BA_agD_m0	ARGWEFGSGSYYYYDRYYAMDV	7sue_IG_agK_m0
7sue_FE_agJ_m0	ARGWEFGSGSYYYYYDTRYAMDV	7sue_FE_agJ_m0
7sue_HL_agC_m0	ARGWEFGSGSYYYYDRYYAMDV	7sue_IG_agK_m0
7sue_IG_agK_m0	ARGWEFGSGSYYYYRYYAMDV	7sue_IG_agK_m0
7swd_Gg_agF_m0	GRLYSGAPYGLDV	7swd_Gg_agF_m0
7swd_Hh_agD _ E_m0	GRLYSGAPYGLDV	7swd_Gg_agF_m0
7swd_Ii_agB_m0	GRLYSGAPYGLDV	7swd_Gg_agF_m0
7swd_JK_agA _ C_m0	AILGTFNWKGGSNYFGP	7n6p_AB_agNA_m0
7swn_HL_agA_m0	AAPYCSSTHCSDAFDI	7swn_HL_agA_m0
7swo_HL_agA_m0	ARDLVVFGMDV	7swo_HL_agA_m0
7swp_HL_agA_m0	ARGPPGYYDSSPTQYYGEYFQH	7swp_HL_agA_m0
7sww_HL_agA_m0	ARWDGYETLDY	7sww_HL_agA_m0
7swx_HL_agA_m0	ARWDGYETLDY	7sww_HL_agA_m0
7sx6_BC_agA_m0	ARGPSGENYPFHY	6oz3_HL_agG_m0
7sx6_HL_agG_m0	ARGPSGENYPFHY	6oz3_HL_agG_m0
7sx7_BC_agA_m0	ARGPSGENYPFHY	6oz3_HL_agG_m0
7sx7_HL_agG_m0	ARGPSGENYPFHY	6oz3_HL_agG_m0
7syy_HL_agA_m0	ARSGYYDLGKAMDY	7syy_HL_agA_m0
7syz_HL_agA_m0	ARSGYYDLGKAMDY	7syy_HL_agA_m0
7szu_HL_agR_m0	ARQGYRRRGSRGFDY	3ivk_AB_agC_m0
7t01_HL_agA_m0	AHGLFSSSWDGGLDV	7t01_HL_agA_m0
7t0f_HL_agL_m0	ARDHDGYYERFAY	4hgw_BA_agB_m0
7t0g_HL_agNA_m0	ARDHDGYYERFAY	4hgw_BA_agB_m0
7t0h_HL_agNA_m0	ARDHDGYYERFAY	4hgw_BA_agB_m0
7t0i_BA_agNA_m0	ARDHDGYYFAY	7t0i_BA_agNA_m0
7t0i_DC_agNA_m0	ARDHDGYYERFAY	4hgw_BA_agB_m0
7t0i_FE_agNA_m0	ARDHDFAY	7t0i_FE_agNA_m0
7t0i_HL_agNA_m0	ARDHDGYYEFAY	7t0i_HL_agNA_m0
7t0j_BA_agNA_m0	ARDHDGYYESY	7t0j_BA_agNA_m0
7t0j_DC_agNA_m0	ARDHDGYYERFSY	4hgw_BA_agB_m0
7t0j_FE_agNA_m0	ARDHDGYYERFSY	4hgw_BA_agB_m0
7t0j_HL_agNA_m0	ARDHDGYYERFSY	4hgw_BA_agB_m0
7t0k_BA_agNA_m0	ARDHDGYYERFSY	4hgw_BA_agB_m0
7t0k_DC_agNA_m0	ARDHDGYYERFSY	4hgw_BA_agB_m0
7t0k_FE_agNA_m0	ARDHDGYYERFSY	4hgw_BA_agB_m0
7t0k_HL_agNA_m0	ARDHDRFSY	7t0k_HL_agNA_m0
7t0l_GK_agE _ D_m0	ARTFTTSSTAWFAY	7t0l_GK_agE _ D_m0
7t0l_HL_agB _ A_m0	ARTFTTSSTAWFAY	7t0l_GK_agE _ D_m0
7t0r_CB_agD_m0	AREKDNYAGTAWFAY	3o2d_HL_agA_m0
7t0r_HL_agA_m0	AREKDNYAGTAWFAY	3o2d_HL_agA_m0
7t0w_HL_agD _ C_m0	VRGEQSYDRSYGTDWFDP	7t0w_HL_agD _ C_m0
7t0z_HL_agD _ E_m0	AKEPPAMVWGGFGYFDY	7t0z_HL_agD _ E_m0
7t10_Ss_agA _ B_m0	VRSIYYYSGSPFDF	6crk_Hh_agA _ B _ G_m0
7t11_Ss_agA _ B_m0	VRSIYYYSGSPFDF	6crk_Hh_agA _ B _ G_m0
7t17_FG_agA_m0	ARHVGDLRNVDAFDI	7t17_FG_agA_m0
7t17_JK_agC_m0	ARHVGDLRNVDAFDI	7t17_FG_agA_m0
7t1w_HL_agA_m0	AIDWYRDYDYKMDV	7t1w_HL_agA_m0
7t1x_HL_agA_m0	AIDWYRDYDYKMDV	7t1w_HL_agA_m0
7t25_AB_agC_m0	ARTRWYFDL	7t25_AB_agC_m0
7t25_HL_agE_m0	ARTRWYFDL	7t25_AB_agC_m0
7t2h_Ee_agA _ B_m0	VRSIYYYSGSPFDF	6crk_Hh_agA _ B _ G_m0
7t2p_HL_agA _ B_m0	ARESPSRGNFCYAPCNGYLYLHFDL	7t2p_HL_agA _ B_m0
7t3d_CD_agA_m0	AKSDSSGFYQGRREF	7mem_GJ_agC_m0
7t3d_HL_agB_m0	VRGSITWTPEYYLD	7t3d_HL_agB_m0
7t3d_JM_agE_m0	AKSDSSGFYQGRREF	7mem_GJ_agC_m0
7t3d_KN_agF_m0	AKSDSSGFYQGRREF	7mem_GJ_agC_m0
7t3d_OQ_agG_m0	VRGSITWTPEYYLD	7t3d_HL_agB_m0
7t3d_PR_agI_m0	VRGSITWTPEYYLD	7t3d_HL_agB_m0
7t3m_DL_agA_m0	ARISGSGFYYPFDI	7t3m_DL_agA_m0
7t3m_HJ_agG_m0	ARISGSGFYYPFDI	7t3m_DL_agA_m0
7t3m_IK_agC_m0	ARISGSGFYYPFDI	7t3m_DL_agA_m0
7t4g_GI_agC_m0	ARESPSRGNFCYAPCNGYLYLHFDL	7t2p_HL_agA _ B_m0
7t4g_HL_agA_m0	ARESPSRGNFCYAPCNGYLYLHFDL	7t2p_HL_agA _ B_m0
7t4g_JK_agE_m0	ARESPSRGNFCYAPCNGYLYLHFDL	7t2p_HL_agA _ B_m0
7t4q_FG_agC _ E_m0	VHWPQGLTTRTVLAFDI	7t4q_FG_agC _ E_m0
7t4q_IH_agD _ B_m0	AKALRYLDWSLFDPFDY	7t4q_IH_agD _ B_m0
7t4q_JK_agA_m0	GRAFRILGDSLVFVND	7lbe_FE_agA_m0
7t4r_GH_agB_m0	GRAFRILGDSLVFVND	7lbe_FE_agA_m0
7t4r_JI_agB_m0	ARDRSYYAFSSGYYDSLSYGLDV	7lbe_HG_agA_m0
7t4r_PQ_agK_m0	GRAFRILGDSLVFVND	7lbe_FE_agA_m0
7t4r_SR_agK_m0	ARDRSYYAFSSGYYDSLSYGLDV	7lbe_HG_agA_m0
7t4s_HI_agD _ B_m0	AKDWALFRLWRTFDH	5vob_HL_agD _ B_m0
7t4s_JK_agA_m0	GRAFRILGDSLVFVND	7lbe_FE_agA_m0
7t5f_BNA_agA_m0	TLGTRDDLGPE	7t5f_BNA_agA_m0
7t5f_CNA_agA_m0	AAKSTISTPLS	7t5f_CNA_agA_m0
7t5f_ENA_agD_m0	TLGTRDDLGPE	7t5f_BNA_agA_m0
7t5f_FNA_agD_m0	AAKSTISTPLS	7t5f_CNA_agA_m0
7t5o_HL_agC_m0	ARMSSSLTNYLDY	7t5o_HL_agC_m0
7t62_Bb_agNA_m0	VRSSNIRYDFTRFFDV	7t62_Bb_agNA_m0
7t6b_Ee_agA _ C_m0	VRSIYYYSGSPFDF	6crk_Hh_agA _ B _ G_m0
7t6s_Ee_agA _ B_m0	VRSIYYYSGSPFDF	6crk_Hh_agA _ B _ G_m0
7t6u_Ee_agA _ B_m0	VRSIYYYSGSPFDF	6crk_Hh_agA _ B _ G_m0
7t6v_Ee_agA _ B_m0	VRSIYYYSGSPFDF	6crk_Hh_agA _ B _ G_m0
7t72_HL_agA_m0	ARDPVSTGYHHDSDY	7t72_HL_agA_m0
7t73_HL_agE _ C _ A_m0	TTGVETYDFWSGYDYHDDYFRDV	6ca9_BA_ag_m0
7t74_HL_agA _ E_m0	MTGVERGDFWSDTNYHQSDYLIDV	6ca6_BA_ag_m0
7t74_IJ_agB_m0	ATGGMSSALKSSQYYFDF	6nf5_GI_agD_m0
7t74_KG_agD_m0	ATGGMSSALKSSQYYFDF	6nf5_GI_agD_m0
7t74_MN_agF _ C_m0	ATGGMSSALKSSQYYFDF	6nf5_GI_agD_m0
7t75_HL_agB _ A_m0	ATGGMSSALKSSQYYFDF	6nf5_GI_agD_m0
7t76_HL_agE _ C _ A_m0	AREAGGPDYRNGNYYYYYGSWFDYYMDV	7t76_HL_agE _ C _ A_m0
7t77_HL_agE _ C _ A_m0	VREAGGPDYRNGYNYNYYGDYFDHYMDV	3u2s_AB_agC_m0
7t7b_HL_agA_m0	ARAARPYYDRRARFFYGDYFQH	7t7b_HL_agA_m0
7t82_DC_agA_m0	ARTISTATDWFAY	7t82_DC_agA_m0
7t82_HL_agB_m0	ARTISTATDWFAY	7t82_DC_agA_m0
7t83_ANA_agNA_m0	AAYRIVSDPRVY	7t83_ANA_agNA_m0
7t83_BNA_agNA_m0	AAYRIVSDPRVY	7t83_ANA_agNA_m0
7t83_CNA_agNA_m0	AAYRIVSDPRVY	7t83_ANA_agNA_m0
7t83_DNA_agNA_m0	AAYRIVSDPRVY	7t83_ANA_agNA_m0
7t83_ENA_agNA_m0	AAYRIVSDPRVY	7t83_ANA_agNA_m0
7t83_FNA_agNA_m0	AAYRIVSDPRVY	7t83_ANA_agNA_m0
7t83_GNA_agNA_m0	AAYRIVSDPRVY	7t83_ANA_agNA_m0
7t83_HNA_agNA_m0	AAYRIVSDPRVY	7t83_ANA_agNA_m0
7t84_ANA_agNA_m0	AAYRIVSDPRVY	7t83_ANA_agNA_m0
7t84_BNA_agNA_m0	AAYRIVSDPRVY	7t83_ANA_agNA_m0
7t84_CNA_agNA_m0	AAYRIVSDPRVY	7t83_ANA_agNA_m0
7t84_DNA_agNA_m0	AAYRIVSDPRVY	7t83_ANA_agNA_m0
7t84_ENA_agNA_m0	AAYRIVSDPRVY	7t83_ANA_agNA_m0
7t84_FNA_agNA_m0	AAYRIVSDPRVY	7t83_ANA_agNA_m0
7t84_GNA_agNA_m0	AAYRIVSDPRVY	7t83_ANA_agNA_m0
7t84_HNA_agNA_m0	AAYRIVSDPRVY	7t83_ANA_agNA_m0
7t86_BA_agJ_m0	ARGGRATSYYWVH	7t86_BA_agJ_m0
7t86_DC_agG_m0	ARGGRATSYYWVH	7t86_BA_agJ_m0
7t86_FE_agK_m0	ARGGRATSYYWVH	7t86_BA_agJ_m0
7t86_HL_agI_m0	ARGGRATSYYWVH	7t86_BA_agJ_m0
7t87_HL_agA _ B_m0	ARYGYDYDGYYEYAMDY	7t87_HL_agA _ B_m0
7t8w_HL_agD_m0	ARHLVWFGENRLNWFDP	6uvo_HL_agD_m0
7t8x_Ee_agB _ C_m0	VRSIYYYSGSPFDF	6crk_Hh_agA _ B _ G_m0
7t90_Ee_agB _ C_m0	VRSIYYYSGSPFDF	6crk_Hh_agA _ B _ G_m0
7t92_HL_agB_m0	SWYKASWALADYW	7t92_HL_agB_m0
7t94_Ee_agB _ C_m0	VRSIYYYSGSPFDF	6crk_Hh_agA _ B _ G_m0
7t96_Ee_agB _ C_m0	VRSIYYYSGSPFDF	6crk_Hh_agA _ B _ G_m0
7t97_AB_agNA_m0	SRWGGDGFYAMDY	3b9v_ANA_ag_m0
7t97_CD_agNA_m0	SRWGGDGFYAMDY	3b9v_ANA_ag_m0
7t97_EF_agNA_m0	SRWGGDGFYAMDY	3b9v_ANA_ag_m0
7t97_HL_agNA_m0	SRWGGDGFYAMDY	3b9v_ANA_ag_m0
7t98_AB_agNA_m0	SRWGGDGFYAMDY	3b9v_ANA_ag_m0
7t98_HL_agNA_m0	SRWGGDGFYAMDY	3b9v_ANA_ag_m0
7t99_AB_agNA_m0	SRWGGDGFYAMDY	3b9v_ANA_ag_m0
7t99_CD_agNA_m0	SRWGGDGFYAMDY	3b9v_ANA_ag_m0
7t99_EF_agNA_m0	SRWGGDGFYAMDY	3b9v_ANA_ag_m0
7t99_HL_agNA_m0	SRWGGDGFYAMDY	3b9v_ANA_ag_m0
7t9a_HL_agA _ C_m0	TTGVETYDFWSGYDYHDDYFRDV	6ca9_BA_ag_m0
7t9a_JK_agF_m0	ATGGMSSALKSSQYYFDF	6nf5_GI_agD_m0
7t9a_MN_agB_m0	ATGGMSSALKSSQYYFDF	6nf5_GI_agD_m0
7t9a_OP_agD _ E_m0	ATGGMSSALKSSQYYFDF	6nf5_GI_agD_m0
7t9b_HL_agE _ C _ A_m0	NTGVETYDFWSGYDYHDDYFRDV	6ca9_BA_ag_m0
7t9b_JK_agF_m0	ATGGMSSALKSSQYYFDF	6nf5_GI_agD_m0
7t9b_MN_agB_m0	ATGGMSSALKSSQYYFDF	6nf5_GI_agD_m0
7t9b_OP_agD_m0	ATGGMSSALKSSQYYFDF	6nf5_GI_agD_m0
7t9i_NNA_agX _ Y_m0	ARCPAPFTRDCSTVDFTTYAY	6oya_NNA_agA _ B_m0
7t9m_HL_agR_m0	AREDYYGVRADFDV	7t9m_HL_agR_m0
7t9n_HL_agR_m0	ARLEPGYSSTWSVN	3g04_BA_agC_m0
7t9n_NNA_agX _ Y_m0	ARCPAPFTRDCSTVDFTTYAY	6oya_NNA_agA _ B_m0
7t9t_CD_agA_m0	VRNVGTAGLSLHYDH	5f96_HL_agG_m0
7t9t_GH_agE_m0	VRNVGTAGLSLHYDH	5f96_HL_agG_m0
7t9t_KL_agI_m0	VRNVGTAGLSLHYDH	5f96_HL_agG_m0
7tas_HL_agE_m0	AKDLGRGGYWLPSDA	7tas_HL_agE_m0
7tat_DE_agB_m0	AKDLGRGGYWLPSDA	7tas_HL_agE_m0
7tat_FG_agC_m0	AKDLGRGGYWLPSDA	7tas_HL_agE_m0
7tat_HL_agA_m0	AKDLGRGGYWLPSDA	7tas_HL_agE_m0
7tb8_DE_agA_m0	ARDLAIAVAGYYHWTNGMDV	7tb8_DE_agA_m0
7tb8_FG_agB_m0	ARDLAIAVAGYYHWTNGMDV	7tb8_DE_agA_m0
7tb8_HL_agA_m0	AAPYCSGGFCSDGFDI	7mlz_HL_agA_m0
7tb8_JK_agC_m0	ARDLAIAVAGYYHWTNGMDV	7tb8_DE_agA_m0
7tbf_DE_agA_m0	ARDLAIAVAGYYHWTNGMDV	7tb8_DE_agA_m0
7tbf_HL_agA_m0	AAPYCSGGFCSDGFDI	7mlz_HL_agA_m0
7tc9_HL_agB_m0	ARGWAYWELLYYDPYGMDV	7tc9_HL_agB_m0
7tca_DE_agC_m0	ARGWAYWELLYYDPYGMDV	7tc9_HL_agB_m0
7tca_HL_agB_m0	ARGWAYWELLYYDPYGMDV	7tc9_HL_agB_m0
7tcc_DE_agA_m0	ARGWAYWELLYYDPYGMDV	7tc9_HL_agB_m0
7tcc_FG_agB_m0	AAPYCSGGFCSDGFDI	7mlz_HL_agA_m0
7tcc_HL_agB_m0	ARGWAYWELLYYDPYGMDV	7tc9_HL_agB_m0
7tcc_JK_agA_m0	AAPYCSGGFCSDGFDI	7mlz_HL_agA_m0
7tcc_MN_agC_m0	ARGWAYWELLYYDPYGMDV	7tc9_HL_agB_m0
7tcc_OP_agC_m0	AAPYCSGGFCSDGFDI	7mlz_HL_agA_m0
7tcn_CD_agA_m0	VRNVGTAGLSLHYDH	5f96_HL_agG_m0
7tcn_GH_agE_m0	VRNVGTAGLSLHYDH	5f96_HL_agG_m0
7tcn_KL_agI_m0	VRNVGTAGLSLHYDH	5f96_HL_agG_m0
7tco_CD_agA_m0	VRNVGTAGLSLHYDH	5f96_HL_agG_m0
7tco_GH_agE_m0	VRNVGTAGLSLHYDH	5f96_HL_agG_m0
7tco_OP_agM_m0	VRNVGTAGLSLHYDH	5f96_HL_agG_m0
7tcq_AB_agD_m0	TRTGSYFDY	7tcq_AB_agD_m0
7tcq_HL_agC_m0	TRTGSYFDY	7tcq_AB_agD_m0
7tct_EF_agC_m0	VRPLYDYYAMDY	2vc2_HL_agA_m0
7tct_HL_agA_m0	VRPLYDYYAMDY	2vc2_HL_agA_m0
7td8_EF_agC_m0	VRPLYDYYAMDY	2vc2_HL_agA_m0
7td8_HL_agA_m0	VRPLYDYYAMDY	2vc2_HL_agA_m0
7tdm_HL_agB_m0	ARYWSWYNSSYIYHSALDY	7tdm_HL_agB_m0
7tdn_HL_agB_m0	ARGYGYFDYNGVSFYALDY	7tdn_HL_agB_m0
7te1_CF_agE_m0	ARYYGNLYAMDY	7te1_CF_agE_m0
7te1_HL_agD_m0	ARYYGNLYAMDY	7te1_CF_agE_m0
7te4_BA_agNA_m0	ARPSRGGSYSWYFDV	5b3j_EF_agC_m0
7te4_HL_agNA_m0	ARPSRGGSYSWYFDV	5b3j_EF_agC_m0
7te6_CD_agB _ A_m0	ARRDYDGFAMDY	7te6_CD_agB _ A_m0
7te6_GH_agF _ E_m0	ARRDYDGFAMDY	7te6_CD_agB _ A_m0
7te8_ANA_agC_m0	AFHDFLRMWEY	7te8_ANA_agC_m0
7te8_BNA_agD_m0	AFHDFLRMWEY	7te8_ANA_agC_m0
7te8_CNA_agC_m0	AFKQHHANGAY	7te8_CNA_agC_m0
7te8_DNA_agD_m0	AFKQHHANGAY	7te8_CNA_agC_m0
7te9_HL_agD_m0	ARPSRGGSYSWYFDV	5b3j_EF_agC_m0
7te9_MN_agB_m0	ARPSRGGSYSWYFDV	5b3j_EF_agC_m0
7teb_HL_agD_m0	ARPSRGGSYSWYFDV	5b3j_EF_agC_m0
7teb_MN_agB_m0	ARPSRGGSYSWYFDV	5b3j_EF_agC_m0
7tee_HL_agD_m0	ARPSRGGSYSWYFDV	5b3j_EF_agC_m0
7tee_MN_agB_m0	ARPSRGGSYSWYFDV	5b3j_EF_agC_m0
7teq_HL_agB _ A_m0	ARRDYDGFAMDY	7te6_CD_agB _ A_m0
7teq_MN_agD _ C_m0	ARRDYDGFAMDY	7te6_CD_agB _ A_m0
7ter_HL_agB _ A_m0	ARRDYDGFAMDY	7te6_CD_agB _ A_m0
7ter_MN_agD _ C_m0	ARRDYDGFAMDY	7te6_CD_agB _ A_m0
7tes_HL_agB _ A_m0	ARRDYDGFAMDY	7te6_CD_agB _ A_m0
7tes_MN_agD _ C_m0	ARRDYDGFAMDY	7te6_CD_agB _ A_m0
7tet_HL_agB _ A_m0	ARRDYDGFAMDY	7te6_CD_agB _ A_m0
7tet_MN_agD _ C_m0	ARRDYDGFAMDY	7te6_CD_agB _ A_m0
7tfn_HL_agA_m0	ARRDTDFWIGRYVFEF	7ryu_HL_agNA_m0
7tfn_IJ_agB_m0	ARRDTDFWIGRYVFEF	7ryu_HL_agNA_m0
7tfn_PQ_agC_m0	ARRDTDFWIGRYVFEF	7ryu_HL_agNA_m0
7tfo_HL_agA_m0	ARVGDRFGGSYAMDV	7ryv_EF_agNA_m0
7tfo_IJ_agB_m0	ARVGDRFGGSYAMDV	7ryv_EF_agNA_m0
7tfo_PQ_agC_m0	ARVGDRFGGSYAMDV	7ryv_EF_agNA_m0
7tgf_BNA_agA_m0	ATEEVCTLGHGFIGPDDY	7tgf_BNA_agA_m0
7tgi_BNA_agA_m0	AADRDRLPSTIAYEYNY	7tgi_BNA_agA_m0
7th2_CNA_agA_m0	AAADPLPLVGWTCDEYDY	7th2_CNA_agA_m0
7th2_DNA_agB_m0	AAADPLPLVGWTCDEYDY	7th2_CNA_agA_m0
7th3_BNA_agA_m0	AAGSYAALIYAPSY	7th3_BNA_agA_m0
7the_BC_agA_m0	ARYMVTRDYYQYDMDV	7the_BC_agA_m0
7tho_EF_agC_m0	VRPLYDYYAMDY	2vc2_HL_agA_m0
7tho_HL_agA_m0	VRPLYDYYAMDY	2vc2_HL_agA_m0
7tht_HL_agC_m0	ARYMVTRDYYQYDMDV	7the_BC_agA_m0
7tht_ac_agS_m0	ARYMVTRDYYQYDMDV	7the_BC_agA_m0
7tht_db_agV_m0	ARYMVTRDYYQYDMDV	7the_BC_agA_m0
7ti6_HL_agNA_m0	TTGVETYDFWSYDYDYGYFRDV	7ti6_HL_agNA_m0
7tjc_ANA_agA_m0	AADSIPYGDYRSRNPGY	7tjc_ANA_agA_m0
7tjc_BNA_agB_m0	AADSIPYGDYRSRNPGY	7tjc_ANA_agA_m0
7tjq_AB_agC_m0	ARGNCSISGYYCSWLDH	7tjq_AB_agC_m0
7tjq_DE_agG_m0	ARGNCSISGYYCSWLDH	7tjq_AB_agC_m0
7tjq_HL_agF_m0	ARGNCSISGYYCSWLDH	7tjq_AB_agC_m0
7tjq_IM_agF_m0	ARARATGYSTISPYFDI	7sem_BC_agF_m0
7tjq_JK_agC_m0	ARARATGYSTISPYFDI	7sem_BC_agF_m0
7tjq_NO_agG_m0	ARARATGYSTISPYFDI	7sem_BC_agF_m0
7tl0_DE_agA_m0	ARQASSGKIYFDY	7tl0_DE_agA_m0
7tl0_FG_agB_m0	ARQASSGKIYFDY	7tl0_DE_agA_m0
7tl0_HI_agC_m0	ARQASSGKIYFDY	7tl0_DE_agA_m0
7tl0_JK_agA_m0	ARARATGYSTISPYFDI	7sem_BC_agF_m0
7tl0_LM_agB_m0	ARARATGYSTISPYFDI	7sem_BC_agF_m0
7tl0_NO_agC_m0	ARARATGYSTISPYFDI	7sem_BC_agF_m0
7tly_AB_agI_m0	ARDYTRGAWFILSEGGGFDN	6wps_CD_agB_m0
7tlz_BA_agJ_m0	ANLKDSRYGSSYYDY	7n8h_CB_agA_m0
7tm0_ED_agC_m0	ANLKDSRYGSSYYDY	7n8h_CB_agA_m0
7tm0_GF_agB_m0	ANLKDSRYGSSYYDY	7n8h_CB_agA_m0
7tm0_IH_agA_m0	ANLKDSRYGSSYYDY	7n8h_CB_agA_m0
7tm0_JK_agB_m0	ARDYTRGAWFILSEGGGFDN	6wps_CD_agB_m0
7tm0_LM_agC_m0	ARDYTRGAWFILSEGGGFDN	6wps_CD_agB_m0
7tm0_NO_agA_m0	ARDYTRGAWFILSEGGGFDN	6wps_CD_agB_m0
7tmw_NNA_agR _ B_m0	ARCPAPFTRDCSTVDFTTYAY	6oya_NNA_agA _ B_m0
7tmz_EF_agC_m0	VRPLYDYYAMDY	2vc2_HL_agA_m0
7tmz_HL_agA_m0	VRPLYDYYAMDY	2vc2_HL_agA_m0
7tn0_BA_agI_m0	ARDYTRGAWFILSEGGGFDN	6wps_CD_agB_m0
7tn0_CD_agS_m0	ARDYTRGAWFILSEGGGFDN	6wps_CD_agB_m0
7tn0_HG_agI_m0	ARGDSSGYYYYFDY	7jw0_DC_agB_m0
7tn0_MN_agS_m0	ARGDSSGYYYYFDY	7jw0_DC_agB_m0
7tn9_AB_agU_m0	ARTWFGELYFDY	7tn9_AB_agU_m0
7tn9_CD_agT_m0	ARTWFGELYFDY	7tn9_AB_agU_m0
7tn9_EF_agS_m0	ARTWFGELYFDY	7tn9_AB_agU_m0
7tn9_GH_agT_m0	ARNWNLFDY	7tn9_GH_agT_m0
7tn9_IJ_agU_m0	ARNWNLFDY	7tn9_GH_agT_m0
7tn9_MN_agW _ X_m0	AKRGYPHSFDI	7tn9_MN_agW _ X_m0
7tn9_OP_agV_m0	AKRGYPHSFDI	7tn9_MN_agW _ X_m0
7tn9_QR_agV_m0	AKRGYPHSFDI	7tn9_MN_agW _ X_m0
7tow_AB_agD_m0	AKENRDRNYDSWSYYDSYSAYGMDV	7tow_AB_agD_m0
7tow_HL_agE_m0	AKENRDRNYDSWSYYDSYSAYGMDV	7tow_AB_agD_m0
7tp3_HL_agZ_m0	TRPQSVTVFGVYSTAAEAFDF	7tp3_HL_agZ_m0
7tp4_HL_agZ_m0	TRVSIFGQFAVITYFDY	7tp4_HL_agZ_m0
7tpd_EF_agC_m0	VRPLYDYYAMDY	2vc2_HL_agA_m0
7tpd_HL_agA_m0	VRPLYDYYAMDY	2vc2_HL_agA_m0
7tpg_HL_agB_m0	ARIMFKWVNPSMAFDY	7tpg_HL_agB_m0
7tpj_HL_agB_m0	ARIMFKWVNPSMAFDY	7tpg_HL_agB_m0
7tpr_DNA_agB_m0	AAHGTYDKYAPAFGGCGTYTY	7tpr_DNA_agB_m0
7tpr_ENA_agC_m0	AAHGTYDKYAPAFGGCGTYTY	7tpr_DNA_agB_m0
7tpr_FNA_agA_m0	AAGSWYNQGWYSMDY	7tpr_FNA_agA_m0
7tpr_GNA_agC_m0	AAGSWYNQGWYSMDY	7tpr_FNA_agA_m0
7tpr_HNA_agB_m0	AAGSWYNQGWYSMDY	7tpr_FNA_agA_m0
7tqa_AB_agNA_m0	ARDYYGSRWFDY	7tqa_AB_agNA_m0
7tqa_CD_agNA_m0	ARDYYGSRWFDY	7tqa_AB_agNA_m0
7tqa_HL_agNA_m0	ARDYYGSRWFDY	7tqa_AB_agNA_m0
7tqb_HL_agA _ B_m0	ARDYYGSRWFDY	7tqa_AB_agNA_m0
7tqg_HL_agNA_m0	AREMFDSSADWPSWRGMVA	5t3x_DE_agG_m0
7tr4_LH_agA _ P_m0	AGELLPGYGMDV	7tr4_LH_agA _ P_m0
7trh_HB_agG_m0	ARLLDSIVWGYWGEYGMDV	7trh_HB_agG_m0
7tri_ZY_agB_m0	ARDDIVIGEYWGHGMDL	7tri_ZY_agB_m0
7trk_Hh_agA _ B_m0	VRSIYYYSGSPFDF	6crk_Hh_agA _ B _ G_m0
7trp_Hh_agA _ B_m0	VRSIYYYSGSPFDF	6crk_Hh_agA _ B _ G_m0
7trq_Hh_agA _ B_m0	VRSIYYYSGSPFDF	6crk_Hh_agA _ B _ G_m0
7trs_Hh_agA _ B_m0	VRSIYYYSGSPFDF	6crk_Hh_agA _ B _ G_m0
7try_Hh_agA _ B_m0	VRSIYYYSGSPFDF	6crk_Hh_agA _ B _ G_m0
7ts0_Hh_agA _ B_m0	VRSIYYYSGSPFDF	6crk_Hh_agA _ B _ G_m0
7ttm_HL_agA_m0	ARTFPSYYDRSNLYHYGYGMDV	7sd5_HL_agA_m0
7ttx_HL_agA_m0	ARTFPSYYDRSNLYHYGYGMDV	7sd5_HL_agA_m0
7tty_HL_agA_m0	ARTFPSYYDRSNLYHYGYGMDV	7sd5_HL_agA_m0
7tuf_AB_agC_m0	ARRGYYRYDSIDY	7tuf_AB_agC_m0
7tuf_HL_agD_m0	ARRGYYRYDSIDY	7tuf_AB_agC_m0
7tug_HL_agD_m0	TREGNYGFAY	7tug_HL_agD_m0
7tuh_AB_agNA_m0	TREGNYGFAY	7tug_HL_agD_m0
7tuh_HL_agNA_m0	TREGNYGFAY	7tug_HL_agD_m0
7tus_AB_agNA_m0	CTYFYSFSY	7tus_AB_agNA_m0
7tus_CD_agNA_m0	CTYFYSFSY	7tus_AB_agNA_m0
7tus_EF_agNA_m0	CTYFYSFSY	7tus_AB_agNA_m0
7tus_GH_agNA_m0	CTYFYSFSY	7tus_AB_agNA_m0
7tuy_HL_agR_m0	ARWGYWPGEWWPKAFDY	6cbv_HL_agB_m0
7tuy_KNA_agNA_m0	AIDSDTFSYGSYDY	6ww2_KNA_agNA_m0
7tuz_Ee_agA _ B_m0	VRSIYYYSGSPFDF	6crk_Hh_agA _ B _ G_m0
7txt_CD_agS_m0	ARSAYGSGEFAMDY	6d9g_AB_ag_m0
7txw_HL_agA_m0	ARYYYVSSY	7txw_HL_agA_m0
7txz_EF_agA_m0	TRVITTVFAY	7txz_EF_agA_m0
7txz_HL_agB_m0	TRVITTVFAY	7txz_EF_agA_m0
7ty0_JN_agD_m0	TRVITTVFAY	7txz_EF_agA_m0
7ty0_KO_agC_m0	TRVITTVFAY	7txz_EF_agA_m0
7tyf_NNA_agA _ B _ G_m0	ARCPAPFTRDCSTVDFTTYAY	6oya_NNA_agA _ B_m0
7tyh_NNA_agA _ B_m0	ARCPAPFTRDCSTVDFTTYAY	6oya_NNA_agA _ B_m0
7tyi_NNA_agA _ B_m0	ARCPAPFTRDCSTVDFTTYAY	6oya_NNA_agA _ B_m0
7tyl_NNA_agA _ B _ G_m0	ARCPAPFTRDCSTVDFTTYAY	6oya_NNA_agA _ B_m0
7tyn_NNA_agA _ B_m0	ARCPAPFTRDCSTVDFTTYAY	6oya_NNA_agA _ B_m0
7tyo_NNA_agA _ B_m0	ARCPAPFTRDCSTVDFTTYAY	6oya_NNA_agA _ B_m0
7tyv_DE_agA _ a_m0	AREIRRATSWSADL	7s8g_HL_agNA_m0
7tyv_GK_agB _ b_m0	AREIRRATSWSADL	7s8g_HL_agNA_m0
7tyv_HL_agC _ c_m0	AREIRRATSWSADL	7s8g_HL_agNA_m0
7tyw_NNA_agA _ B_m0	ARCPAPFTRDCSTVDFTTYAY	6oya_NNA_agA _ B_m0
7tyx_NNA_agA _ B _ G_m0	ARCPAPFTRDCSTVDFTTYAY	6oya_NNA_agA _ B_m0
7tyy_NNA_agA _ B_m0	ARCPAPFTRDCSTVDFTTYAY	6oya_NNA_agA _ B_m0
7tz5_HN_agC_m0	ASLGNYESGHYGPYFEY	7tz5_HN_agC_m0
7tz5_IL_agA_m0	ASLGNYESGHYGPYFEY	7tz5_HN_agC_m0
7tz5_JM_agB_m0	ASLGNYESGHYGPYFEY	7tz5_HN_agC_m0
7tzf_NNA_agA _ B _ G_m0	ARCPAPFTRDCSTVDFTTYAY	6oya_NNA_agA _ B_m0
7tzg_Aa_agD_m0	AKDQDGGKTKDAFDI	7tzg_Aa_agD_m0
7tzg_Bb_agC_m0	AKDQDGGKTKDAFDI	7tzg_Aa_agD_m0
7tzh_Aa_agB_m0	AKDQDGGKTKDAFDI	7tzg_Aa_agD_m0
7tzh_Cc_agD_m0	AKDQDGGKTKDAFDI	7tzg_Aa_agD_m0
7u04_HL_agNA_m0	ARGGRGYDEPYAGWTWLDP	7u04_HL_agNA_m0
7u09_HL_agA_m0	ATSIVLTGMIKNSQPFDY	7u09_HL_agA_m0
7u0a_HL_agA_m0	ARGSDYVDSDPPLHY	7u0a_HL_agA_m0
7u0b_HL_agNA_m0	AGALPRFCSGSCRGGWFDP	7u0b_HL_agNA_m0
7u0c_AB_agNA_m0	ATLHPRLCRGWCTGGWFDP	7u0c_AB_agNA_m0
7u0c_CD_agNA_m0	ATLHPRLCRGWCTGGWFDP	7u0c_AB_agNA_m0
7u0c_HL_agNA_m0	ATLHPRLCRGWCTGGWFDP	7u0c_AB_agNA_m0
7u0d_MN_agB_m0	ARGWAYWELLYYDPYGMDV	7tc9_HL_agB_m0
7u0d_OP_agB_m0	AAPYCSGGFCSDGFDI	7mlz_HL_agA_m0
7u0e_AB_agD_m0	AAVGKDDDVLNGGTKYFDH	7u0e_AB_agD_m0
7u0e_HL_agC_m0	AAVGKDDDVLNGGTKYFDH	7u0e_AB_agD_m0
7u0g_Nn_agG _ E _ H_m0	ARKSSRLRSTLDY	6dzt_Mm_agG _ F _ H_m0
7u0g_Oo_agC _ D_m0	ARKSSRLRSTLDY	6dzt_Mm_agG _ F _ H_m0
7u0i_Kk_agG _ E _ H _ F_m0	ARKSSRLRSTLDY	6dzt_Mm_agG _ F _ H_m0
7u0i_Nn_agC _ D_m0	ARKSSRLRSTLDY	6dzt_Mm_agG _ F _ H_m0
7u0j_Kk_agG _ E _ H _ F_m0	ARKSSRLRSTLDY	6dzt_Mm_agG _ F _ H_m0
7u0j_Nn_agC _ B _ D_m0	ARKSSRLRSTLDY	6dzt_Mm_agG _ F _ H_m0
7u0k_HL_agNA_m0	VREKSIAEEVMNDRWFDP	7u0k_HL_agNA_m0
7u0p_DI_agB_m0	ARGEMTAVFGDY	7u0p_DI_agB_m0
7u0p_EF_agC_m0	ARGEMTAVFGDY	7u0p_DI_agB_m0
7u0q_GF_agA_m0	ARDYGDFYFDY	7d0c_GF_agC_m0
7u0q_JI_agC_m0	ARDYGDFYFDY	7d0c_GF_agC_m0
7u0x_FG_agC_m0	ARDLSAGHCTGATYCVGGGIDY	7u0x_FG_agC_m0
7u0x_HL_agA_m0	ARDLSAGHCTGATYCVGGGIDY	7u0x_FG_agC_m0
7u0y_HL_agR_m0	ARQGYRRRGSRGFDY	3ivk_AB_agC_m0
7u2d_HL_agA_m0	ARDFSGHTAGAWTGFEY	7u2e_HL_agA_m0
7u2e_HL_agA_m0	ARDFSGHTAGAVTGFEY	7u2e_HL_agA_m0
7u2l_Ee_agA _ B_m0	VRSIYYYSGSPFDF	6crk_Hh_agA _ B _ G_m0
7u5b_AB_agJ_m0	ARENPDYGYAYDA	7u5b_AB_agJ_m0
7u5b_HL_agI_m0	ARENPDYGYAYDA	7u5b_AB_agJ_m0
7u5g_HL_agNA_m0	AREKSVVEPVMNDRWFDP	7u5g_HL_agNA_m0
7u60_EF_agC_m0	VRPLYDYYAMDY	2vc2_HL_agA_m0
7u60_HL_agA_m0	VRPLYDYYAMDY	2vc2_HL_agA_m0
7u61_HL_agNA_m0	ARVYYYYDYYYAMDY	7u61_HL_agNA_m0
7u62_HL_agH_m0	ARIWIYYGADFYVMDY	7u62_HL_agH_m0
7u62_IM_agNA_m0	ARIWIYYGADFYVMDY	7u62_HL_agH_m0
7u63_BA_agB_m0	TRGGVYYGDDYAWFVY	7u63_BA_agB_m0
7u63_DC_agD_m0	TRGGVYYGDDYAWFVY	7u63_BA_agB_m0
7u63_HL_agH_m0	TRGGVYYGDDYAWFVY	7u63_BA_agB_m0
7u64_AB_agA_m0	ARYYGDNVYGAMDY	7u64_AB_agA_m0
7u64_CD_agC_m0	ARYYGDNVYGAMDY	7u64_AB_agA_m0
7u64_EF_agE_m0	ARYYGDNVYGAMDY	7u64_AB_agA_m0
7u64_GH_agG_m0	ARYYGDNVYGAMDY	7u64_AB_agA_m0
7u64_IJ_agI_m0	ARYYGDNVYGAMDY	7u64_AB_agA_m0
7u64_KL_agK_m0	ARYYGDNVYGAMDY	7u64_AB_agA_m0
7u64_MN_agM_m0	ARYYGDNVYGAMDY	7u64_AB_agA_m0
7u64_OP_agO_m0	ARYYGDNVYGAMDY	7u64_AB_agA_m0
7u64_QR_agNA_m0	ARYYGDNVYGAMDY	7u64_AB_agA_m0
7u8c_HL_ag2_m0	ARELGGY	7u8c_HL_ag2_m0
7u8e_HL_agA_m0	ARSPIGYCSSTDIYCKKPFDS	7u8e_HL_agA_m0
7u8g_DE_agA_m0	ARRYVFSGYGSGLDS	7u8g_DE_agA_m0
7u8j_HL_agB _ A_m0	AKDESPPIYNLMYTSYYGPYYMDV	5kaq_FG_agC_m0
7u8l_HL_agB _ A_m0	AKDESPPIYNLMYTSYYGPYYMDV	5kaq_FG_agC_m0
7u8m_FE_agD_m0	AKDESPPIYNLMYTSYYGPYYMDV	5kaq_FG_agC_m0
7u8m_HL_agB_m0	AKDESPPIYNLMYTSYYGPYYMDV	5kaq_FG_agC_m0
7u8m_KJ_agI_m0	AKDESPPIYNLMYTSYYGPYYMDV	5kaq_FG_agC_m0
7u8m_NO_agC_m0	ARGTEDLGYGSSCSCPNH	6obz_AB_ag_m0
7u8m_QR_agA_m0	ARGTEDLGYGSSCSCPNH	6obz_AB_ag_m0
7u8m_TU_agG_m0	ARGTEDLGYGSSCSCPNH	6obz_AB_ag_m0
7u9e_Bb_agA_m0	AKESGRAVADR	7jum_Hh_agA_m0
7u9e_Hh_agA_m0	ARAGVGAPDY	7u9e_Hh_agA_m0
7u9f_EF_agC_m0	VRPLYDYYAMDY	2vc2_HL_agA_m0
7u9f_HL_agA_m0	VRPLYDYYAMDY	2vc2_HL_agA_m0
7u9g_GD_agB_m0	ARDSGDYVSYYYYGMDV	7u9g_GD_agB_m0
7u9g_HE_agC_m0	ARDSGDYVSYYYYGMDV	7u9g_GD_agB_m0
7u9g_IF_agA_m0	ARDSGDYVSYYYYGMDV	7u9g_GD_agB_m0
7u9o_HL_agA_m0	AREETIVGAPPTYGLDV	7u9o_HL_agA_m0
7u9p_HL_agA_m0	ARDPHCTGCVGDAFDL	7u9p_HL_agA_m0
7u9v_EF_agC_m0	VRPLYDYYAMDY	2vc2_HL_agA_m0
7u9v_HL_agA_m0	VRPLYDYYAMDY	2vc2_HL_agA_m0
7u9w_Hh_agA_m0	ARRYCRGGCTYLFDH	7u9w_Hh_agA_m0
7ua2_Bb_agA_m0	AKESGRAVADR	7jum_Hh_agA_m0
7ua2_Hh_agA_m0	ARGDGGGMGAWYFDL	7ua2_Hh_agA_m0
7ua8_Hh_agA_m0	ARGNFRDYYFAS	7ua8_Hh_agA_m0
7ua8_Ii_agB_m0	ARGNFRDYYFAS	7ua8_Hh_agA_m0
7uap_HL_agA_m0	ARPQYHYYDTSHYTSYGFDI	7uap_HL_agA_m0
7uap_MN_agB_m0	ARPQYHYYDTSHYTSYGFDI	7uap_HL_agA_m0
7uap_OP_agC_m0	ARPQYHYYDTSHYTSYGFDI	7uap_HL_agA_m0
7uaq_HL_agA_m0	ARPQYHYYDTSHYTSYGFDI	7uap_HL_agA_m0
7uar_DE_agA_m0	ARHHIAVQAPYFDY	7uar_DE_agA_m0
7uar_FG_agC_m0	ARHHIAVQAPYFDY	7uar_DE_agA_m0
7uar_HL_agB_m0	ARHHIAVQAPYFDY	7uar_DE_agA_m0
7ubr_EF_agC_m0	VRPLYDYYAMDY	2vc2_HL_agA_m0
7ubr_HL_agA_m0	VRPLYDYYAMDY	2vc2_HL_agA_m0
7ubs_Hh_agA_m0	ARDKYIPAVDPFDY	7ubs_Hh_agA_m0
7ubs_Ii_agB_m0	ARDKYIPAVDPFDY	7ubs_Hh_agA_m0
7ubs_Jj_agC_m0	ARDKYIPAVDPFDY	7ubs_Hh_agA_m0
7ubs_Kk_agD_m0	ARDKYIPAVDPFDY	7ubs_Hh_agA_m0
7ubx_CNA_agB_m0	ARGRVISAASIRGAV	7ubx_CNA_agB_m0
7ubx_DNA_agA_m0	ARGRVISAASIRGAV	7ubx_CNA_agB_m0
7uby_CNA_agA_m0	AAFRATMCGVPSLPFYGKDD	7uby_CNA_agA_m0
7uby_DNA_agB_m0	AAFRATMCGVPSLPFYGKDD	7uby_CNA_agA_m0
7uc8_Hh_agA_m0	AKGYGGVTLVIKAGRNWFDP	7uc8_Hh_agA_m0
7uc8_Ii_agB_m0	AKGYGGVTLVIKAGRNWFDP	7uc8_Hh_agA_m0
7uc8_Jj_agC_m0	AKGYGGVTLVIKAGRNWFDP	7uc8_Hh_agA_m0
7uce_HL_agNA_m0	ATQVKLDSGASYPFDI	7uce_HL_agNA_m0
7ucf_DE_agG_m0	ATQVKLDSGASYPFDI	7uce_HL_agNA_m0
7ucf_HL_agG_m0	ATARRGQRIYGVVYYFFEGFSYSMDV	4r26_HL_ag_m0
7ucg_CF_agI_m0	ATQVKLDSGASYPFDI	7uce_HL_agNA_m0
7ucg_DE_agG_m0	ATQVKLDSGASYPFDI	7uce_HL_agNA_m0
7ucg_HL_agG_m0	ATARRGQRIYGVVYYFFEGFSYSMDV	4r26_HL_ag_m0
7ucg_JK_agI_m0	ATARRGQRIYGVVYYFFEGFSYSMDV	4r26_HL_ag_m0
7ucg_NO_agP_m0	ATQVKLDSGASYPFDI	7uce_HL_agNA_m0
7ucg_QR_agP_m0	ATARRGQRIYGVVYYFFEGFSYSMDV	4r26_HL_ag_m0
7ucq_Hh_agA_m0	AKDLGINSYGYGGLDF	7ucq_Hh_agA_m0
7ucq_Ii_agB_m0	AKDLGINSYGYGGLDF	7ucq_Hh_agA_m0
7ucq_Jj_agC_m0	AKDLGINSYGYGGLDF	7ucq_Hh_agA_m0
7ucq_Kk_agD_m0	AKDLGINSYGYGGLDF	7ucq_Hh_agA_m0
7ucx_HL_agB_m0	ARDYLYAMDY	7ucx_HL_agB_m0
7ucy_EF_agC_m0	VRPLYDYYAMDY	2vc2_HL_agA_m0
7ucy_HL_agA_m0	VRPLYDYYAMDY	2vc2_HL_agA_m0
7udg_EF_agC_m0	VRPLYDYYAMDY	2vc2_HL_agA_m0
7udg_HL_agA_m0	VRPLYDYYAMDY	2vc2_HL_agA_m0
7udh_EF_agC_m0	VRPLYDYYAMDY	2vc2_HL_agA_m0
7udh_HL_agA_m0	VRPLYDYYAMDY	2vc2_HL_agA_m0
7uds_DE_agB _ b_m0	AREIRRATSWSADL	7s8g_HL_agNA_m0
7uds_FG_agA _ a_m0	AREIRRATSWSADL	7s8g_HL_agNA_m0
7uds_HL_agC _ c_m0	AREIRRATSWSADL	7s8g_HL_agNA_m0
7ue0_EF_agC_m0	VRPLYDYYAMDY	2vc2_HL_agA_m0
7ue0_HL_agA_m0	VRPLYDYYAMDY	2vc2_HL_agA_m0
7ue9_HL_agC_m0	SSPY	7ue9_HL_agC_m0
7ued_HL_agNA_m0	ARGGYDGRGFDY	4f33_BA_ag_m0
7uel_HL_agNA_m0	TRDRGWLTFDY	7uel_HL_agNA_m0
7uem_DC_agB_m0	ARDPEFGALDY	7uem_DC_agB_m0
7uem_HL_agA_m0	ARDPEFGALDY	7uem_DC_agB_m0
7uen_HL_agA_m0	TWSHYALDN	7uen_HL_agA_m0
7ufh_EF_agC_m0	VRPLYDYYAMDY	2vc2_HL_agA_m0
7ufh_HL_agA_m0	VRPLYDYYAMDY	2vc2_HL_agA_m0
7ufn_AD_agE_m0	ALLTVIRDQDTFDI	7ufn_AD_agE_m0
7ufn_BC_agF_m0	ALLTVIRDQDTFDI	7ufn_AD_agE_m0
7ufo_HL_agA_m0	ALLTVITDPDRFDI	7lkg_AB_agC_m0
7ufq_BD_agC_m0	ALLTVITDKDAFDI	7ufq_BD_agC_m0
7ufq_HL_agA_m0	ALLTVITDKDAFDI	7ufq_BD_agC_m0
7ufw_Hh_agA_m0	AKESGRAVADR	7jum_Hh_agA_m0
7ufw_Ii_agB_m0	AKESGRAVADR	7jum_Hh_agA_m0
7ugm_HL_agNA_m0	ATQVKLDSGASYPFDI	7uce_HL_agNA_m0
7ugn_GJ_agA_m0	ATQLELDSGASYAFDI	7ugn_GJ_agA_m0
7ugn_HK_agB_m0	ATQLELDSGASYAFDI	7ugn_GJ_agA_m0
7ugn_IL_agC_m0	ATQLELDSGASYAFDI	7ugn_GJ_agA_m0
7ugn_MP_agA_m0	ATARRGQRIYGVVYYFFEGFSYSMDV	4r26_HL_ag_m0
7ugn_NQ_agB_m0	ATARRGQRIYGVVYYFFEGFSYSMDV	4r26_HL_ag_m0
7ugn_OR_agC_m0	ATARRGQRIYGVVYYFFEGFSYSMDV	4r26_HL_ag_m0
7ugo_GJ_agA_m0	ATQVKLDSGASYPFDI	7uce_HL_agNA_m0
7ugo_HK_agB_m0	ATQVKLDSGASYPFDI	7uce_HL_agNA_m0
7ugo_IL_agC_m0	ATQVKLDSGASYPFDI	7uce_HL_agNA_m0
7ugo_MP_agA_m0	ATARRGQRIYGVVYYFFEGFSYSMDV	4r26_HL_ag_m0
7ugo_NQ_agB_m0	ATARRGQRIYGVVYYFFEGFSYSMDV	4r26_HL_ag_m0
7ugo_OR_agC_m0	ATARRGQRIYGVVYYFFEGFSYSMDV	4r26_HL_ag_m0
7ugp_GJ_agA_m0	ATQVKLDSGASYPFDI	7uce_HL_agNA_m0
7ugp_HK_agB_m0	ATQVKLDSGASYPFDI	7uce_HL_agNA_m0
7ugp_IL_agC_m0	ATQVKLDSGASYPFDI	7uce_HL_agNA_m0
7ugp_MP_agA_m0	ATARRGQRIYGVVYYFFEGFSYSMDV	4r26_HL_ag_m0
7ugp_NQ_agB_m0	ATARRGQRIYGVVYYFFEGFSYSMDV	4r26_HL_ag_m0
7ugp_OR_agC_m0	ATARRGQRIYGVVYYFFEGFSYSMDV	4r26_HL_ag_m0
7ugq_GJ_agA_m0	ATQVKLDSGASYPFDI	7uce_HL_agNA_m0
7ugq_HK_agB_m0	ATQVKLDSGASYPFDI	7uce_HL_agNA_m0
7ugq_IL_agC_m0	ATQVKLDSGASYPFDI	7uce_HL_agNA_m0
7ugq_MP_agA_m0	ATARRGQRIYGVVYYFFEGFSYSMDV	4r26_HL_ag_m0
7ugq_NQ_agB_m0	ATARRGQRIYGVVYYFFEGFSYSMDV	4r26_HL_ag_m0
7ugq_OR_agC_m0	ATARRGQRIYGVVYYFFEGFSYSMDV	4r26_HL_ag_m0
7uh8_EF_agC_m0	VRPLYDYYAMDY	2vc2_HL_agA_m0
7uh8_HL_agA_m0	VRPLYDYYAMDY	2vc2_HL_agA_m0
7uhz_HL_agA_m0	ATYGSSRYYTMDY	7uhz_HL_agA_m0
7uhz_IM_agB_m0	ATYGSSRYYTMDY	7uhz_HL_agA_m0
7uhz_JN_agC_m0	ATYGSSRYYTMDY	7uhz_HL_agA_m0
7ui0_HL_agA_m0	ARGSSSGSAWFAY	7ui0_HL_agA_m0
7ui0_IM_agB_m0	ARGSSSGSAWFAY	7ui0_HL_agA_m0
7ui0_JN_agC_m0	ARGSSSGSAWFAY	7ui0_HL_agA_m0
7ui1_Hh_agA_m0	AKDRGSIIVFDH	7ui1_Hh_agA_m0
7ui1_Ii_agB_m0	AKDRGSIIVFDH	7ui1_Hh_agA_m0
7ui1_Jj_agC_m0	AKDRGSIIVFDH	7ui1_Hh_agA_m0
7ui1_Kk_agD_m0	AKDRGSIIVFDH	7ui1_Hh_agA_m0
7uia_BNA_agA_m0	AAEDRLGVPTIKSPHANYDYNY	7uia_BNA_agA_m0
7uia_ENA_agD_m0	AAEDRLGVPTIKSPHANYDYNY	7uia_BNA_agA_m0
7uib_BNA_agA_m0	AAEDRLGVPTIKSPHANYDYNY	7uia_BNA_agA_m0
7uib_ENA_agD_m0	AAEDRLGVPTIKSPHANYDYNY	7uia_BNA_agA_m0
7uie_BNA_agA_m0	AAEDRLGVPTIKSPHANYDYNY	7uia_BNA_agA_m0
7uie_CNA_agD_m0	AAEDRLGVPTIKSPHANYDYNY	7uia_BNA_agA_m0
7uie_ENA_agF_m0	AAEDRLGVPTIKSPHANYDYNY	7uia_BNA_agA_m0
7uie_GNA_agH_m0	AAEDRLGVPTIKSPHANYDYNY	7uia_BNA_agA_m0
7uie_INA_agJ_m0	AAEDRLGVPTIKSPHANYDYNY	7uia_BNA_agA_m0
7uih_DNA_agA_m0	SSYGYG	7uih_DNA_agA_m0
7uih_FNA_agA_m0	WRGA	7uih_FNA_agA_m0
7uij_AB_agD_m0	IGRWGYYVY	7uij_AB_agD_m0
7uij_HL_agC_m0	IGRWGYYVY	7uij_AB_agD_m0
7uja_BD_agA_m0	ARDRIVDDYYYYGMDV	4zyk_AB_ag_m0
7uja_EF_agA _ P_m0	GTLGVTVTELGAGIDDY	6apd_DE_agA_m0
7uja_GH_agK_m0	ARDRIVDDYYYYGMDV	4zyk_AB_ag_m0
7uja_IJ_agK _ R_m0	GTLGVTVTELGAGIDDY	6apd_DE_agA_m0
7uja_LM_agC_m0	ARDRIVDDYYYYGMDV	4zyk_AB_ag_m0
7uja_NO_agC _ Q_m0	GTLGVTVTELGAGIDDY	6apd_DE_agA_m0
7ujd_DNA_agA_m0	SSYGYG	7uih_DNA_agA_m0
7ujd_FNA_agA_m0	WRGA	7uih_FNA_agA_m0
7uje_EF_agC_m0	VRPLYDYYAMDY	2vc2_HL_agA_m0
7uje_HL_agA_m0	VRPLYDYYAMDY	2vc2_HL_agA_m0
7ujk_EF_agC_m0	VRPLYDYYAMDY	2vc2_HL_agA_m0
7ujk_HL_agA_m0	VRPLYDYYAMDY	2vc2_HL_agA_m0
7uk9_EF_agC_m0	VRPLYDYYAMDY	2vc2_HL_agA_m0
7uk9_HL_agA_m0	VRPLYDYYAMDY	2vc2_HL_agA_m0
7ukl_HL_agA_m0	AKDLSFYYDISTGNYSQPYYSGTDV	7ukl_HL_agA_m0
7ukl_MN_agB_m0	AKDLSFYYDISTGNYSQPYYSGTDV	7ukl_HL_agA_m0
7ukl_XY_agC_m0	AKDLSFYYDISTGNYSQPYYSGTDV	7ukl_HL_agA_m0
7ukm_HL_agA_m0	ARDRTPVYDILTGVRPPPWYYDGMDV	7ukm_HL_agA_m0
7ukm_MN_agC_m0	ARDRTPVYDILTGVRPPPWYYDGMDV	7ukm_HL_agA_m0
7ukm_XY_agB_m0	ARDRTPVYDILTGVRPPPWYYDGMDV	7ukm_HL_agA_m0
7uko_EF_agC_m0	VRPLYDYYAMDY	2vc2_HL_agA_m0
7uko_HL_agA_m0	VRPLYDYYAMDY	2vc2_HL_agA_m0
7ukp_EF_agC_m0	VRPLYDYYAMDY	2vc2_HL_agA_m0
7ukp_HL_agA_m0	VRPLYDYYAMDY	2vc2_HL_agA_m0
7ukt_EF_agC_m0	VRPLYDYYAMDY	2vc2_HL_agA_m0
7ukt_HL_agA_m0	VRPLYDYYAMDY	2vc2_HL_agA_m0
7ul0_HL_agA_m0	ARDLELGGGFDY	7ul0_HL_agA_m0
7ul1_HL_agA_m0	ARDLEMAGAFDI	7ul1_HL_agA_m0
7ul2_DNA_agR_m0	IWEELLDGWG	7ul2_DNA_agR_m0
7ul3_CNA_agA_m0	NAEYRTGIEWELLDG	6vi4_CNA_agB_m0
7ul3_HL_agNA_m0	ARGYQYWQYHANWYWSGGLDY	7php_HL_agNA_m0
7ul5_DNA_agA_m0	IWEELLDGWGQGT	7ul5_DNA_agA_m0
7ul7_ED_agc_m0	ARSRHSTSPQSYMDV	7ul7_ED_agc_m0
7ul7_GF_agb_m0	ARSRHSTSPQSYMDV	7ul7_ED_agc_m0
7ul7_HL_aga_m0	ARSRHSTSPQSYMDV	7ul7_ED_agc_m0
7um3_HL_agA_m0	AFGYSDYYENWFDP	7um3_HL_agA_m0
7um3_IM_agB_m0	AFGYSDYYENWFDP	7um3_HL_agA_m0
7um5_Ee_agB _ C_m0	VRSIYYYSGSPFDF	6crk_Hh_agA _ B _ G_m0
7um6_Ee_agB _ C_m0	VRSIYYYSGSPFDF	6crk_Hh_agA _ B _ G_m0
7um7_Ee_agB _ C_m0	VRSIYYYSGSPFDF	6crk_Hh_agA _ B _ G_m0
7umm_HL_agA_m0	ARERGTGPADAFNI	7umm_HL_agA_m0
7umm_IM_agB_m0	ARERGTGPADAFNI	7umm_HL_agA_m0
7umm_JN_agC_m0	ARERGTGPADAFNI	7umm_HL_agA_m0
7umn_HL_agA_m0	ARWGNSPYYYYYMDV	7umn_HL_agA_m0
7umn_IM_agB_m0	ARWGNSPYYYYYMDV	7umn_HL_agA_m0
7umn_JN_agC_m0	ARWGNSPYYYYYMDV	7umn_HL_agA_m0
7unb_FE_agR_m0	ARHGGSTGMKIVVVAPPDY	7unb_FE_agR_m0
7unb_HL_agR_m0	VRGGRDSPILGGY	7unb_HL_agR_m0
7uny_BNA_agD_m0	AAAGVYSGTDTYTEFDY	7uny_BNA_agD_m0
7uny_CNA_agA_m0	AAAGVYSGTDTYTEFDY	7uny_BNA_agD_m0
7unz_ANA_agD_m0	NAAGATILDADFGS	7unz_ANA_agD_m0
7unz_CNA_agB_m0	NAAGATILDADFGS	7unz_ANA_agD_m0
7uoj_DE_agA_m0	ARGPSGENYPFHY	6oz3_HL_agG_m0
7uoj_HL_agG_m0	ARGPSGENYPFHY	6oz3_HL_agG_m0
7uoj_KM_agI_m0	ARGPSGENYPFHY	6oz3_HL_agG_m0
7uoj_de_agA_m0	ARTLHGRRIYGIVYTFWENFAFYMDV	4fq1_HL_ag_m0
7uoj_hl_agG_m0	ARTLHGRRIYGIVYTFWENFAFYMDV	4fq1_HL_ag_m0
7uoj_km_agI_m0	ARTLHGRRIYGIVYTFWENFAFYMDV	4fq1_HL_ag_m0
7uop_BE_agG_m0	ARTFYDGYYYAMDY	7uop_BE_agG_m0
7uop_CF_agD_m0	ARTFYDGYYYAMDY	7uop_BE_agG_m0
7uop_HL_agA_m0	ARTFYDGYYYAMDY	7uop_BE_agG_m0
7uot_HL_agC _ A _ B_m0	ARSGIKVADYYDYEMDV	7uot_HL_agC _ A _ B_m0
7uot_OP_aga_m0	ARQYPDQYSSSLRPWGFAMDV	7uot_OP_aga_m0
7uot_QR_agb_m0	ARQYPDQYSSSLRPWGFAMDV	7uot_OP_aga_m0
7uot_ST_agc_m0	ARQYPDQYSSSLRPWGFAMDV	7uot_OP_aga_m0
7uov_DE_agB_m0	ARGYS	7uov_DE_agB_m0
7uov_FG_agC_m0	ARGYS	7uov_DE_agB_m0
7uov_HL_agA_m0	ARGYS	7uov_DE_agB_m0
7uov_OP_aga_m0	ARQYPDQYSSSLRPWGFAMDV	7uot_OP_aga_m0
7uov_QR_agb_m0	ARQYPDQYSSSLRPWGFAMDV	7uot_OP_aga_m0
7uov_ST_agc_m0	ARQYPDQYSSSLRPWGFAMDV	7uot_OP_aga_m0
7uow_HL_agA_m0	ARDLDYYGMDV	7e3c_BC_agA_m0
7uow_JI_agC_m0	ARDLDYYGMDV	7e3c_BC_agA_m0
7up9_HL_agG _ A_m0	ASRHLSTGAMDY	7up9_HL_agG _ A_m0
7upa_BE_agG_m0	AREADYDWYFDV	7upa_BE_agG_m0
7upa_CF_agD_m0	AREADYDWYFDV	7upa_BE_agG_m0
7upa_HL_agA_m0	AREADYDWYFDV	7upa_BE_agG_m0
7upb_BE_agA_m0	ARGGRYHQGGFFDY	7upb_BE_agA_m0
7upb_CF_agD_m0	ARGGRYHQGGFFDY	7upb_BE_agA_m0
7upb_HL_agG_m0	ARGGRYHQGGFFDY	7upb_BE_agA_m0
7upd_BE_agA_m0	VREGGYYFDY	7upd_BE_agA_m0
7upd_CF_agG_m0	VREGGYYFDY	7upd_BE_agA_m0
7upd_HL_agD_m0	VREGGYYFDY	7upd_BE_agA_m0
7upk_CF_agA_m0	ATRDGYFDY	7upk_CF_agA_m0
7upk_EG_agB_m0	ATRDGYFDY	7upk_CF_agA_m0
7upk_HL_agD_m0	ATRDGYFDY	7upk_CF_agA_m0
7upl_ED_agB_m0	ARGEMTAVFGDY	7u0p_DI_agB_m0
7upl_FI_agA_m0	ARGEMTAVFGDY	7u0p_DI_agB_m0
7upm_BNA_agA_m0	AVISAGYHFY	7upm_BNA_agA_m0
7upw_DE_agA_m0	ARDRVLYGRGFSWYFDV	7upw_DE_agA_m0
7upw_FG_agB_m0	ARDRVLYGRGFSWYFDV	7upw_DE_agA_m0
7upw_HL_agC_m0	ARDRVLYGRGFSWYFDV	7upw_DE_agA_m0
7upx_HL_agA_m0	ARDRVLYGRGFSWYFDV	7upw_DE_agA_m0
7upy_DE_agC_m0	ARDRVLYGRGFSWYFDV	7upw_DE_agA_m0
7upy_FG_agA_m0	ARDRVLYGRGFSWYFDV	7upw_DE_agA_m0
7upy_HL_agB_m0	ARDRVLYGRGFSWYFDV	7upw_DE_agA_m0
7uqc_BA_agC_m0	TRDPPYFDN	7k7r_BA_agC_m0
7uqc_ED_agF_m0	TRDPPYFDN	7k7r_BA_agC_m0
7uqc_HG_agNA_m0	TRDPPYFDN	7k7r_BA_agC_m0
7uqc_JI_agNA_m0	TRDPPYFDN	7k7r_BA_agC_m0
7ur4_FG_agB_m0	ARDPRTHRELAGSHFDS	7ur4_FG_agB_m0
7ur4_HL_agC_m0	ARDPRTHRELAGSHFDS	7ur4_FG_agB_m0
7ur4_IJ_agA_m0	ARDPRTHRELAGSHFDS	7ur4_FG_agB_m0
7ur6_DE_agC _ A_m0	ADIRGRYYYSNVDFLFGVGVES	7ur6_DE_agC _ A_m0
7ur6_HL_agB _ G_m0	ADIRGRYYYSNVDFLFGVGVES	7ur6_DE_agC _ A_m0
7ur6_JK_agI _ F_m0	ADIRGRYYYSNVDFLFGVGVES	7ur6_DE_agC _ A_m0
7ura_HL_agA_m0	ARSYGSSHTFAY	7ura_HL_agA_m0
7urc_HL_agA_m0	ARSYGSSHTFAY	7ura_HL_agA_m0
7urd_HL_agA_m0	ARSYGSSHTFAY	7ura_HL_agA_m0
7ure_HL_agA_m0	ARSYGSSHTFAY	7ura_HL_agA_m0
7urf_OP_agA_m0	ARVWNYDYYFDY	7mhy_OP_agA_m0
7url_Aa_agNA_m0	ARSGGIERYYTGDYVMDY	1mf2_HL_ag_m0
7url_Bb_agNA_m0	ARSGGIERYYTGDYVMDY	1mf2_HL_ag_m0
7urq_HL_agA_m0	ARDLEVAGAIDY	7s4s_HL_agA_m0
7urs_HL_agA_m0	ARDLEVAGAIDY	7s4s_HL_agA_m0
7urx_HL_agC_m0	ARKTISSVDVFYFDY	7urx_HL_agC_m0
7usl_HL_agC_m0	AYGNYYFDQ	7usl_HL_agC_m0
7ust_BNA_agA_m0	ARDHGPCTVLADYLIDYGMDY	7ust_BNA_agA_m0
7usv_CNA_agA_m0	AGGGSYYPMYPSDGMDY	7usv_CNA_agA_m0
7usv_DNA_agB_m0	AGGGSYYPMYPSDGMDY	7usv_CNA_agA_m0
7ut3_HL_agL_m0	ARNYGHDAMDY	7ut3_HL_agL_m0
7utg_ANA_agNA_m0	AADQDGYPYEY	7utg_ANA_agNA_m0
7utz_NNA_agY _ Z _ X_m0	ARCPAPFTRDCSTVDFTTYAY	6oya_NNA_agA _ B_m0
7uvf_HL_agA_m0	GRGYGYYVFDH	7uvf_HL_agA_m0
7uvf_XY_agB_m0	GRGYGYYVFDH	7uvf_HL_agA_m0
7uvh_AB_agC_m0	ARSDGLSMAIAPFDY	7uvh_AB_agC_m0
7uvh_DE_agF_m0	ARSDGLSMAIAPFDY	7uvh_AB_agC_m0
7uvi_AB_agC_m0	ATIAGPLSLDGKFFFDS	9n8i_AB_agE_m0
7uvi_DE_agF_m0	ATIAGPLSLDGKFFFDS	9n8i_AB_agE_m0
7uvl_HL_agNA_m0	VIRGDVYNRQ	3m8o_HL_ag_m0
7uvo_AB_agC_m0	ANDRMRWIQVPHY	7uvo_AB_agC_m0
7uvq_CB_agA_m0	ARDGRYWYFDV	7uvq_CB_agA_m0
7uvq_DE_agA_m0	ARAPEPGLTGFWEWGDY	7uvq_DE_agA_m0
7uvs_AB_agC_m0	AGSSWSSGYYTGRSAY	7uvs_AB_agC_m0
7uvs_DE_agF_m0	AGSSWSSGYYTGRSAY	7uvs_AB_agC_m0
7uxl_AB_agR_m0	ARDFAHGAFYPVD	7uxl_AB_agR_m0
7uxl_FE_agR_m0	ARHGGSTGMKIVVVAPPDY	7unb_FE_agR_m0
7uyl_HL_agNA_m0	AKVWFGESNDEYSVDV	7uyl_HL_agNA_m0
7uyl_KNA_agNA_m0	AAAAAAAAAAAAAA	7joo_KNA_agNA_m0
7uym_HL_agP_m0	AKVWFGESNDEYSVDV	7uyl_HL_agNA_m0
7uym_KNA_agNA_m0	AAAAAAAAAAAAAA	7joo_KNA_agNA_m0
7uz4_HL_agA_m0	ARPDSSGPYVYFDY	7uz5_HL_agA_m0
7uz4_MN_agB_m0	ARPDSSGPYVYFDY	7uz5_HL_agA_m0
7uz4_PQ_agC_m0	ARPDSSGPYVYFDY	7uz5_HL_agA_m0
7uz5_HL_agA_m0	ARPDNSGPYVYFDY	7uz5_HL_agA_m0
7uz6_HL_agA_m0	ARWDYFDSRTFDY	7uz6_HL_agA_m0
7uz6_MN_agB_m0	ARWDYFDSRTFDY	7uz6_HL_agA_m0
7uz6_PQ_agC_m0	ARWDYFDSRTFDY	7uz6_HL_agA_m0
7uz7_HL_agA_m0	ADEGWGFAN	7uz7_HL_agA_m0
7uz7_MN_agB_m0	ADEGWGFAN	7uz7_HL_agA_m0
7uz7_PQ_agC_m0	ADEGWGFAN	7uz7_HL_agA_m0
7uz8_HL_agA_m0	ADEGWGFAN	7uz7_HL_agA_m0
7uz8_MN_agB_m0	ADEGWGFAN	7uz7_HL_agA_m0
7uz8_PQ_agC_m0	ADEGWGFAN	7uz7_HL_agA_m0
7uz9_HL_agA_m0	ARYDGNYVYYGYAMDY	7uz9_HL_agA_m0
7uz9_MN_agB_m0	ARYDGNYVYYGYAMDY	7uz9_HL_agA_m0
7uz9_PQ_agC_m0	ARYDGNYVYYGYAMDY	7uz9_HL_agA_m0
7uza_HL_agA _ B_m0	VRSGSYYGYTTDYFDY	7uza_HL_agA _ B_m0
7uzb_HL_agA_m0	ARDYGYYYFDY	7uzb_HL_agA_m0
7uzc_EF_agB_m0	ARYDGNYVYYGYAMDY	7uz9_HL_agA_m0
7uzc_HL_agA_m0	ARYDGNYVYYGYAMDY	7uz9_HL_agA_m0
7uzd_HL_agA_m0	ARDYGYYYFDY	7uzb_HL_agA_m0
7v05_Aa_agX_m0	AKVWFGESNDEYSVDV	7uyl_HL_agNA_m0
7v05_Bb_agX_m0	AKVWFGESNDEYSVDV	7uyl_HL_agNA_m0
7v05_Cc_agX_m0	AKVWFGESNDEYSVDV	7uyl_HL_agNA_m0
7v05_Dd_agX_m0	AKVWFGESNDEYSVDV	7uyl_HL_agNA_m0
7v05_Ee_agX_m0	AKVWFGESNDEYSVDV	7uyl_HL_agNA_m0
7v05_Ff_agX_m0	AKVWFGESNDEYSVDV	7uyl_HL_agNA_m0
7v05_Gg_agX_m0	AKVWFGESNDEYSVDV	7uyl_HL_agNA_m0
7v05_Hh_agX_m0	AKVWFGESNDEYSVDV	7uyl_HL_agNA_m0
7v05_Ii_agX_m0	AKVWFGESNDEYSVDV	7uyl_HL_agNA_m0
7v05_Jj_agX_m0	AKVWFGESNDEYSVDV	7uyl_HL_agNA_m0
7v05_Kk_agX_m0	AKVWFGESNDEYSVDV	7uyl_HL_agNA_m0
7v05_Ll_agX_m0	AKVWFGESNDEYSVDV	7uyl_HL_agNA_m0
7v05_Mm_agX_m0	AKVWFGESNDEYSVDV	7uyl_HL_agNA_m0
7v05_Nn_agX_m0	AKVWFGESNDEYSVDV	7uyl_HL_agNA_m0
7v0v_ANA_agNA_m0	NVNVGFEY	3k1k_CNA_agA_m0
7v0v_ANA_agNA_m1	NVNVGFEY	3k1k_CNA_agA_m0
7v0v_ANA_agNA_m10	NVNVGFEY	3k1k_CNA_agA_m0
7v0v_ANA_agNA_m11	NVNVGFEY	3k1k_CNA_agA_m0
7v0v_ANA_agNA_m12	NVNVGFEY	3k1k_CNA_agA_m0
7v0v_ANA_agNA_m13	NVNVGFEY	3k1k_CNA_agA_m0
7v0v_ANA_agNA_m14	NVNVGFEY	3k1k_CNA_agA_m0
7v0v_ANA_agNA_m15	NVNVGFEY	3k1k_CNA_agA_m0
7v0v_ANA_agNA_m16	NVNVGFEY	3k1k_CNA_agA_m0
7v0v_ANA_agNA_m17	NVNVGFEY	3k1k_CNA_agA_m0
7v0v_ANA_agNA_m18	NVNVGFEY	3k1k_CNA_agA_m0
7v0v_ANA_agNA_m19	NVNVGFEY	3k1k_CNA_agA_m0
7v0v_ANA_agNA_m2	NVNVGFEY	3k1k_CNA_agA_m0
7v0v_ANA_agNA_m3	NVNVGFEY	3k1k_CNA_agA_m0
7v0v_ANA_agNA_m4	NVNVGFEY	3k1k_CNA_agA_m0
7v0v_ANA_agNA_m5	NVNVGFEY	3k1k_CNA_agA_m0
7v0v_ANA_agNA_m6	NVNVGFEY	3k1k_CNA_agA_m0
7v0v_ANA_agNA_m7	NVNVGFEY	3k1k_CNA_agA_m0
7v0v_ANA_agNA_m8	NVNVGFEY	3k1k_CNA_agA_m0
7v0v_ANA_agNA_m9	NVNVGFEY	3k1k_CNA_agA_m0
7v23_OP_agA_m0	ATNGGAHSSFSWTYGMDV	7e8c_HL_agA_m0
7v23_QR_agB_m0	ATNGGAHSSFSWTYGMDV	7e8c_HL_agA_m0
7v23_ST_agC_m0	ATNGGAHSSFSWTYGMDV	7e8c_HL_agA_m0
7v24_HL_agA_m0	ATNGGAHSSFSWTYGMDV	7e8c_HL_agA_m0
7v26_ab_agA_m0	ARLTAADTIFDC	7v26_ab_agA_m0
7v26_cd_agC_m0	ARLTAADTIFDC	7v26_ab_agA_m0
7v26_ef_agE_m0	ARLTAADTIFDC	7v26_ab_agA_m0
7v27_BA_agC_m0	ARLTAADTIFDC	7v26_ab_agA_m0
7v2a_ED_agA_m0	TRHQYGYNYYFYGYYIDV	7v2a_ED_agA_m0
7v2a_GF_agB_m0	TRHQYGYNYYFYGYYIDV	7v2a_ED_agA_m0
7v2a_IH_agC_m0	TRHQYGYNYYFYGYYIDV	7v2a_ED_agA_m0
7v35_NNA_agA _ B_m0	ARCPAPFTRDCSTVDFTTYAY	6oya_NNA_agA _ B_m0
7v3h_GH_agA_m0	ARDKVDDYGDYLTPFWWYFDY	4ut9_HL_agA_m0
7v3h_IM_agC_m0	ARDKVDDYGDYLTPFWWYFDY	4ut9_HL_agA_m0
7v3h_KL_agB_m0	ARDKVDDYGDYLTPFWWYFDY	4ut9_HL_agA_m0
7v3j_HL_agA _ C _ B_m0	ARDKVDDYGDYLTPFWWYFDY	4ut9_HL_agA_m0
7v3j_IM_agO _ Q _ P_m0	ARDKVDDYGDYLTPFWWYFDY	4ut9_HL_agA_m0
7v3l_DE_agA_m0	ANSYCSSTNCQYYRYNGLDV	7v3l_DE_agA_m0
7v3l_FG_agB_m0	ANSYCSSTNCQYYRYNGLDV	7v3l_DE_agA_m0
7v3l_HI_agC_m0	ANSYCSSTNCQYYRYNGLDV	7v3l_DE_agA_m0
7v3q_BA_agNA_m0	ASYYEGFAY	7v3q_BA_agNA_m0
7v3q_DC_agNA_m0	ASYYEGFAY	7v3q_BA_agNA_m0
7v4w_BA_agC_m0	ASYYEGFAY	7v3q_BA_agNA_m0
7v5j_ED_agA_m0	ARQMTAYDNWYPSFDY	7v5j_ED_agA_m0
7v5j_GF_agC_m0	ARQMTAYDNWYPSFDY	7v5j_ED_agA_m0
7v5j_IH_agB_m0	ARQMTAYDNWYPSFDY	7v5j_ED_agA_m0
7v5k_ED_agA_m0	ARQMTAYDNWYPSFDY	7v5j_ED_agA_m0
7v5k_GF_agC_m0	ARQMTAYDNWYPSFDY	7v5j_ED_agA_m0
7v5k_IH_agB_m0	ARQMTAYDNWYPSFDY	7v5j_ED_agA_m0
7v5n_BA_agD_m0	AKYPHYYGHSSWYFDV	1bj1_HL_agW_m0
7v5n_FE_agG_m0	AKYPHYYGHSSWYFDV	1bj1_HL_agW_m0
7v61_HK_agB_m0	ARWRDYDDRWYFDV	7v61_HK_agB_m0
7v61_IM_agD_m0	ARWRDYDDRWYFDV	7v61_HK_agB_m0
7v64_BA_agC_m0	ASYYEGFAY	7v3q_BA_agNA_m0
7v68_Ss_agA _ B_m0	VRSIYYYSGSPFDF	6crk_Hh_agA _ B _ G_m0
7v69_Ss_agA _ C _ B_m0	VRSIYYYSGSPFDF	6crk_Hh_agA _ B _ G_m0
7v6a_Ss_agA _ B_m0	VRSIYYYSGSPFDF	6crk_Hh_agA _ B _ G_m0
7v6n_ED_agA_m0	ARENTTYYYETSSAGWSGYYFDF	7v6n_ED_agA_m0
7v6n_GF_agB_m0	ARENTTYYYETSSAGWSGYYFDF	7v6n_ED_agA_m0
7v6n_IH_agC_m0	ARENTTYYYETSSAGWSGYYFDF	7v6n_ED_agA_m0
7v6o_ED_agA_m0	ARENTTYYYETSSAGWSGYYFDF	7v6n_ED_agA_m0
7v6o_GF_agB_m0	ARENTTYYYETSSAGWSGYYFDF	7v6n_ED_agA_m0
7v6o_IH_agC_m0	ARENTTYYYETSSAGWSGYYFDF	7v6n_ED_agA_m0
7v7k_BA_agC_m0	ASYYEGFAY	7v3q_BA_agNA_m0
7v8q_BA_agG_m0	VSYYEGFAY	7v8q_BA_agG_m0
7v8q_DC_agH_m0	VSYYEGFAY	7v8q_BA_agG_m0
7v8q_FE_agI_m0	VSYYEGFAY	7v8q_BA_agG_m0
7v9l_NNA_agA _ Y _ B_m0	ARCPAPFTRDCSTVDFTTYAY	6oya_NNA_agA _ B_m0
7v9m_NNA_agA _ B_m0	ARCPAPFTRDCSTVDFTTYAY	6oya_NNA_agA _ B_m0
7vab_NNA_agA _ B_m0	ARCPAPFTRDCSTVDFTTYAY	6oya_NNA_agA _ B_m0
7vac_BA_agG_m0	VSYYEGFAY	7v8q_BA_agG_m0
7vac_DC_agH_m0	VSYYEGFAY	7v8q_BA_agG_m0
7vac_FE_agI_m0	VSYYEGFAY	7v8q_BA_agG_m0
7vad_HL_agA_m0	ARSYYDGPIHYFDY	7vad_HL_agA_m0
7vae_HL_agA_m0	ARSYYDGPIHYFDY	7vad_HL_agA_m0
7vaf_HL_agA_m0	ARSYYDGPIHYFDY	7vad_HL_agA_m0
7vag_HL_agA_m0	ARSYYDGPIHYFDY	7vad_HL_agA_m0
7vaz_BA_agE_m0	VSYYEGFAY	7v8q_BA_agG_m0
7vaz_DC_agG_m0	VSYYEGFAY	7v8q_BA_agG_m0
7vaz_HF_agI_m0	VSYYEGFAY	7v8q_BA_agG_m0
7vbh_NNA_agA _ B_m0	ARCPAPFTRDCSTVDFTTYAY	6oya_NNA_agA _ B_m0
7vbi_NNA_agA _ B_m0	ARCPAPFTRDCSTVDFTTYAY	6oya_NNA_agA _ B_m0
7vdh_Ss_agA _ B_m0	VRSIYYYSGSPFDF	6crk_Hh_agA _ B _ G_m0
7vdl_Ss_agA _ B_m0	VRSIYYYSGSPFDF	6crk_Hh_agA _ B _ G_m0
7vdm_Ss_agA _ B_m0	VRSIYYYSGSPFDF	6crk_Hh_agA _ B _ G_m0
7ven_BA_agNA_m0	ARDIVDAFDF	7ven_BA_agNA_m0
7vfa_DNA_agE_m0	AATYLLRFAASLSTNFPY	7vfa_DNA_agE_m0
7vfb_BNA_agA_m0	AASGAIAGIRLHGPLCTFYTY	7vfb_BNA_agA_m0
7vfx_Ss_agA _ B_m0	VRSIYYYSGSPFDF	6crk_Hh_agA _ B _ G_m0
7vgr_DC_agA_m0	ASGYLGENYVMDF	7vgr_DC_agA_m0
7vgr_FE_agB_m0	ASGYLGENYVMDF	7vgr_DC_agA_m0
7vgs_DC_agA_m0	EVINTY	7vgs_DC_agA_m0
7vgs_FE_agB_m0	EVINTY	7vgs_DC_agA_m0
7vgx_Ss_agA _ B_m0	VRSIYYYSGSPFDF	6crk_Hh_agA _ B _ G_m0
7vgy_Ee_agB _ C_m0	VRSIYYYSGSPFDF	6crk_Hh_agA _ B _ G_m0
7vgz_Ff_agC _ D_m0	VRSIYYYSGSPFDF	6crk_Hh_agA _ B _ G_m0
7vie_Ee_agD _ A_m0	VRSIYYYSGSPFDF	6crk_Hh_agA _ B _ G_m0
7vif_Ee_agD _ A_m0	VRSIYYYSGSPFDF	6crk_Hh_agA _ B _ G_m0
7vig_Ee_agD _ A_m0	VRSIYYYSGSPFDF	6crk_Hh_agA _ B _ G_m0
7vih_Ee_agD _ A_m0	VRSIYYYSGSPFDF	6crk_Hh_agA _ B _ G_m0
7vke_BNA_agA_m0	AKDRGTMRVYVVDTLDI	7vke_BNA_agA_m0
7vkt_Ee_agB _ D _ C_m0	VRSIYYYSGSPFDF	6crk_Hh_agA _ B _ G_m0
7vl8_Ss_agA _ B_m0	VRSIYYYSGSPFDF	6crk_Hh_agA _ B _ G_m0
7vl9_Ss_agA _ B_m0	VRSIYYYSGSPFDF	6crk_Hh_agA _ B _ G_m0
7vla_Ss_agA _ B_m0	VRSIYYYSGSPFDF	6crk_Hh_agA _ B _ G_m0
7vmu_Aa_agB_m0	ARDLSEKGGMDV	7vmu_Aa_agB_m0
7vmz_HL_agNA_m0	ARWWASVGGAGGGLDY	7vmz_HL_agNA_m0
7vn9_AB_agC_m0	ARWWASVGGAGGGLDY	7vmz_HL_agNA_m0
7vn9_HL_agE_m0	ARWWASVGGAGGGLDY	7vmz_HL_agNA_m0
7vnb_ANA_agB_m0	VSNWASGSTGDY	7vnb_ANA_agB_m0
7vnc_VNA_agC_m0	VSNWASGSTGDY	7vnb_ANA_agB_m0
7vnd_DNA_agA_m0	VSNWASGSTGDY	7vnb_ANA_agB_m0
7vnd_VNA_agC_m0	VSNWASGSTGDY	7vnb_ANA_agB_m0
7vne_UNA_agA_m0	VSNWASGSTGDY	7vnb_ANA_agB_m0
7vne_VNA_agC _ B_m0	VSNWASGSTGDY	7vnb_ANA_agB_m0
7vne_WNA_agC_m0	VSNWASGSTGDY	7vnb_ANA_agB_m0
7vng_HL_agD_m0	ARWWITFGGAGGGLDY	7vng_HL_agD_m0
7voa_ANA_agB_m0	APVSHTVVAGCWAEFATDFGS	7voa_ANA_agB_m0
7vpy_ANA_agNA_m0	HSADVNGGMDY	7vpy_ANA_agNA_m0
7vpy_BNA_agNA_m0	HSADVNGGMDY	7vpy_ANA_agNA_m0
7vq0_DNA_agA_m0	HSADVNGGMDY	7vpy_ANA_agNA_m0
7vq0_ENA_agB_m0	HSADVNGGMDY	7vpy_ANA_agNA_m0
7vq0_FNA_agC_m0	HSADVNGGMDY	7vpy_ANA_agNA_m0
7vqx_NNA_agA _ B_m0	ARCPAPFTRDCSTVDFTTYAY	6oya_NNA_agA _ B_m0
7vsu_BA_agNA_m0	AREGKNGAFDI	7vsu_BA_agNA_m0
7vsu_DC_agNA_m0	AREGKNGAFDI	7vsu_BA_agNA_m0
7vsw_BA_agNA_m0	AREGKNGAFDI	7vsu_BA_agNA_m0
7vsw_FE_agNA_m0	AREGKNGAFDI	7vsu_BA_agNA_m0
7vsw_JI_agNA_m0	AREGKNGAFDI	7vsu_BA_agNA_m0
7vsw_NM_agNA_m0	AREGKNGAFDI	7vsu_BA_agNA_m0
7vtj_HL_agC_m0	ARSTYYSGALDY	6lra_HL_agC_m0
7vug_Ss_agA _ C _ B_m0	VRSIYYYSGSPFDF	6crk_Hh_agA _ B _ G_m0
7vuh_NNA_agA _ B_m0	ARCPAPFTRDCSTVDFTTYAY	6oya_NNA_agA _ B_m0
7vui_NNA_agA _ B_m0	ARCPAPFTRDCSTVDFTTYAY	6oya_NNA_agA _ B_m0
7vuj_NNA_agA _ B_m0	ARCPAPFTRDCSTVDFTTYAY	6oya_NNA_agA _ B_m0
7vux_HL_agA_m0	ASPYGGYFDV	7vux_HL_agA_m0
7vuy_Ss_agA _ B_m0	VRSIYYYSGSPFDF	6crk_Hh_agA _ B _ G_m0
7vuz_Ss_agA _ B_m0	VRSIYYYSGSPFDF	6crk_Hh_agA _ B _ G_m0
7vv3_Ss_agA _ B_m0	VRSIYYYSGSPFDF	6crk_Hh_agA _ B _ G_m0
7vv5_Ss_agA _ B_m0	VRSIYYYSGSPFDF	6crk_Hh_agA _ B _ G_m0
7vvj_NNA_agA _ B_m0	ARCPAPFTRDCSTVDFTTYAY	6oya_NNA_agA _ B_m0
7vvk_NNA_agA _ B_m0	ARCPAPFTRDCSTVDFTTYAY	6oya_NNA_agA _ B_m0
7vvl_NNA_agA _ B_m0	ARCPAPFTRDCSTVDFTTYAY	6oya_NNA_agA _ B_m0
7vvm_NNA_agA _ B_m0	ARCPAPFTRDCSTVDFTTYAY	6oya_NNA_agA _ B_m0
7vvn_NNA_agA _ B_m0	ARCPAPFTRDCSTVDFTTYAY	6oya_NNA_agA _ B_m0
7vvo_NNA_agA _ B_m0	ARCPAPFTRDCSTVDFTTYAY	6oya_NNA_agA _ B_m0
7vyr_AB_agC_m0	ARETEQGGMDV	7vyr_AB_agC_m0
7vyr_HL_agR_m0	ARETEQGGMDV	7vyr_AB_agC_m0
7vyt_BC_agA_m0	ASRSGSGFWGALDY	7vyt_BC_agA_m0
7vyt_HL_agT_m0	ASRSGSGFWGALDY	7vyt_BC_agA_m0
7vzt_BC_agA_m0	TRAGWVRGAFDI	7d6i_BC_agA_m0
7w0l_Ss_agA _ B_m0	VRSIYYYSGSPFDF	6crk_Hh_agA _ B _ G_m0
7w0m_Ss_agA _ B_m0	VRSIYYYSGSPFDF	6crk_Hh_agA _ B _ G_m0
7w0n_Ss_agA _ B_m0	VRSIYYYSGSPFDF	6crk_Hh_agA _ B _ G_m0
7w0o_Ss_agA _ B_m0	VRSIYYYSGSPFDF	6crk_Hh_agA _ B _ G_m0
7w0p_Ss_agA _ B_m0	VRSIYYYSGSPFDF	6crk_Hh_agA _ B _ G_m0
7w1s_BNA_agA_m0	WGWRMNDY	7w1s_BNA_agA_m0
7w2z_Ss_agA _ B_m0	VRSIYYYSGSPFDF	6crk_Hh_agA _ B _ G_m0
7w3z_Hh_agB _ C_m0	VRSIYYYSGSPFDF	6crk_Hh_agA _ B _ G_m0
7w40_Hh_agB _ C _ D_m0	VRSIYYYSGSPFDF	6crk_Hh_agA _ B _ G_m0
7w53_Ee_agA _ B_m0	VRSIYYYSGSPFDF	6crk_Hh_agA _ B _ G_m0
7w55_Ee_agA _ B_m0	VRSIYYYSGSPFDF	6crk_Hh_agA _ B _ G_m0
7w56_Ee_agA _ B_m0	VRSIYYYSGSPFDF	6crk_Hh_agA _ B _ G_m0
7w57_Ee_agA _ B_m0	VRSIYYYSGSPFDF	6crk_Hh_agA _ B _ G_m0
7w6p_Hh_agA _ B_m0	VRSIYYYSGSPFDF	6crk_Hh_agA _ B _ G_m0
7w71_HL_agA_m0	ARSGSFFDY	7w71_HL_agA_m0
7w71_IM_agB_m0	ARSGSFFDY	7w71_HL_agA_m0
7w7e_Hh_agA _ B_m0	VRSIYYYSGSPFDF	6crk_Hh_agA _ B _ G_m0
7w7q_Aa_agNA_m0	AKHQVLEAEYAFDL	7w7q_Aa_agNA_m0
7w7q_Bb_agNA_m0	AKHQVEAYAFDL	7w7q_Bb_agNA_m0
7w9e_DE_agC_m0	ARDGYPYYYALDH	7w9e_DE_agC_m0
7w9f_AB_agE_m0	ARDGYPYYYALDH	7w9e_DE_agC_m0
7wb5_HL_agR_m0	ARGGNWDWYFDV	7wb5_HL_agR_m0
7wbh_OQ_agB_m0	ARGGNWDWYFDV	7wb5_HL_agR_m0
7wbh_PS_agC_m0	ARGGNWDWYFDV	7wb5_HL_agR_m0
7wbh_UV_agA_m0	ARGGNWDWYFDV	7wb5_HL_agR_m0
7wbj_NNA_agA _ B_m0	ARCPAPFTRDCSTVDFTTYAY	6oya_NNA_agA _ B_m0
7wbz_HL_agA_m0	ARDLAVYGMDV	7wbz_HL_agA_m0
7wc0_AB_agNA_m0	ARGWATYYDIYGTLSLFDY	7wc0_AB_agNA_m0
7wc0_HL_agNA_m0	ARGWATYYDIYGTLSLFDY	7wc0_AB_agNA_m0
7wcd_AB_agC_m0	ARGWATYYDIYGTLSLFDY	7wc0_AB_agNA_m0
7wcd_EF_agH_m0	ARGWATYYDIYGTLSLFDY	7wc0_AB_agNA_m0
7wcd_GI_agJ_m0	ARGWATYYDIYGTLSLFDY	7wc0_AB_agNA_m0
7wch_DE_agA_m0	ALNHCSNTLCTDGFDI	7wch_DE_agA_m0
7wch_HL_agB_m0	ALNHCSNTLCTDGFDI	7wch_DE_agA_m0
7wch_MN_agG_m0	ALNHCSNTLCTDGFDI	7wch_DE_agA_m0
7wck_AB_agR_m0	ALNHCSNTLCTDGFDI	7wch_DE_agA_m0
7wcm_NNA_agA _ C _ B_m0	ARCPAPFTRDCSTVDFTTYAY	6oya_NNA_agA _ B_m0
7wcn_NNA_agA _ B_m0	ARCPAPFTRDCSTVDFTTYAY	6oya_NNA_agA _ B_m0
7wcp_DE_agB_m0	ARDYGDFYFDY	7d0c_GF_agC_m0
7wcp_HL_agA_m0	ARDYGDFYFDY	7d0c_GF_agC_m0
7wcp_MN_agC_m0	ARDYGDFYFDY	7d0c_GF_agC_m0
7wcr_ab_agA_m0	ARDDKASFAF	7wcr_ab_agA_m0
7wcu_AB_agR_m0	ARDYGDFYFDY	7d0c_GF_agC_m0
7wcz_ab_agA_m0	ARDDKASFAF	7wcr_ab_agA_m0
7wd0_ab_agA_m0	ARDDKASFAF	7wcr_ab_agA_m0
7wd0_cd_agB_m0	ARDDKASFAF	7wcr_ab_agA_m0
7wd1_CNA_agB_m0	AATPATYYSGRYAPCQYYGGMDY	7wd1_CNA_agB_m0
7wd1_DNA_agA_m0	AATPATYYSGRYAPCQYYGGMDY	7wd1_CNA_agB_m0
7wd2_CNA_agA_m0	AAEPDYSGVYYWGCTYTDFGS	7wd2_CNA_agA_m0
7wd2_DNA_agB_m0	AAEPDYSGVYYWGCTYTDFGS	7wd2_CNA_agA_m0
7wd7_ab_agA_m0	ARDDKASFAF	7wcr_ab_agA_m0
7wd7_cd_agB_m0	ARDDKASFAF	7wcr_ab_agA_m0
7wd7_ef_agC_m0	ARDDKASFAF	7wcr_ab_agA_m0
7wd8_EF_agB _ A_m0	ARKDYDYDAWFAY	7wd8_EF_agB _ A_m0
7wd9_EF_agB_m0	ARKDYDYDAWFAY	7wd8_EF_agB _ A_m0
7wd9_GH_agC_m0	ARKDYDYDAWFAY	7wd8_EF_agB _ A_m0
7wd9_IJ_agA_m0	ARKDYDYDAWFAY	7wd8_EF_agB _ A_m0
7wdf_DE_agC_m0	ARKDYDYDAWFAY	7wd8_EF_agB _ A_m0
7wdf_FG_agB_m0	ARKDYDYDAWFAY	7wd8_EF_agB _ A_m0
7we7_HL_agD_m0	ARDQSGFFDFYYDH	7we7_HL_agD_m0
7we7_JM_agE_m0	ARDQSGFFDFYYDH	7we7_HL_agD_m0
7we7_KN_agG_m0	ARDQSGFFDFYYDH	7we7_HL_agD_m0
7we8_HL_agA _ C _ B_m0	ARHLIPTIFDY	7we8_HL_agA _ C _ B_m0
7we9_CL_agB_m0	ARAEGSSLWGWFDP	7we9_CL_agB_m0
7we9_HJ_agA_m0	ARAEGSSLWGWFDP	7we9_CL_agB_m0
7we9_IK_agF_m0	ARAEGSSLWGWFDP	7we9_CL_agB_m0
7wea_GI_agB_m0	AAPFCSETSCSDGFDL	7wea_GI_agB_m0
7wea_HL_agA _ C_m0	AAPFCSETSCSDGFDL	7wea_GI_agB_m0
7web_GI_agD_m0	AAPFCSETSCSDGFDL	7wea_GI_agB_m0
7web_HL_agB_m0	AAPFCSETSCSDGFDL	7wea_GI_agB_m0
7wec_GJ_agB_m0	AAPFCSETSCSDGFDL	7wea_GI_agB_m0
7wec_HL_agA_m0	AAPFCSETSCSDGFDL	7wea_GI_agB_m0
7wec_IK_agC_m0	AAPFCSETSCSDGFDL	7wea_GI_agB_m0
7wed_HL_agE_m0	AAPFCSETSCSDGFDL	7wea_GI_agB_m0
7wee_HL_agE_m0	ARHLIPTIFDY	7we8_HL_agA _ C _ B_m0
7wef_CL_agE_m0	ARAEGSSLWGWFDP	7we9_CL_agB_m0
7wf7_Ee_agB _ C_m0	VRSIYYYSGSPFDF	6crk_Hh_agA _ B _ G_m0
7wg3_EA_agI_m0	ARSYYGYVDY	7wg3_EA_agI_m0
7wg3_FB_agJ_m0	ARSYYGYVDY	7wg3_EA_agI_m0
7wg3_GC_agK_m0	ARSYYGYVDY	7wg3_EA_agI_m0
7wg3_HD_agL_m0	ARSYYGYVDY	7wg3_EA_agI_m0
7wgd_HL_agA_m0	ARGEVRQRGFDY	4m48_HL_agA_m0
7wgt_HL_agA_m0	ARGEVRQRGFDY	4m48_HL_agA_m0
7wh8_BA_agC_m0	AKEGLAFGLYGMDV	7wh8_BA_agC_m0
7whb_DE_agA_m0	AKEGLAFGLYGMDV	7wh8_BA_agC_m0
7whb_GH_agC_m0	AKEGLAFGLYGMDV	7wh8_BA_agC_m0
7whb_JK_agB_m0	AKEGLAFGLYGMDV	7wh8_BA_agC_m0
7whd_DE_agC_m0	AKEGLAFGLYGMDV	7wh8_BA_agC_m0
7whd_GH_agA_m0	AKEGLAFGLYGMDV	7wh8_BA_agC_m0
7whd_JK_agB_m0	AKEGLAFGLYGMDV	7wh8_BA_agC_m0
7whi_DNA_agB_m0	VSNWASGSTGDY	7vnb_ANA_agB_m0
7whi_ENA_agC_m0	VSNWASGSTGDY	7vnb_ANA_agB_m0
7whi_FNA_agA_m0	VSNWASGSTGDY	7vnb_ANA_agB_m0
7whi_GNA_agA_m0	ATRSPFGDYAFSY	7whi_GNA_agA_m0
7whj_DNA_agC _ A_m0	VSNWASGSTGDY	7vnb_ANA_agB_m0
7whj_ENA_agB_m0	VSNWASGSTGDY	7vnb_ANA_agB_m0
7whj_FNA_agB_m0	ATRSPFGDYAFSY	7whi_GNA_agA_m0
7whk_DNA_agC_m0	ATRSPFGDYAFSY	7whi_GNA_agA_m0
7whk_ENA_agB_m0	VSNWASGSTGDY	7vnb_ANA_agB_m0
7whk_FNA_agC_m0	VSNWASGSTGDY	7vnb_ANA_agB_m0
7whk_GNA_agA_m0	VSNWASGSTGDY	7vnb_ANA_agB_m0
7whk_HNA_agA_m0	ATRSPFGDYAFSY	7whi_GNA_agA_m0
7whz_BD_agA_m0	AREGVAAAGSSSDAFDI	7whz_BD_agA_m0
7whz_CE_agA_m0	VKHYQQQLWLGGPDV	7whz_CE_agA_m0
7whz_HL_agA_m0	ARDGSSTYHPYNWFDP	7whz_HL_agA_m0
7wi0_BD_agA_m0	AREGVAAAGSSSDAFDI	7whz_BD_agA_m0
7wi0_CE_agA_m0	VKHYQQQLWLGGPDV	7whz_CE_agA_m0
7wi0_HL_agA_m0	ARDGSSTYHPYNWFDP	7whz_HL_agA_m0
7wic_Ss_agA _ B_m0	VRSIYYYSGSPFDF	6crk_Hh_agA _ B _ G_m0
7wig_Ss_agA _ B_m0	VRSIYYYSGSPFDF	6crk_Hh_agA _ B _ G_m0
7wj5_Ee_agA _ B_m0	VRSIYYYSGSPFDF	6crk_Hh_agA _ B _ G_m0
7wjy_BC_agA _ G_m0	AKHHQIAVAGDEADYYFDY	7wjy_BC_agA _ G_m0
7wjy_EF_agD_m0	AKHHQIAVAGDEADYYFDY	7wjy_BC_agA _ G_m0
7wjz_AC_agB_m0	AKHHQIAVAGDEADYYFDY	7wjy_BC_agA _ G_m0
7wjz_DN_agI_m0	AKHHQIAVAGDEADYYFDY	7wjy_BC_agA _ G_m0
7wjz_EO_agJ_m0	AKHHQIAVAGDEADYYFDY	7wjy_BC_agA _ G_m0
7wjz_FP_agK_m0	AKHHQIAVAGDEADYYFDY	7wjy_BC_agA _ G_m0
7wjz_GQ_agL_m0	AKHHQIAVAGDEADYYFDY	7wjy_BC_agA _ G_m0
7wjz_HR_agM_m0	AKHHQIAVAGDEADYYFDY	7wjy_BC_agA _ G_m0
7wk0_AB_agC_m0	AKHHQIAVAGDEADYYFDY	7wjy_BC_agA _ G_m0
7wk0_DE_agF_m0	AKHHQIAVAGDEADYYFDY	7wjy_BC_agA _ G_m0
7wk8_CD_agA _ B_m0	ARKDYDYDAWFAY	7wd8_EF_agB _ A_m0
7wk9_ab_agB_m0	ARKDYDYDAWFAY	7wd8_EF_agB _ A_m0
7wk9_cd_agC_m0	ARKDYDYDAWFAY	7wd8_EF_agB _ A_m0
7wka_ab_agB_m0	ARKDYDYDAWFAY	7wd8_EF_agB _ A_m0
7wka_cd_agC_m0	ARKDYDYDAWFAY	7wd8_EF_agB _ A_m0
7wkd_Ee_agA _ B_m0	VRSIYYYSGSPFDF	6crk_Hh_agA _ B _ G_m0
7wki_BNA_agA_m0	AAAVSPNLECGTGYSAYIGFPYGMDY	7wki_BNA_agA_m0
7wkx_AC_agF_m0	ANYGWGYFDY	7wkx_AC_agF_m0
7wkx_BD_agE_m0	ANYGWGYFDY	7wkx_AC_agF_m0
7wlc_HL_agE_m0	ARDQSGFFDFYYDH	7we7_HL_agD_m0
7wlw_HL_agA_m0	ARGEVRQRGFDY	4m48_HL_agA_m0
7wly_PO_agB_m0	AKAVEMVRGLEPDAGYGMDV	7e9n_HL_agA_m0
7wly_YX_agC_m0	AKAVEMVRGLEPDAGYGMDV	7e9n_HL_agA_m0
7wlz_PO_agB _ A_m0	AKAVEMVRGLEPDAGYGMDV	7e9n_HL_agA_m0
7wm0_HL_agB_m0	AKAVEMVRGLEPDAGYGMDV	7e9n_HL_agA_m0
7wn0_BNA_agA_m0	NAYVVSSYGARYSWNDY	7wn0_BNA_agA_m0
7wn1_CNA_agA_m0	NAETISYVVTYVFQDY	7wn1_CNA_agA_m0
7wn2_BC_agA_m0	AREFDLTKIIMVPPY	7wn2_BC_agA_m0
7wn2_HL_agR_m0	AREFDLTKIIMVPPY	7wn2_BC_agA_m0
7wn8_HL_agA_m0	ARGTVYFDY	7wn8_HL_agA_m0
7wn8_PQ_agC_m0	ARGTVYFDY	7wn8_HL_agA_m0
7wnb_HL_agR_m0	ARDLVVYGLDY	7wnb_HL_agR_m0
7wo4_DE_agB_m0	ARVWYYYGPRDY	7wo4_DE_agB_m0
7wo4_FG_agA_m0	ARVWYYYGPRDY	7wo4_DE_agB_m0
7wo4_HI_agC_m0	ARVWYYYGPRDY	7wo4_DE_agB_m0
7wo4_MN_agK_m0	ARVWYYYGPRDY	7wo4_DE_agB_m0
7wo4_OP_agJ_m0	ARVWYYYGPRDY	7wo4_DE_agB_m0
7wo4_QR_agL_m0	ARVWYYYGPRDY	7wo4_DE_agB_m0
7wo5_DE_agB_m0	ARVWYYYGPRDY	7wo4_DE_agB_m0
7wo5_FG_agA_m0	ARVWYYYGPRDY	7wo4_DE_agB_m0
7wo5_HI_agC_m0	ARVWYYYGPRDY	7wo4_DE_agB_m0
7wo7_AB_agC_m0	ARVWYYYGPRDY	7wo4_DE_agB_m0
7woa_DB_agA_m0	ARVFRGSQYWFDP	7woa_DB_agA_m0
7woa_FG_agC_m0	ARVFRGSQYWFDP	7woa_DB_agA_m0
7wob_DB_agA_m0	ARVFRGSQYWFDP	7woa_DB_agA_m0
7wob_FG_agC_m0	ARVFRGSQYWFDP	7woa_DB_agA_m0
7wob_HI_agE_m0	ARVFRGSQYWFDP	7woa_DB_agA_m0
7woc_AB_agC_m0	ARVFRGSQYWFDP	7woa_DB_agA_m0
7wog_AB_agC_m0	AKDSSSWYYNYGMDV	7wog_AB_agC_m0
7won_HL_agF_m0	ARGVQGYYDRSGNYDLNYYYGMDV	7won_HL_agF_m0
7wp0_HL_agF_m0	ARGVQGYYDRSGNYDLNYYYGMDV	7won_HL_agF_m0
7wp1_HL_agF_m0	ARGVQGYYDRSGNYDLNYYYGMDV	7won_HL_agF_m0
7wp2_HL_agF_m0	ARGVQGYYDRSGNYDLNYYYGMDV	7won_HL_agF_m0
7wp5_HL_agF_m0	ARGVQGYYDRSGNYDLNYYYGMDV	7won_HL_agF_m0
7wp6_BI_agF_m0	AREGDYYVSSYGY	7wp6_BI_agF_m0
7wp6_DC_agF_m0	ARRNYYGYDAFAY	7wp6_DC_agF_m0
7wp6_HL_agF_m0	AGEEHGNYFDF	7wp6_HL_agF_m0
7wp8_DC_agF_m0	ARRNYYGYDAFAY	7wp6_DC_agF_m0
7wp8_EG_agF_m0	ARWGTVEWFFDY	7wp8_EG_agF_m0
7wp8_HL_agF_m0	AGEEHGNYFDF	7wp6_HL_agF_m0
7wpd_XY_agA_m0	ASLASYSSEWGDVFDI	7wpd_XY_agA_m0
7wpd_ZNA_agNA_m0	AIDSDTFSYGSYDY	6ww2_KNA_agNA_m0
7wpe_UV_agA_m0	ASLASYSSEWGDVFDI	7wpd_XY_agA_m0
7wpe_WNA_agNA_m0	AIDSDTFSYGSYDY	6ww2_KNA_agNA_m0
7wpe_XY_agB_m0	ASLASYSSEWGDVFDI	7wpd_XY_agA_m0
7wpe_ZNA_agNA_m0	AIDSDTFSYGSYDY	6ww2_KNA_agNA_m0
7wpf_RS_agB_m0	ASLASYSSEWGDVFDI	7wpd_XY_agA_m0
7wpf_TNA_agNA_m0	AIDSDTFSYGSYDY	6ww2_KNA_agNA_m0
7wpf_UV_agC_m0	ASLASYSSEWGDVFDI	7wpd_XY_agA_m0
7wpf_WNA_agNA_m0	AIDSDTFSYGSYDY	6ww2_KNA_agNA_m0
7wpf_XY_agA_m0	ASLASYSSEWGDVFDI	7wpd_XY_agA_m0
7wpf_ZNA_agNA_m0	AIDSDTFSYGSYDY	6ww2_KNA_agNA_m0
7wph_ED_agA_m0	TRDRAGGYTSGFDF	7wph_ED_agA_m0
7wph_HL_agB_m0	TRDRAGGYTSGFDF	7wph_ED_agA_m0
7wpv_HL_agNA_m0	AREEQQLVHYYYDYGMDV	7wpv_HL_agNA_m0
7wq3_Ss_agA _ B_m0	VRSIYYYSGSPFDF	6crk_Hh_agA _ B _ G_m0
7wq4_NNA_agA _ B_m0	ARCPAPFTRDCSTVDFTTYAY	6oya_NNA_agA _ B_m0
7wqv_Bb_agA_m0	ARKFGYSGYTAGWYFDL	7wqv_Bb_agA_m0
7wqv_Dd_agC_m0	ARKFGYSGYTAGWYFDL	7wqv_Bb_agA_m0
7wqv_Ff_agE_m0	ARKFGYSGYTAGWYFDL	7wqv_Bb_agA_m0
7wqv_Hh_agG_m0	ARKFGYSGYTAGWYFDL	7wqv_Bb_agA_m0
7wqv_Jj_agI_m0	ARKFGYSGYTAGWYFDL	7wqv_Bb_agA_m0
7wqv_Ll_agK_m0	ARKFGYSGYTAGWYFDL	7wqv_Bb_agA_m0
7wqv_Nn_agM_m0	ARKFGYSGYTAGWYFDL	7wqv_Bb_agA_m0
7wqv_Pp_agO_m0	ARKFGYSGYTAGWYFDL	7wqv_Bb_agA_m0
7wr8_AB_agR_m0	ARDRFPLSDPYLPSGWVGGLDV	7wr8_AB_agR_m0
7wr9_AB_agF_m0	ARDRFPLSDPYLPSGWVGGLDV	7wr8_AB_agR_m0
7wrj_AB_agR_m0	AHRPDLDSDVVILDAFDM	7wrj_AB_agR_m0
7wrl_AB_agR_m0	ARDVARGGYSGTYYDFFDYGMDV	7wrl_AB_agR_m0
7wro_HL_agR_m0	ARERDDYDTRLD	7wro_HL_agR_m0
7wrv_UV_agC_m0	ASLASYSSEWGDVFDI	7wpd_XY_agA_m0
7wry_HL_agR_m0	ARDQDLYERAFDI	7wry_HL_agR_m0
7wrz_HL_agR_m0	ARERDYSDYFFDY	7wrz_HL_agR_m0
7ws0_ED_agA_m0	AKDRGYEIPTLASFDY	7ws0_ED_agA_m0
7ws0_GF_agB_m0	AKDRGYEIPTLASFDY	7ws0_ED_agA_m0
7ws0_IH_agC_m0	AKDRGYEIPTLASFDY	7ws0_ED_agA_m0
7ws1_ED_agA_m0	AKDRGYEIPTLASFDY	7ws0_ED_agA_m0
7ws1_GF_agB_m0	AKDRGYEIPTLASFDY	7ws0_ED_agA_m0
7ws1_IH_agC_m0	AKDRGYEIPTLASFDY	7ws0_ED_agA_m0
7ws1_KJ_agNA_m0	AKDRGYEIPTLASFDY	7ws0_ED_agA_m0
7ws2_ED_agA_m0	AKDRGYEIPTLASFDY	7ws0_ED_agA_m0
7ws3_ED_agA_m0	AKDRGYEIPTLASFDY	7ws0_ED_agA_m0
7ws3_GF_agB_m0	AKDRGYEIPTLASFDY	7ws0_ED_agA_m0
7ws3_IH_agC_m0	AKDRGYEIPTLASFDY	7ws0_ED_agA_m0
7ws4_IH_agC _ A _ B_m0	AKDRGYEIPTLASFDY	7ws0_ED_agA_m0
7ws5_ED_agA_m0	AKDRGYEIPTLASFDY	7ws0_ED_agA_m0
7ws5_GF_agB_m0	AKDRGYEIPTLASFDY	7ws0_ED_agA_m0
7ws5_IH_agC_m0	AKDRGYEIPTLASFDY	7ws0_ED_agA_m0
7ws6_IH_agC_m0	AKDRGYEIPTLASFDY	7ws0_ED_agA_m0
7ws7_GF_agB_m0	AKDRGYEIPTLASFDY	7ws0_ED_agA_m0
7ws7_KJ_agNA_m0	AKDRGYEIPTLASFDY	7ws0_ED_agA_m0
7wsc_HL_agR_m0	AKEGIQGYSGYGTWFYDFYFDY	7wsc_HL_agR_m0
7wsi_HL_agA_m0	ARSYYDGPIHYFDY	7vad_HL_agA_m0
7wsl_HL_agD_m0	ASPYYAMDY	7wsl_HL_agD_m0
7wt7_HD_agC_m0	AREVVGSNSNMDV	7wt7_HD_agC_m0
7wt8_HD_agC_m0	AREVVGSNSNMDV	7wt7_HD_agC_m0
7wt8_JI_agA_m0	AREVVGSNSNMDV	7wt7_HD_agC_m0
7wt9_HA_agE_m0	AREVVGSNSNMDV	7wt7_HD_agC_m0
7wtf_GJ_agC_m0	ARLDGYSFGHQYYRDDGMDD	7wtf_GJ_agC_m0
7wtf_HL_agB_m0	ARLDGYSFGHQYYRDDGMDD	7wtf_GJ_agC_m0
7wtf_IK_agD_m0	ARLDGYSFGHQYYRDDGMDD	7wtf_GJ_agC_m0
7wtg_HL_agE_m0	ARLDGYSFGHQYYRDDGMDD	7wtf_GJ_agC_m0
7wth_HL_agE_m0	AHHKIEYIFDY	7wth_HL_agE_m0
7wti_GJ_agB_m0	AHHKIEYIFDY	7wth_HL_agE_m0
7wti_HL_agA_m0	AHHKIEYIFDY	7wth_HL_agE_m0
7wti_IK_agC_m0	AHHKIEYIFDY	7wth_HL_agE_m0
7wtj_HL_agE_m0	ARAEGSSLWGWFDP	7we9_CL_agB_m0
7wtk_GJ_agB_m0	ARAEGSSLWGWFDP	7we9_CL_agB_m0
7wtk_HL_agC_m0	ARAEGSSLWGWFDP	7we9_CL_agB_m0
7wtk_IK_agA_m0	ARAEGSSLWGWFDP	7we9_CL_agB_m0
7wu2_NNA_agA _ B_m0	ARCPAPFTRDCSTVDFTTYAY	6oya_NNA_agA _ B_m0
7wu3_NNA_agA _ B_m0	ARCPAPFTRDCSTVDFTTYAY	6oya_NNA_agA _ B_m0
7wu9_Ss_agA _ B_m0	VRSIYYYSGSPFDF	6crk_Hh_agA _ B _ G_m0
7wue_CD_agA_m0	AREVYNYSFAY	7wue_CD_agA_m0
7wue_EF_agB_m0	AREVYNYSFAY	7wue_CD_agA_m0
7wuh_DF_agC_m0	AREVYNYSFAY	7wue_CD_agA_m0
7wuh_HI_agE_m0	AREVYNYSFAY	7wue_CD_agA_m0
7wuh_KL_agA_m0	AREVYNYSFAY	7wue_CD_agA_m0
7wui_NNA_agA_m0	ARCPAPFTRDCSTVDFTTYAY	6oya_NNA_agA _ B_m0
7wui_Ss_agA _ B _ G_m0	VRSIYYYSGSPFDF	6crk_Hh_agA _ B _ G_m0
7wuj_NNA_agA_m0	ARCP	7wuj_NNA_agA_m0
7wuj_Ss_agA _ B_m0	VRSIYYYSGSPFDF	6crk_Hh_agA _ B _ G_m0
7wuq_NNA_agA _ B _ G_m0	ARCPAPFTRDCSTVDFTTYAY	6oya_NNA_agA _ B_m0
7wur_EF_agA_m0	ASGYRFSYVSY	7wur_EF_agA_m0
7wur_GH_agB_m0	ASGYRFSYVSY	7wur_EF_agA_m0
7wv9_Ss_agA _ C _ B_m0	VRSIYYYSGSPFDF	6crk_Hh_agA _ B _ G_m0
7wvd_GH_agD _ C_m0	ARPSAIFGILIIYNGLDV	7wvd_GH_agD _ C_m0
7wvd_IJ_agF _ A _ E_m0	ARPSAIFGILIIYNGLDV	7wvd_GH_agD _ C_m0
7wvf_Cc_agA_m0	ARYSYPFYSIDY	3uls_BA_ag_m0
7wvg_CD_agB _ A_m0	ARPSAIFGILIIYNGLDV	7wvd_GH_agD _ C_m0
7wvi_AB_agNA_m0	ARPSAIFGILIIYNGLDV	7wvd_GH_agD _ C_m0
7wvi_CD_agNA_m0	ARPSAIFGILIIYNGLDV	7wvd_GH_agD _ C_m0
7wvl_HL_agF_m0	TRSTGY	7wvl_HL_agF_m0
7wvm_AB_agE_m0	VKWGNIYFDY	7wvm_AB_agE_m0
7wvm_CD_agF_m0	VKWGNIYFDY	7wvm_AB_agE_m0
7wwi_ED_agA_m0	ARGTEYGYDDVSHD	7wwi_ED_agA_m0
7wwi_GF_agB_m0	ARGTEYGYDDVSHD	7wwi_ED_agA_m0
7wwi_IH_agC_m0	ARGTEYGYDDVSHD	7wwi_ED_agA_m0
7wwj_GF_agB_m0	ARGTEYGYDDVSHD	7wwi_ED_agA_m0
7wwj_IH_agC_m0	ARGTEYGYDDVSHD	7wwi_ED_agA_m0
7wwk_GF_agB_m0	ARGTEYGYDDVSHD	7wwi_ED_agA_m0
7wwk_IH_agC_m0	ARGTEYGYDDVSHD	7wwi_ED_agA_m0
7wwl_HL_agC_m0	VKDRTDWERILGYFGH	7wwl_HL_agC_m0
7wwl_IM_agB_m0	VKDRTDWERILGYFGH	7wwl_HL_agC_m0
7wwl_JN_agA_m0	VKDRTDWERILGYFGH	7wwl_HL_agC_m0
7wwm_HL_agA_m0	AIHGGTYYDYKNILA	7wwm_HL_agA_m0
7wwm_IM_agB_m0	AIHGGTYYDYKNILA	7wwm_HL_agA_m0
7wwm_JN_agC_m0	AIHGGTYYDYKNILA	7wwm_HL_agA_m0
7wxu_NNA_agA _ B_m0	ARCPAPFTRDCSTVDFTTYAY	6oya_NNA_agA _ B_m0
7wxw_DNA_agA _ B_m0	ARCPAPFTRDCSTVDFTTYAY	6oya_NNA_agA _ B_m0
7wy0_Cc_agA _ B_m0	VRSIYYYSGSPFDF	6crk_Hh_agA _ B _ G_m0
7wy5_NNA_agA _ B_m0	ARCPAPFTRDCSTVDFTTYAY	6oya_NNA_agA _ B_m0
7wy8_DNA_agA _ B_m0	ARCPAPFTRDCSTVDFTTYAY	6oya_NNA_agA _ B_m0
7wyb_Ee_agB _ C_m0	VRSIYYYSGSPFDF	6crk_Hh_agA _ B _ G_m0
7wz4_Ss_agA _ B_m0	VRSIYYYSGSPFDF	6crk_Hh_agA _ B _ G_m0
7wz7_Cc_agA _ B_m0	VRSIYYYSGSPFDF	6crk_Hh_agA _ B _ G_m0
7x08_HL_agA_m0	ARGLIRGITMIGAFDI	7x08_HL_agA_m0
7x08_IM_agB_m0	ARGLIRGITMIGAFDI	7x08_HL_agA_m0
7x08_JN_agC_m0	ARGLIRGITMIGAFDI	7x08_HL_agA_m0
7x10_Ee_agA _ B_m0	VRSIYYYSGSPFDF	6crk_Hh_agA _ B _ G_m0
7x1m_AB_agM_m0	ARDYTRGAWFILSEGGGFDN	6wps_CD_agB_m0
7x1m_CD_agM_m0	ARDLGPYGMDV	7ch4_HL_agR_m0
7x1m_HL_agM_m0	ARGDSSGYYYYFDY	7jw0_DC_agB_m0
7x1t_Dd_agB _ C_m0	VRSIYYYSGSPFDF	6crk_Hh_agA _ B _ G_m0
7x1u_Dd_agB _ F _ C_m0	VRSIYYYSGSPFDF	6crk_Hh_agA _ B _ G_m0
7x25_AC_agG_m0	AREGGSGYDFFDY	7x25_AC_agG_m0
7x25_EF_agJ_m0	AREGGSGYDFFDY	7x25_AC_agG_m0
7x25_HK_agI_m0	AREGGSGYDFFDY	7x25_AC_agG_m0
7x26_HK_agI_m0	AREGGSGYDFFDY	7x25_AC_agG_m0
7x28_CD_agF_m0	AREGGSGYDFFDY	7x25_AC_agG_m0
7x28_HK_agG_m0	AREGGSGYDFFDY	7x25_AC_agG_m0
7x29_FG_agC_m0	AREGGSGYDFFDY	7x25_AC_agG_m0
7x29_HK_agB_m0	AREGGSGYDFFDY	7x25_AC_agG_m0
7x2a_HK_agA_m0	AREGGSGYDFFDY	7x25_AC_agG_m0
7x2c_ENA_agA _ B_m0	ARCPAPFTRDCSTVDFTTYAY	6oya_NNA_agA _ B_m0
7x2d_ENA_agA _ B_m0	ARCPAPFTRDCSTVDFTTYAY	6oya_NNA_agA _ B_m0
7x2f_ENA_agA _ B _ D_m0	ARCPAPFTRDCSTVDFTTYAY	6oya_NNA_agA _ B_m0
7x2g_HL_agB_m0	AKGDYYGYDAMDS	7x2g_HL_agB_m0
7x2h_AB_agE_m0	ARDSSGWHGWVPFDY	7x2h_AB_agE_m0
7x2h_CD_agF_m0	ARDSSGWHGWVPFDY	7x2h_AB_agE_m0
7x2i_HL_agB_m0	AKGDYYGYDAMDS	7x2g_HL_agB_m0
7x2j_BNA_agS_m0	AAGGNQYYSAWISYTNEYDF	7x2j_BNA_agS_m0
7x2k_BNA_agE_m0	AAGGNQYYSAWISYTNEYDF	7x2j_BNA_agS_m0
7x2k_HL_agE_m0	ARDLVVYGMDV	7swo_HL_agA_m0
7x2l_BNA_agE_m0	KLENGGFFYY	7x2l_BNA_agE_m0
7x2m_BNA_agE_m0	AGSRPSAHYCPYHSTEYDD	7x2m_BNA_agE_m0
7x2o_HL_agB_m0	AKGDYYGYDAMDS	7x2g_HL_agB_m0
7x2t_HL_agA _ B _ C_m0	ARRSEADRFVY	7x2t_HL_agA _ B _ C_m0
7x2v_Ee_agB _ C_m0	VRSIYYYSGSPFDF	6crk_Hh_agA _ B _ G_m0
7x2w_HL_agA _ B _ C_m0	ARRSEADRFVY	7x2t_HL_agA _ B _ C_m0
7x35_HL_agA _ C _ B_m0	ARRSEADRFVY	7x2t_HL_agA _ B _ C_m0
7x37_HL_agB_m0	AKGDYYGYDAMDS	7x2g_HL_agB_m0
7x38_HL_agA _ C _ B_m0	ARRSEADRFVY	7x2t_HL_agA _ B _ C_m0
7x3c_FE_agB_m0	ARGGGYYGYGGYGMDY	7dq7_HL_agB_m0
7x3c_HL_agA _ C_m0	ARRSEADRFVY	7x2t_HL_agA _ B _ C_m0
7x3d_HL_agB _ C_m0	ARSRYYGGRYTYALDY	7x3d_HL_agB _ C_m0
7x3e_HL_agB _ C_m0	ARSRYYGGRYTYALDY	7x3d_HL_agB _ C_m0
7x3f_HL_agB _ C_m0	ARSRYYGGRYTYALDY	7x3d_HL_agB _ C_m0
7x3n_BA_agB_m0	SNRYY	7x3n_BA_agB_m0
7x3n_DC_agD_m0	SNRYY	7x3n_BA_agB_m0
7x3y_HL_agB _ C_m0	ARSRYYGGRYTYALDY	7x3d_HL_agB _ C_m0
7x40_HL_agA _ B _ C_m0	ARRSEADRFVY	7x2t_HL_agA _ B _ C_m0
7x42_HL_agA _ B _ C_m0	ARRSEADRFVY	7x2t_HL_agA _ B _ C_m0
7x46_HL_agB_m0	AKGDYYGYDAMDS	7x2g_HL_agB_m0
7x47_HL_agB_m0	AKGDYYGYDAMDS	7x2g_HL_agB_m0
7x49_HL_agA _ B _ C_m0	ARRSEADRFVY	7x2t_HL_agA _ B _ C_m0
7x4i_ENA_agD_m0	AAGLWYGRSSNLFDYDY	7x4i_ENA_agD_m0
7x4i_FNA_agB_m0	AAGLWYGRSSNLFDYDY	7x4i_ENA_agD_m0
7x4i_GNA_agC_m0	AAGLWYGRSSNLFDYDY	7x4i_ENA_agD_m0
7x4i_HNA_agA_m0	AAGLWYGRSSNLFDYDY	7x4i_ENA_agD_m0
7x4k_HL_agB _ C_m0	ARSRYYGGRYTYALDY	7x3d_HL_agB _ C_m0
7x4m_HL_agA _ B _ C_m0	ARRSEADRFVY	7x2t_HL_agA _ B _ C_m0
7x5h_Ee_agA _ B_m0	VRSIYYYSGSPFDF	6crk_Hh_agA _ B _ G_m0
7x63_HL_agR_m0	ARDLGEAGGMDV	7chb_HL_agR_m0
7x66_HL_agR_m0	ARDLGEAGGMDV	7chb_HL_agR_m0
7x6a_GJ_agD_m0	ARERDYSDYFFDY	7wrz_HL_agR_m0
7x6a_HL_agB_m0	ARERDYSDYFFDY	7wrz_HL_agR_m0
7x6a_IK_agA_m0	ARERDYSDYFFDY	7wrz_HL_agR_m0
7x6l_GJ_agE _ A_m0	ARDRGCSSTNCYFYYGVVYGMDV	7x6l_GJ_agE _ A_m0
7x6l_HL_agF _ C_m0	ARDRGCSSTNCYFYYGVVYGMDV	7x6l_GJ_agE _ A_m0
7x6l_IK_agB _ D_m0	ARDRGCSSTNCYFYYGVVYGMDV	7x6l_GJ_agE _ A_m0
7x6o_CD_agB _ A_m0	ARDRGCSSTNCYFYYGVVYGMDV	7x6l_GJ_agE _ A_m0
7x6o_IK_agG _ E_m0	ARDRGCSSTNCYFYYGVVYGMDV	7x6l_GJ_agE _ A_m0
7x6o_JL_agH _ F_m0	ARDRGCSSTNCYFYYGVVYGMDV	7x6l_GJ_agE _ A_m0
7x7d_BNA_agA_m0	AAHFVPPGSRLNVLCGRELYNY	7x7d_BNA_agA_m0
7x7d_CNA_agD_m0	AAHFVPPGSRLNVLCGRELYNY	7x7d_BNA_agA_m0
7x7d_FNA_agE_m0	AAHFVPPGSRLNVLCGRELYNY	7x7d_BNA_agA_m0
7x7e_ANA_agD_m0	AAHFVPPGSRLNVLCGRELYNY	7x7d_BNA_agA_m0
7x7e_BNA_agC_m0	AAHFVPPGSRLNVLCGRELYNY	7x7d_BNA_agA_m0
7x7e_ENA_agF_m0	AAHFVPPGSRLNVLCGRELYNY	7x7d_BNA_agA_m0
7x7o_EF_agC_m0	AAPYCGGDSCDGFDI	7x7o_EF_agC_m0
7x7o_GI_agA_m0	AAPYCGGDSCDGFDI	7x7o_EF_agC_m0
7x7o_HL_agB_m0	AAPYCGGDSCDGFDI	7x7o_EF_agC_m0
7x7o_JK_agD_m0	AAPYCGGDSCDGFDI	7x7o_EF_agC_m0
7x7t_AB_agG_m0	AGGEYDNYGFDY	7x7t_AB_agG_m0
7x7t_CD_agG_m0	AKEGTYYGDYGVLAD	7x7t_CD_agG_m0
7x7t_HL_agG_m0	ARGDYGTYSAYFDF	7x7t_HL_agG_m0
7x7u_AB_agG_m0	AGGEYDNYGFDY	7x7t_AB_agG_m0
7x7u_CD_agG_m0	AKEGTYYGDYGVLAD	7x7t_CD_agG_m0
7x7u_HL_agG_m0	ARGDYGTYSAYFDF	7x7t_HL_agG_m0
7x7v_AF_agE_m0	AGGEYDNYGFDY	7x7t_AB_agG_m0
7x7v_CD_agE_m0	AKEGTYYGDYGVLAD	7x7t_CD_agG_m0
7x7v_HL_agE_m0	ARGDYGTYSAYFDF	7x7t_HL_agG_m0
7x8p_CB_agA_m0	AKSGGWALGGLTILRWIDA	7x8p_CB_agA_m0
7x8p_FE_agD_m0	AKSGGWALGGLTILRWIDA	7x8p_CB_agA_m0
7x8q_CB_agA_m0	ARRHTYPLWALDY	7x8q_CB_agA_m0
7x8q_FE_agD_m0	ARRHTYPLWALDY	7x8q_CB_agA_m0
7x8r_NNA_agA _ B_m0	ARCPAPFTRDCSTVDFTTYAY	6oya_NNA_agA _ B_m0
7x8s_NNA_agA _ B_m0	ARCPAPFTRDCSTVDFTTYAY	6oya_NNA_agA _ B_m0
7x8t_CB_agA_m0	AKSGYGGSWGAIYGDDIDA	7x8t_CB_agA_m0
7x8t_FE_agD_m0	AKSGYGGSWGAIYGDDIDA	7x8t_CB_agA_m0
7x8t_IH_agG_m0	AKSGYGGSWGAIYGDDIDA	7x8t_CB_agA_m0
7x8t_LK_agJ_m0	AKSGYGGSWGAIYGDDIDA	7x8t_CB_agA_m0
7x8w_HL_agA_m0	ARDLAFSMRVGALDY	7x8w_HL_agA_m0
7x8y_HL_agA_m0	TTADYDILTGTPASPY	7x8y_HL_agA_m0
7x8z_HL_agA_m0	ARGGGYNGYECMDV	7x8z_HL_agA_m0
7x90_EF_agG_m0	ASLITMIRGVPDY	7x90_EF_agG_m0
7x91_HL_agA_m0	AAFPYYYNDSGSGP	7x91_HL_agA_m0
7x92_HL_agA_m0	ARDGTVAVRNMVGPFFDY	7x92_HL_agA_m0
7x93_EF_agG _ D_m0	ARDAEGGVWAALDY	7x93_EF_agG _ D_m0
7x94_HL_agA_m0	ARIPIRDYDYDYYGSGYFLDY	7x94_HL_agA_m0
7x95_HL_agA_m0	ATTQSLWFGQIYYFYGMDV	7x95_HL_agA_m0
7x96_HL_agG_m0	VAHIVVLDRWFDP	7x96_HL_agG_m0
7x9e_AB_agE_m0	AALVIVAGADDFDL	7x9e_AB_agE_m0
7x9e_CD_agF_m0	AALVIVAGADDFDL	7x9e_AB_agE_m0
7x9y_Ss_agA _ B _ G_m0	VRSIYYYSGSPFDF	6crk_Hh_agA _ B _ G_m0
7xa3_Ee_agA _ B_m0	VRSIYYYSGSPFDF	6crk_Hh_agA _ B _ G_m0
7xat_Ee_agB _ C_m0	VRSIYYYSGSPFDF	6crk_Hh_agA _ B _ G_m0
7xau_Ee_agB _ D _ C_m0	VRSIYYYSGSPFDF	6crk_Hh_agA _ B _ G_m0
7xav_Ee_agB _ D _ C_m0	VRSIYYYSGSPFDF	6crk_Hh_agA _ B _ G_m0
7xbd_Ee_agB _ C_m0	VRSIYYYSGSPFDF	6crk_Hh_agA _ B _ G_m0
7xck_AB_agM_m0	ARDYTRGAWFILSEGGGFDN	6wps_CD_agB_m0
7xco_HL_agA_m0	ARDYTRGAWFILSEGGGFDN	6wps_CD_agB_m0
7xco_MN_agB_m0	ARDYTRGAWFILSEGGGFDN	6wps_CD_agB_m0
7xco_OP_agC_m0	ARDYTRGAWFILSEGGGFDN	6wps_CD_agB_m0
7xcp_HL_agB_m0	ARGDSSGYYYYFDY	7jw0_DC_agB_m0
7xcz_BC_agA_m0	ARELGHDY	7xcz_BC_agA_m0
7xcz_DE_agA_m0	ARASITTDTDGMDV	7xcz_DE_agA_m0
7xd2_DJ_agC_m0	VRGSGGIHDAFDI	7xd2_DJ_agC_m0
7xd2_EH_agB_m0	VRGSGGIHDAFDI	7xd2_DJ_agC_m0
7xd2_IL_agA_m0	VRGSGGIHDAFDI	7xd2_DJ_agC_m0
7xda_BC_agA_m0	ARELGHDY	7xcz_BC_agA_m0
7xda_DE_agA_m0	VRHPGGGDWYFDL	7xda_DE_agA_m0
7xdb_DE_agA_m0	VRHPGGGDWYFDL	7xda_DE_agA_m0
7xdb_GF_agB_m0	VRHPGGGDWYFDL	7xda_DE_agA_m0
7xdb_IH_agC_m0	VRHPGGGDWYFDL	7xda_DE_agA_m0
7xdk_DE_agA_m0	ARASITTDTDGMDV	7xcz_DE_agA_m0
7xdk_FG_agA_m0	ARELGHDY	7xcz_BC_agA_m0
7xdk_HI_agB_m0	ARASITTDTDGMDV	7xcz_DE_agA_m0
7xdk_KJ_agB_m0	ARELGHDY	7xcz_BC_agA_m0
7xdk_LM_agC_m0	ARELGHDY	7xcz_BC_agA_m0
7xdk_NO_agC_m0	ARASITTDTDGMDV	7xcz_DE_agA_m0
7xdl_ED_agB_m0	ARELGHDY	7xcz_BC_agA_m0
7xdl_GF_agC_m0	ARELGHDY	7xcz_BC_agA_m0
7xdl_IH_agA_m0	ARELGHDY	7xcz_BC_agA_m0
7xdl_KJ_agC_m0	VRHPGGGDWYFDL	7xda_DE_agA_m0
7xdl_ML_agA_m0	VRHPGGGDWYFDL	7xda_DE_agA_m0
7xdl_PO_agB_m0	VRHPGGGDWYFDL	7xda_DE_agA_m0
7xeg_CD_agA_m0	ARVLPMYGDYLDY	7c01_CD_agB_m0
7xeg_EF_agB_m0	ARVLPMYGDYLDY	7c01_CD_agB_m0
7xei_CD_agA_m0	ARVLPMYGDYLDY	7c01_CD_agB_m0
7xei_EF_agB_m0	ARVLPMYGDYLDY	7c01_CD_agB_m0
7xh8_BC_agA_m0	AAPSCSRTSCIDGFDI	7xh8_BC_agA_m0
7xic_EF_agC_m0	ARVGYCGGDCYALSLSGFPDY	7xic_EF_agC_m0
7xic_HI_agA_m0	ARVGYCGGDCYALSLSGFPDY	7xic_EF_agC_m0
7xic_KL_agB_m0	ARVGYCGGDCYALSLSGFPDY	7xic_EF_agC_m0
7xik_HL_agA_m0	AREAYGMDV	7bz5_HL_agA_m0
7xil_HL_agA_m0	AREAYGMDV	7bz5_HL_agA_m0
7xj6_ED_agA_m0	ARGTEYGYDDVSHD	7wwi_ED_agA_m0
7xj6_GF_agB_m0	ARGTEYGYDDVSHD	7wwi_ED_agA_m0
7xj6_IH_agC_m0	ARGTEYGYDDVSHD	7wwi_ED_agA_m0
7xj6_KJ_agB_m0	AAPNCNSTHCTDGFDI	7e3l_DE_agA_m0
7xj8_GF_agB_m0	ARGTEYGYDDVSHD	7wwi_ED_agA_m0
7xj8_IH_agC_m0	ARGTEYGYDDVSHD	7wwi_ED_agA_m0
7xj8_KJ_agB_m0	AAPNCNSTHCTDGFDI	7e3l_DE_agA_m0
7xj9_GF_agB_m0	ARGTEYGYDDVSHD	7wwi_ED_agA_m0
7xj9_IH_agC_m0	ARGTEYGYDDVSHD	7wwi_ED_agA_m0
7xj9_KJ_agB_m0	AAPNCNSTHCTDGFDI	7e3l_DE_agA_m0
7xjf_AB_agC_m0	AREGDFYANRGYLGFAY	7xjf_AB_agC_m0
7xjh_NNA_agA _ B_m0	ARCPAPFTRDCSTVDFTTYAY	6oya_NNA_agA _ B_m0
7xji_NNA_agA _ B_m0	ARCPAPFTRDCSTVDFTTYAY	6oya_NNA_agA _ B_m0
7xjj_Ss_agA _ B_m0	VRSIYYYSGSPFDF	6crk_Hh_agA _ B _ G_m0
7xjk_Ee_agB _ C_m0	VRSIYYYSGSPFDF	6crk_Hh_agA _ B _ G_m0
7xjl_Ee_agB _ C_m0	VRSIYYYSGSPFDF	6crk_Hh_agA _ B _ G_m0
7xk2_Ss_agA _ B _ C_m0	VRSIYYYSGSPFDF	6crk_Hh_agA _ B _ G_m0
7xk9_BNA_agA_m0	NVKDFGAIIYDYDY	4lde_BNA_agA_m0
7xka_BNA_agA_m0	NVKDFGAIIYDYDY	4lde_BNA_agA_m0
7xkd_NNA_agA _ G _ B_m0	ARCPAPFTRDCSTVDFTTYAY	6oya_NNA_agA _ B_m0
7xke_NNA_agA _ B_m0	ARCPAPFTRDCSTVDFTTYAY	6oya_NNA_agA _ B_m0
7xkf_NNA_agA _ G _ B_m0	ARCPAPFTRDCSTVDFTTYAY	6oya_NNA_agA _ B_m0
7xl0_ANA_agNA_m0	AFITTESDDYLGRRY	7xl0_ANA_agNA_m0
7xl0_BNA_agNA_m0	AFITTESDDYLGRRY	7xl0_ANA_agNA_m0
7xl1_ANA_agNA_m0	AFAAGSAWYLTGYEYDY	7xl1_ANA_agNA_m0
7xl1_BNA_agNA_m0	AFAAGSAWYLTGYEYDY	7xl1_ANA_agNA_m0
7xld_BNA_agA_m0	ALDREGFVEFQGMDF	7xld_BNA_agA_m0
7xli_BNA_agA_m0	ALDREGFVEFQGMDF	7xld_BNA_agA_m0
7xlt_HL_agB _ A_m0	ARDYYGSRWFDY	7tqa_AB_agNA_m0
7xms_Ss_agA _ B_m0	VRSIYYYSGSPFDF	6crk_Hh_agA _ B _ G_m0
7xmt_Ss_agA _ C _ B_m0	VRSIYYYSGSPFDF	6crk_Hh_agA _ B _ G_m0
7xmx_EF_agC_m0	ARSYGDFYVDF	7xmx_EF_agC_m0
7xmx_HI_agA_m0	ARSYGDFYVDF	7xmx_EF_agC_m0
7xmx_KL_agB_m0	ARSYGDFYVDF	7xmx_EF_agC_m0
7xmz_DE_agA_m0	AKDVYSESGSGSYYDY	7xmz_DE_agA_m0
7xmz_GI_agB_m0	AKDVYSESGSGSYYDY	7xmz_DE_agA_m0
7xmz_HL_agC_m0	AKDVYSESGSGSYYDY	7xmz_DE_agA_m0
7xnf_HL_agA_m0	ARDLVVYGMDV	7swo_HL_agA_m0
7xod_RNA_agB_m0	ASLASYSSEWGDVFDI	7wpd_XY_agA_m0
7xod_TNA_agNA_m0	AIDSDTFSYGSYDY	6ww2_KNA_agNA_m0
7xod_UV_agC_m0	ASLASYSSEWGDVFDI	7wpd_XY_agA_m0
7xod_WNA_agNA_m0	AIDSDTFSYGSYDY	6ww2_KNA_agNA_m0
7xod_XY_agA_m0	ASLASYSSEWGDVFDI	7wpd_XY_agA_m0
7xod_ZNA_agNA_m0	AIDSDTFSYGSYDY	6ww2_KNA_agNA_m0
7xou_NNA_agA _ B_m0	ARCPAPFTRDCSTVDFTTYAY	6oya_NNA_agA _ B_m0
7xov_NNA_agA _ B_m0	ARCPAPFTRDCSTVDFTTYAY	6oya_NNA_agA _ B_m0
7xow_Ee_agA _ B_m0	VRSIYYYSGSPFDF	6crk_Hh_agA _ B _ G_m0
7xp4_NNA_agA _ B_m0	ARCPAPFTRDCSTVDFTTYAY	6oya_NNA_agA _ B_m0
7xp5_NNA_agA _ B_m0	ARCPAPFTRDCSTVDFTTYAY	6oya_NNA_agA _ B_m0
7xp6_NNA_agA _ B_m0	ARCPAPFTRDCSTVDFTTYAY	6oya_NNA_agA _ B_m0
7xq8_CL_agNA_m0	TRGKNCDNYWDFEH	4jpk_HL_agA_m0
7xq8_vR_agNA_m0	TRGKNCDNYWDFEH	4jpk_HL_agA_m0
7xqv_BNA_agA_m0	AWIAWGPMWRTSWY	7xqv_BNA_agA_m0
7xrp_BNA_agF _ A_m0	AALVVLSRDFETNIAHNY	7xrp_BNA_agF _ A_m0
7xrz_BA_agY_m0	TRPVSYYYDFDY	7c61_HL_agA_m0
7xrz_HL_agX_m0	TRPVSYYYDFDY	7c61_HL_agA_m0
7xs8_AL_agE_m0	ARDLQVYGMDV	7xs8_AL_agE_m0
7xsa_BC_agE_m0	ARHRIGYIFDY	7xsa_BC_agE_m0
7xsa_HI_agJ_m0	ARHRIGYIFDY	7xsa_BC_agE_m0
7xsb_DF_agB_m0	ARLRWLRGNFDH	7xsb_DF_agB_m0
7xsb_GI_agA_m0	ARLRWLRGNFDH	7xsb_DF_agB_m0
7xsb_HL_agE_m0	ARLRWLRGNFDH	7xsb_DF_agB_m0
7xsb_JK_agC_m0	ARLRWLRGNFDH	7xsb_DF_agB_m0
7xsc_AB_agE_m0	ARHPYGDHA	7xsc_AB_agE_m0
7xsc_DH_agF_m0	ARHPYGDHA	7xsc_AB_agE_m0
7xst_DE_agA_m0	ARSYGDFYVDF	7xmx_EF_agC_m0
7xst_FG_agA_m0	AKDVYSESGSGSYYDY	7xmz_DE_agA_m0
7xst_HI_agB_m0	ARSYGDFYVDF	7xmx_EF_agC_m0
7xst_JK_agB_m0	AKDVYSESGSGSYYDY	7xmz_DE_agA_m0
7xst_LM_agC_m0	ARSYGDFYVDF	7xmx_EF_agC_m0
7xst_NO_agC_m0	AKDVYSESGSGSYYDY	7xmz_DE_agA_m0
7xsw_AB_agC_m0	ARDYTRGAWFILSEGGGFDN	6wps_CD_agB_m0
7xsw_HL_agR_m0	ARDYTRGAWFILSEGGGFDN	6wps_CD_agB_m0
7xt8_NNA_agA _ B_m0	ARCPAPFTRDCSTVDFTTYAY	6oya_NNA_agA _ B_m0
7xta_Ee_agA _ B _ G_m0	VRSIYYYSGSPFDF	6crk_Hh_agA _ B _ G_m0
7xtb_NNA_agA _ B_m0	ARCPAPFTRDCSTVDFTTYAY	6oya_NNA_agA _ B_m0
7xtc_NNA_agA _ B _ G_m0	ARCPAPFTRDCSTVDFTTYAY	6oya_NNA_agA _ B_m0
7xtp_CNA_agA_m0	GRVAKALNSRSPSSSYTNVVFIGFDY	7d8b_BNA_agA_m0
7xtp_DNA_agB_m0	GRVAKALNSRSPSSSYTNVVFIGFDY	7d8b_BNA_agA_m0
7xtq_NNA_agA _ B _ G_m0	ARCPAPFTRDCSTVDFTTYAY	6oya_NNA_agA _ B_m0
7xv3_NNA_agA _ B_m0	ARCPAPFTRDCSTVDFTTYAY	6oya_NNA_agA _ B_m0
7xw5_NNA_agA _ B_m0	ARCPAPFTRDCSTVDFTTYAY	6oya_NNA_agA _ B_m0
7xw6_NNA_agA _ B_m0	ARCPAPFTRDCSTVDFTTYAY	6oya_NNA_agA _ B_m0
7xw6_YL_agR_m0	ARLEPGYSSTWSVN	3g04_BA_agC_m0
7xw7_AB_agR_m0	VGLDWNYNPLRY	2xwt_AB_agC_m0
7xw9_Ss_agA _ B_m0	VRSIYYYSGSPFDF	6crk_Hh_agA _ B _ G_m0
7xwo_Ee_agF _ C_m0	VRSIYYYSGSPFDF	6crk_Hh_agA _ B _ G_m0
7xxh_Hh_agA _ B_m0	VRSIYYYSGSPFDF	6crk_Hh_agA _ B _ G_m0
7xxl_AC_agB_m0	AREEQQLVHYYYDYGMDV	7wpv_HL_agNA_m0
7xy3_DNA_agA_m0	AADPAWQPAFSRLLLSGYNY	7xy3_DNA_agA_m0
7xy4_DNA_agA_m0	AADLSTAWDRANWA	7xy4_DNA_agA_m0
7xy4_ENA_agC_m0	AADLSTAWDRANWA	7xy4_DNA_agA_m0
7xy8_HL_agA_m0	ARGRGYVMDA	7xy8_HL_agA_m0
7xy8_IM_agB_m0	ARGRGYVMDA	7xy8_HL_agA_m0
7xz5_NNA_agA _ B _ G_m0	ARCPAPFTRDCSTVDFTTYAY	6oya_NNA_agA _ B_m0
7xz6_NNA_agA _ G _ B_m0	ARCPAPFTRDCSTVDFTTYAY	6oya_NNA_agA _ B_m0
7y0c_AB_agR_m0	ARVSQWELLVY	7y0c_AB_agR_m0
7y0c_MN_agE_m0	ARVSQWELLVY	7y0c_AB_agR_m0
7y0g_BA_agB_m0	SNRYY	7x3n_BA_agB_m0
7y0g_ED_agE_m0	SNRYY	7x3n_BA_agB_m0
7y0g_HG_agH_m0	SNRYY	7x3n_BA_agB_m0
7y0g_KJ_agK_m0	SNRYY	7x3n_BA_agB_m0
7y0n_CL_agB_m0	ASGAFYYGSGSYPFDY	7y0n_CL_agB_m0
7y0n_EJ_agA_m0	ASGAFYYGSGSYPFDY	7y0n_CL_agB_m0
7y0n_FK_agD_m0	ASGAFYYGSGSYPFDY	7y0n_CL_agB_m0
7y0n_GNA_agA_m0	AVAASGDTFRGESDPDY	7y0n_GNA_agA_m0
7y0n_HNA_agB_m0	AVAASGDTFRGESDPDY	7y0n_GNA_agA_m0
7y0n_INA_agD_m0	AVAASGDTFRGESDPDY	7y0n_GNA_agA_m0
7y0o_BNA_agA_m0	AVAASGDTFRGESDPDY	7y0n_GNA_agA_m0
7y0o_HL_agA_m0	ASGAFYYGSGSYPFDY	7y0n_CL_agB_m0
7y0v_HL_agR_m0	ARGRGSPPHYFYYFGLDV	7y0v_HL_agR_m0
7y0w_AB_agR_m0	ARLFPNGDPEPSNDGFDI	7y0w_AB_agR_m0
7y0w_HL_agR_m0	ARERDYSDYFFDY	7wrz_HL_agR_m0
7y12_Ss_agA _ B_m0	VRSIYYYSGSPFDF	6crk_Hh_agA _ B _ G_m0
7y15_Ss_agA _ B_m0	VRSIYYYSGSPFDF	6crk_Hh_agA _ B _ G_m0
7y1b_HL_agA_m0	ARVGTGSLDY	7y1b_HL_agA_m0
7y1f_Ee_agA _ B_m0	VRSIYYYSGSPFDF	6crk_Hh_agA _ B _ G_m0
7y24_Ss_agA _ G _ B_m0	VRSIYYYSGSPFDF	6crk_Hh_agA _ B _ G_m0
7y26_Dd_agB _ A_m0	VRSIYYYSGSPFDF	6crk_Hh_agA _ B _ G_m0
7y27_Dd_agB _ A_m0	VRSIYYYSGSPFDF	6crk_Hh_agA _ B _ G_m0
7y35_NNA_agA _ B_m0	ARCPAPFTRDCSTVDFTTYAY	6oya_NNA_agA _ B_m0
7y36_NNA_agA _ B_m0	ARCPAPFTRDCSTVDFTTYAY	6oya_NNA_agA _ B_m0
7y3g_NNA_agA _ B_m0	ARCPAPFTRDCSTVDFTTYAY	6oya_NNA_agA _ B_m0
7y3j_HL_agA_m0	ARLPDNYVMDY	7y3j_HL_agA_m0
7y3n_CD_agB_m0	AKAQTPTLWQLWDAFDI	7y3n_CD_agB_m0
7y3n_FG_agE_m0	AKAQTPTLWQLWDAFDI	7y3n_CD_agB_m0
7y3n_HL_agA_m0	AKAQTPTLWQLWDAFDI	7y3n_CD_agB_m0
7y3o_HL_agA_m0	AKAQTPTLWQLWDAFDI	7y3n_CD_agB_m0
7y58_BNA_agA_m0	AGRNRLGSYTMYCGDFAY	7y58_BNA_agA_m0
7y58_CNA_agA_m0	AADSPGSCRSLSGYNY	7y58_CNA_agA_m0
7y64_Ss_agA _ B_m0	VRSIYYYSGSPFDF	6crk_Hh_agA _ B _ G_m0
7y66_Ss_agA _ B_m0	VRSIYYYSGSPFDF	6crk_Hh_agA _ B _ G_m0
7y67_Ss_agA _ B_m0	VRSIYYYSGSPFDF	6crk_Hh_agA _ B _ G_m0
7y6k_Ee_agB_m0	ARDVNFVLPVTFDY	7y6k_Ee_agB_m0
7y6k_JI_agB_m0	ARFPIARTSNYSSQSDGMDV	7y6k_JI_agB_m0
7y6l_HL_agA_m0	TRITTDADSSGLFHY	7y6l_HL_agA_m0
7y6n_HL_agA_m0	VKSPRYGWGDPSYSFDF	7y6n_HL_agA_m0
7y71_OP_agA _ C_m0	ARGGGYLTEGPFEY	7y71_OP_agA _ C_m0
7y72_OP_agA _ C_m0	ARGGGYLTEGPFEY	7y71_OP_agA _ C_m0
7y7j_ED_agA_m0	ARHVRSAYYYGSGEDRYSGNWFDP	7y7j_ED_agA_m0
7y7k_BC_agA_m0	ARHVRSAYYYGSGEDRYSGNWFDP	7y7j_ED_agA_m0
7y7m_FG_agC _ B_m0	ARRDYGYFDY	7y7m_FG_agC _ B_m0
7y89_Ss_agC _ B_m0	VRSIYYYSGSPFDF	6crk_Hh_agA _ B _ G_m0
7y8j_HL_agA_m0	ARGQPPVGWTFDY	7y8j_HL_agA_m0
7y9t_CNA_agA_m0	RVKVGAYY	7y9t_CNA_agA_m0
7y9t_DNA_agB_m0	RVKVGAYY	7y9t_CNA_agA_m0
7y9u_CNA_agA_m0	RVKVGAYY	7y9t_CNA_agA_m0
7y9u_DNA_agB_m0	RVKVGAYY	7y9t_CNA_agA_m0
7y9v_CNA_agA_m0	RVKVGAYY	7y9t_CNA_agA_m0
7y9v_DNA_agB_m0	RVKVGAYY	7y9t_CNA_agA_m0
7yac_Ss_agA _ B_m0	VRSIYYYSGSPFDF	6crk_Hh_agA _ B _ G_m0
7yad_AB_agM_m0	ARDYTRGAWFILSEGGGFDN	6wps_CD_agB_m0
7yad_CD_agE_m0	ARDYTRGAWFILSEGGGFDN	6wps_CD_agB_m0
7yae_Ss_agA _ C _ B_m0	VRSIYYYSGSPFDF	6crk_Hh_agA _ B _ G_m0
7yag_CNA_agA_m0	AVQYTQYRYSDSLLY	7yag_CNA_agA_m0
7yah_CNA_agA_m0	AVQYTQYRYSDSLLY	7yag_CNA_agA_m0
7yai_CNA_agA_m0	AVQYTQYRYSDSLLY	7yag_CNA_agA_m0
7yaj_CNA_agA_m0	AVQYTQYRYSDSLLY	7yag_CNA_agA_m0
7yar_GH_agA_m0	VGGSSAYNGDNAERWGASLDD	7yar_GH_agA_m0
7yar_IM_agC_m0	VGGSSAYNGDNAERWGASLDD	7yar_GH_agA_m0
7yar_KL_agB_m0	VGGSSAYNGDNAERWGASLDD	7yar_GH_agA_m0
7yc5_DNA_agA_m0	ARDVNFVLPVTFDY	7y6k_Ee_agB_m0
7yc5_ENA_agB_m0	ARDVNFVLPVTFDY	7y6k_Ee_agB_m0
7yc5_FNA_agC_m0	ARDVNFVLPVTFDY	7y6k_Ee_agB_m0
7yc5_GNA_agC_m0	ARFPIARTSNYSSQSDGMDV	7y6k_JI_agB_m0
7yc5_HNA_agA_m0	ARFPIARTSNYSSQSDGMDV	7y6k_JI_agB_m0
7yc5_INA_agB_m0	ARFPIARTSNYSSQSDGMDV	7y6k_JI_agB_m0
7yck_CD_agA_m0	ANGFGEYYYYAMDV	7yck_CD_agA_m0
7yck_EF_agB_m0	ANGFGEYYYYAMDV	7yck_CD_agA_m0
7ycl_AB_agR_m0	ARGRNYLDRSGRFDY	7ycl_AB_agR_m0
7ycl_HL_agD_m0	ARGRNYLDRSGRFDY	7ycl_AB_agR_m0
7ycn_CD_agB_m0	ARGLGIFGVVTLSDV	7ycn_CD_agB_m0
7ycn_EF_agA_m0	ARGLGIFGVVTLSDV	7ycn_CD_agB_m0
7ycn_HI_agG_m0	ARGLGIFGVVTLSDV	7ycn_CD_agB_m0
7ycn_KL_agJ_m0	ARGLGIFGVVTLSDV	7ycn_CD_agB_m0
7ycy_DE_agC_m0	ARLTAADTIFDC	7v26_ab_agA_m0
7ycy_FG_agA_m0	ARLTAADTIFDC	7v26_ab_agA_m0
7ycy_HI_agB_m0	ARLTAADTIFDC	7v26_ab_agA_m0
7ycz_DE_agC_m0	ARLTAADTIFDC	7v26_ab_agA_m0
7ycz_FG_agA_m0	ARLTAADTIFDC	7v26_ab_agA_m0
7ycz_HI_agB_m0	ARLTAADTIFDC	7v26_ab_agA_m0
7yd0_DE_agA_m0	ARLTAADTIFDC	7v26_ab_agA_m0
7yd0_FG_agC_m0	ARLTAADTIFDC	7v26_ab_agA_m0
7yd1_AB_agC_m0	ARLTAADTIFDC	7v26_ab_agA_m0
7yd3_AB_agNA_m0	ARGQPPVGWTFDY	7y8j_HL_agA_m0
7yd3_CD_agNA_m0	ARGQPPVGWTFDY	7y8j_HL_agA_m0
7yd3_EF_agNA_m0	ARGQPPVGWTFDY	7y8j_HL_agA_m0
7yd3_HL_agNA_m0	ARGQPPVGWTFDY	7y8j_HL_agA_m0
7ydh_Ee_agA _ B_m0	VRSIYYYSGSPFDF	6crk_Hh_agA _ B _ G_m0
7ydi_HL_agE_m0	ARENGYSGYAAGANFDL	7ydi_HL_agE_m0
7ydj_Ee_agA _ B_m0	VRSIYYYSGSPFDF	6crk_Hh_agA _ B _ G_m0
7ydm_NNA_agA _ B_m0	ARCPAPFTRDCSTVDFTTYAY	6oya_NNA_agA _ B_m0
7ydp_DNA_agA _ B_m0	ARCPAPFTRDCSTVDFTTYAY	6oya_NNA_agA _ B_m0
7yds_BC_agA_m0	ARDRPDGAATNL	7yds_BC_agA_m0
7ydy_HL_agA _ B_m0	ARENGYSGYAAGANFDL	7ydi_HL_agE_m0
7ye5_HL_agA _ B_m0	ARENGYSGYAAGANFDL	7ydi_HL_agE_m0
7ye9_GI_agC_m0	ARENGYSGYAAGANFDL	7ydi_HL_agE_m0
7ye9_HL_agA_m0	ARENGYSGYAAGANFDL	7ydi_HL_agE_m0
7ye9_NO_agB_m0	ARENGYSGYAAGANFDL	7ydi_HL_agE_m0
7yeg_GI_agC_m0	ARENGYSGYAAGANFDL	7ydi_HL_agE_m0
7yeg_HL_agA_m0	ARENGYSGYAAGANFDL	7ydi_HL_agE_m0
7yeg_NO_agB_m0	ARENGYSGYAAGANFDL	7ydi_HL_agE_m0
7yfc_Cc_agA_m0	VRSIYYYSGSPFDF	6crk_Hh_agA _ B _ G_m0
7yfc_NNA_agA _ B_m0	ARCPAPFTRDCSTVDFTTYAY	6oya_NNA_agA _ B_m0
7yfd_Cc_agA_m0	VRSIYYYSGSPFDF	6crk_Hh_agA _ B _ G_m0
7yfd_NNA_agA _ B_m0	ARCPAPFTRDCSTVDFTTYAY	6oya_NNA_agA _ B_m0
7yh6_HL_agA_m0	ARDGPDTSGNAYYIYFDF	7yh6_HL_agA_m0
7yh7_PQ_agB_m0	ARDGPDTSGNAYYIYFDF	7yh6_HL_agA_m0
7yh7_SR_agC_m0	ARDGPDTSGNAYYIYFDF	7yh6_HL_agA_m0
7yh7_VU_agA_m0	ARDGPDTSGNAYYIYFDF	7yh6_HL_agA_m0
7yhk_FH_agA_m0	ARMVRDAMDF	7fah_CD_agB_m0
7yi6_DB_agA_m0	ARGQPPVGWTFDY	7y8j_HL_agA_m0
7yi6_FE_agC_m0	ARGQPPVGWTFDY	7y8j_HL_agA_m0
7yit_DNA_agA_m0	AARAPVDYDY	5c1m_BNA_agA_m0
7yix_Cc_agA_m0	ARDKGWNESGSLEY	7yix_Cc_agA_m0
7yix_Dd_agB_m0	ARDKGWNESGSLEY	7yix_Cc_agA_m0
7yiz_BA_agB_m0	SNRYY	7x3n_BA_agB_m0
7yiz_DC_agD_m0	SNRYY	7x3n_BA_agB_m0
7yj4_Ss_agT _ I_m0	VRSIYYYSGSPFDF	6crk_Hh_agA _ B _ G_m0
7yk4_HL_agA_m0	VLAPRWYFSV	6ogx_CD_agG_m0
7yk4_IM_agB_m0	VLAPRWYFSV	6ogx_CD_agG_m0
7yk6_Ss_agI _ T_m0	VRSIYYYSGSPFDF	6crk_Hh_agA _ B _ G_m0
7yk7_Ss_agI _ T _ G_m0	VRSIYYYSGSPFDF	6crk_Hh_agA _ B _ G_m0
7ykd_Ss_agC _ B_m0	VRSIYYYSGSPFDF	6crk_Hh_agA _ B _ G_m0
7ykj_AD_agC_m0	AKAISRYWPGCLDY	7ykj_AD_agC_m0
7ym8_DNA_agA_m0	AAYSYYRDHSY	7ym8_DNA_agA_m0
7ymj_DNA_agA_m0	NAEYRTGIEWELLDG	6vi4_CNA_agB_m0
7yms_FE_agA_m0	ARGDYENFYYAMDY	7yms_FE_agA_m0
7yon_Ss_agA _ B_m0	VRSIYYYSGSPFDF	6crk_Hh_agA _ B _ G_m0
7yoo_Ss_agA _ B_m0	VRSIYYYSGSPFDF	6crk_Hh_agA _ B _ G_m0
7yow_BA_agC_m0	ARDLVVYGLDY	7wnb_HL_agR_m0
7yow_HL_agR_m0	ARDLVVYGLDY	7wnb_HL_agR_m0
7yoy_EI_agC_m0	ARFSAYESNFYDRDTFDP	7yoy_EI_agC_m0
7yoy_FJ_agC_m0	ARDPPGHSGL	7yoy_FJ_agC_m0
7yp1_DG_agB _ A_m0	ARDSGAGVRFRF	7yp1_DG_agB _ A_m0
7yp2_HL_agA_m0	ARSPYYYGSSYDV	7yp2_HL_agA_m0
7yp7_NNA_agA _ B_m0	ARCPAPFTRDCSTVDFTTYAY	6oya_NNA_agA _ B_m0
7yqx_HF_agB_m0	ARDYTRGAWFILSEGGGFDN	6wps_CD_agB_m0
7yqx_IG_agA_m0	ARDYTRGAWFILSEGGGFDN	6wps_CD_agB_m0
7yqy_HF_agB_m0	ARDYTRGAWFILSEGGGFDN	6wps_CD_agB_m0
7yqy_IG_agA_m0	ARDYTRGAWFILSEGGGFDN	6wps_CD_agB_m0
7yqy_JE_agC_m0	ARDYTRGAWFILSEGGGFDN	6wps_CD_agB_m0
7yqz_IG_agA_m0	ARDYTRGAWFILSEGGGFDN	6wps_CD_agB_m0
7yqz_JH_agC_m0	ARDYTRGAWFILSEGGGFDN	6wps_CD_agB_m0
7yr0_CB_agA_m0	ARDYTRGAWFILSEGGGFDN	6wps_CD_agB_m0
7yr1_DF_agB_m0	ARAQGGWELPGFYYYGAYGMDV	7yr1_DF_agB_m0
7yr1_EG_agC_m0	ARAQGGWELPGFYYYGAYGMDV	7yr1_DF_agB_m0
7yr1_HL_agA_m0	ARAQGGWELPGFYYYGAYGMDV	7yr1_DF_agB_m0
7yrf_FE_agC_m0	ARRDYGYFDY	7y7m_FG_agC _ B_m0
7yrh_FE_agA_m0	ARGDYENFYYAMDY	7yms_FE_agA_m0
7yrn_DE_agA_m0	AIYNDLRSGNS	7yrn_DE_agA_m0
7yrn_FG_agB_m0	AIYNDLRSGNS	7yrn_DE_agA_m0
7yrn_HI_agC_m0	AIYNDLRSGNS	7yrn_DE_agA_m0
7yru_HL_agA_m0	AAAISTPYFWYFDF	7yru_HL_agA_m0
7ys6_Ee_agB _ C_m0	VRSIYYYSGSPFDF	6crk_Hh_agA _ B _ G_m0
7ytn_HL_agC_m0	ARETWYTSGGMDV	7ytn_HL_agC_m0
7yu3_Ss_agA _ B_m0	VRSIYYYSGSPFDF	6crk_Hh_agA _ B _ G_m0
7yu5_Ss_agA _ B_m0	VRSIYYYSGSPFDF	6crk_Hh_agA _ B _ G_m0
7yu6_Ss_agA _ B_m0	VRSIYYYSGSPFDF	6crk_Hh_agA _ B _ G_m0
7yu7_Ss_agA _ B_m0	VRSIYYYSGSPFDF	6crk_Hh_agA _ B _ G_m0
7yu8_Ss_agA _ B_m0	VRSIYYYSGSPFDF	6crk_Hh_agA _ B _ G_m0
7yub_HL_agNA_m0	ARGYQYWQYHANWYWSGGLDY	7php_HL_agNA_m0
7yub_NNA_agR_m0	AAGREMCAPMYDGLMYDMDY	7yub_NNA_agR_m0
7yud_HL_agR_m0	ARGYQYWQYHANWYWSGGLDY	7php_HL_agNA_m0
7yud_KNA_agNA_m0	AIDSDTFSYGSYDY	6ww2_KNA_agNA_m0
7yud_NNA_agR_m0	AAGREMCAPMYDGLMYDMDY	7yub_NNA_agR_m0
7yue_Aa_agC_m0	AKTTTAFDY	7yue_Aa_agC_m0
7yuf_HL_agR_m0	ARGYQYWQYHANWYWSGGLDY	7php_HL_agNA_m0
7yuf_KNA_agNA_m0	AIDSDTFSYGSYDY	6ww2_KNA_agNA_m0
7yuf_NNA_agR_m0	AAGREMCAPMYDGLMYDMDY	7yub_NNA_agR_m0
7yv1_HL_agA_m0	ARQRYWSKSYFRP	7yv1_HL_agA_m0
7yv7_FE_agA_m0	ARGDYENFYYAMDY	7yms_FE_agA_m0
7yve_IH_agC_m0	THRGPGHNPTIYFEF	7yve_IH_agC_m0
7yve_LK_agA_m0	THRGPGHNPTIYFEF	7yve_IH_agC_m0
7yve_ON_agB_m0	THRGPGHNPTIYFEF	7yve_IH_agC_m0
7yvf_CA_agB_m0	THRGPGHNPTIYFEF	7yve_IH_agC_m0
7yvg_IH_agB_m0	ARDLGVVGATDY	8cma_HL_agE_m0
7yvg_KJ_agC_m0	ARDLGVVGATDY	8cma_HL_agE_m0
7yvg_ML_agA_m0	ARDLGVVGATDY	8cma_HL_agE_m0
7yvh_CA_agB_m0	ARDLGVVGATDY	8cma_HL_agE_m0
7yvi_JH_agA_m0	AREQPGGYYGSSDYRLDP	7yvi_JH_agA_m0
7yvi_KI_agC_m0	AREQPGGYYGSSDYRLDP	7yvi_JH_agA_m0
7yvi_ON_agB_m0	AREQPGGYYGSSDYRLDP	7yvi_JH_agA_m0
7yvj_CA_agB_m0	AREQPGGYYGSSDYRLDP	7yvi_JH_agA_m0
7yvk_HI_agB_m0	AHKTIPTIFDY	7yvk_HI_agB_m0
7yvk_KL_agC_m0	AHKTIPTIFDY	7yvk_HI_agB_m0
7yvk_NO_agA_m0	AHKTIPTIFDY	7yvk_HI_agB_m0
7yvl_AC_agB_m0	AHKTIPTIFDY	7yvk_HI_agB_m0
7yvm_CA_agB_m0	ARDLGVVGATDY	8cma_HL_agE_m0
7yvn_INA_agB_m0	ARDLGVVGATDY	8cma_HL_agE_m0
7yvn_LK_agA_m0	ARDLGVVGATDY	8cma_HL_agE_m0
7yvn_ON_agC_m0	ARDLGVVGATDY	8cma_HL_agE_m0
7yvo_IH_agA_m0	ARDLGVVGATDY	8cma_HL_agE_m0
7yvo_KJ_agC_m0	ARDLGVVGATDY	8cma_HL_agE_m0
7yvo_ML_agA_m0	THRGPGHNPTIYFEF	7yve_IH_agC_m0
7yvo_ON_agC_m0	THRGPGHNPTIYFEF	7yve_IH_agC_m0
7yvp_INA_agA_m0	AHKTIPTIFDY	7yvk_HI_agB_m0
7yvp_KH_agA_m0	ARDLGVVGATDY	8cma_HL_agE_m0
7yvp_LM_agC_m0	AHKTIPTIFDY	7yvk_HI_agB_m0
7yvp_PO_agC_m0	ARDLGVVGATDY	8cma_HL_agE_m0
7yxu_HL_agA_m0	ARSSYYGYSYSIDY	7yxu_HL_agA_m0
7yz9_BNA_agA_m0	NTPAGRVGGT	7yz9_BNA_agA_m0
7yzi_CNA_agB_m0	NTPAGRVGGT	7yz9_BNA_agA_m0
7yzi_DNA_agA_m0	NTPAGRVGGT	7yz9_BNA_agA_m0
7yzi_ENA_agB_m0	NTPAGRVGGT	7yz9_BNA_agA_m0
7yzj_HL_agE_m0	ASYDDYTWFTY	1f8t_HL_ag_m0
7yzk_CNA_agB_m0	NTPAGRVGGT	7yz9_BNA_agA_m0
7yzk_DNA_agA_m0	NTPAGRVGGT	7yz9_BNA_agA_m0
7yzw_ANA_agNA_m0	ARHRTAGFSDRRYEYDY	7yzw_ANA_agNA_m0
7yzw_BNA_agNA_m0	ARHRTAGFSDRRYEYDY	7yzw_ANA_agNA_m0
7yzw_CNA_agNA_m0	ARHRTAGFSDRRYEYDY	7yzw_ANA_agNA_m0
7yzw_DNA_agNA_m0	ARHRTAGFSDRRYEYDY	7yzw_ANA_agNA_m0
7yzw_ENA_agNA_m0	ARHRTAGFSDRRYEYDY	7yzw_ANA_agNA_m0
7yzw_FNA_agNA_m0	ARHRTAGFSDRRYEYDY	7yzw_ANA_agNA_m0
7z0x_HL_agR_m0	ARLVGALTNIVGDGSVGAFDI	7z0x_HL_agR_m0
7z0y_HL_agR_m0	ASVADTAMEPVWYFDL	7z0y_HL_agR_m0
7z12_BC_agA_m0	ARDLRNSITAFGALGN	7z12_BC_agA_m0
7z1a_BNA_agA_m0	AADRGESYYPRTYTEYEF	7oay_BNA_agA_m0
7z1a_DNA_agC_m0	AADRGESYYPRTYTEYEF	7oay_BNA_agA_m0
7z1a_ENA_agC_m0	AQTRVTRSLLTAYDSWPYDY	7z1b_ENA_agC_m0
7z1a_FNA_agA_m0	AQTRVTRSLLTAYDSWPYDY	7z1b_ENA_agC_m0
7z1b_BNA_agA_m0	AADRGESYYPRTYTEYEF	7oay_BNA_agA_m0
7z1b_DNA_agC_m0	AADRGESYYPRTYTEYEF	7oay_BNA_agA_m0
7z1b_ENA_agC_m0	AGFSATRSLLTAYDSWPYDY	7z1b_ENA_agC_m0
7z1b_FNA_agA_m0	AGFSATRSLLTAYDSWPYDY	7z1b_ENA_agC_m0
7z1c_BNA_agA_m0	AADRGESYYPRTYTEYEF	7oay_BNA_agA_m0
7z1c_DNA_agC_m0	AADRGESYYPRTYTEYEF	7oay_BNA_agA_m0
7z1c_ENA_agC_m0	ASYQATRSLLTAYDSWPYDY	7z1c_ENA_agC_m0
7z1c_FNA_agA_m0	ASYQATRSLLTAYDSWPYDY	7z1c_ENA_agC_m0
7z1d_FNA_agE_m0	AGSKITRSLLTAYDSWPYDY	7z1d_FNA_agE_m0
7z1e_FNA_agE_m0	ARTEYVSYLLTAYDSWPYDY	7z1e_FNA_agE_m0
7z1x_BNA_agA_m0	NLERYTGSSVYP	7z1x_BNA_agA_m0
7z1x_CNA_agA_m0	ARVCIRGPKPELRCDD	7z1x_CNA_agA_m0
7z1x_ENA_agD_m0	NLERYTGSSVYP	7z1x_BNA_agA_m0
7z1x_FNA_agD_m0	ARVCIRGPKPELRCDD	7z1x_CNA_agA_m0
7z2m_BA_agK_m0	ARYPNYGAFDI	7z2m_BA_agK_m0
7z2m_DC_agG_m0	ARYPNYGAFDI	7z2m_BA_agK_m0
7z2m_FE_agJ_m0	ARYPNYGAFDI	7z2m_BA_agK_m0
7z2m_HL_agI_m0	ARYPNYGAFDI	7z2m_BA_agK_m0
7z3a_GI_agF_m0	VREKSIAEEVMNDRWFDP	7u0k_HL_agNA_m0
7z3a_HL_agD_m0	ARGGRGYDEPYAGWTWLDP	7u04_HL_agNA_m0
7z3a_JN_agA_m0	ARGGRGYDEPYAGWTWLDP	7u04_HL_agNA_m0
7z3a_KP_agC_m0	ARGGRGYDEPYAGWTWLDP	7u04_HL_agNA_m0
7z3a_MO_agB_m0	VREKSIAEEVMNDRWFDP	7u0k_HL_agNA_m0
7z3w_HL_agH_m0	ARYTNWDAFDI	7z3w_HL_agH_m0
7z4t_HL_agI_m0	ARYTNWDAFDI	7z3w_HL_agH_m0
7z6v_XNA_agA_m0	AQTRVTRSLLTAYDSWPYDY	7z1b_ENA_agC_m0
7z6v_YNA_agB_m0	AQTRVTRSLLTAYDSWPYDY	7z1b_ENA_agC_m0
7z6v_ZNA_agC_m0	AQTRVTRSLLTAYDSWPYDY	7z1b_ENA_agC_m0
7z7x_DNA_agA_m0	AGSKITRSLLTAYDSWPYDY	7z1d_FNA_agE_m0
7z7x_ENA_agB_m0	AGSKITRSLLTAYDSWPYDY	7z1d_FNA_agE_m0
7z7x_FNA_agC_m0	AGSKITRSLLTAYDSWPYDY	7z1d_FNA_agE_m0
7z85_DNA_agA_m0	ASYQATRSLLTAYDSWPYDY	7z1c_ENA_agC_m0
7z85_ENA_agB_m0	ASYQATRSLLTAYDSWPYDY	7z1c_ENA_agC_m0
7z85_FNA_agC_m0	ASYQATRSLLTAYDSWPYDY	7z1c_ENA_agC_m0
7z86_XNA_agA_m0	ARTEYVSYLLTAYDSWPYDY	7z1e_FNA_agE_m0
7z86_YNA_agB_m0	ARTEYVSYLLTAYDSWPYDY	7z1e_FNA_agE_m0
7z86_ZNA_agC_m0	ARTEYVSYLLTAYDSWPYDY	7z1e_FNA_agE_m0
7z9q_DNA_agC_m0	AGFSATRSLLTAYDSWPYDY	7z1b_ENA_agC_m0
7z9q_ENA_agA_m0	AGFSATRSLLTAYDSWPYDY	7z1b_ENA_agC_m0
7z9q_FNA_agB_m0	AGFSATRSLLTAYDSWPYDY	7z1b_ENA_agC_m0
7z9r_XNA_agA_m0	ARTEYVSYLLTAYDSWPYDY	7z1e_FNA_agE_m0
7z9r_YNA_agB_m0	ARTEYVSYLLTAYDSWPYDY	7z1e_FNA_agE_m0
7z9r_ZNA_agC_m0	ARTEYVSYLLTAYDSWPYDY	7z1e_FNA_agE_m0
7zau_BNA_agA_m0	AAKIYYSGTALYFNPDY	7zau_BNA_agA_m0
7zau_DNA_agC_m0	AAKIYYSGTALYFNPDY	7zau_BNA_agA_m0
7zau_FNA_agE_m0	AAKIYYSGTALYFNPDY	7zau_BNA_agA_m0
7zau_HNA_agG_m0	AAKIYYSGTALYFNPDY	7zau_BNA_agA_m0
7zbu_HL_agA_m0	TKADYYDFWSGYYTKQYYYMDV	7zbu_HL_agA_m0
7zce_Ee_agC_m0	ARDLSVAGAFDI	7zce_Ee_agC_m0
7zce_Ff_agB_m0	ARDLSVAGAFDI	7zce_Ee_agC_m0
7zce_Gg_agA_m0	ARDLSVAGAFDI	7zce_Ee_agC_m0
7zcf_Ee_agC_m0	ARDLSVAGAFDI	7zce_Ee_agC_m0
7zf3_AB_agE_m0	ARDLDVVGGTDY	7zf3_AB_agE_m0
7zf3_HL_agE_m0	AKDGGKLVWYYFDY	6zcz_HL_agE_m0
7zf4_FNA_agE_m0	AADRGESYYPRTYTEYEF	7oay_BNA_agA_m0
7zf4_HL_agE_m0	ASRGDTVAFDI	7zf4_HL_agE_m0
7zf5_BC_agA_m0	ARQIGPKRPAVQSDWFDP	7ps6_HL_agE_m0
7zf5_DF_agE_m0	AAPHCNKTYCNDAFDI	7zf5_DF_agE_m0
7zf5_GI_agA_m0	AAPHCNKTYCNDAFDI	7zf5_DF_agE_m0
7zf5_HL_agE_m0	ARQIGPKRPAVQSDWFDP	7ps6_HL_agE_m0
7zf6_HL_agNA_m0	AAPHCNKTYCNDAFDI	7zf5_DF_agE_m0
7zf8_HL_agE_m0	ARDLMVYGIDV	7bei_HL_agE_m0
7zf9_AB_agC_m0	ARDLMVYGIDV	7bei_HL_agE_m0
7zf9_HL_agE_m0	ARDLMVYGIDV	7bei_HL_agE_m0
7zfa_EF_agB_m0	AAASIDQVWRYTGDAFDI	7zfa_EF_agB_m0
7zfa_HL_agA_m0	AAASIDQVWRYTGDAFDI	7zfa_EF_agB_m0
7zfa_JK_agC_m0	AAASIDQVWRYTGDAFDI	7zfa_EF_agB_m0
7zfa_MN_agD_m0	AAASIDQVWRYTGDAFDI	7zfa_EF_agB_m0
7zfa_OP_agB_m0	ARDLMVYGIDV	7bei_HL_agE_m0
7zfa_QR_agA_m0	ARDLMVYGIDV	7bei_HL_agE_m0
7zfa_ST_agD_m0	ARDLMVYGIDV	7bei_HL_agE_m0
7zfa_XY_agC_m0	ARDLMVYGIDV	7bei_HL_agE_m0
7zfb_AB_agE_m0	ARDILHHDDLWYYFRGDGMDV	7zfb_AB_agE_m0
7zfb_CD_agF_m0	ARDILHHDDLWYYFRGDGMDV	7zfb_AB_agE_m0
7zfb_HL_agE_m0	ARDLQVYGMDV	7xs8_AL_agE_m0
7zfb_JK_agF_m0	ARDLQVYGMDV	7xs8_AL_agE_m0
7zfb_MNA_agE_m0	AAGRFAGRDPWTSSYDY	7oap_ANA_agE_m0
7zfb_NNA_agF_m0	AAGRFAGRDPWTSSYDY	7oap_ANA_agE_m0
7zfc_AB_agE_m0	ARDLQVYGMDV	7xs8_AL_agE_m0
7zfc_HL_agE_m0	ARDILHHDDLWYYFRGDGMDV	7zfb_AB_agE_m0
7zfc_MNA_agE_m0	AAGRFAGRDPWTSSYDY	7oap_ANA_agE_m0
7zfd_AB_agF_m0	AKSTALRHYYQYGMDV	7zfd_AB_agF_m0
7zfd_HL_agE_m0	AKSTALRHYYQYGMDV	7zfd_AB_agF_m0
7zfe_FG_agB_m0	ARDTAPPDY	7zfe_FG_agB_m0
7zfe_HL_agE_m0	ARDTAPPDY	7zfe_FG_agB_m0
7zfe_JK_agA_m0	ARDTAPPDY	7zfe_FG_agB_m0
7zfe_MN_agC_m0	ARDTAPPDY	7zfe_FG_agB_m0
7zfe_WNA_agA_m0	AAGRFAGRDPWTSSYDY	7oap_ANA_agE_m0
7zfe_XNA_agB_m0	AAGRFAGRDPWTSSYDY	7oap_ANA_agE_m0
7zfe_YNA_agC_m0	AAGRFAGRDPWTSSYDY	7oap_ANA_agE_m0
7zfe_ZNA_agE_m0	AAGRFAGRDPWTSSYDY	7oap_ANA_agE_m0
7zff_HL_agNA_m0	AKGAFPGYSYWGSYGLDV	8suo_HL_agA_m0
7zg0_GNA_agC _ F_m0	SADIRVGLRDYDY	7zg0_GNA_agC _ F_m0
7zg0_HNA_agD _ E_m0	SADIRVGLRDYDY	7zg0_GNA_agC _ F_m0
7zjl_hg_agA_m0	ASGSDYGDYLLVY	6xdg_CA_agE_m0
7zjl_ji_agB_m0	ASGSDYGDYLLVY	6xdg_CA_agE_m0
7zjl_lk_agC_m0	ASGSDYGDYLLVY	6xdg_CA_agE_m0
7zk1_BNA_agA_m0	AADPESHVRLRLGVGAY	7zk1_BNA_agA_m0
7zk1_CNA_agA_m0	NVKDEGWWYQTYDY	7zk1_CNA_agA_m0
7zkw_CNA_agA_m0	NVKDEGWWYQTYDY	7zk1_CNA_agA_m0
7zkw_DNA_agB_m0	NVKDEGWWYQTYDY	7zk1_CNA_agA_m0
7zkz_BNA_agA_m0	AADPESHVRLRLGVGAY	7zk1_BNA_agA_m0
7zkz_CNA_agA_m0	NVEGAPSWSFGIRSY	7zkz_CNA_agA_m0
7zlg_HL_agA_m0	ARSSSVYWSYGWWSAFDY	7zlg_HL_agA_m0
7zlg_KNA_agNA_m0	AIDSDTFSYGSYDY	6ww2_KNA_agNA_m0
7zlh_HL_agA_m0	ARSSSVYWSYGWWSAFDY	7zlg_HL_agA_m0
7zlh_KNA_agNA_m0	AIDSDTFSYGSYDY	6ww2_KNA_agNA_m0
7zli_HL_agA_m0	ARSSSVYWSYGWWSAFDY	7zlg_HL_agA_m0
7zli_KNA_agNA_m0	AIDSDTFSYGSYDY	6ww2_KNA_agNA_m0
7zlj_HL_agA_m0	ARSSSVYWSYGWWSAFDY	7zlg_HL_agA_m0
7zlj_KNA_agNA_m0	AIDSDTFSYGSYDY	6ww2_KNA_agNA_m0
7zlk_HL_agD_m0	VRVGPGPMHAALDY	7zlk_HL_agD_m0
7zlk_MN_agF_m0	AREKSVVEPVMNDRWFDP	7u5g_HL_agNA_m0
7zlk_OP_agA_m0	VRVGPGPMHAALDY	7zlk_HL_agD_m0
7zlk_QR_agC_m0	VRVGPGPMHAALDY	7zlk_HL_agD_m0
7zlk_ST_agE _ B_m0	AREKSVVEPVMNDRWFDP	7u5g_HL_agNA_m0
7zmk_BC_agD_m0	AREMWNYGSNWYFDV	7zmk_BC_agD_m0
7zmk_EF_agA_m0	AREMWNYGSNWYFDV	7zmk_BC_agD_m0
7zmk_GH_agI_m0	AREMWNYGSNWYFDV	7zmk_BC_agD_m0
7zmk_JK_agL_m0	AREMWNYGSNWYFDV	7zmk_BC_agD_m0
7zmk_MN_agO_m0	AREMWNYGSNWYFDV	7zmk_BC_agD_m0
7zmk_PQ_agR_m0	AREMWNYGSNWYFDV	7zmk_BC_agD_m0
7zmk_ST_agU_m0	AREMWNYGSNWYFDV	7zmk_BC_agD_m0
7zmk_VW_agX_m0	AREMWNYGSNWYFDV	7zmk_BC_agD_m0
7zml_ENA_agB_m0	EAYGTYTLAPGEGTEYDDY	7zml_ENA_agB_m0
7zml_FNA_agA_m0	EAYGTYTLAPGEGTEYDDY	7zml_ENA_agB_m0
7zml_GNA_agD_m0	EAYGTYTLAPGEGTEYDDY	7zml_ENA_agB_m0
7zml_KNA_agC_m0	EAYGTYTLAPGEGTEYDDY	7zml_ENA_agB_m0
7zmm_ENA_agC_m0	EAYGTYTLAPGEGTEYDDY	7zml_ENA_agB_m0
7zmm_FNA_agB_m0	EAYGTYTLAPGEGTEYDDY	7zml_ENA_agB_m0
7zmm_GNA_agD_m0	EAYGTYTLAPGEGTEYDDY	7zml_ENA_agB_m0
7zmm_KNA_agA_m0	EAYGTYTLAPGEGTEYDDY	7zml_ENA_agB_m0
7zmn_CNA_agA_m0	EAYGTYTLAPGEGTEYDDY	7zml_ENA_agB_m0
7zmn_KNA_agB_m0	EAYGTYTLAPGEGTEYDDY	7zml_ENA_agB_m0
7zmo_CNA_agB_m0	EAYGTYTLAPGEGTEYDDY	7zml_ENA_agB_m0
7zmo_KNA_agA_m0	EAYGTYTLAPGEGTEYDDY	7zml_ENA_agB_m0
7zmp_CNA_agA_m0	EAYGTYTLAPGEGTEYDDY	7zml_ENA_agB_m0
7zmp_KNA_agB_m0	EAYGTYTLAPGEGTEYDDY	7zml_ENA_agB_m0
7zmq_CNA_agB_m0	EAYGTYTLAPGEGTEYDDY	7zml_ENA_agB_m0
7zmq_KNA_agA_m0	EAYGTYTLAPGEGTEYDDY	7zml_ENA_agB_m0
7zmr_CNA_agB_m0	EAYGTYTLAPGEGTEYDDY	7zml_ENA_agB_m0
7zmr_KNA_agA_m0	EAYGTYTLAPGEGTEYDDY	7zml_ENA_agB_m0
7zms_KNA_agA_m0	EAYGTYTLAPGEGTEYDDY	7zml_ENA_agB_m0
7zmt_CNA_agA_m0	EAYGTYTLAPGEGTEYDDY	7zml_ENA_agB_m0
7zmt_KNA_agB_m0	EAYGTYTLAPGEGTEYDDY	7zml_ENA_agB_m0
7zmv_ENA_agD_m0	EAYGTYTLAPGEGTEYDDY	7zml_ENA_agB_m0
7zmv_FNA_agB_m0	EAYGTYTLAPGEGTEYDDY	7zml_ENA_agB_m0
7zmv_GNA_agA_m0	EAYGTYTLAPGEGTEYDDY	7zml_ENA_agB_m0
7zmv_KNA_agC_m0	EAYGTYTLAPGEGTEYDDY	7zml_ENA_agB_m0
7zor_HL_agNA_m0	ARWWDYGSYSDYFDY	7zor_HL_agNA_m0
7zor_IM_agNA_m0	ARWWDYGSYSDYFDY	7zor_HL_agNA_m0
7zox_BNA_agA_m0	AVDQLNAGLSVDGYDYDY	7zox_BNA_agA_m0
7zox_CNA_agA_m0	AKMMDTAMAEIGIIKP	7zox_CNA_agA_m0
7zoz_HL_agA_m0	ARWWDYGSYSDYFDY	7zor_HL_agNA_m0
7zqt_BNA_agA_m0	NRLPNYRS	5f7k_CNA_agA_m0
7zqt_CD_agA_m0	ARLNGWAGSGLDH	7zqt_CD_agA_m0
7zqt_FNA_agE_m0	NRLPNYRS	5f7k_CNA_agA_m0
7zqt_GH_agE_m0	ARLNGWAGSGLDH	7zqt_CD_agA_m0
7zr7_DE_agA_m0	AKGAFPGYSYWGSYGLDV	8suo_HL_agA_m0
7zr7_FG_agC_m0	AKGAFPGYSYWGSYGLDV	8suo_HL_agA_m0
7zr7_HL_agB_m0	AKGAFPGYSYWGSYGLDV	8suo_HL_agA_m0
7zr8_HL_agA_m0	ARSGSYDAFDV	7zr8_HL_agA_m0
7zr9_DE_agC_m0	ASPSCGGDCPQYDLKSSKLWYFDL	7zr9_DE_agC_m0
7zr9_FG_agB_m0	ASPSCGGDCPQYDLKSSKLWYFDL	7zr9_DE_agC_m0
7zr9_HL_agA_m0	ASPSCGGDCPQYDLKSSKLWYFDL	7zr9_DE_agC_m0
7zra_ENA_agC_m0	KARIEPDSGWSTEYEY	7zra_ENA_agC_m0
7zra_FNA_agD_m0	KARIEPDSGWSTEYEY	7zra_ENA_agC_m0
7zra_GNA_agA_m0	KARIEPDSGWSTEYEY	7zra_ENA_agC_m0
7zra_HNA_agB_m0	KARIEPDSGWSTEYEY	7zra_ENA_agC_m0
7zrc_FG_agB_m0	ARSGSYDAFDV	7zr8_HL_agA_m0
7zrc_HL_agC_m0	ARSGSYDAFDV	7zr8_HL_agA_m0
7zrc_JK_agA_m0	ARSGSYDAFDV	7zr8_HL_agA_m0
7zw1_CNA_agB_m0	AAAEPRRYSYPRMYDEYNY	7zw1_CNA_agB_m0
7zwf_Bb_agA_m0	TRQHYGNLYFFDY	7zwf_Bb_agA_m0
7zwi_BC_agA_m0	TRQHYGNLYFFDY	7zwf_Bb_agA_m0
7zwi_EF_agD_m0	TRQHYGNLYFFDY	7zwf_Bb_agA_m0
7zwm_BC_agA_m0	TRQHYGNLYFFDY	7zwf_Bb_agA_m0
7zwm_DE_agA_m0	GRQVNRHDLARDAMDY	7zwm_DE_agA_m0
7zwm_GH_agF_m0	TRQHYGNLYFFDY	7zwf_Bb_agA_m0
7zwm_IJ_agF_m0	GRQVNRHDLARDAMDY	7zwm_DE_agA_m0
7zxf_BC_agA_m0	TRDLRMSDYFDY	6e62_BC_agA_m0
7zxf_DE_agA_m0	GRQVNRHDLARDAMDY	7zwm_DE_agA_m0
7zxg_BC_agA_m0	GRQVNRHDLARDAMDY	7zwm_DE_agA_m0
7zxg_EF_agD_m0	GRQVNRHDLARDAMDY	7zwm_DE_agA_m0
7zxk_HL_agC_m0	ARDGGRTSYTHATANWFDP	7zxk_HL_agC_m0
7zxk_JI_agA_m0	ARDGGRTSYTHATANWFDP	7zxk_HL_agC_m0
7zxu_ANA_agE_m0	AAGRFAGRDPWTSSYDY	7oap_ANA_agE_m0
7zxu_HL_agE_m0	ARDLVVYGMDV	7swo_HL_agA_m0
7zyi_HL_agA_m0	ARYMKQQSQMYRQYWWGFDY	7zyi_HL_agA_m0
7zyi_KNA_agNA_m0	AIDSDTFSYGSYDY	6ww2_KNA_agNA_m0
8a1e_BC_agA_m0	TIPLSDYDGWFFAV	8a1e_BC_agA_m0
8a1e_DE_agA_m0	ARERFSGAYFDY	8a1e_DE_agA_m0
8a44_CD_agA_m0	ARLAYDSSYYGYAFDI	8a44_CD_agA_m0
8a67_DNA_agA _ C _ B_m0	AAGIVGDEWGVIYYLY	8a67_DNA_agA _ C _ B_m0
8a67_HNA_agE _ G _ F_m0	AAGIVGDEWGVIYYLY	8a67_DNA_agA _ C _ B_m0
8a94_KE_agB_m0	ARSAYYSEGSSYYLDY	8a94_KE_agB_m0
8a94_RO_agA_m0	ARSAYYSEGSSYYLDY	8a94_KE_agB_m0
8a94_TQ_agC_m0	ARSAYYSEGSSYYLDY	8a94_KE_agB_m0
8a95_RO_agA_m0	ARSAYYSEGSSYYLDY	8a94_KE_agB_m0
8a95_SP_agB_m0	ARSAYYSEGSSYYLDY	8a94_KE_agB_m0
8a95_TQ_agC_m0	ARSAYYSEGSSYYLDY	8a94_KE_agB_m0
8a96_KJ_agC_m0	ARSAYYSEGSSYYLDY	8a94_KE_agB_m0
8a99_RO_agA_m0	ARSAYYSEGSSYYLDY	8a94_KE_agB_m0
8a99_SP_agB_m0	ARSAYYSEGSSYYLDY	8a94_KE_agB_m0
8a99_TQ_agC_m0	ARSAYYSEGSSYYLDY	8a94_KE_agB_m0
8acf_HL_agA_m0	AREDDHDAFAY	8acf_HL_agA_m0
8acf_KNA_agNA_m0	AIDSDTFSYGSYDY	6ww2_KNA_agNA_m0
8aci_HL_agA_m0	AREDDHDAFAY	8acf_HL_agA_m0
8aci_KNA_agNA_m0	AIDSDTFSYGSYDY	6ww2_KNA_agNA_m0
8ady_HL_agNA_m0	ARTSGWDIEFEY	2agj_HL_ag_m0
8ady_QS_agNA_m0	ARTSGWDIEFEY	2agj_HL_ag_m0
8adz_HL_agNA_m0	ARTSGWDIEFEY	2agj_HL_ag_m0
8adz_UV_agNA_m0	ARTSGWDIEFEY	2agj_HL_ag_m0
8ae0_HL_agNA_m0	ARTSGWDIEFEY	2agj_HL_ag_m0
8ae0_QS_agNA_m0	ARTSGWDIEFEY	2agj_HL_ag_m0
8ae2_HL_agNA_m0	ARTSGWDIEFEY	2agj_HL_ag_m0
8ae2_QS_agNA_m0	ARTSGWDIEFEY	2agj_HL_ag_m0
8ae3_HL_agNA_m0	ARTSGWDIEFEY	2agj_HL_ag_m0
8ae3_QS_agNA_m0	ARTSGWDIEFEY	2agj_HL_ag_m0
8afe_CNA_agA_m0	NAIYRGSEY	8afe_CNA_agA_m0
8afe_DNA_agB_m0	NAIYRGSEY	8afe_CNA_agA_m0
8afe_INA_agG_m0	NAIYRGSEY	8afe_CNA_agA_m0
8afe_JNA_agH_m0	NAIYRGSEY	8afe_CNA_agA_m0
8afh_CNA_agA_m0	NAIYRGSEY	8afe_CNA_agA_m0
8afh_DNA_agB_m0	NAIYRGSEY	8afe_CNA_agA_m0
8afh_INA_agG_m0	NAIYRGSEY	8afe_CNA_agA_m0
8afh_JNA_agH_m0	NAIYRGSEY	8afe_CNA_agA_m0
8afh_MNA_agK_m0	NAIYRGSEY	8afe_CNA_agA_m0
8afh_NNA_agL_m0	NAIYRGSEY	8afe_CNA_agA_m0
8afh_SNA_agQ_m0	NAIYRGSEY	8afe_CNA_agA_m0
8afh_TNA_agR_m0	NAIYRGSEY	8afe_CNA_agA_m0
8afl_CNA_agA_m0	NAIYRGSEY	8afe_CNA_agA_m0
8afl_DNA_agB_m0	NAIYRGSEY	8afe_CNA_agA_m0
8afm_CNA_agA_m0	NAIYRGSEY	8afe_CNA_agA_m0
8afm_DNA_agB_m0	NAIYRGSEY	8afe_CNA_agA_m0
8afm_INA_agG_m0	NAIYRGSEY	8afe_CNA_agA_m0
8afm_JNA_agH_m0	NAIYRGSEY	8afe_CNA_agA_m0
8ag1_HL_agA_m0	VRNDYFFDL	8ag1_HL_agA_m0
8ag1_hl_aga_m0	VRNDYFFDL	8ag1_HL_agA_m0
8ahl_ENA_agD_m0	NAIYRGSEY	8afe_CNA_agA_m0
8ahl_FNA_agC _ H _ A_m0	NAIYRGSEY	8afe_CNA_agA_m0
8ahl_KNA_agJ_m0	NAIYRGSEY	8afe_CNA_agA_m0
8ahl_LNA_agI _ G_m0	NAIYRGSEY	8afe_CNA_agA_m0
8ahn_HL_agA_m0	ARIPGGYTGYFDY	8ahn_HL_agA_m0
8aia_CNA_agA_m0	NAISEY	8aia_CNA_agA_m0
8aia_DNA_agB _ K_m0	NAIYRGSEY	8afe_CNA_agA_m0
8aia_INA_agM_m0	NAIYRGSEY	8afe_CNA_agA_m0
8aia_JNA_agN_m0	NAIYRGSEY	8afe_CNA_agA_m0
8aix_CNA_agA_m0	NAISEY	8aia_CNA_agA_m0
8aix_DNA_agB _ K_m0	NAIYRGSEY	8afe_CNA_agA_m0
8aix_INA_agM_m0	NAIYRGSEY	8afe_CNA_agA_m0
8aix_JNA_agN_m0	NAIYRGSEY	8afe_CNA_agA_m0
8aix_ONA_agE_m0	NAISEY	8aia_CNA_agA_m0
8aix_PNA_agF _ U_m0	NAIYRGSEY	8afe_CNA_agA_m0
8aix_SNA_agW_m0	NAIYRGSEY	8afe_CNA_agA_m0
8aix_TNA_agX_m0	NAIYRGSEY	8afe_CNA_agA_m0
8ajb_ENA_agD_m0	NAIYRGSEY	8afe_CNA_agA_m0
8ajb_FNA_agC _ H _ A_m0	NAIYRGSEY	8afe_CNA_agA_m0
8ajb_KNA_agJ_m0	NAIYRGSEY	8afe_CNA_agA_m0
8ajb_LNA_agI _ G_m0	NAIYRGSEY	8afe_CNA_agA_m0
8ajb_QNA_agP_m0	NAIYRGSEY	8afe_CNA_agA_m0
8ajb_RNA_agO _ M _ T_m0	NAIYRGSEY	8afe_CNA_agA_m0
8ajb_WNA_agV_m0	NAIYRGSEY	8afe_CNA_agA_m0
8ajb_XNA_agU _ S_m0	NAIYRGSEY	8afe_CNA_agA_m0
8aok_BNA_agA_m0	AAEGTLYGSGQHTRGSAYDY	8aok_BNA_agA_m0
8aom_VNA_agA_m0	WDLGHRPYFKDY	8aom_VNA_agA_m0
8aon_BC_agA_m0	ASDYYGSGSFAY	4ij3_CB_agA_m0
8apy_CNA_agA_m0	NVKDEGDSFYWYDY	6i6j_CNA_agA_m0
8as0_BC_agA_m0	AKSYNHPMFDY	8as0_BC_agA_m0
8as0_ED_agF_m0	AKSYNHPMFDY	8as0_BC_agA_m0
8as0_HG_agI_m0	AKSYNHPMFDY	8as0_BC_agA_m0
8as0_KJ_agL_m0	AKSYNHPMFDY	8as0_BC_agA_m0
8as0_NM_agO_m0	AKSYNHPMFDY	8as0_BC_agA_m0
8as0_QP_agR_m0	AKSYNHPMFDY	8as0_BC_agA_m0
8as0_TS_agY_m0	AKSYNHPMFDY	8as0_BC_agA_m0
8as0_WV_agX_m0	AKSYNHPMFDY	8as0_BC_agA_m0
8as2_HL_agA _ B_m0	ARSRQFWYSGLDY	4jqi_HL_agA _ V_m0
8as3_HL_agA _ B_m0	ARSRQFWYSGLDY	4jqi_HL_agA _ V_m0
8ath_EF_agB_m0	VRANWDVAFAY	8ath_EF_agB_m0
8ath_HL_agA_m0	VRANWDVAFAY	8ath_EF_agB_m0
8av2_CNA_agA_m0	AAERAPMCYSRDVLYYSYGMDY	8av2_CNA_agA_m0
8av2_DNA_agB_m0	AAERAPMCYSRDVLYYSYGMDY	8av2_CNA_agA_m0
8av9_HL_agA_m0	ARQVGATWAFDI	5mes_HL_agA_m0
8awl_HL_agNA_m0	ARERWSGHSYLDY	8awl_HL_agNA_m0
8awm_HL_agA_m0	ARERWSGHSYLDY	8awl_HL_agNA_m0
8axh_Hh_agA_m0	TGVGQFAY	1sm3_HL_agP_m0
8b01_CNA_agB _ A_m0	AAYPLYDDPYYY	7qha_CNA_agB _ A_m0
8b17_BNA_agA_m0	AARFGGMLPPQLSGYAN	8b17_BNA_agA_m0
8b18_BNA_agA_m0	AARFGGMLPPQLSGYAN	8b17_BNA_agA_m0
8b19_BNA_agA_m0	AARFGGMLPPQLSGYAN	8b17_BNA_agA_m0
8b1a_BNA_agA_m0	AARFGGMLPPQLSGYAN	8b17_BNA_agA_m0
8b1b_BNA_agA_m0	AARFGGMLPPQLSGYAN	8b17_BNA_agA_m0
8b1c_BNA_agA_m0	AARFGGMLPPQLSGYAN	8b17_BNA_agA_m0
8b1d_BNA_agA_m0	AARFGGMLPPQLSGYAN	8b17_BNA_agA_m0
8b1e_BNA_agA_m0	AARFGGMLPPQLSGYAN	8b17_BNA_agA_m0
8b1f_BNA_agA_m0	AARFGGMLPPQLSGYAN	8b17_BNA_agA_m0
8b1g_BNA_agA_m0	AARFGGMLPPQLSGYAN	8b17_BNA_agA_m0
8b1h_BNA_agA_m0	AARFGGMLPPQLSGYAN	8b17_BNA_agA_m0
8b1i_BNA_agA_m0	AARFGGMLPPQLSGYAN	8b17_BNA_agA_m0
8b1j_BNA_agA_m0	AARFGGMLPPQLSGYAN	8b17_BNA_agA_m0
8b1k_BNA_agA_m0	AARFGGMLPPQLSGYAN	8b17_BNA_agA_m0
8b41_GNA_agA_m0	YVYVGNEY	7p5v_GNA_agA_m0
8b41_HNA_agB_m0	YVYVGNEY	7p5v_GNA_agA_m0
8b41_INA_agC_m0	YVYVGNEY	7p5v_GNA_agA_m0
8b41_JNA_agD_m0	YVYVGNEY	7p5v_GNA_agA_m0
8b50_HL_agH_m0	GRWTFPRYFDL	8b50_HL_agH_m0
8b7h_HL_agA_m0	ATDARGSGSPYYNHFDY	8b7h_HL_agA_m0
8b7w_HNA_agC_m0	AVRRRFDGTTYYSGDYDS	6qkd_HNA_ag_m0
8b8i_ANA_agI_m0	AGGDYSDRLGS	8b8i_ANA_agI_m0
8b8i_BNA_agJ_m0	AGGDYSDRLGS	8b8i_ANA_agI_m0
8b8i_CNA_agK_m0	AGGDYSDRLGS	8b8i_ANA_agI_m0
8b8i_DNA_agL_m0	AGGDYSDRLGS	8b8i_ANA_agI_m0
8b8i_ENA_agM_m0	AGGDYSDRLGS	8b8i_ANA_agI_m0
8b8i_FNA_agN_m0	AGGDYSDRLGS	8b8i_ANA_agI_m0
8b8i_GNA_agO_m0	AGGDYSDRLGS	8b8i_ANA_agI_m0
8b8i_HNA_agP_m0	AGGDYSDRLGS	8b8i_ANA_agI_m0
8b9v_HL_agA_m0	AKNWAPFDS	8b9v_HL_agA_m0
8bb7_CNA_agA_m0	GASSYNTQRCEAYGMDY	8bb7_CNA_agA_m0
8bb7_DNA_agB_m0	GASSYNTQRCEAYGMDY	8bb7_CNA_agA_m0
8bbh_HL_agA_m0	ARGMSGTFDY	8bbh_HL_agA_m0
8bbn_AB_agX_m0	VKDRHYDSAVLYGNGFHI	8bbn_AB_agX_m0
8bbn_CD_agY_m0	VKDRHYDSAVLYGNGFHI	8bbn_AB_agX_m0
8bbn_EF_agR_m0	AKDGGKLVWYYFDY	6zcz_HL_agE_m0
8bbn_HL_agR_m0	VKDRHYDSAVLYGNGFHI	8bbn_AB_agX_m0
8bbn_JK_agX_m0	AKDGGKLVWYYFDY	6zcz_HL_agE_m0
8bbn_MN_agY_m0	AKDGGKLVWYYFDY	6zcz_HL_agE_m0
8bbo_HL_agR_m0	GRGGTDDYVDY	8bbo_HL_agR_m0
8bcz_AB_agR_m0	GRGGTDDYVDY	8bbo_HL_agR_m0
8bcz_CD_agR_m0	AKGGSYAYYYYMDV	7bel_AB_agR_m0
8bcz_EF_agR_m0	AKDGGKLVWYYFDY	6zcz_HL_agE_m0
8bcz_HL_agR_m0	ARPIVGGIAGMDV	8bcz_HL_agR_m0
8be1_AB_agC_m0	ARDYYYGSFDY	8be1_AB_agC_m0
8be1_DE_agF_m0	ARDYYYGSFDY	8be1_AB_agC_m0
8be2_NNA_agS_m0	TTLTGFPRIRS	8be2_NNA_agS_m0
8be5_CNA_agA _ R_m0	RRAPWATPNNYWG	8be5_CNA_agA _ R_m0
8be5_NNA_agA_m0	RLIQNRDY	8be5_NNA_agA_m0
8bec_Aa_agB_m0	VRDLDVKGAFDI	8bec_Aa_agB_m0
8bec_Cc_agD_m0	VRDLDVKGAFDI	8bec_Aa_agB_m0
8bev_BNA_agA_m0	HALIKNELGFLDY	8bev_BNA_agA_m0
8bf0_HL_agNA_m0	VGPRFAY	8bf0_HL_agNA_m0
8bf4_ANA_agC_m0	AAACEVVAVGY	8bf4_ANA_agC_m0
8bf4_BNA_agC_m0	GASSYNTQRCEAYGMDY	8bb7_CNA_agA_m0
8bf4_DNA_agF_m0	AAACEVVAVGY	8bf4_ANA_agC_m0
8bf4_ENA_agF_m0	GASSYNTQRCEAYGMDY	8bb7_CNA_agA_m0
8bg1_AB_agC_m0	VKDSRAHYDIYTALVGFDY	8bg1_AB_agC_m0
8bg1_DE_agF_m0	VKDSRAHYDIYTALVGFDY	8bg1_AB_agC_m0
8bg1_GH_agI_m0	VKDSRAHYDIYTALVGFDY	8bg1_AB_agC_m0
8bg1_JK_agL_m0	VKDSRAHYDIYTALVGFDY	8bg1_AB_agC_m0
8bg2_Aa_agB_m0	AKDVPLGSHYFDY	8bg2_Aa_agB_m0
8bg2_Cc_agD_m0	AKDVPLGSHYFDY	8bg2_Aa_agB_m0
8bg3_Aa_agB_m0	ARGDGWEPPFDF	8bg3_Aa_agB_m0
8bg3_Cc_agD_m0	ARGDGWEPPFDF	8bg3_Aa_agB_m0
8bg4_Aa_agB_m0	VRDLQDYGMDV	8bg4_Aa_agB_m0
8bg4_Cc_agD_m0	VRDLQDYGMDV	8bg4_Aa_agB_m0
8bg5_Aa_agB_m0	TRALWEGATFDY	8bg5_Aa_agB_m0
8bg5_Cc_agD_m0	TRALWEGATFDY	8bg5_Aa_agB_m0
8bg6_AB_agE_m0	ARVMRHEI	8bg6_AB_agE_m0
8bg8_HL_agA_m0	AAPHCNRTLCSDGFDI	7ps5_HL_agE_m0
8bgg_YNA_agC_m0	HALIKNELGFLDY	8bev_BNA_agA_m0
8bh5_CNA_agE_m0	AAGRFAGRDPWTSSYDY	7oap_ANA_agE_m0
8bh5_HL_agE_m0	ARDLVVYGMDV	7swo_HL_agA_m0
8bjz_AB_agNA_m0	ATYGNYGGFAY	8bjz_AB_agNA_m0
8bjz_HL_agNA_m0	ATYGNYGGFAY	8bjz_AB_agNA_m0
8bk2_DE_agB_m0	ARVAAGLKD	8bk2_DE_agB_m0
8bk2_FG_agC_m0	ARVAAGLKD	8bk2_DE_agB_m0
8bk2_HL_agA_m0	ARVAAGLKD	8bk2_DE_agB_m0
8blq_ANA_agNA_m0	TRLKEYGNSDYFYFDV	5fhx_HNA_agA_m0
8blq_EC_agD_m0	ARDSSSSWRAWFFDL	5l6y_HL_agC_m0
8bse_HL_agA_m0	AREPYGDKA	8bse_HL_agA_m0
8bsf_HL_agA_m0	ARHPIHGYGLSGSYNPDY	8bsf_HL_agA_m0
8bso_CD_agD_m0	ATYGNYGGFAY	8bjz_AB_agNA_m0
8bso_HL_agL_m0	ATYGNYGGFAY	8bjz_AB_agNA_m0
8bvr_BNA_agA_m0	LVRVGSWY	8bvr_BNA_agA_m0
8bvs_BNA_agA_m0	LVRVGSWY	8bvr_BNA_agA_m0
8bvt_BNA_agA_m0	LVRVGSWY	8bvr_BNA_agA_m0
8bw0_HL_agC_m0	AAHYFGSSGPFAY	8bw0_HL_agC_m0
8bw7_BNA_agA_m0	LVRVGSWY	8bvr_BNA_agA_m0
8byu_HL_agA_m0	AGEPGERPDDAVDI	8byu_HL_agA_m0
8bzy_BNA_agA_m0	NVKDYGMFAWYYDY	8bzy_BNA_agA_m0
8c02_BNA_agA_m0	NVKDYGMFAWYYDY	8bzy_BNA_agA_m0
8c0y_BD_agA_m0	ARDYGDFYFDY	7d0c_GF_agC_m0
8c2r_FE_agA_m0	ARDYGDFYFDY	7d0c_GF_agC_m0
8c2r_RL_agB_m0	ARDYGDFYFDY	7d0c_GF_agC_m0
8c3k_BNA_agA_m0	TTRGY	8c3k_BNA_agA_m0
8c3l_BNA_agA_m0	TTRGY	8c3k_BNA_agA_m0
8c3l_DNA_agC_m0	TTRGY	8c3k_BNA_agA_m0
8c3v_AB_agX_m0	TTDWVRGTLHELDAYDV	8c3v_AB_agX_m0
8c3v_CD_agY_m0	TTDWVRGTLHELDAYDV	8c3v_AB_agX_m0
8c3v_HL_agR_m0	TTDWVRGTLHELDAYDV	8c3v_AB_agX_m0
8c3v_INA_agR_m0	AAGRFAGRDPWTSSYDY	7oap_ANA_agE_m0
8c3v_JNA_agX_m0	AAGRFAGRDPWTSSYDY	7oap_ANA_agE_m0
8c3v_KNA_agY_m0	AAGRFAGRDPWTSSYDY	7oap_ANA_agE_m0
8c5h_NNA_agS_m0	AKGSWARDMT	8c5h_NNA_agS_m0
8c67_AB_agNA_m0	ARSYPHKRRLWPPFDY	8c67_AB_agNA_m0
8c67_CD_agNA_m0	ARSYPHKRRLWPPFDY	8c67_AB_agNA_m0
8c67_EF_agNA_m0	ARSYPHKRRLWPPFDY	8c67_AB_agNA_m0
8c67_HL_agNA_m0	ARSYPHKRRLWPPFDY	8c67_AB_agNA_m0
8c7h_LK_agI _ D _ C_m0	ARNEWETVVVMLDGYEYEY	8c7h_LK_agI _ D _ C_m0
8c7j_ANA_agNA_m0	WCNGAERQQPCIR	8c7j_ANA_agNA_m0
8c7m_CD_agB_m0	ARSPDYIDIYGFDY	8c7m_CD_agB_m0
8c7m_HL_agA_m0	ARSPDYIDIYGFDY	8c7m_CD_agB_m0
8c7v_AB_agNA_m0	TRRYYSAMPFAY	8c7v_AB_agNA_m0
8c7v_CD_agNA_m0	TRRYYSAMPFAY	8c7v_AB_agNA_m0
8c7v_EF_agNA_m0	TRRYYSAMPFAY	8c7v_AB_agNA_m0
8c89_HL_agC_m0	AAPYCNRTYCTDGFDL	8c89_HL_agC_m0
8c8p_HNA_agA_m0	ARGLGFGLEPPFDF	8c8p_HNA_agA_m0
8c8t_CD_agA_m0	ARGDASGWARDYFPH	8c8t_CD_agA_m0
8c8t_HK_agF_m0	ARGDASGWARDYFPH	8c8t_CD_agA_m0
8c8t_RT_agF_m0	ARQRSDYWDFDV	4jpv_HL_agG_m0
8c8t_SU_agG_m0	ARQRSDYWDFDV	4jpv_HL_agG_m0
8c9x_FNA_agA_m0	AAARFGVGDVDDYSY	8c9x_FNA_agA_m0
8c9x_GNA_agB_m0	AAARFGVGDVDDYSY	8c9x_FNA_agA_m0
8c9x_HNA_agC_m0	AAARFGVGDVDDYSY	8c9x_FNA_agA_m0
8c9x_INA_agD_m0	AAARFGVGDVDDYSY	8c9x_FNA_agA_m0
8c9x_JNA_agE_m0	AAARFGVGDVDDYSY	8c9x_FNA_agA_m0
8caf_BA_agH _ F_m0	ARDPFGWAGHAVGLDY	8caf_BA_agH _ F_m0
8caf_DC_agE _ G_m0	ARDPFGWAGHAVGLDY	8caf_BA_agH _ F_m0
8cau_FNA_agA_m0	AAARFGVGDVDDYSY	8c9x_FNA_agA_m0
8cau_GNA_agB_m0	AAARFGVGDVDDYSY	8c9x_FNA_agA_m0
8cau_HNA_agC_m0	AAARFGVGDVDDYSY	8c9x_FNA_agA_m0
8cau_INA_agD_m0	AAARFGVGDVDDYSY	8c9x_FNA_agA_m0
8cau_JNA_agE_m0	AAARFGVGDVDDYSY	8c9x_FNA_agA_m0
8cbd_AB_agX_m0	ASTLGATFY	8cbd_AB_agX_m0
8cbd_CD_agY_m0	ASTLGATFY	8cbd_AB_agX_m0
8cbd_EF_agR_m0	AKDGGKLVWYYFDY	6zcz_HL_agE_m0
8cbd_GI_agY_m0	AKDGGKLVWYYFDY	6zcz_HL_agE_m0
8cbd_HL_agR_m0	ASTLGATFY	8cbd_AB_agX_m0
8cbd_JK_agX_m0	AKDGGKLVWYYFDY	6zcz_HL_agE_m0
8cbe_AB_agE_m0	AKVSQWALILF	7q0g_AB_agE_m0
8cbe_HL_agE_m0	AKDLLPLLYLAYGMDV	8cbe_HL_agE_m0
8cbf_AB_agE_m0	AKVSQWALILF	7q0g_AB_agE_m0
8cbf_HL_agE_m0	AKGAFPGYSYWGSYGLDV	8suo_HL_agA_m0
8cbx_HL_agNA_m0	TRHYNYYYSMDY	8cbx_HL_agNA_m0
8cby_HL_agH_m0	TRHYNYYYSMDY	8cbx_HL_agNA_m0
8cbz_HL_agH_m0	TRHYNYYYSMDY	8cbx_HL_agNA_m0
8cc0_HL_agH_m0	TRHYNYYYSMDY	8cbx_HL_agNA_m0
8cc1_HL_agH_m0	TRHYNYYYSMDY	8cbx_HL_agNA_m0
8cd0_CNA_agA_m0	AADRSKYCVGKPTSFYSQYDF	8cd0_CNA_agA_m0
8cdd_ED_agB_m0	AKHGVNGCDWVSYSGCVDA	7pi2_BC_agA_m0
8cde_DC_agB_m0	AKHGVNGCDWVSYSGCVDA	7pi2_BC_agA_m0
8cds_ANA_agNA_m0	AVDQLNAGLSVDGYDYDY	7zox_BNA_agA_m0
8cdt_ANA_agNA_m0	AKMMDTAMAEIGIIKP	7zox_CNA_agA_m0
8ce4_FNA_agA_m0	APARFGTGSRAADEYDD	8ce4_FNA_agA_m0
8ce4_GNA_agB_m0	APARFGTGSRAADEYDD	8ce4_FNA_agA_m0
8ce4_HNA_agC_m0	APARFGTGSRAADEYDD	8ce4_FNA_agA_m0
8ce4_INA_agD_m0	APARFGTGSRAADEYDD	8ce4_FNA_agA_m0
8ce4_JNA_agE_m0	APARFGTGSRAADEYDD	8ce4_FNA_agA_m0
8cge_Aa_agNA_m0	AKGFITTVVPSAY	8cge_Aa_agNA_m0
8cge_Bb_agNA_m0	AKGFITTVVPSAY	8cge_Aa_agNA_m0
8che_AB_agD_m0	ASGVFTS	8che_AB_agD_m0
8che_HL_agC_m0	ASGVFTS	8che_AB_agD_m0
8ci1_FNA_agA_m0	APARFGTGSRAADEYDD	8ce4_FNA_agA_m0
8ci1_GNA_agB_m0	APARFGTGSRAADEYDD	8ce4_FNA_agA_m0
8ci1_HNA_agC_m0	APARFGTGSRAADEYDD	8ce4_FNA_agA_m0
8ci1_INA_agD_m0	APARFGTGSRAADEYDD	8ce4_FNA_agA_m0
8ci1_JNA_agE_m0	APARFGTGSRAADEYDD	8ce4_FNA_agA_m0
8ci2_FNA_agA_m0	AAARFGVGDVDDYSY	8c9x_FNA_agA_m0
8ci2_GNA_agB _ C_m0	AAARFGVGDVDDYSY	8c9x_FNA_agA_m0
8ci2_INA_agD _ E_m0	AAARFGVGDVDDYSY	8c9x_FNA_agA_m0
8cii_AB_agE_m0	ARDQHIYDSSGGHGLWFDP	8cii_AB_agE_m0
8cii_CNA_agE_m0	AAGRFAGRDPWTSSYDY	7oap_ANA_agE_m0
8cii_HL_agE_m0	VRLLSGSLNWYHWFDP	8cii_HL_agE_m0
8cim_DE_agA_m0	ARDQHIYDSSGGHGLWFDP	8cii_AB_agE_m0
8cim_FG_agB_m0	ARDQHIYDSSGGHGLWFDP	8cii_AB_agE_m0
8cim_HL_agC_m0	ARDQHIYDSSGGHGLWFDP	8cii_AB_agE_m0
8cin_EF_agB_m0	ARDSVWYTSGYGLIY	8cin_EF_agB_m0
8cin_HL_agA_m0	ARDSVWYTSGYGLIY	8cin_EF_agB_m0
8cin_JK_agC_m0	ARDSVWYTSGYGLIY	8cin_EF_agB_m0
8cma_HL_agE_m0	ARDLGPVGATDY	8cma_HL_agE_m0
8cml_ANA_agB_m0	AAEFRGRTLASY	8cml_ANA_agB_m0
8cml_CNA_agB_m0	AADPYLPIRGSEIGRTDFGS	8cml_CNA_agB_m0
8cn9_BA_agD _ C_m0	ARSVNYYGSNFAVGY	8cn9_BA_agD _ C_m0
8cn9_GF_agI _ H_m0	ARSVNYYGSNFAVGY	8cn9_BA_agD _ C_m0
8cn9_LK_agN _ M_m0	ARSVNYYGSNFAVGY	8cn9_BA_agD _ C_m0
8cn9_QP_agS _ R_m0	ARSVNYYGSNFAVGY	8cn9_BA_agD _ C_m0
8cni_ANA_agB_m0	AAAYTGWMAQWLPWVYSY	8cni_ANA_agB_m0
8cni_CNA_agB_m0	AAAYTGWMAQWLPWVYSY	8cni_ANA_agB_m0
8coe_BNA_agC_m0	AARQGQYIYSSRMSDSYDY	8coe_BNA_agC_m0
8coh_ANA_agNA_m0	AARQGQYIYSSRMSDSYDY	8coe_BNA_agC_m0
8cr9_AB_agC_m0	AKDRHPWRLWQLFDS	8cr9_AB_agC_m0
8crb_AB_agC_m0	AQERYCDSGSDREYCPVFEY	8crb_AB_agC_m0
8csj_DE_agB_m0	ARELWFGESLLGDFDY	8csj_DE_agB_m0
8csj_FG_agC_m0	ARELWFGESLLGDFDY	8csj_DE_agB_m0
8csj_HL_agA_m0	ARELWFGESLLGDFDY	8csj_DE_agB_m0
8ct6_HL_agA_m0	ARPRIYGMDY	8ct6_HL_agA_m0
8ct6_JK_agC_m0	ARPRIYGMDY	8ct6_HL_agA_m0
8cw9_CD_agA_m0	ARSYITDWDKKWFFDL	8cw9_CD_agA_m0
8cw9_GM_agA_m0	ARARATGYSTISPYFDI	7sem_BC_agF_m0
8cw9_HL_agF_m0	ARSYITDWDKKWFFDL	8cw9_CD_agA_m0
8cw9_IK_agE_m0	ARSYITDWDKKWFFDL	8cw9_CD_agA_m0
8cw9_JB_agE_m0	ARARATGYSTISPYFDI	7sem_BC_agF_m0
8cw9_NO_agF_m0	ARARATGYSTISPYFDI	7sem_BC_agF_m0
8cwi_HL_agA_m0	AREATAGFDY	8cwi_HL_agA_m0
8cwj_AB_agI_m0	AGGSGISTPMDV	9cps_HL_agA_m0
8cwj_HL_agG_m0	AGGSGISTPMDV	9cps_HL_agA_m0
8cwj_JK_agG_m0	AKSHYANPSFDY	8cwj_JK_agG_m0
8cwj_UV_agI_m0	AKSHYANPSFDY	8cwj_JK_agG_m0
8cwk_AB_agC_m0	AKYSHSVYSGPFDY	8cwk_AB_agC_m0
8cwk_HL_agC_m0	AREATAGFDY	8cwi_HL_agA_m0
8cwu_BNA_agA_m0	AQGGWGLTPQISVDY	8cwu_BNA_agA_m0
8cwv_BNA_agA_m0	AIGGNHYDPSATYYKDEYDY	8cwv_BNA_agA_m0
8cwv_HL_agA_m0	ARDLDVYGLDV	6xc2_HL_agA_m0
8cxc_BA_agM_m0	ARGGYDGRGFDY	4f33_BA_ag_m0
8cxc_HL_agM_m0	AKRGAAVGSFDY	8cxc_HL_agM_m0
8cxg_12_agB_m0	VGGYSNFYYYYTMDV	7cbp_DE_agK _ Q_m0
8cxg_HL_agA_m0	VGGYSNFYYYYTMDV	7cbp_DE_agK _ Q_m0
8cxg_hl_agC_m0	VGGYSNFYYYYTMDV	7cbp_DE_agK _ Q_m0
8cxh_HL_agA_m0	ARDKVDDYGDYLTPFWWYFDY	4ut9_HL_agA_m0
8cxh_hl_agC _ B_m0	ARDKVDDYGDYLTPFWWYFDY	4ut9_HL_agA_m0
8cxi_HL_agA_m0	VRDGVRFYYDSTGKFFSDPYYYGMDV	4ut7_HL_ag_m0
8cxi_hl_agC _ B_m0	VRDGVRFYDSTGYKFFSDPYYGMDV	8cxi_hl_agC _ B_m0
8cxn_DNA_agA_m0	AVRRDSSWGYSQRSTEYDY	8cxn_DNA_agA_m0
8cxn_ENA_agB_m0	AVRRDSSWGYSQRSTEYDY	8cxn_DNA_agA_m0
8cxn_FNA_agC_m0	AVRRDSSWGYSQRSTEYDY	8cxn_DNA_agA_m0
8cxq_DNA_agA_m0	AVGSLRVSGFSPDY	8cxq_DNA_agA_m0
8cxq_ENA_agB_m0	AVGSLRVSGFSPDY	8cxq_DNA_agA_m0
8cxq_FNA_agC_m0	AVGSLRVSGFSPDY	8cxq_DNA_agA_m0
8cxr_ENA_agA_m0	AAFRVAVTTYAQQSTNEYNY	6oyh_ENA_agA_m0
8cxr_FNA_agB_m0	AAFRVAVTTYAQQSTNEYNY	6oyh_ENA_agA_m0
8cxr_GNA_agC_m0	AAFRVAVTTYAQQSTNEYNY	6oyh_ENA_agA_m0
8cxr_HNA_agD_m0	AAFRVAVTTYAQQSTNEYNY	6oyh_ENA_agA_m0
8cy6_DNA_agA_m0	NTRVLEGTGQIRDY	8cy6_DNA_agA_m0
8cy6_ENA_agB_m0	NTRVLEGTGQIRDY	8cy6_DNA_agA_m0
8cy6_FNA_agC_m0	NTRVLEGTGQIRDY	8cy6_DNA_agA_m0
8cy7_DNA_agA_m0	VQGGWGIRPQIIVDY	8cy7_DNA_agA_m0
8cy7_ENA_agB_m0	VQGGWGIRPQIIVDY	8cy7_DNA_agA_m0
8cy7_FNA_agC_m0	VQGGWGIRPQIIVDY	8cy7_DNA_agA_m0
8cy9_DNA_agA_m0	AVGSLRVSGFSVEY	8cy9_DNA_agA_m0
8cy9_ENA_agB_m0	AVGSLRVSGFSVEY	8cy9_DNA_agA_m0
8cy9_FNA_agC_m0	AVGSLRVSGFSVEY	8cy9_DNA_agA_m0
8cya_DNA_agC_m0	AASDGVIDGANTNAYRY	8cya_DNA_agC_m0
8cya_ENA_agA_m0	AASDGVIDGANTNAYRY	8cya_DNA_agC_m0
8cya_FNA_agB_m0	AASDGVIDGANTNAYRY	8cya_DNA_agC_m0
8cyb_DNA_agA_m0	AADRGSSYYARTYSEYTY	8cyb_DNA_agA_m0
8cyc_DNA_agA_m0	AVGGNHYSRSLNYYKDEYDD	8cyc_DNA_agA_m0
8cyc_ENA_agB_m0	AVGGNHYSRSLNYYKDEYDD	8cyc_DNA_agA_m0
8cyc_FNA_agC_m0	AVGGNHYSRSLNYYKDEYDD	8cyc_DNA_agA_m0
8cyd_DNA_agB_m0	NAGIPMTTLVSGLGF	8cyd_DNA_agB_m0
8cyd_ENA_agC_m0	NAGIPMTTLVSGLGF	8cyd_DNA_agB_m0
8cyd_FNA_agA_m0	NAGIPMTTLVSGLGF	8cyd_DNA_agB_m0
8cyh_HL_agM_m0	AKRGAAVGSFDY	8cxc_HL_agM_m0
8cyj_ANA_agR_m0	AASDGVIDGANTNAYRY	8cya_DNA_agC_m0
8cyj_BNA_agR_m0	AAQRSDSSSEYGWDDYDY	8cyj_BNA_agR_m0
8cyj_CNA_agR_m0	AKDENAHEDYFDFGSNRKYDY	8cyj_CNA_agR_m0
8cyj_DNA_agR_m0	AARSVIQYGIDNGPVFHYEY	8cyj_DNA_agR_m0
8cz5_HL_agA_m0	TRYDYGEGGSPQFTY	8cz5_HL_agA_m0
8czz_CD_agB_m0	TTTSTYDRWSGVGDHHLMAFSS	5cjx_AC_agJ _ K_m0
8czz_GH_agF_m0	TTTSTYDRWSGVGDHHLMAFSS	5cjx_AC_agJ _ K_m0
8czz_KL_agJ_m0	TTTSTYDRWSGVGDHHLMAFSS	5cjx_AC_agJ _ K_m0
8czz_MN_agA_m0	ATARRGQRIYGVVYYFFEGFSYSMDV	4r26_HL_ag_m0
8czz_OP_agE_m0	ATARRGQRIYGVVYYFFEGFSYSMDV	4r26_HL_ag_m0
8czz_QR_agI_m0	ATARRGQRIYGVVYYFFEGFSYSMDV	4r26_HL_ag_m0
8d01_AB_agNA_m0	ARHCSYGLDS	8d01_AB_agNA_m0
8d01_HL_agNA_m0	ARHCEDDYGYYSQAASYGLDS	8d01_HL_agNA_m0
8d0a_HL_agA_m0	ARPDGYYGDY	8d0a_HL_agA_m0
8d0y_DE_agB_m0	AKGLLRDGTSSWLPYL	4toy_HL_ag_m0
8d0y_HL_agG_m0	ARHCEDDYGYYSQAASYGLDS	8d01_HL_agNA_m0
8d0z_HL_agA_m0	ARDLSDYGGIDC	8d0z_HL_agA_m0
8d1t_HL_agA_m0	ARPDGYYGDY	8d0a_HL_agA_m0
8d21_EF_agC _ D_m0	VKDRLDTARPVGWFDS	8d21_EF_agC _ D_m0
8d21_HL_agB _ A_m0	VKDRLDTARPVGWFDS	8d21_EF_agC _ D_m0
8d21_JK_agG _ I_m0	VKDRLDTARPVGWFDS	8d21_EF_agC _ D_m0
8d29_AB_agC_m0	ARQGYRRRGSRGFDY	3ivk_AB_agC_m0
8d29_DE_agF_m0	ARQGYRRRGSRGFDY	3ivk_AB_agC_m0
8d29_GI_agJ_m0	ARQGYRRRGSRGFDY	3ivk_AB_agC_m0
8d29_HL_agR_m0	ARQGYRRRGSRGFDY	3ivk_AB_agC_m0
8d36_HL_agF_m0	ASLLIVGGFLPDDDFEV	8d36_HL_agF_m0
8d3a_HL_agG_m0	VKDSSTAWWDAAPKSEFDF	8d3a_HL_agG_m0
8d47_BA_agD_m0	ARDLFLSDYDRSRTPDYGGGFDH	8d47_BA_agD_m0
8d47_HL_agC_m0	ARDLFLSDYDRSRTPDYGGGFDH	8d47_BA_agD_m0
8d48_HL_agA_m0	TRDGSAGNDSWFDP	8d48_HL_agA_m0
8d4r_DE_agB_m0	AKGLLRDGTSSWLPYL	4toy_HL_ag_m0
8d4r_HL_agG_m0	ATARRGQRIYGVVYYFFEGFSYYMDV	4r26_HL_ag_m0
8d50_DE_agB_m0	AKGLLRDGTSSWLPYL	4toy_HL_ag_m0
8d50_HL_agG_m0	ATARRGQRIYGVVYYFFEGFSYYMDV	4r26_HL_ag_m0
8d54_AB_agNA_m0	ARGHYYGYYSAWFAY	8d54_AB_agNA_m0
8d5c_HL_agA _ D_m0	ARGHYYGYYSAWFAY	8d54_AB_agNA_m0
8d5c_IJ_agB _ E_m0	ARGHYYGYYSAWFAY	8d54_AB_agNA_m0
8d5c_PQ_agC _ F_m0	ARGHFAY	8d5c_PQ_agC _ F_m0
8d6z_AB_agH_m0	ATLGGWFEEASPTY	8d6z_AB_agH_m0
8d6z_CD_agK_m0	ATLGGWFEEASPTY	8d6z_AB_agH_m0
8d6z_EF_agJ_m0	ATLGGWFEEASPTY	8d6z_AB_agH_m0
8d6z_GI_agL_m0	ATLGGWFEEASPTY	8d6z_AB_agH_m0
8d7e_DE_agC_m0	AAQSSTWPEYFQY	8d7e_DE_agC_m0
8d7e_FG_agC_m0	AREFWSAFDL	8d7e_FG_agC_m0
8d8q_CB_agA_m0	AAPYCSSINCSDGFDI	7l7d_HL_agE_m0
8d8q_HL_agA_m0	TTAGSYYYDTVEPLGPGGKFDY	8ekd_EF_agG_m0
8d8r_HL_agA_m0	AAPYCSSINCSDGFDI	7l7d_HL_agE_m0
8d9y_BA_agI_m0	VRGTLYHYTSSYYSGDAFDI	8d9y_BA_agI_m0
8d9y_DC_agJ_m0	VRGTLYHYTSSYYSGDAFDI	8d9y_BA_agI_m0
8d9y_FE_agK_m0	VRGTLYHYTSSYYSGDAFDI	8d9y_BA_agI_m0
8d9y_HG_agL_m0	VRGTLYHYTSSYYSGDAFDI	8d9y_BA_agI_m0
8d9z_BA_agD_m0	VRGTLYHYTSSYYSGDAFDI	8d9y_BA_agI_m0
8da0_BA_agE_m0	VRGTLYHYTSSYYSGDAFDI	8d9y_BA_agI_m0
8da0_DC_agF_m0	VRGTLYHYTSSYYSGDAFDI	8d9y_BA_agI_m0
8da1_BA_agI_m0	VRGTLYHYTSSYYSGDAFDI	8d9y_BA_agI_m0
8dad_HL_agB_m0	AAPYCNKTRCNDGFDM	8dad_HL_agB_m0
8dam_BNA_agA_m0	AASSYWSRVSDEYDY	8dam_BNA_agA_m0
8dam_CNA_agA_m0	AVGGDWRVYDIATYYFSHQYEY	8dam_CNA_agA_m0
8dao_AB_agJ_m0	AILIIPGITEPSGPDALDI	8dao_AB_agJ_m0
8dao_CD_agI_m0	AILIIPGITEPSGPDALDI	8dao_AB_agJ_m0
8db4_AB_agE_m0	AKATAPAGKYYYYGMDV	8db4_AB_agE_m0
8db4_CD_agE_m0	ARPSDYFTESEELD	8db4_CD_agE_m0
8db4_GH_agF_m0	AKATAPAGKYYYYGMDV	8db4_AB_agE_m0
8db4_IJ_agF_m0	ARPSDYFTESEELD	8db4_CD_agE_m0
8dbz_BC_agA_m0	ARDTARSHYFDNGSGYGMDV	8dbz_BC_agA_m0
8dbz_DE_agA_m0	ARGPTQNWEYYSYTYFES	8dbz_DE_agA_m0
8dcc_HL_agE_m0	ARAVVGIVVVRGAAPRAFDI	7bwj_HL_agE_m0
8dce_Hh_agA_m0	AREGEVEGYNDFWRDRSYGSYYFDY	7k90_HL_agB_m0
8dcm_AB_agC_m0	ARRGNYLSFDY	8dcm_AB_agC_m0
8dcn_AB_agC_m0	ARCWGYDPYYFDY	8dcn_AB_agC_m0
8dcn_DE_agF_m0	ARCWGYDPYYFDY	8dcn_AB_agC_m0
8dcr_NNA_agA _ B_m0	ARCPAPFTRDCSTVDFTTYAY	6oya_NNA_agA _ B_m0
8dcs_NNA_agA _ B_m0	ARCPAPFTRDCSTVDFTTYAY	6oya_NNA_agA _ B_m0
8dcy_AB_agC_m0	ARDEVRRYDYAMDH	8vvl_HL_agA_m0
8dd2_JI_agB_m0	ARKGLRWAMDY	6d6t_JI_agB_m0
8dd2_KL_agD_m0	ARKGLRWAMDY	6d6t_JI_agB_m0
8dd3_JI_agB_m0	ARKGLRWAMDY	6d6t_JI_agB_m0
8dd3_KL_agD_m0	ARKGLRWAMDY	6d6t_JI_agB_m0
8ddk_AB_agC_m0	ARQLYYDSSGYYTAA	8ddk_AB_agC_m0
8de3_BC_agA_m0	ARSAYGSGEFAMDY	6d9g_AB_ag_m0
8de4_BC_agA_m0	ARSAYGSGEFAMDY	6d9g_AB_ag_m0
8de6_BI_agG_m0	ARDRSYGGSSAWFGY	8de6_BI_agG_m0
8de6_EF_agA _ C_m0	ARDRSYGGSSAWFGY	8de6_BI_agG_m0
8ded_HL_agK _ J_m0	AKVGRSGYCTASFLLANCGDWFDV	8ded_HL_agK _ J_m0
8ded_UV_agG _ F_m0	AKVGRSGYCTASFLLANCGDWFDV	8ded_HL_agK _ J_m0
8def_ST_agG _ F_m0	ARVVTESRAPPAWFDV	8def_ST_agG _ F_m0
8def_UV_agK _ J_m0	ARVVTESRAPPAWFDV	8def_ST_agG _ F_m0
8deq_HL_agF _ D_m0	ASGSGDWFGYFYR	8deq_HL_agF _ D_m0
8der_HL_agA_m0	ARDSPYWGSYDHSLDV	8der_HL_agA_m0
8der_WV_agC_m0	ARDSPYWGSYDHSLDV	8der_HL_agA_m0
8der_XY_agB_m0	ARDSPYWGSYDHSLDV	8der_HL_agA_m0
8df1_HL_agA_m0	ARDKGWSNGWAFYFQL	8df1_HL_agA_m0
8df1_MN_agB_m0	ARDKGWSNGWAFYFQL	8df1_HL_agA_m0
8df1_OP_agC_m0	ARDKGWSNGWAFYFQL	8df1_HL_agA_m0
8df1_QR_agD_m0	ARDKGWSNGWAFYFQL	8df1_HL_agA_m0
8df1_ST_agE_m0	ARDKGWSNGWAFYFQL	8df1_HL_agA_m0
8df1_UV_agF_m0	ARDKGWSNGWAFYFQL	8df1_HL_agA_m0
8df5_AB_agR_m0	ARDYTRGAWFILSEGGGFDN	6wps_CD_agB_m0
8df5_CD_agS_m0	ARDYTRGAWFILSEGGGFDN	6wps_CD_agB_m0
8df5_HL_agR_m0	ARGDSSGYYYYFDY	7jw0_DC_agB_m0
8df5_MN_agS_m0	ARGDSSGYYYYFDY	7jw0_DC_agB_m0
8dfg_HL_agA_m0	AREIYYHDSLSGTYYFDY	8dfg_HL_agA_m0
8dfg_IM_agB_m0	AREIYYHDSLSGTYYFDY	8dfg_HL_agA_m0
8dfh_HL_agA_m0	GRSGAKWSAEPMDV	8dfh_HL_agA_m0
8dfi_HL_agA_m0	AKVGWTWSVEPADV	8dfi_HL_agA_m0
8dfl_ENA_agA_m0	SSWRTGFYEY	7ssz_ENA_agA_m0
8dfl_FNA_agB_m0	SSWRTGFYEY	7ssz_ENA_agA_m0
8dfl_GNA_agC_m0	SSWRTGFYEY	7ssz_ENA_agA_m0
8dfl_HNA_agD_m0	SSWRTGFYEY	7ssz_ENA_agA_m0
8dg8_HL_agB_m0	AKRLAGLPDLEPYLLWNFLDH	8dg8_HL_agB_m0
8dg9_DE_agC_m0	ARDGGRELSPFEK	8dg9_DE_agC_m0
8dg9_FG_agB_m0	ARDGGRELSPFEK	8dg9_DE_agC_m0
8dg9_HL_agA_m0	ARDGGRELSPFEK	8dg9_DE_agC_m0
8dgr_Aa_agNA_m0	ARRRNYPYYRSGYGYFDY	8dgr_Aa_agNA_m0
8dgu_HL_agA_m0	ARGGVHGLDY	8dgu_HL_agA_m0
8dgv_HL_agA_m0	ASGILTGLFDY	8dgv_HL_agA_m0
8dgw_AB_agI_m0	ARDSRGPGIF	8dgw_AB_agI_m0
8dgw_CD_agJ_m0	ARDSRGPGIF	8dgw_AB_agI_m0
8dgw_EF_agK_m0	ARDSRGPGIF	8dgw_AB_agI_m0
8dgw_HL_agG_m0	ARDSRGPGIF	8dgw_AB_agI_m0
8dgx_AB_agD_m0	ARGSNWGPWDY	8dgx_AB_agD_m0
8dgx_HL_agC_m0	ARGSNWGPWDY	8dgx_AB_agD_m0
8di5_HNA_agC_m0	ARVESGSGWLDF	8di5_HNA_agC_m0
8dim_BC_agA_m0	AKHMGYQRVETMDV	3gbm_HL_agB _ A_m0
8dim_EF_agD_m0	AKHMGYQRVETMDV	3gbm_HL_agB _ A_m0
8dim_HI_agG_m0	AKHMGYQRVETMDV	3gbm_HL_agB _ A_m0
8dis_AC_age _ E_m0	AKHMGYQRVETMDV	3gbm_HL_agB _ A_m0
8dis_BG_agf _ F_m0	AKHMGYQRVETMDV	3gbm_HL_agB _ A_m0
8dis_HL_agd _ D_m0	AKHMGYQRVETMDV	3gbm_HL_agB _ A_m0
8diu_EF_agB_m0	AKHMGYQRVETMDV	3gbm_HL_agB _ A_m0
8diu_GC_agD_m0	AKHMGYQRVETMDV	3gbm_HL_agB _ A_m0
8diu_HI_agA_m0	AKHMGYQRVETMDV	3gbm_HL_agB _ A_m0
8djg_AB_agF_m0	ARYKYGQGMHGAFDY	8djg_AB_agF_m0
8djg_CD_agE_m0	ARYKYGQGMHGAFDY	8djg_AB_agF_m0
8djk_HL_agB _ A_m0	VRRGEDYGSSYNY	8djk_HL_agB _ A_m0
8djm_HL_agB _ A_m0	VRRGEDYGSSYNY	8djk_HL_agB _ A_m0
8dk5_Kk_agG _ F _ E _ H_m0	ARKSSRLRSTLDY	6dzt_Mm_agG _ F _ H_m0
8dk5_Nn_agC _ B _ D_m0	ARKSSRLRSTLDY	6dzt_Mm_agG _ F _ H_m0
8dk6_HL_agE_m0	ATSDYSYALDS	4web_HL_agE_m0
8dk7_BA_agC_m0	ARQGYRRRGSRGFDY	3ivk_AB_agC_m0
8dk7_DE_agF_m0	ARQGYRRRGSRGFDY	3ivk_AB_agC_m0
8dke_AB_agP_m0	ARYGLVGALDF	8dke_AB_agP_m0
8dkf_AB_agNA_m0	ARDRPVYRYGGSWYHLDP	8dkf_AB_agNA_m0
8dkf_HL_agNA_m0	ARDRPVYRYGGSWYHLDP	8dkf_AB_agNA_m0
8dki_AB_agP_m0	ARYGLVGALDF	8dke_AB_agP_m0
8dkm_AB_agP_m0	ARYGLVGALDF	8dke_AB_agP_m0
8dkw_AB_agP_m0	ARYGLVGALDF	8dke_AB_agP_m0
8dkx_AB_agP_m0	ARYGLVGALDF	8dke_AB_agP_m0
8dl6_DC_agA_m0	ARKRGYYGPYFDY	6vyh_DC_agA_m0
8dl7_DC_agA_m0	ARKRGYYGPYFDY	6vyh_DC_agA_m0
8dl8_DC_agA_m0	ARKRGYYGPYFDY	6vyh_DC_agA_m0
8dlr_HL_agA_m0	ASLQTVDTAYKEIYGMDV	7lqv_HL_agA_m0
8dls_HL_agA_m0	ATSTAVAGTPDYYDFLYGMDV	7c2l_HL_agA_m0
8dlw_CD_agB_m0	ARAAPFYDFYGSWSYFDY	7k43_CD_agB_m0
8dlw_FG_agE_m0	ARAAPFYDFYGSWSYFDY	7k43_CD_agB_m0
8dlw_HL_agA_m0	ARAAPFYDFYGSWSYFDY	7k43_CD_agB_m0
8dlx_HNA_agC _ A_m0	ARVWLYGSGYMDV	8dlx_HNA_agC _ A_m0
8dly_HNA_agC_m0	ARVWLYGSGYMDV	8dlx_HNA_agC _ A_m0
8dlz_HNA_agC_m0	ARVWLYGSGYMDV	8dlx_HNA_agC _ A_m0
8dm0_HNA_agC_m0	ARVWLYGSGYMDV	8dlx_HNA_agC _ A_m0
8dm3_HL_agA_m0	ATSTAVAGTPDYYDFLYGMDV	7c2l_HL_agA_m0
8dm3_MN_agB_m0	ATSTAVAGTPDYYDFLYGMDV	7c2l_HL_agA_m0
8dm3_PQ_agC_m0	ATSTAVAGTPDYYDFLYGMDV	7c2l_HL_agA_m0
8dm4_HL_agA_m0	ATSTAVAGTPDYYDFLYGMDV	7c2l_HL_agA_m0
8dmh_FE_aga _ A_m0	ARSLHSTSPQSYMDV	7ul7_ED_agc_m0
8dmh_HG_agb _ B_m0	ARSLHSTSPQSYMDV	7ul7_ED_agc_m0
8dmh_JI_agc _ C_m0	ARSLHSTSPQSYMDV	7ul7_ED_agc_m0
8dmj_DE_agC_m0	ARGGRYHQGGFFDY	7upb_BE_agA_m0
8dmj_HL_agB_m0	ARGGRYHQGGFFDY	7upb_BE_agA_m0
8dn6_CD_agA_m0	ARSYGWATYGLDY	8dn6_CD_agA_m0
8dn6_EF_agB_m0	ARSYGWATYGLDY	8dn6_CD_agA_m0
8dn7_AB_agC_m0	ARETYYTEFSSYSWWGLDY	8dn7_AB_agC_m0
8dn7_DH_agE_m0	ARETYYTEFSSYSWWGLDY	8dn7_AB_agC_m0
8dnn_BC_agA_m0	ARSTRELPEDVVWYFDL	8dnn_BC_agA_m0
8dnn_EF_agD_m0	ARSTRELPEDVVWYFDL	8dnn_BC_agA_m0
8dok_CD_agB_m0	TTTSTYDRWSGVGDHHLMAFSS	5cjx_AC_agJ _ K_m0
8dok_GH_agE _ F_m0	TTTSTYDRWSGVGDHHLMAFSS	5cjx_AC_agJ _ K_m0
8dok_KL_agJ_m0	TTTSTYDRWSGVGDHHLMAFSS	5cjx_AC_agJ _ K_m0
8dok_MN_agA_m0	ATARRGQRIYGVVYYFFEGFSYSMDV	4r26_HL_ag_m0
8dok_OP_agE_m0	ATARRGQRIYGVVYYFFEGFSYSMDV	4r26_HL_ag_m0
8dok_QR_agI_m0	ATARRGQRIYGVVYYFFEGFSYSMDV	4r26_HL_ag_m0
8dow_CD_agA_m0	ARDRPVYRYGGSWYHLDP	8dkf_AB_agNA_m0
8dow_GH_agE_m0	ARDRPVYRYGGSWYHLDP	8dkf_AB_agNA_m0
8dow_KL_agI_m0	ARDRPVYRYGGSWYHLDP	8dkf_AB_agNA_m0
8doz_AB_agNA_m0	AGSRWYQYDY	8doz_AB_agNA_m0
8doz_CD_agNA_m0	AGSRWYQYDY	8doz_AB_agNA_m0
8dp0_BNA_agA_m0	NEAGDPFLGSPGNWTPAFGS	8dp0_BNA_agA_m0
8dp1_EF_agB_m0	ARDRPVYRYGGSWYHLDP	8dkf_AB_agNA_m0
8dp1_NO_agJ_m0	ARDRPVYRYGGSWYHLDP	8dkf_AB_agNA_m0
8dp1_RM_agW_m0	ARDRPVYRYGGSWYHLDP	8dkf_AB_agNA_m0
8dp3_HL_agR_m0	ARQGYRRRGSRGFDY	3ivk_AB_agC_m0
8dpf_Ee_agB _ C_m0	VRSIYYYSGSPFDF	6crk_Hh_agA _ B _ G_m0
8dpg_Ee_agB _ C_m0	VRSIYYYSGSPFDF	6crk_Hh_agA _ B _ G_m0
8dph_Ee_agB _ C_m0	VRSIYYYSGSPFDF	6crk_Hh_agA _ B _ G_m0
8dpi_Ee_agB _ C_m0	VRSIYYYSGSPFDF	6crk_Hh_agA _ B _ G_m0
8dpl_AB_agD_m0	TTVYRYNYDSV	8dpl_AB_agD_m0
8dpl_Cc_agJ_m0	ARWGYYGSSDY	6dg2_AB_ag_m0
8dpl_FG_agI_m0	TTVYRYNYDSV	8dpl_AB_agD_m0
8dpl_Hh_agN_m0	ARWGYYGSSDY	6dg2_AB_ag_m0
8dpl_KL_agM_m0	TTVYRYNYDSV	8dpl_AB_agD_m0
8dpl_Oo_agE_m0	ARWGYYGSSDY	6dg2_AB_ag_m0
8dpm_Cc_agL_m0	ARWGYYGSSDY	6dg2_AB_ag_m0
8dpm_DE_agA_m0	FTRVQRDGTKDDF	8dpm_DE_agA_m0
8dpm_Hh_agB_m0	ARWGYYGSSDY	6dg2_AB_ag_m0
8dpm_IJ_agF_m0	FTRVQRDGTKDDF	8dpm_DE_agA_m0
8dpm_Mm_agG_m0	ARWGYYGSSDY	6dg2_AB_ag_m0
8dpm_NO_agK_m0	FTRVQRDGTKDDF	8dpm_DE_agA_m0
8dpz_FG_agB_m0	ARVAYYEDDYGETYYYGAFDF	8dpz_FG_agB_m0
8dqu_ANA_agC_m0	AAPKFRYYFPSTSGDFDS	8dqu_ANA_agC_m0
8dqu_BNA_agF_m0	AAPKFRYYFPSTSGDFDS	8dqu_ANA_agC_m0
8ds5_CB_agA_m0	AREGDAMDY	8ds5_CB_agA_m0
8ds7_HL_agM_m0	ARYYGSWFAY	8ds7_HL_agM_m0
8dt3_HL_agC_m0	ARGFIATEVETMDY	8dt3_HL_agC_m0
8dt8_DNA_agA _ B_m0	ARYGGPYDPTSDTYAFDY	8dt8_DNA_agA _ B_m0
8dt8_HNA_agA_m0	ARVYQFYGARPYGYDYDFDY	8dt8_HNA_agA_m0
8dtk_CB_agA_m0	ARDVRVDDSWSGGGSLLDYTYFDY	7ld1_HL_agB_m0
8dtn_ANA_agB_m0	AALDYVIDGY	8dtn_ANA_agB_m0
8dtn_CNA_agD_m0	AALDYVIDGY	8dtn_ANA_agB_m0
8dtn_ENA_agF_m0	AALDYVIDGY	8dtn_ANA_agB_m0
8dtn_GNA_agH_m0	AALDYVIDGY	8dtn_ANA_agB_m0
8dto_CD_agA_m0	TTGSWISLYYYGSSDPNFDY	8saz_CD_agA_m0
8dto_GH_agE_m0	TTGSWISLYYYGSSDPNFDY	8saz_CD_agA_m0
8dto_KL_agI_m0	TTGSWISLYYYGSSDPNFDY	8saz_CD_agA_m0
8dtr_AB_agG_m0	AKMSRAGGFDV	8dtr_AB_agG_m0
8dtr_EF_agJ_m0	AKMSRAGGFDV	8dtr_AB_agG_m0
8dtt_AB_agG_m0	AGDYYLDY	8dtt_AB_agG_m0
8dtt_EF_agJ_m0	AGDYYLDY	8dtt_AB_agG_m0
8dtu_ANA_agC _ B_m0	AALDEGYLDYDS	8dtu_ANA_agC _ B_m0
8dtx_AB_agG_m0	ARGADHGAFDI	8dtx_AB_agG_m0
8dtx_HL_agI_m0	ARGADHGAFDI	8dtx_AB_agG_m0
8dua_DE_agA _ C_m0	ARKPTWDWFDV	8dua_DE_agA _ C_m0
8dua_HL_agB _ G_m0	ARKPTWDWFDV	8dua_DE_agA _ C_m0
8dua_JK_agF _ I_m0	ARKPTWDWFDV	8dua_DE_agA _ C_m0
8dul_HL_agA _ K_m0	TRDDRTSCRRYCVGAAFHS	8dul_HL_agA _ K_m0
8dun_HL_agG_m0	ASRTTVADNWFDV	8dun_HL_agG_m0
8dun_IM_agK_m0	ASRTTVADNWFDV	8dun_HL_agG_m0
8dun_NO_agB_m0	ASRTTVADNWFDV	8dun_HL_agG_m0
8duz_AB_agF_m0	AGSRWYQYDY	8doz_AB_agNA_m0
8duz_CD_agE_m0	AGSRWYQYDY	8doz_AB_agNA_m0
8dv6_CL_agB_m0	VGGSSAYNGDNAERWGASLDD	7yar_GH_agA_m0
8dv6_HD_agA_m0	VGGSSAYNGDNAERWGASLDD	7yar_GH_agA_m0
8dvd_HL_agG _ E _ F_m0	LTGSKHRLRDYFLNEGLYDGWEEYNPATLDV	9d3d_HL_agC _ B _ A_m0
8dw2_DC_agB_m0	ARDYTRGAWFILSEGGGFDN	6wps_CD_agB_m0
8dw2_HL_agB_m0	AGGSGISTPMDV	9cps_HL_agA_m0
8dw3_DC_agB_m0	ARDYTRGAWFILSEGGGFDN	6wps_CD_agB_m0
8dw3_HL_agB_m0	AGGSGISTPMDV	9cps_HL_agA_m0
8dw9_CD_agB_m0	VKPTYSNYVIGWGAFDV	8dw9_CD_agB_m0
8dw9_HL_agA_m0	VKPTYSNYVIGWGAFDV	8dw9_CD_agB_m0
8dwa_HL_agA_m0	ARDTGWTLTAFDI	8dwa_HL_agA_m0
8dwc_Ee_agB _ C_m0	VRSIYYYSGSPFDF	6crk_Hh_agA _ B _ G_m0
8dwg_Ee_agB _ C_m0	VRSIYYYSGSPFDF	6crk_Hh_agA _ B _ G_m0
8dwo_HL_agB _ A_m0	ARSVWSGYIYGWFDV	8dwo_HL_agB _ A_m0
8dwo_ST_agG _ F_m0	ARSVWSGYIYGWFDV	8dwo_HL_agB _ A_m0
8dwo_UV_agK _ J_m0	ARSVWSGYIYGWFDV	8dwo_HL_agB _ A_m0
8dww_HL_agN_m0	AREGNSGYEPLDY	8dww_HL_agN_m0
8dww_VU_agM_m0	AREGNSGYEPLDY	8dww_HL_agN_m0
8dww_XW_agO_m0	AREGNSGYEPLDY	8dww_HL_agN_m0
8dww_ZY_agP_m0	AREGNSGYEPLDY	8dww_HL_agN_m0
8dwx_HL_agP_m0	ARAPETYCSTKYCNTGYFDS	8dwx_HL_agP_m0
8dwx_VU_agM_m0	ARAPETYCSTKYCNTGYFDS	8dwx_HL_agP_m0
8dwx_XW_agN_m0	ARAPETYCSTKYCNTGYFDS	8dwx_HL_agP_m0
8dwx_ZY_agO_m0	ARAPETYCSTKYCNTGYFDS	8dwx_HL_agP_m0
8dwy_HL_agP_m0	VRDYFISLDY	5any_IM_agB _ A_m0
8dwy_VU_agM_m0	VRDYFISLDY	5any_IM_agB _ A_m0
8dwy_XW_agN_m0	VRDYFISLDY	5any_IM_agB _ A_m0
8dwy_ZY_agO_m0	VRDYFISLDY	5any_IM_agB _ A_m0
8dxs_FNA_agC_m0	AKETTPWGISRYGGLDV	8dxs_FNA_agC_m0
8dxs_GNA_agB_m0	AKETTPWGISRYGGLDV	8dxs_FNA_agC_m0
8dxs_HL_agA_m0	AKETTPWGISRYGGLDV	8dxs_FNA_agC_m0
8dxt_HL_agR_m0	AKSGEQQLAQVEYFHH	8dxt_HL_agR_m0
8dxu_AB_agR_m0	ARMSSSLTNYLDY	7t5o_HL_agC_m0
8dxu_HL_agR_m0	AREATAGFDY	8cwi_HL_agA_m0
8dy0_Aa_agNA_m0	AKYDGIYGELDF	5i19_HL_ag_m0
8dy0_Bb_agNA_m0	AKYDGIYGELDF	5i19_HL_ag_m0
8dy3_Aa_agNA_m0	ARGDGSTDLDY	8dy3_Aa_agNA_m0
8dy4_Aa_agNA_m0	ARDLIHGVTRN	2vxs_HL_agB_m0
8dy6_CD_agA_m0	TTGSWISLYYYGSSDPNFDY	8saz_CD_agA_m0
8dy6_GH_agE_m0	TTGSWISLYYYGSSDPNFDY	8saz_CD_agA_m0
8dy6_KL_agI_m0	TTGSWISLYYYGSSDPNFDY	8saz_CD_agA_m0
8dyp_BNA_agA_m0	AADYDY	8dyp_BNA_agA_m0
8dyt_AB_agI_m0	ARVKNYESSSYGQCLDY	8dyt_AB_agI_m0
8dyt_CD_agI_m0	ARVKNYESSSYGQCLDY	8dyt_AB_agI_m0
8dyt_EF_agI_m0	ARVKNYESSSYGQCLDY	8dyt_AB_agI_m0
8dyt_HL_agI_m0	ARVKNYESSSYGQCLDY	8dyt_AB_agI_m0
8dyt_MN_agJ_m0	ARVKNYESSSYGQCLDY	8dyt_AB_agI_m0
8dyt_OP_agJ_m0	ARVKNYESSSYGQCLDY	8dyt_AB_agI_m0
8dyt_QR_agJ_m0	ARVKNYESSSYGQCLDY	8dyt_AB_agI_m0
8dyt_ST_agJ_m0	ARVKNYESSSYGQCLDY	8dyt_AB_agI_m0
8dyw_AB_agI_m0	AKDWGGADSRVFDY	6w00_HL_agP_m0
8dyw_CD_agI_m0	AKDWGGADSRVFDY	6w00_HL_agP_m0
8dyw_EF_agI_m0	AKDWGGADSRVFDY	6w00_HL_agP_m0
8dyw_HL_agI_m0	AKDWGGADSRVFDY	6w00_HL_agP_m0
8dyw_MN_agI_m0	AKDWGGADSRVFDY	6w00_HL_agP_m0
8dyw_OP_agI_m0	AKDWGGADSRVFDY	6w00_HL_agP_m0
8dyw_QR_agI_m0	AKDWGGADSRVFDY	6w00_HL_agP_m0
8dyw_ST_agI_m0	AKDWGGADSRVFDY	6w00_HL_agP_m0
8dyw_UV_agI_m0	AKDWGGADSRVFDY	6w00_HL_agP_m0
8dyw_WX_agI_m0	AKDWGGADSRVFDY	6w00_HL_agP_m0
8dyx_AB_agI_m0	ARAAYYDSTGYGDY	6axk_AB_agE_m0
8dyx_CD_agI_m0	ARAAYYDSTGYGDY	6axk_AB_agE_m0
8dyx_EF_agI_m0	ARAAYYDSTGYGDY	6axk_AB_agE_m0
8dyx_HL_agI_m0	ARAAYYDSTGYGDY	6axk_AB_agE_m0
8dyx_MN_agI_m0	ARAAYYDSTGYGDY	6axk_AB_agE_m0
8dyx_OP_agI_m0	ARAAYYDSTGYGDY	6axk_AB_agE_m0
8dyx_QR_agI_m0	ARAAYYDSTGYGDY	6axk_AB_agE_m0
8dyx_ST_agI_m0	ARAAYYDSTGYGDY	6axk_AB_agE_m0
8dyx_UV_agI_m0	ARAAYYDSTGYGDY	6axk_AB_agE_m0
8dyx_WX_agI_m0	ARAAYYDSTGYGDY	6axk_AB_agE_m0
8dyx_YZ_agI_m0	ARAAYYDSTGYGDY	6axk_AB_agE_m0
8dyy_AB_agI_m0	ARVRHSSSGHRSAFDL	8dyy_AB_agI_m0
8dyy_CD_agI_m0	ARVRHSSSGHRSAFDL	8dyy_AB_agI_m0
8dyy_EF_agI_m0	ARVRHSSSGHRSAFDL	8dyy_AB_agI_m0
8dyy_HL_agI_m0	ARVRHSSSGHRSAFDL	8dyy_AB_agI_m0
8dyy_MN_agI_m0	ARVRHSSSGHRSAFDL	8dyy_AB_agI_m0
8dyy_OP_agI_m0	ARVRHSSSGHRSAFDL	8dyy_AB_agI_m0
8dyy_QR_agI_m0	ARVRHSSSGHRSAFDL	8dyy_AB_agI_m0
8dyy_ST_agI_m0	ARVRHSSSGHRSAFDL	8dyy_AB_agI_m0
8dyy_UV_agI_m0	ARVRHSSSGHRSAFDL	8dyy_AB_agI_m0
8dz3_AB_agI_m0	ARDGADYFDGTSGAFDI	8dz3_AB_agI_m0
8dz3_CD_agI_m0	ARDGADYFDGTSGAFDI	8dz3_AB_agI_m0
8dz3_EF_agI_m0	ARDGADYFDGTSGAFDI	8dz3_AB_agI_m0
8dz3_HL_agI_m0	ARDGADYFDGTSGAFDI	8dz3_AB_agI_m0
8dz3_MN_agI_m0	ARDGADYFDGTSGAFDI	8dz3_AB_agI_m0
8dz3_OP_agI_m0	ARDGADYFDGTSGAFDI	8dz3_AB_agI_m0
8dz3_QR_agI_m0	ARDGADYFDGTSGAFDI	8dz3_AB_agI_m0
8dz4_AB_agI_m0	ARDSLFYDHSNDGYYGY	6w05_HL_agP_m0
8dz4_CD_agI_m0	ARDSLFYDHSNDGYYGY	6w05_HL_agP_m0
8dz4_EF_agI_m0	ARDSLFYDHSNDGYYGY	6w05_HL_agP_m0
8dz4_HL_agI_m0	ARDSLFYDHSNDGYYGY	6w05_HL_agP_m0
8dz4_MN_agI_m0	ARDSLFYDHSNDGYYGY	6w05_HL_agP_m0
8dz4_OP_agI_m0	ARDSLFYDHSNDGYYGY	6w05_HL_agP_m0
8dz4_QR_agI_m0	ARDSLFYDHSNDGYYGY	6w05_HL_agP_m0
8dz4_ST_agI_m0	ARDSLFYDHSNDGYYGY	6w05_HL_agP_m0
8dz4_UV_agI_m0	ARDSLFYDHSNDGYYGY	6w05_HL_agP_m0
8dz4_WX_agI_m0	ARDSLFYDHSNDGYYGY	6w05_HL_agP_m0
8dz4_YZ_agI_m0	ARDSLFYDHSNDGYYGY	6w05_HL_agP_m0
8dz5_AB_agI_m0	AKVHDDEPTQDY	8dz5_AB_agI_m0
8dz5_CD_agI_m0	AKVHDDEPTQDY	8dz5_AB_agI_m0
8dz5_EF_agI_m0	AKVHDDEPTQDY	8dz5_AB_agI_m0
8dz5_HL_agI_m0	AKVHDDEPTQDY	8dz5_AB_agI_m0
8dz5_MN_agI_m0	AKVHDDEPTQDY	8dz5_AB_agI_m0
8dzh_ED_agA_m0	ARGGYEDVFDI	8dzh_ED_agA_m0
8dzh_HL_agC_m0	ARGGYEDVFDI	8dzh_ED_agA_m0
8dzh_IJ_agB_m0	ARGGYEDVFDI	8dzh_ED_agA_m0
8dzi_BD_agA_m0	ARGGYEDVFDI	8dzh_ED_agA_m0
8dzi_GF_agE_m0	ARGGYEDVFDI	8dzh_ED_agA_m0
8dzi_HL_agC_m0	ARGGYEDVFDI	8dzh_ED_agA_m0
8dzp_Ee_agB _ C_m0	VRSIYYYSGSPFDF	6crk_Hh_agA _ B _ G_m0
8dzq_Ee_agB _ C_m0	VRSIYYYSGSPFDF	6crk_Hh_agA _ B _ G_m0
8dzr_Ee_agB _ C_m0	VRSIYYYSGSPFDF	6crk_Hh_agA _ B _ G_m0
8dzs_Ee_agB _ C_m0	VRSIYYYSGSPFDF	6crk_Hh_agA _ B _ G_m0
8dzv_Aa_agC_m0	GSADDNMNPTI	4p48_Aa_agNA_m0
8dzw_HL_agC_m0	ARDENTGIHSYWFDP	8dzw_HL_agC_m0
8dzw_IM_agA_m0	ARDENTGIHSYWFDP	8dzw_HL_agC_m0
8dzw_JN_agB_m0	ARDENTGIHSYWFDP	8dzw_HL_agC_m0
8e0e_BNA_agA_m0	AASSYWSRVSDEYDY	8dam_BNA_agA_m0
8e1b_ANA_agNA_m0	AKAIRLTTTAVCQFPGVS	8e1b_ANA_agNA_m0
8e1c_ANA_agNA_m0	NAQILSGTDY	8e1c_ANA_agNA_m0
8e1g_HL_agA_m0	ARDRGPWLHDY	8e1g_HL_agA_m0
8e1g_VT_agB_m0	ARDRGPWLHDY	8e1g_HL_agA_m0
8e1m_HL_agC_m0	ARYGNYDAMDY	8e1m_HL_agC_m0
8e1p_BA_agG_m0	ATARRGQRIYGVVYYFFEGFSYYMDV	4r26_HL_ag_m0
8e1p_DC_agE_m0	ATARRGQRIYGVVYYFFEGFSYYMDV	4r26_HL_ag_m0
8e1p_FI_agE_m0	ARRMRSQDERWDFQH	4lsu_HL_agG_m0
8e1p_HL_agG_m0	ARRMRSQDERWDFQH	4lsu_HL_agG_m0
8e1p_KJ_agM_m0	ATARRGQRIYGVVYYFFEGFSYYMDV	4r26_HL_ag_m0
8e1p_NO_agM_m0	ARRMRSQDERWDFQH	4lsu_HL_agG_m0
8e2n_ANA_agNA_m0	NGASDIGALGSQASSWS	8e2n_ANA_agNA_m0
8e2n_BNA_agNA_m0	NGASDIGALGSQASSWS	8e2n_ANA_agNA_m0
8e2u_HL_agA_m0	ARDENTGIHSYWFDP	8dzw_HL_agC_m0
8e3x_NNA_agA _ B _ G_m0	ARCPAPFTRDCSTVDFTTYAY	6oya_NNA_agA _ B_m0
8e3y_NNA_agA _ B_m0	ARCPAPFTRDCSTVDFTTYAY	6oya_NNA_agA _ B_m0
8e3z_NNA_agA _ B_m0	ARCPAPFTRDCSTVDFTTYAY	6oya_NNA_agA _ B_m0
8e6j_EI_agB_m0	ARHVTSISSGRNWVYLDS	8e6j_EI_agB_m0
8e6j_FJ_agC_m0	ARHVTSISSGRNWVYLDS	8e6j_EI_agB_m0
8e6j_GK_agD_m0	ARHVTSISSGRNWVYLDS	8e6j_EI_agB_m0
8e6j_HL_agA_m0	ARHVTSISSGRNWVYLDS	8e6j_EI_agB_m0
8e6k_EI_agB_m0	ANSIAVSPGLYFHH	8e6k_EI_agB_m0
8e6k_FJ_agC_m0	ANSIAVSPGLYFHH	8e6k_EI_agB_m0
8e6k_GK_agD_m0	ANSIAVSPGLYFHH	8e6k_EI_agB_m0
8e6k_HL_agA_m0	ANSIAVSPGLYFHH	8e6k_EI_agB_m0
8e7m_HL_agA_m0	AKDWAMVAGDAFDI	8e7m_HL_agA_m0
8e8l_HL_ag1 _ 2 _ 3_m0	ATASRPSAWVFYTYLSRYYMDV	8e8l_HL_ag1 _ 2 _ 3_m0
8e8r_HL_ag1 _ 2 _ 3_m0	ATASRPSAWVFYTYLSRYYMDV	8e8l_HL_ag1 _ 2 _ 3_m0
8e8s_HL_ag1 _ 2 _ 3_m0	ATASRPSAWVFYTYLSRYYMDV	8e8l_HL_ag1 _ 2 _ 3_m0
8e8x_HL_ag1 _ 2 _ 3_m0	ATASRPSAWVFYTYLSRYYMDV	8e8l_HL_ag1 _ 2 _ 3_m0
8e8y_HL_ag1 _ 2 _ 3_m0	ATASRPSAWVFYTYLSRYYMDV	8e8l_HL_ag1 _ 2 _ 3_m0
8e8z_HL_ag1 _ 2 _ 3_m0	ATASRPSAWVFYTYLSRYYMDV	8e8l_HL_ag1 _ 2 _ 3_m0
8e99_ENA_agB_m0	AAAAAAAAAAAY	8e99_ENA_agB_m0
8e9w_Ee_agB _ C_m0	VRSIYYYSGSPFDF	6crk_Hh_agA _ B _ G_m0
8e9x_Ee_agB _ C_m0	VRSIYYYSGSPFDF	6crk_Hh_agA _ B _ G_m0
8e9y_Ee_agB _ C_m0	VRSIYYYSGSPFDF	6crk_Hh_agA _ B _ G_m0
8e9z_Ee_agB _ C_m0	VRSIYYYSGSPFDF	6crk_Hh_agA _ B _ G_m0
8eay_HL_agA_m0	ARGTMRESPMGDAFDI	8eay_HL_agA_m0
8eb2_JL_agD_m0	AREEITYAMDY	8eb2_JL_agD_m0
8eb2_KM_agA_m0	AREEITYAMDY	8eb2_JL_agD_m0
8eb2_NO_agG_m0	AREEITYAMDY	8eb2_JL_agD_m0
8ebp_HL_agA_m0	ARDENTGIHSYWFDP	8dzw_HL_agC_m0
8ebp_IM_agB_m0	ARDENTGIHSYWFDP	8dzw_HL_agC_m0
8ee0_HL_agA_m0	TRGGTLFDY	6c9u_HL_agA_m0
8ee1_BC_agA_m0	ARGRGSSSSFDY	8ee1_BC_agA_m0
8ee1_GH_agD_m0	ARGRGSSSSFDY	8ee1_BC_agA_m0
8ee2_CNA_agA_m0	NAAILAYGTEVTNY	8ee2_CNA_agA_m0
8ee2_DNA_agB_m0	NAAILAYGTEVTNY	8ee2_CNA_agA_m0
8ee2_GNA_agE_m0	TGEVTNYWGQG	8ee2_GNA_agE_m0
8ee2_HNA_agF_m0	NAAILAYGTEVTNY	8ee2_CNA_agA_m0
8ee2_KNA_agI_m0	NAAILAYGTEVTNY	8ee2_CNA_agA_m0
8ee2_LNA_agJ_m0	NAAILAYGTEVTNY	8ee2_CNA_agA_m0
8ee5_HL_agZ_m0	AKEGIAARSLDV	8ee5_HL_agZ_m0
8ee8_DC_agB_m0	AKDITAPRGNGLDS	8ee8_DC_agB_m0
8ee8_HL_agZ _ A_m0	AKDITAPRGNGLDS	8ee8_DC_agB_m0
8eed_EF_agB_m0	ARRDRVGSYYYPYGLDS	8eed_EF_agB_m0
8eed_HL_agA_m0	ARRDRVGSYYYPYGLDS	8eed_EF_agB_m0
8eed_IJ_agC_m0	ARRDRVGSYYYPYGLDS	8eed_EF_agB_m0
8eed_MN_agD_m0	ARRDRVGSYYYPYGLDS	8eed_EF_agB_m0
8eee_AB_agZ_m0	ARERYCSGGVTGAYCKYFDY	8eee_AB_agZ_m0
8eee_HL_agE_m0	ARERYCSGGVTGAYCKYFDY	8eee_AB_agZ_m0
8eeu_HL_agA _ C _ D_m0	TRDDRTSCRRYCVGAAFHS	8dul_HL_agA _ K_m0
8eev_HL_agA _ G_m0	ARSHFCSNTYCFGWFDV	8eev_HL_agA _ G_m0
8eev_ST_agF _ K_m0	ARSHFCSNTYCFGWFDV	8eev_HL_agA _ G_m0
8eev_UV_agJ _ B_m0	ARSHFCSNTYCFGWFDV	8eev_HL_agA _ G_m0
8eez_HL_agNA_m0	AKDITAPRGNGLDS	8ee8_DC_agB_m0
8ef0_HL_agNA_m0	ARERYCSCYTGAKYFDY	8ef0_HL_agNA_m0
8ef1_HL_agNA_m0	ARPAYYEDDYGTTYYYPIFDY	8ef1_HL_agNA_m0
8ef2_HL_agNA_m0	ARRDRVGSYYYPYGLDS	8eed_EF_agB_m0
8ef3_AB_agNA_m0	AKEGIAARSLDV	8ee5_HL_agZ_m0
8ef3_CD_agNA_m0	AKEGIAARSLDV	8ee5_HL_agZ_m0
8ef5_Ee_agA _ C _ B_m0	VRSIYYYSGSPFDF	6crk_Hh_agA _ B _ G_m0
8ef6_Ee_agA _ C _ B_m0	VRSIYYYSGSPFDF	6crk_Hh_agA _ B _ G_m0
8efb_Ee_agA _ C _ B_m0	VRSIYYYSGSPFDF	6crk_Hh_agA _ B _ G_m0
8efl_Ee_agA _ C _ B_m0	VRSIYYYSGSPFDF	6crk_Hh_agA _ B _ G_m0
8efo_Ee_agA _ C _ B_m0	VRSIYYYSGSPFDF	6crk_Hh_agA _ B _ G_m0
8eh5_HL_agG_m0	HRNFYDGSGPFDY	7rqp_AB_agNA_m0
8eh5_MN_agG_m0	HRNFYDGSGPFDY	7rqp_AB_agNA_m0
8eh5_OP_agG_m0	HRNFYDGSGPFDY	7rqp_AB_agNA_m0
8eit_Ee_agA _ B_m0	VRSIYYYSGSPFDF	6crk_Hh_agA _ B _ G_m0
8ejc_Ee_agA _ B_m0	VRSIYYYSGSPFDF	6crk_Hh_agA _ B _ G_m0
8ejh_HL_agA_m0	ARGYSYGFAYNPWHYLDV	8ejh_HL_agA_m0
8ejh_JK_agC_m0	ARGYSYGFAYNPWHYLDV	8ejh_HL_agA_m0
8ejh_hl_agB_m0	ARGYSYGFAYNPWHYLDV	8ejh_HL_agA_m0
8eji_HL_agA_m0	VRLVHYDWSPFV	8eji_HL_agA_m0
8ejj_HL_agc_m0	ARGRDCRSVSCEPSSVYNWFDP	8ejj_HL_agc_m0
8ejj_IJ_agb_m0	ARGRDCRSVSCEPSSVYNWFDP	8ejj_HL_agc_m0
8ejj_hl_aga_m0	ARGRDCRSVSCEPSSVYNWFDP	8ejj_HL_agc_m0
8ejk_Ee_agA _ C _ B_m0	VRSIYYYSGSPFDF	6crk_Hh_agA _ B _ G_m0
8ek1_AB_agP_m0	HRNFYDGSGPFDY	7rqp_AB_agNA_m0
8ek1_CD_agP_m0	HRNFYDGSGPFDY	7rqp_AB_agNA_m0
8ek1_HL_agP_m0	HRNFYDGSGPFDY	7rqp_AB_agNA_m0
8ek6_HL_agNA_m0	ARGGLEPRSVYYYDYGMDV	4hk0_CD_ag_m0
8eka_AB_agP_m0	HRNFYDGSGPFDY	7rqp_AB_agNA_m0
8eka_CD_agP_m0	HRNFYDGSGPFDY	7rqp_AB_agNA_m0
8eka_HL_agP_m0	HRNFYDGSGPFDY	7rqp_AB_agNA_m0
8ekd_EF_agG_m0	TTAGSYYYDTVEPLEPGGKFDY	8ekd_EF_agG_m0
8ekf_HL_agC_m0	ARAAYYDSTGYGDY	6axk_AB_agE_m0
8ekh_HL_agNA_m0	ARGGLYGMDV	8ekh_HL_agNA_m0
8el2_HL_agA_m0	ARGHTYNWYNAYCDY	8el2_HL_agA_m0
8el2_IK_agB_m0	ARGHTYNWYNAYCDY	8el2_HL_agA_m0
8eli_HL_agA_m0	ARDKYYGNAEVGMDV	5i8c_AB_agC_m0
8elj_ST_agB_m0	ARGHTYNWYNAYCDY	8el2_HL_agA_m0
8elj_UV_agA_m0	ARGHTYNWYNAYCDY	8el2_HL_agA_m0
8elj_WX_agC_m0	ARGHTYNWYNAYCDY	8el2_HL_agA_m0
8eln_CNA_agA_m0	NAQILSWMGGTDY	8eln_CNA_agA_m0
8eln_DNA_agB_m0	NAQILSWMGGTDY	8eln_CNA_agA_m0
8eln_GNA_agE_m0	NAQILSWMGGTDY	8eln_CNA_agA_m0
8eln_HNA_agF_m0	NAQILSWMGGTDY	8eln_CNA_agA_m0
8eln_KNA_agI_m0	NAQILSWMGGTDY	8eln_CNA_agA_m0
8eln_LNA_agJ_m0	NAQILSWMGGTDY	8eln_CNA_agA_m0
8elo_BNA_agA_m0	ARGSFYYTYGFGVSGDAFDY	8elo_BNA_agA_m0
8elo_HL_agA_m0	ARDLDVYGLDV	6xc2_HL_agA_m0
8elp_BNA_agA_m0	ARVVSYYDQTWYVFGQSYDY	8elp_BNA_agA_m0
8elp_HL_agA_m0	ARDLDVYGLDV	6xc2_HL_agA_m0
8elq_BNA_agA_m0	ARQAWYYSPYFEPGGEAFDY	8elq_BNA_agA_m0
8elq_HL_agA_m0	ARDLDVYGLDV	6xc2_HL_agA_m0
8ema_AR_agNA_m0	ARYDYYGSSYFDY	2xzq_HL_agP_m0
8ema_BL_agNA_m0	ARYDYYGSSYFDY	2xzq_HL_agP_m0
8emy_GNA_agA_m0	KTQLANRDY	8emy_GNA_agA_m0
8emy_HNA_agC_m0	KTQLANRDY	8emy_GNA_agA_m0
8emy_INA_agF_m0	KTQLANRDY	8emy_GNA_agA_m0
8emy_JNA_agB_m0	KTQLANRDY	8emy_GNA_agA_m0
8emy_KNA_agD_m0	KTQLANRDY	8emy_GNA_agA_m0
8emy_LNA_agE_m0	KTQLANRDY	8emy_GNA_agA_m0
8emz_BNA_agA_m0	AAAREGAYYPDTRYYSVRYDY	8emz_BNA_agA_m0
8en0_DNA_agA_m0	VAYRTGGPPQ	8en0_DNA_agA_m0
8en1_CNA_agA_m0	ASDRDHYSGTYVFRRGYEEYDY	8en1_CNA_agA_m0
8en1_DNA_agB_m0	ASDRDHYSGTYVFRRGYEEYDY	8en1_CNA_agA_m0
8en2_CNA_agB_m0	AAKMGRRLAVLTRSEEYDF	8en2_CNA_agB_m0
8en2_DNA_agA_m0	AAKMGRRLAVLTRSEEYDF	8en2_CNA_agB_m0
8en3_CNA_agA_m0	AHRYIYGSLSDSGSYDN	8en3_CNA_agA_m0
8en3_DNA_agB_m0	AHRYIYGSLSDSGSYDN	8en3_CNA_agA_m0
8en4_CNA_agB_m0	HAVTGVIASS	8en4_CNA_agB_m0
8en4_DNA_agA_m0	HAVTGVIASS	8en4_CNA_agB_m0
8en5_ENA_agA_m0	AARTFTAGCSRSYIAYPY	8en5_ENA_agA_m0
8en5_FNA_agB_m0	AARTFTAGCSRSYIAYPY	8en5_ENA_agA_m0
8en5_GNA_agC_m0	AARTFTAGCSRSYIAYPY	8en5_ENA_agA_m0
8en5_HNA_agD_m0	AARTFTAGCSRSYIAYPY	8en5_ENA_agA_m0
8en6_CNA_agA_m0	NRAKPPTYYSLEP	8en6_CNA_agA_m0
8en6_DNA_agB_m0	NRAKPPTYYSLEP	8en6_CNA_agA_m0
8eoo_AB_agC_m0	ANLAWLRGYFDY	7n4m_HL_agA_m0
8eoo_EJ_agD_m0	ARGPLGSNYYNFDAFDI	8eoo_EJ_agD_m0
8eoo_FK_agD_m0	ANLAWLRGYFDY	7n4m_HL_agA_m0
8eoo_HL_agC_m0	ARGPLGSNYYNFDAFDI	8eoo_EJ_agD_m0
8epa_AB_agI_m0	VRGGTIVGTATPLDY	8epa_AB_agI_m0
8epa_HL_agI_m0	TRARITGFTDVFDI	8epa_HL_agI_m0
8eq6_HL_agNA_m0	ARENYGSHGGFVY	8eq6_HL_agNA_m0
8eqa_BA_agNA_m0	ANSIAVSPGLYFHH	8e6k_EI_agB_m0
8eqa_HL_agNA_m0	ANSIAVSPGLYFHH	8e6k_EI_agB_m0
8eqb_ANA_agC _ B_m0	AVYYYINSRQKVLLY	8eqb_ANA_agC _ B_m0
8eqb_DNA_agF _ E_m0	AVYYYINSRQKVLLY	8eqb_ANA_agC _ B_m0
8eqb_GNA_agI _ H_m0	AVYYYINSRQKVLLY	8eqb_ANA_agC _ B_m0
8eqb_JNA_agL _ K_m0	AVYYYINSRQKVLLY	8eqb_ANA_agC _ B_m0
8eqc_BA_agNA_m0	ARHVTSIGRVYLDS	8eqc_BA_agNA_m0
8eqc_HL_agNA_m0	ARHVTSISSGRNWVYLDS	8e6j_EI_agB_m0
8eqf_HL_agA_m0	ARKDYSKTGYYYYFDY	8eqf_HL_agA_m0
8erq_HL_agA_m0	ARHTIPSIFDY	8erq_HL_agA_m0
8err_EF_agC_m0	ARHTIPSIFDY	8erq_HL_agA_m0
8err_HL_agA_m0	ARHTIPSIFDY	8erq_HL_agA_m0
8err_IJ_agB_m0	ARHTIPSIFDY	8erq_HL_agA_m0
8esv_HL_agA_m0	ARDGDYGRLDY	6bdz_HL_agA_m0
8et0_CNA_agA_m0	NAESDGWYGLSY	8et0_CNA_agA_m0
8et0_DNA_agB_m0	NAESDGWYGLSY	8et0_CNA_agA_m0
8euq_CD_agA _ B_m0	ARAYGDYHVYAMDY	8euq_CD_agA _ B_m0
8euq_IH_agF _ G_m0	ARAYGDYHVYAMDY	8euq_CD_agA _ B_m0
8euu_GH_agB _ A_m0	ARDKYYGNAEVGMDV	5i8c_AB_agC_m0
8euu_IJ_agD _ C_m0	ARDKYYGNAEVGMDV	5i8c_AB_agC_m0
8euu_KL_agF _ E_m0	ARDKYYGNAEVGMDV	5i8c_AB_agC_m0
8euv_GH_agB _ A_m0	ARDKYYGNAEVGMDV	5i8c_AB_agC_m0
8euv_IJ_agD _ C_m0	ARDKYYGNAEVGMDV	5i8c_AB_agC_m0
8euv_KL_agF _ E_m0	ARDKYYGNAEVGMDV	5i8c_AB_agC_m0
8euw_GH_agB _ A_m0	ARDKYYGNAEVGMDV	5i8c_AB_agC_m0
8euw_IJ_agD _ C_m0	ARDKYYGNAEVGMDV	5i8c_AB_agC_m0
8euw_KL_agF _ E_m0	ARDKYYGNAEVGMDV	5i8c_AB_agC_m0
8evd_ANA_agC_m0	NGASEIGALGSQASLWS	8evd_ANA_agC_m0
8evd_BNA_agD_m0	NGASEIGALGSQASLWS	8evd_ANA_agC_m0
8evd_ENA_agG_m0	NGASEIGALGSQASLWS	8evd_ANA_agC_m0
8evd_FNA_agH_m0	NGASEIGALGSQASLWS	8evd_ANA_agC_m0
8evd_INA_agK_m0	NGASEIGALGSQASLWS	8evd_ANA_agC_m0
8evd_JNA_agL_m0	NGASEIGALGSQASLWS	8evd_ANA_agC_m0
8evg_Mm_agG _ H_m0	ARKSSRLRSTLDY	6dzt_Mm_agG _ F _ H_m0
8evg_Nn_agC _ D_m0	ARKSSRLRSTLDY	6dzt_Mm_agG _ F _ H_m0
8evh_Mm_agG _ H_m0	ARKSSRLRSTLDY	6dzt_Mm_agG _ F _ H_m0
8evh_Nn_agC _ D_m0	ARKSSRLRSTLDY	6dzt_Mm_agG _ F _ H_m0
8evi_Mm_agG _ H_m0	ARKSSRLRSTLDY	6dzt_Mm_agG _ F _ H_m0
8evi_Nn_agC _ D_m0	ARKSSRLRSTLDY	6dzt_Mm_agG _ F _ H_m0
8evj_Mm_agG _ H _ F_m0	ARKSSRLRSTLDY	6dzt_Mm_agG _ F _ H_m0
8evj_Nn_agC _ D _ B_m0	ARKSSRLRSTLDY	6dzt_Mm_agG _ F _ H_m0
8ew6_VNA_agW_m0	AAGSFWACTEPRGAMDY	8ew6_VNA_agW_m0
8eyg_ENA_agC_m0	AKEDVGKPFD	8eyg_ENA_agC_m0
8eyg_FNA_agB_m0	AKEDVGKPFD	8eyg_ENA_agC_m0
8eyh_DNA_agA_m0	AKEDVGKPFD	8eyg_ENA_agC_m0
8ez3_HL_agA_m0	ARSNSNTWRSEYFQH	8ez3_HL_agA_m0
8ez7_HL_agA_m0	ARQRSVYSTSSWNSRVFLDD	8ez7_HL_agA_m0
8ez8_HL_agA_m0	SRDKGGLRWGSGRSDVFDI	8ez8_HL_agA_m0
8ezk_Hh_agA_m0	ARGGMGTTRKGWFDP	8ezk_Hh_agA_m0
8ezk_Ii_agB_m0	ARGGMGTTRKGWFDP	8ezk_Hh_agA_m0
8ezl_Hh_agA_m0	VHRGSAPYYYDSFTSYYGSYYFDY	8ezl_Hh_agA_m0
8ezm_Hh_agA_m0	ARAAYDSRSLDY	8ezm_Hh_agA_m0
8f0g_XY_agC _ A_m0	AKAVDPTRGSDPSYYGFDI	8f0g_XY_agC _ A_m0
8f0h_BD_agC_m0	AKDSGRKLLWDERGYYMGV	8f0h_BD_agC_m0
8f0h_HL_agC_m0	ARDRGPWLHDY	8e1g_HL_agA_m0
8f0i_CD_agA_m0	ARDEGTMTTYFDY	8f0i_CD_agA_m0
8f0i_EF_agB_m0	ARDEGTMTTYFDY	8f0i_CD_agA_m0
8f0i_HI_agG_m0	ARDEGTMTTYFDY	8f0i_CD_agA_m0
8f0j_NNA_agA _ G _ B_m0	ARCPAPFTRDCSTVDFTTYAY	6oya_NNA_agA _ B_m0
8f0k_NNA_agA _ G _ B_m0	ARCPAPFTRDCSTVDFTTYAY	6oya_NNA_agA _ B_m0
8f0l_AB_agQ_m0	ARDAYGRYFYDV	8f0l_AB_agQ_m0
8f0l_HL_agP_m0	ARDAYGRYFYDV	8f0l_AB_agQ_m0
8f2a_NNA_agA _ B_m0	ARCPAPFTRDCSTVDFTTYAY	6oya_NNA_agA _ B_m0
8f2b_NNA_agA _ G _ B_m0	ARCPAPFTRDCSTVDFTTYAY	6oya_NNA_agA _ B_m0
8f2j_AB_agC_m0	ARDLSSSSGWDYYYYDYGMDV	8f2j_AB_agC_m0
8f2j_DF_agG_m0	ARDLSSSSGWDYYYYDYGMDV	8f2j_AB_agC_m0
8f2j_HL_agE_m0	ARDLSSSSGWDYYYYDYGMDV	8f2j_AB_agC_m0
8f2j_IJ_agK_m0	ARDLSSSSGWDYYYYDYGMDV	8f2j_AB_agC_m0
8f2t_AB_agNA_m0	ARGSSGAWYFDL	8f2t_AB_agNA_m0
8f2v_BA_agNA_m0	ATVRVGASDAFDI	8f2v_BA_agNA_m0
8f2v_DC_agNA_m0	ATVRVGASDAFDI	8f2v_BA_agNA_m0
8f2v_FE_agNA_m0	ATVRVGASDAFDI	8f2v_BA_agNA_m0
8f2x_HL_agA_m0	ARDGVSVTMVGIVGRPLCDY	8f2x_HL_agA_m0
8f38_DG_agB_m0	AKHMGYQRVETMDV	3gbm_HL_agB _ A_m0
8f38_EH_agA_m0	AKHMGYQRVETMDV	3gbm_HL_agB _ A_m0
8f38_FI_agC_m0	AKHMGYQRVETMDV	3gbm_HL_agB _ A_m0
8f4p_DNA_agB _ A_m0	AKEDVGKPFD	8eyg_ENA_agC_m0
8f5i_HL_agB_m0	ARDPRTSGNDDGFDM	8f5i_HL_agB_m0
8f5i_XY_agA_m0	ARDPRTSGNDDGFDM	8f5i_HL_agB_m0
8f5n_HL_agA_m0	TRGFYYGHWYFDV	8f5n_HL_agA_m0
8f60_AB_agC_m0	ARGLSNSDL	8f60_AB_agC_m0
8f6e_DC_agA_m0	ARQSYSGLSPRYSWHRGAMDY	7kzx_DC_agB_m0
8f6e_FE_agB_m0	ARQSYSGLSPRYSWHRGAMDY	7kzx_DC_agB_m0
8f6f_DC_agA_m0	ARQSYSGLSPRYSWHRGAMDY	7kzx_DC_agB_m0
8f6f_FE_agB_m0	ARQSYSGLSPRYSWHRGAMDY	7kzx_DC_agB_m0
8f6h_DC_agA_m0	ARQSYSGLSPRYSWHRGAMDY	7kzx_DC_agB_m0
8f6h_FE_agB_m0	ARQSYSGLSPRYSWHRGAMDY	7kzx_DC_agB_m0
8f6i_DC_agA_m0	ARQSYSGLSPRYSWHRGAMDY	7kzx_DC_agB_m0
8f6i_FE_agB_m0	ARQSYSGLSPRYSWHRGAMDY	7kzx_DC_agB_m0
8f6j_DC_agA_m0	ARQSYSGLSPRYSWHRGAMDY	7kzx_DC_agB_m0
8f6j_FE_agB_m0	ARQSYSGLSPRYSWHRGAMDY	7kzx_DC_agB_m0
8f6l_AB_agC_m0	ARDAGAGGQVDYLTL	8f6l_AB_agC_m0
8f6o_AB_agC_m0	ARGDYYDDYVYVYALDI	8f6o_AB_agC_m0
8f6u_ANA_agC_m0	NGASDIGALGSQASSWS	8e2n_ANA_agNA_m0
8f6u_BNA_agD_m0	NGASDIGALGSQASSWS	8e2n_ANA_agNA_m0
8f6v_ANA_agC_m0	AKAIRLTTDRAVCQTFPGVS	8f6v_ANA_agC_m0
8f6v_BNA_agD_m0	AKAIRLTTDRAVCQTFPGVS	8f6v_ANA_agC_m0
8f6x_Dd_agB_m0	ARARATGYSTISPYFDI	7sem_BC_agF_m0
8f6x_Ee_agC_m0	ARARATGYSTISPYFDI	7sem_BC_agF_m0
8f6x_Ff_agA_m0	ARARATGYSTISPYFDI	7sem_BC_agF_m0
8f76_NNA_agX _ Y _ Z_m0	ARCPAPFTRDCSTVDFTTYAY	6oya_NNA_agA _ B_m0
8f7q_Ee_agA _ B _ C_m0	VRSIYYYSGSPFDF	6crk_Hh_agA _ B _ G_m0
8f7r_Ee_agA _ B _ C_m0	VRSIYYYSGSPFDF	6crk_Hh_agA _ B _ G_m0
8f7w_Ee_agA _ B _ C_m0	VRSIYYYSGSPFDF	6crk_Hh_agA _ B _ G_m0
8f7x_Ee_agA _ B_m0	VRSIYYYSGSPFDF	6crk_Hh_agA _ B _ G_m0
8f7z_AB_agI_m0	ARDKYYGNAEVGMDV	5i8c_AB_agC_m0
8f7z_CD_agK_m0	ARDKYYGNAEVGMDV	5i8c_AB_agC_m0
8f7z_EF_agL_m0	ARDKYYGNAEVGMDV	5i8c_AB_agC_m0
8f7z_GH_agM_m0	ARDKYYGNAEVGMDV	5i8c_AB_agC_m0
8f8v_ANA_agNA_m0	SVDGGTRDAPYHYY	8f8v_ANA_agNA_m0
8f8v_BNA_agNA_m0	SVDGGTRDAPYHYY	8f8v_ANA_agNA_m0
8f8w_CNA_agB_m0	SVDGGTRDAPYHYY	8f8v_ANA_agNA_m0
8f8w_DNA_agA_m0	SVDGGTRDAPYHYY	8f8v_ANA_agNA_m0
8f8w_GNA_agF_m0	SVDGGTRDAPYHYY	8f8v_ANA_agNA_m0
8f8w_HNA_agE_m0	SVDGGTRDAPYHYY	8f8v_ANA_agNA_m0
8f8x_CNA_agB_m0	SVDGGTRDAPYHYY	8f8v_ANA_agNA_m0
8f8x_DNA_agA_m0	SVDGGTRDAPYHYY	8f8v_ANA_agNA_m0
8f92_CD_agI_m0	ATGGMSSALKSSQYYFDF	6nf5_GI_agD_m0
8f92_HL_agA_m0	ARSAISIFGVVVYYYEGLNGMDV	8f92_HL_agA_m0
8f92_JM_agB_m0	ATGGMSSALKSSQYYFDF	6nf5_GI_agD_m0
8f92_KN_agG_m0	ATGGMSSALKSSQYYFDF	6nf5_GI_agD_m0
8f92_OQ_agE_m0	ARSAISIFGVVVYYYEGLNGMDV	8f92_HL_agA_m0
8f92_PR_agF_m0	ARSAISIFGVVVYYYEGLNGMDV	8f92_HL_agA_m0
8f95_AB_agC_m0	AKAYRTSLKKDYGMDV	8f95_AB_agC_m0
8f95_HL_agP_m0	AKAYRTSLKKDYGMDV	8f95_AB_agC_m0
8f9e_AB_agC_m0	AKAYRTSLKKDYGMDV	8f95_AB_agC_m0
8f9e_HL_agP_m0	AKAYRTSLKKDYGMDV	8f95_AB_agC_m0
8f9f_AB_agC_m0	AKAYRTSLKKDYGMDV	8f95_AB_agC_m0
8f9f_HL_agP_m0	AKAYRTSLKKDYGMDV	8f95_AB_agC_m0
8f9m_CD_agG _ A_m0	ATGGMSSALKSSQYYFDF	6nf5_GI_agD_m0
8f9m_JM_agI _ E_m0	ATGGMSSALKSSQYYFDF	6nf5_GI_agD_m0
8f9m_KN_agB _ F_m0	ATGGMSSALKSSQYYFDF	6nf5_GI_agD_m0
8f9s_AB_agC_m0	AKAYRTSLKKDYGMDV	8f95_AB_agC_m0
8f9s_HL_agP_m0	AKAYRTSLKKDYGMDV	8f95_AB_agC_m0
8f9t_AB_agC_m0	AKAYRTSLKKDYGMDV	8f95_AB_agC_m0
8f9t_HL_agP_m0	AKAYRTSLKKDYGMDV	8f95_AB_agC_m0
8f9u_AB_agP_m0	VRAGDWKAKDYTMDV	8f9u_AB_agP_m0
8f9v_AB_agM_m0	AKAWYKIDKDYSMDV	8f9v_AB_agM_m0
8f9v_CD_agN_m0	AKAWYKIDKDYSMDV	8f9v_AB_agM_m0
8f9v_EF_agO_m0	AKAWYKIDKDYSMDV	8f9v_AB_agM_m0
8f9v_GH_agP_m0	AKAWYKIDKDYSMDV	8f9v_AB_agM_m0
8f9w_AB_agO_m0	AKAWYKIDKDYSMDV	8f9v_AB_agM_m0
8f9w_CD_agP_m0	AKAWYKIDKDYSMDV	8f9v_AB_agM_m0
8f9w_EF_agQ_m0	AKAWYKIDKDYSMDV	8f9v_AB_agM_m0
8f9w_GH_agR_m0	AKAWYKIDKDYSMDV	8f9v_AB_agM_m0
8fa6_AB_agQ_m0	VRAYFDSENYDYLYGMDV	8fb8_HL_agP_m0
8fa6_HL_agP_m0	VRAYFDSENYDYLYGMDV	8fb8_HL_agP_m0
8fa7_HL_agP_m0	ARARKGQRSDYSTESGYYTFDN	8fb5_AB_agO_m0
8fa8_HL_agP_m0	ARARKGQRSDYSTESGYYTFDN	8fb5_AB_agO_m0
8fa9_HL_agP_m0	ARSYGSLTGKTEDYGMDV	8fa9_HL_agP_m0
8fab_BA_ag_m0	ARDPDILATFSFDY	8fab_BA_ag_m0
8fab_DC_ag_m0	ARDPDILATFSFDY	8fab_BA_ag_m0
8fah_HL_agA_m0	AGGSGISTPMDV	9cps_HL_agA_m0
8fan_AB_agP_m0	ARSFYSDSGASLFDY	8fan_AB_agP_m0
8fan_CD_agQ_m0	ARSFYSDSGASLFDY	8fan_AB_agP_m0
8fan_EF_agR_m0	ARSFYSDSGASLFDY	8fan_AB_agP_m0
8fas_AB_agC_m0	ARAASSFGSGFDY	8fas_AB_agC_m0
8fat_AB_agE_m0	AKIGSSSFDY	8fat_AB_agE_m0
8fat_CD_agF_m0	AKIGSSSFDY	8fat_AB_agE_m0
8fax_AB_agL_m0	ARMDSSGSYDH	8fax_AB_agL_m0
8fb5_AB_agO_m0	ARARKGQRSDYKTESGYYTFDN	8fb5_AB_agO_m0
8fb5_CD_agI_m0	ARARKGQRSDYKTESGYYTFDN	8fb5_AB_agO_m0
8fb5_EF_agJ_m0	ARARKGQRSDYKTESGYYTFDN	8fb5_AB_agO_m0
8fb5_GH_agK_m0	ARARKGQRSDYKTESGYYTFDN	8fb5_AB_agO_m0
8fb6_AB_agP_m0	VRAYFDSENYDYLYGMDV	8fb8_HL_agP_m0
8fb7_AB_agQ_m0	VRAYFDSENYDYLYGMDV	8fb8_HL_agP_m0
8fb7_HL_agP_m0	VRAYFDSENYDYLYGMDV	8fb8_HL_agP_m0
8fb8_HL_agP_m0	VRAYFDSENKDYLYGMDV	8fb8_HL_agP_m0
8fba_AB_agP_m0	VRPGIAAAGYNSYAMDV	8fba_AB_agP_m0
8fba_CD_agQ_m0	VRPGIAAAGYNSYAMDV	8fba_AB_agP_m0
8fbw_AB_agF_m0	AKDATPYYYSGGNGVYWYYSFDY	8fbw_AB_agF_m0
8fbw_CD_agE_m0	AKDATPYYYSGGNGVYWYYSFDY	8fbw_AB_agF_m0
8fcz_CNA_agA_m0	TRGYGTMTI	8fcz_CNA_agA_m0
8fcz_DNA_agB_m0	TRGYGTMTI	8fcz_CNA_agA_m0
8fd0_CNA_agA_m0	TRGYGTMTI	8fcz_CNA_agA_m0
8fd0_DNA_agB_m0	TRGYGTMTI	8fcz_CNA_agA_m0
8fd1_CNA_agA_m0	TRGYGTMTI	8fcz_CNA_agA_m0
8fd1_DNA_agB_m0	TRGYGTMTI	8fcz_CNA_agA_m0
8fdc_AB_agP_m0	ARDFFVSGYSNYFDP	8fdc_AB_agP_m0
8fdd_AB_agP_m0	VRAYSGSLKDYYGMDV	8fdd_AB_agP_m0
8fdo_AB_agC_m0	AKENRDRNYDSWSYYDSYSAYGMDV	7tow_AB_agD_m0
8fe3_HL_agB_m0	ARSPMYFYSGDYYFDY	8fe3_HL_agB_m0
8fe3_MN_agD_m0	ARSPMYFYYSGDYYFDY	8fe3_MN_agD_m0
8fe3_OP_agF_m0	ARSPMYFYSGDYYFDY	8fe3_HL_agB_m0
8fe4_HL_agB_m0	ARGLWDAWLSY	8fe4_HL_agB_m0
8fe4_MN_agD_m0	ARGLWDAWLSY	8fe4_HL_agB_m0
8fe4_OP_agF_m0	ARGLWDAWLSY	8fe4_HL_agB_m0
8feg_Ff_agC _ D_m0	VRSIYYYSGSPFDF	6crk_Hh_agA _ B _ G_m0
8ffe_HL_agA_m0	ARGSGHVNAVGYNKYVMDY	3sob_HL_agB_m0
8fg0_AB_agQ_m0	ALGYSSGQGTLDN	8fg0_AB_agQ_m0
8fg0_CD_agP_m0	ALGYSSGQGTLDN	8fg0_AB_agQ_m0
8fgx_BA_agC_m0	AGSLMVTGTAPFDY	8fgx_BA_agC_m0
8fhy_CB_agA_m0	ARQPPRFDV	8fhy_CB_agA_m0
8fhy_FE_agD_m0	ARQPPRFDV	8fhy_CB_agA_m0
8fhy_HL_agI_m0	ARQPPRFDV	8fhy_CB_agA_m0
8fi9_GF_agC_m0	ARERDQLVVYFDH	8fi9_GF_agC_m0
8fi9_HL_agA_m0	ARERDQLVVYFDH	8fi9_GF_agC_m0
8fi9_JI_agO_m0	ARERDQLVVYFDH	8fi9_GF_agC_m0
8fi9_QN_agK_m0	ARERDQLVVYFDH	8fi9_GF_agC_m0
8fif_ANA_agD_m0	YGSLLETGFTQYREY	8fif_ANA_agD_m0
8fif_BNA_agF_m0	YGSLLETGFTQYREY	8fif_ANA_agD_m0
8fif_CNA_agG_m0	YGSLLETGFTQYREY	8fif_ANA_agD_m0
8fja_ED_agA _ C_m0	AKDWRRTYNYGMDV	8fja_ED_agA _ C_m0
8fjb_ED_agA _ C_m0	AREGVTDGMDV	8fjb_ED_agA _ C_m0
8fk5_HL_agI _ G _ C_m0	VREAGGPDYRNGYYYNYYGDYFDHYMDV	3u2s_AB_agC_m0
8fl1_HL_agI _ G _ C_m0	VREAGGPDYRNGYNYNYYGDDFDHYMDV	3u2s_AB_agC_m0
8flq_NNA_agA _ G _ B_m0	ARCPAPFTRDCSTVDFTTYAY	6oya_NNA_agA _ B_m0
8flr_NNA_agA _ G _ B_m0	ARCPAPFTRDCSTVDFTTYAY	6oya_NNA_agA _ B_m0
8fls_NNA_agA _ B_m0	ARCPAPFTRDCSTVDFTTYAY	6oya_NNA_agA _ B_m0
8flt_NNA_agA _ B_m0	ARCPAPFTRDCSTVDFTTYAY	6oya_NNA_agA _ B_m0
8flu_NNA_agA _ B_m0	ARCPAPFTRDCSTVDFTTYAY	6oya_NNA_agA _ B_m0
8flw_HL_agI _ G _ C_m0	LTGSKHRLRDYFLNEGLYDGWEEYDPATLDV	9d3d_HL_agC _ B _ A_m0
8fmz_Ee_agB _ C_m0	VRSIYYYSGSPFDF	6crk_Hh_agA _ B _ G_m0
8fn0_Ee_agB _ C_m0	VRSIYYYSGSPFDF	6crk_Hh_agA _ B _ G_m0
8fn1_Ee_agB _ C_m0	VRSIYYYSGSPFDF	6crk_Hh_agA _ B _ G_m0
8foi_HL_agA_m0	ARKRNNFYFDY	8foi_HL_agA_m0
8foi_JK_agC_m0	ARKRNNFYFDY	8foi_HL_agA_m0
8fq7_ANA_agNA_m0	ARGGGSVWIWY	8fq7_ANA_agNA_m0
8fr6_DE_agA _ C_m0	SRLQLFGYFDV	8fr6_DE_agA _ C_m0
8fr6_HL_agB _ G_m0	SRLQLFGYFDV	8fr6_DE_agA _ C_m0
8fr6_JK_agF _ I_m0	SRLQLFGYFDV	8fr6_DE_agA _ C_m0
8fsj_CB_agE_m0	ARHVPVPISGTFLWFDHMERERGYFDD	8fsj_CB_agE_m0
8fsj_HL_agE_m0	ARDLLKYCGGSHCNGLLVDP	6mee_AB_ag_m0
8fsl_ANA_agE_m0	TRHWAVGN	8fsl_ANA_agE_m0
8fsl_BNA_agF_m0	TRHWAVGN	8fsl_ANA_agE_m0
8fsl_CNA_agE_m0	TRHWAVGN	8fsl_ANA_agE_m0
8fsl_DNA_agF_m0	TRHWAVGN	8fsl_ANA_agE_m0
8ftg_ANA_agB_m0	TATRAYSVGYDY	6qtl_ANA_agA_m0
8ftg_BNA_agB_m0	TATRAYSVGYDY	6qtl_ANA_agA_m0
8ftg_CNA_agD_m0	TATRAYSVGYDY	6qtl_ANA_agA_m0
8ftg_DNA_agD_m0	TATRAYSVGYDY	6qtl_ANA_agA_m0
8ftg_ENA_agF_m0	TATRAYSVGYDY	6qtl_ANA_agA_m0
8ftg_FNA_agF_m0	TATRAYSVGYDY	6qtl_ANA_agA_m0
8ftg_GNA_agG_m0	TATRAYSVGYDY	6qtl_ANA_agA_m0
8ftg_HNA_agG_m0	TATRAYSVGYDY	6qtl_ANA_agA_m0
8ftt_ANA_agNA_m0	AWQEIMYEGAYWRY	8ftt_ANA_agNA_m0
8ftt_BNA_agNA_m0	AWQEIMYEGAYWRY	8ftt_ANA_agNA_m0
8ftt_CNA_agNA_m0	AWQEIMYEGAYWRY	8ftt_ANA_agNA_m0
8ftt_DNA_agNA_m0	AWQEIMYEGAYWRY	8ftt_ANA_agNA_m0
8fu6_NNA_agA _ B_m0	ARCPAPFTRDCSTVDFTTYAY	6oya_NNA_agA _ B_m0
8fwf_HL_agNA_m0	ARAPYYYGYSSYYFDV	8fwf_HL_agNA_m0
8fwh_HL_agNA_m0	ARNYRWFGAMDH	6wkm_HL_agNA_m0
8fx5_Hh_agA _ B_m0	VRSIYYYSGSPFDF	6crk_Hh_agA _ B _ G_m0
8fxb_HL_agE_m0	ARDYTRGAWFILSEGGGFDN	6wps_CD_agB_m0
8fxc_HL_agE_m0	ARDYTRGAWFILSEGGGFDN	6wps_CD_agB_m0
8fxj_HL_agNA_m0	TRSRGYFNGYYFDY	8fxj_HL_agNA_m0
8fxs_DNA_agA_m0	AAQNRDGWYFYY	8fxs_DNA_agA_m0
8fxs_ENA_agB_m0	AAQNRDGWYFYY	8fxs_DNA_agA_m0
8fxv_BNA_agA_m0	AAQSEGYWFGY	8fxv_BNA_agA_m0
8fym_BA_agC_m0	ARAPYYYGYSSYYFDV	8fwf_HL_agNA_m0
8fym_ED_agF_m0	ARAPYYYGYSSYYFDV	8fwf_HL_agNA_m0
8fym_HL_agP_m0	ARAPYYYGYSSYYFDV	8fwf_HL_agNA_m0
8fym_IG_agJ_m0	ARAPYYYGYSSYYFDV	8fwf_HL_agNA_m0
8fz2_HL_agP_m0	TRSRGYFNGYYFDY	8fxj_HL_agNA_m0
8fzo_AB_agNA_m0	ARRGFYFDY	7kpj_AB_agE_m0
8fzp_AB_agNA_m0	TRGTGRIEY	8fzp_AB_agNA_m0
8g05_Ee_agA _ G _ B_m0	VRSIYYYSGSPFDF	6crk_Hh_agA _ B _ G_m0
8g0i_DNA_agA_m0	NAKKVSFGDY	8g0i_DNA_agA_m0
8g0w_CNA_agA_m0	NLKRRDLSQRFGGY	8g0w_CNA_agA_m0
8g0w_DNA_agB_m0	NLKRRDLSQRFGGY	8g0w_CNA_agA_m0
8g0w_GNA_agE_m0	NLKRRDLSQRFGGY	8g0w_CNA_agA_m0
8g0w_HNA_agF_m0	NLKRRDLSQRFGGY	8g0w_CNA_agA_m0
8g19_HL_agNA_m0	ARGVSALVSVYYYDYYMDV	8g19_HL_agNA_m0
8g1b_AB_agNA_m0	ARDRRDLLGTSLGDY	8g1b_AB_agNA_m0
8g1b_CD_agNA_m0	ARDRRDLLGTSLGDY	8g1b_AB_agNA_m0
8g1c_AB_agNA_m0	VKGQFLEYWNWFDP	8g1c_AB_agNA_m0
8g1c_CD_agNA_m0	VKGQFLEYWNWFDP	8g1c_AB_agNA_m0
8g2m_HL_agF_m0	ARRAMDNYGFAY	8g2m_HL_agF_m0
8g2o_HL_agL_m0	ARHYYGSEDYFDY	8g2o_HL_agL_m0
8g2y_NNA_agA _ B_m0	ARCPAPFTRDCSTVDFTTYAY	6oya_NNA_agA _ B_m0
8g30_EF_agM_m0	ATAVSDYFNRDDEWGLYYFPF	8g30_EF_agM_m0
8g30_GI_agN_m0	ATAVSDYFNRDDEWGLYYFPF	8g30_EF_agM_m0
8g30_HL_agO_m0	ATAVSDYFNRDDEWGLYYFPF	8g30_EF_agM_m0
8g30_JK_agP_m0	ATAVSDYFNRDDEWGLYYFPF	8g30_EF_agM_m0
8g3m_AD_agJ_m0	ARAGSDYFNRDNEWGLYYFAS	8g3m_AD_agJ_m0
8g3m_CI_agL_m0	ARAGSDYFNRDNEWGLYYFAS	8g3m_AD_agJ_m0
8g3m_EF_agG_m0	ARAGSDYFNRDNEWGLYYFAS	8g3m_AD_agJ_m0
8g3n_AD_agJ_m0	ARAGSDYFNRDNEWGLYYFAS	8g3m_AD_agJ_m0
8g3n_BH_agK_m0	ARAGSDYFNRDNEWGLYYFAS	8g3m_AD_agJ_m0
8g3n_CI_agL_m0	ARAGSDYFNRDNEWGLYYFAS	8g3m_AD_agJ_m0
8g3n_EF_agG_m0	ARAGSDYFNRDNEWGLYYFAS	8g3m_AD_agJ_m0
8g3o_AD_agG_m0	ARAGSDYFNRDNEWGLYYFAS	8g3m_AD_agJ_m0
8g3o_CI_agB_m0	ARAGSDYFNRDNEWGLYYFAS	8g3m_AD_agJ_m0
8g3o_EF_agH_m0	ARAGSDYFNRDNEWGLYYFAS	8g3m_AD_agJ_m0
8g3p_CI_agB_m0	ARAGSDYFNRDNEWGLYYFAS	8g3m_AD_agJ_m0
8g3p_FJ_agA_m0	ARAGSDYFNRDNEWGLYYFAS	8g3m_AD_agJ_m0
8g3p_GK_agD_m0	ARAGSDYFNRDNEWGLYYFAS	8g3m_AD_agJ_m0
8g3p_HL_agE_m0	ARAGSDYFNRDNEWGLYYFAS	8g3m_AD_agJ_m0
8g3q_AL_agF_m0	ARARSDYFNRDDEWGLYYFEN	8g3q_AL_agF_m0
8g3q_CB_agG_m0	ARARSDYFNRDDEWGLYYFEN	8g3q_AL_agF_m0
8g3q_ID_agE_m0	ARARSDYFNRDDEWGLYYFEN	8g3q_AL_agF_m0
8g3r_CB_agG_m0	ARARSDYFNRDDEWGLYYFEN	8g3q_AL_agF_m0
8g3v_AL_agG_m0	ATAVSDYFNRDDEWGLYYFPF	8g30_EF_agM_m0
8g3v_BM_agH_m0	ATAVSDYFNRDDEWGLYYFPF	8g30_EF_agM_m0
8g3v_CN_agI_m0	ATAVSDYFNRDDEWGLYYFPF	8g30_EF_agM_m0
8g3v_DO_agJ_m0	ATAVSDYFNRDDEWGLYYFPF	8g30_EF_agM_m0
8g3z_EF_agD_m0	ARARSDYFNRDDEWGLYYFEN	8g3q_AL_agF_m0
8g3z_GI_agA_m0	ARARSDYFNRDDEWGLYYFEN	8g3q_AL_agF_m0
8g3z_HL_agC_m0	ARARSDYFNRDDEWGLYYFEN	8g3q_AL_agF_m0
8g3z_JK_agB_m0	ARARSDYFNRDDEWGLYYFEN	8g3q_AL_agF_m0
8g40_AL_agG_m0	ATAVSDYFNRDDEWGLYYFPF	8g30_EF_agM_m0
8g40_BM_agH_m0	ATAVSDYFNRDDEWGLYYFPF	8g30_EF_agM_m0
8g40_CN_agI_m0	ATAVSDYFNRDDEWGLYYFPF	8g30_EF_agM_m0
8g4m_DE_agA _ C_m0	VKQAAYCTRCSTYYFDY	8g4m_DE_agA _ C_m0
8g4m_HL_agF _ I_m0	VKQAAYCTRCSTYYFDY	8g4m_DE_agA _ C_m0
8g4m_JK_agB _ G_m0	VKQAAYCTRCSTYYFDY	8g4m_DE_agA _ C_m0
8g4n_HL_agA_m0	ARKRNNFYFDY	8foi_HL_agA_m0
8g4n_JK_agC_m0	ARKRNNFYFDY	8foi_HL_agA_m0
8g4o_HL_agA_m0	ARKRNNFYFDY	8foi_HL_agA_m0
8g4o_JK_agC_m0	ARKRNNFYFDY	8foi_HL_agA_m0
8g4p_AB_agE_m0	VRDRRGRSHDYWNSWYFDL	8g4p_AB_agE_m0
8g4p_CD_agE_m0	AKATAPAGKYYYYGMDV	8db4_AB_agE_m0
8g4t_DE_agA _ C_m0	ARVTGDYNWYFDL	8g4t_DE_agA _ C_m0
8g4t_HL_agF _ I_m0	ARVTGDYNWYFDL	8g4t_DE_agA _ C_m0
8g4t_JK_agB _ G_m0	ARVTGDYNWYFDL	8g4t_DE_agA _ C_m0
8g4x_HL_agA_m0	ARKRNNFYFDY	8foi_HL_agA_m0
8g59_Ss_agA _ B_m0	VRSIYYYSGSPFDF	6crk_Hh_agA _ B _ G_m0
8g5a_HL_agA_m0	ARSGAQATFAMDY	8g5a_HL_agA_m0
8g5a_IM_agB_m0	ARSGAQATFAMDY	8g5a_HL_agA_m0
8g5a_JN_agC_m0	ARSGAQATFAMDY	8g5a_HL_agA_m0
8g5b_HL_agA_m0	ARNYGSSYGYFDV	8g5b_HL_agA_m0
8g5b_IM_agA_m0	ARSGAQATFAMDY	8g5a_HL_agA_m0
8g5b_JN_agA_m0	ARGGVENLMLVMEQIVAWYFDL	6e4x_ZY_agB_m0
8g5f_JK_agC_m0	ARKRNNFYFDY	8foi_HL_agA_m0
8g5g_HL_agA_m0	ARKRNNFYFDY	8foi_HL_agA_m0
8g5h_JK_agC_m0	ARKRNNFYFDY	8foi_HL_agA_m0
8g6i_CB_agA_m0	AKDLIESNIAEAF	8g6i_CB_agA_m0
8g6u_CD_agB_m0	TTTSTYDRWSGVGDHHLMAFSS	5cjx_AC_agJ _ K_m0
8g6u_GH_agF_m0	TTTSTYDRWSGVGDHHLMAFSS	5cjx_AC_agJ _ K_m0
8g6u_KL_agJ_m0	TTTSTYDRWSGVGDHHLMAFSS	5cjx_AC_agJ _ K_m0
8g6u_MN_agA_m0	ATARRGQRIYGVVYYFFEGFSYSMDV	4r26_HL_ag_m0
8g6u_OP_agE_m0	ATARRGQRIYGVVYYFFEGFSYSMDV	4r26_HL_ag_m0
8g6u_QR_agI_m0	ATARRGQRIYGVVYYFFEGFSYSMDV	4r26_HL_ag_m0
8g70_ENA_agA_m0	HARTWTSY	8g70_ENA_agA_m0
8g70_FNA_agD_m0	HLQVPFLGGGYDY	8g70_FNA_agD_m0
8g70_GNA_agB_m0	HLQVPFLGGGYDY	8g70_FNA_agD_m0
8g70_HNA_agB_m0	HARTWTSY	8g70_ENA_agA_m0
8g70_INA_agD_m0	HARTWTSY	8g70_ENA_agA_m0
8g70_KNA_agA_m0	HLQVPFLGGGYDY	8g70_FNA_agD_m0
8g70_MNA_agB_m0	YAVDKSQDY	8g70_MNA_agB_m0
8g70_NNA_agD_m0	AAWEASRWYCSFQLPADFSS	8g70_NNA_agD_m0
8g70_ONA_agA_m0	YAVDKSQDY	8g70_MNA_agB_m0
8g72_ANA_agB_m0	AAHNEPYFCDYWRFRGSNEYSY	8g72_ANA_agB_m0
8g73_CNA_agB_m0	YAVDKSQDY	8g70_MNA_agB_m0
8g73_ENA_agB_m0	YAVDKSQDY	8g70_MNA_agB_m0
8g73_FNA_agD_m0	YAVDKSQDY	8g70_MNA_agB_m0
8g74_CNA_agB_m0	YAVDKSQDY	8g70_MNA_agB_m0
8g74_ENA_agA_m0	YAVDKSQDY	8g70_MNA_agB_m0
8g75_ENA_agA_m0	AAWEASRWYCSFQLPADFSS	8g70_NNA_agD_m0
8g75_FNA_agB_m0	AAWEASRWYCSFQLPADFSS	8g70_NNA_agD_m0
8g75_GNA_agD_m0	AAWEASRWYCSFQLPADFSS	8g70_NNA_agD_m0
8g76_ENA_agA_m0	HARTWTSY	8g70_ENA_agA_m0
8g76_HNA_agB_m0	HARTWTSY	8g70_ENA_agA_m0
8g76_INA_agD_m0	HARTWTSY	8g70_ENA_agA_m0
8g77_FNA_agD_m0	HLQVPFLGGGYDY	8g70_FNA_agD_m0
8g77_GNA_agB_m0	HLQVPFLGGGYDY	8g70_FNA_agD_m0
8g77_KNA_agA_m0	HLQVPFLGGGYDY	8g70_FNA_agD_m0
8g78_ENA_agA_m0	HLQVPFLGGGYDY	8g70_FNA_agD_m0
8g78_FNA_agD_m0	HLQVPFLGGGYDY	8g70_FNA_agD_m0
8g78_GNA_agB_m0	HLQVPFLGGGYDY	8g70_FNA_agD_m0
8g78_HNA_agB_m0	HARTWTSY	8g70_ENA_agA_m0
8g78_INA_agD_m0	HARTWTSY	8g70_ENA_agA_m0
8g78_JNA_agA_m0	HARTWTSY	8g70_ENA_agA_m0
8g79_MNA_agB_m0	YAVDKSQDY	8g70_MNA_agB_m0
8g79_NNA_agD_m0	AAWEASRWYCSFQLPADFSS	8g70_NNA_agD_m0
8g79_ONA_agA_m0	YAVDKSQDY	8g70_MNA_agB_m0
8g7a_CNA_agB_m0	YAVDKSQDY	8g70_MNA_agB_m0
8g7a_ENA_agA_m0	YAVDKSQDY	8g70_MNA_agB_m0
8g7a_FNA_agD_m0	YAVDKSQDY	8g70_MNA_agB_m0
8g7b_CNA_agB_m0	YAVDKSQDY	8g70_MNA_agB_m0
8g7b_ENA_agA_m0	YAVDKSQDY	8g70_MNA_agB_m0
8g7c_ENA_agA_m0	AAWEASRWYCSFQLPADFSS	8g70_NNA_agD_m0
8g7c_FNA_agB_m0	AAWEASRWYCSFQLPADFSS	8g70_NNA_agD_m0
8g7c_GNA_agD_m0	AAWEASRWYCSFQLPADFSS	8g70_NNA_agD_m0
8g85_AC_agE _ D_m0	SREGNNRSY	8g85_AC_agE _ D_m0
8g85_FI_agB _ G_m0	SREGNNRSY	8g85_AC_agE _ D_m0
8g85_HL_agK _ J_m0	SREGNNRSY	8g85_AC_agE _ D_m0
8g8a_AB_agC_m0	ARLRRGGYNNYYMDV	8g8a_AB_agC_m0
8g8a_HL_agP_m0	ARLRRGGYNNYYMDV	8g8a_AB_agC_m0
8g8c_AB_agP_m0	ARVRFHGSGSFPYFDAPQYYMDV	8g8c_AB_agP_m0
8g8c_HL_agC_m0	ARVRFHGSGSFPYFDAPQYYMDV	8g8c_AB_agP_m0
8g8d_AB_agC_m0	ARFRVAPAAQYFYGRYYMDV	8g8d_AB_agC_m0
8g8d_HL_agP_m0	ARFRVAPAAQYFYGRYYMDV	8g8d_AB_agC_m0
8g8n_AB_agC_m0	ARRAMDNYGFAY	8g2m_HL_agF_m0
8g8n_DE_agF_m0	ARRAMDNYGFAY	8g2m_HL_agF_m0
8g8n_GI_agJ_m0	ARRAMDNYGFAY	8g2m_HL_agF_m0
8g8n_HL_agP_m0	ARRAMDNYGFAY	8g2m_HL_agF_m0
8g8n_KM_agZ_m0	ARRAMDNYGFAY	8g2m_HL_agF_m0
8g8n_OQ_agR_m0	ARRAMDNYGFAY	8g2m_HL_agF_m0
8g8w_BNA_agA_m0	AARDGGYGSPWRDEYTY	8g8w_BNA_agA_m0
8g8w_CNA_agA_m0	AAARPGLFIFVTRAYDSAKYDY	8g8w_CNA_agA_m0
8g94_Ee_agB _ C_m0	VRSIYYYSGSPFDF	6crk_Hh_agA _ B _ G_m0
8g9w_HL_agO _ E_m0	ARHGEGKGYSNFAY	6x7w_AC_agD_m0
8g9x_HL_agO _ B_m0	ARHGEGKGYSNFAY	6x7w_AC_agD_m0
8g9y_HL_agD _ O _ E_m0	ARHGEGKGYSNFAY	6x7w_AC_agD_m0
8gag_Ss_agA _ C _ B_m0	VRSIYYYSGSPFDF	6crk_Hh_agA _ B _ G_m0
8gas_CA_agE _ D_m0	TRGGTTFVEAPWLAY	6x78_BA_agI_m0
8gas_HL_agB _ G_m0	TRGGTTFVEAPWLAY	6x78_BA_agI_m0
8gas_IF_agK _ J_m0	TRGGTTFVEAPWLAY	6x78_BA_agI_m0
8gat_MN_agA_m0	ARTSSWGDYTRGTIKPEPWYFDL	6q23_EF_agC_m0
8gau_HL_agA_m0	AGLPIDYDTVYGLHYPMDV	8gau_HL_agA_m0
8gau_MN_agA_m0	ARTSSWGDYTRGTIKPEPWYFDL	6q23_EF_agC_m0
8gav_HL_agA_m0	ARGDPHYIGWTYLDS	8gav_HL_agA_m0
8gb5_BC_agA_m0	TRDRGILEWLAEIIGWFDV	8gb5_BC_agA_m0
8gb5_FE_agD_m0	TRDRGILEWLAEIIGWFDV	8gb5_BC_agA_m0
8gb5_IH_agG_m0	TRDRGILEWLAEIIGWFDV	8gb5_BC_agA_m0
8gb5_LK_agJ_m0	TRDRGILEWLAEIIGWFDV	8gb5_BC_agA_m0
8gb6_HL_agA_m0	ALGASGTRDDWFDV	8gb6_HL_agA_m0
8gb7_HL_agA_m0	TRYNWNNVRYALDS	8gb7_HL_agA_m0
8gb8_HL_agE_m0	TRYNWNNVRYALDS	8gb7_HL_agA_m0
8gbv_AB_agNA_m0	ARGRRSRQWIGNGPPLEYGLDV	8gbx_HL_agNA_m0
8gbv_HL_agNA_m0	ARGRRSRQWIGNGPPLEYGLDV	8gbx_HL_agNA_m0
8gbw_HL_agNA_m0	ARGRRSRQWIGNGPPLDHGLDV	8gbx_HL_agNA_m0
8gbx_HL_agNA_m0	ARGRRSRQWIGNGPPLDQGLDV	8gbx_HL_agNA_m0
8gby_HL_agNA_m0	ARGRRAVRWNAAWYGFDV	8gby_HL_agNA_m0
8gbz_HL_agNA_m0	ARGRRAIVENAPPYGFDV	8gbz_HL_agNA_m0
8gc0_HL_agNA_m0	VRGRRATQWWANAPPEVYGFDV	8gc0_HL_agNA_m0
8gc1_HL_agNA_m0	ARGRGMDV	8gc1_HL_agNA_m0
8gcm_Ee_agA _ B_m0	VRSIYYYSGSPFDF	6crk_Hh_agA _ B _ G_m0
8gcp_Ee_agA _ B_m0	VRSIYYYSGSPFDF	6crk_Hh_agA _ B _ G_m0
8gd9_NNA_agA _ B_m0	ARCPAPFTRDCSTVDFTTYAY	6oya_NNA_agA _ B_m0
8gda_NNA_agA _ B_m0	ARCPAPFTRDCSTVDFTTYAY	6oya_NNA_agA _ B_m0
8gdb_NNA_agA _ B_m0	ARCPAPFTRDCSTVDFTTYAY	6oya_NNA_agA _ B_m0
8gdo_HL_agNA_m0	ARADRQDFDH	8gdo_HL_agNA_m0
8gdr_CD_agF_m0	AQHTVPTIFDY	8gdr_CD_agF_m0
8gdr_HJ_agE _ A_m0	AQHTVPTIFDY	8gdr_CD_agF_m0
8gf2_CD_agA_m0	ARDFGDFYFDY	7d0c_GF_agC_m0
8gf2_EF_agB_m0	ARDFGDFYFDY	7d0c_GF_agC_m0
8gf2_HL_agA_m0	AGGGGISTPMDV	8gf2_HL_agA_m0
8gf2_XY_agB_m0	AGGGGISTPMDV	8gf2_HL_agA_m0
8gh4_HL_agE_m0	ARDFYDSKIFDY	8gh4_HL_agE_m0
8ghk_HL_agC_m0	VREGGHYGYYYFDF	8ghk_HL_agC_m0
8ghk_MN_agB_m0	VREGGHYGYYYFDF	8ghk_HL_agC_m0
8gho_AB_agC_m0	TRTITTTEYGWFFDV	8gho_AB_agC_m0
8gho_HL_agG_m0	TRTITTTEYGWFFDV	8gho_AB_agC_m0
8ghp_HL_agA_m0	TRTITTTEYGWFFDV	8gho_AB_agC_m0
8ghr_CNA_agA_m0	ARFAYPWYDAVDALDY	8ghr_CNA_agA_m0
8ghr_DNA_agB_m0	ARFAYPWYDAVDALDY	8ghr_CNA_agA_m0
8ghv_Ss_agA _ B_m0	VRSIYYYSGSPFDF	6crk_Hh_agA _ B _ G_m0
8gje_GJ_agC_m0	ARQRSDYWDFDV	4jpv_HL_agG_m0
8gje_HL_agA_m0	ARQRSDYWDFDV	4jpv_HL_agG_m0
8gje_IK_agD_m0	ARQRSDYWDFDV	4jpv_HL_agG_m0
8gjm_DE_agA_m0	TRDRYDGRVVDF	8gjm_DE_agA_m0
8gjn_AB_agC_m0	TRDRYDGRVVDF	8gjm_DE_agA_m0
8gjr_ANA_agC_m0	NAKILLVASTDDY	8gjr_ANA_agC_m0
8gkj_AB_agNA_m0	ARSGYDYDYIPYALDY	8gkj_AB_agNA_m0
8gkj_CD_agNA_m0	ARSGYDYDYIPYALDY	8gkj_AB_agNA_m0
8gkk_HL_agNA_m0	ARSGYDYDYIPYALDY	8gkj_AB_agNA_m0
8gkl_HL_agE_m0	ARSGYDYDYIPYALDY	8gkj_AB_agNA_m0
8gng_HL_agA_m0	AREGNYYDGVSGRYFDY	3vg9_CB_agA_m0
8gng_ZY_agX_m0	AREGNYYDGVSGRYFDY	3vg9_CB_agA_m0
8gnh_HL_agB_m0	ARGQGYGRLVLWFGE	8gnh_HL_agB_m0
8gni_CNA_agA_m0	NANVET	8gni_CNA_agA_m0
8gnj_CNA_agA_m0	NANVET	8gni_CNA_agA_m0
8gnk_HL_agA_m0	ARGEVRQRGFDY	4m48_HL_agA_m0
8go8_HL_agA _ V_m0	ARSRQFWYSGLDY	4jqi_HL_agA _ V_m0
8go8_IM_agB _ U_m0	ARSRQFWYSGLDY	4jqi_HL_agA _ V_m0
8go9_BC_agF _ H_m0	ARSRQFWYSGLDY	4jqi_HL_agA _ V_m0
8go9_DE_agA _ G_m0	ARSRQFWYSGLDY	4jqi_HL_agA _ V_m0
8goc_DE_agA _ G_m0	ARSRQFWYSGLDY	4jqi_HL_agA _ V_m0
8goc_HL_agB _ U_m0	ARSRQFWYSGLDY	4jqi_HL_agA _ V_m0
8goc_MN_agC _ V_m0	ARSRQFWYSGLDY	4jqi_HL_agA _ V_m0
8goo_DE_agA _ G_m0	ARSRQFWYSGLDY	4jqi_HL_agA _ V_m0
8goo_HL_agB _ U_m0	ARSRQFWYSGLDY	4jqi_HL_agA _ V_m0
8goo_MN_agC _ V_m0	ARSRQFWYSGLDY	4jqi_HL_agA _ V_m0
8gou_HK_agC_m0	ANGVATADWYFDL	8gou_HK_agC_m0
8gou_IJ_agA_m0	ANGVATADWYFDL	8gou_HK_agC_m0
8gp3_HL_agA _ V_m0	ARSRQFWYSGLDY	4jqi_HL_agA _ V_m0
8gp3_IM_agB _ U_m0	ARSRQFWYSGLDY	4jqi_HL_agA _ V_m0
8gp5_EF_agX_m0	ARWRLMMVDRTVEHGMDV	8gp5_EF_agX_m0
8gpg_AB_agZ_m0	ARWRLMMVDRTVEHGMDV	8gp5_EF_agX_m0
8gpg_CD_agY_m0	ARWRLMMVDRTVEHGMDV	8gp5_EF_agX_m0
8gpg_EF_agX_m0	ARWRLMMVDRTVEHGMDV	8gp5_EF_agX_m0
8gpi_AC_agZ _ T_m0	TTTSTYDKWSGVGDHHLMAFSS	5cjx_AC_agJ _ K_m0
8gpi_DE_agX _ R_m0	TTTSTYDKWSGVGDHHLMAFSS	5cjx_AC_agJ _ K_m0
8gpi_HL_agY _ S_m0	TTTSTYDKWSGVGDHHLMAFSS	5cjx_AC_agJ _ K_m0
8gpj_AC_agZ _ W_m0	TTTSTYDKWSGVGDHHLMAFSS	5cjx_AC_agJ _ K_m0
8gpj_DE_agX _ V_m0	TTTSTYDKWSGVGDHHLMAFSS	5cjx_AC_agJ _ K_m0
8gpj_HL_agY _ U_m0	TTTSTYDKWSGVGDHHLMAFSS	5cjx_AC_agJ _ K_m0
8gpk_AB_agNA_m0	ARWRLMMVDRTVEHGMDV	8gp5_EF_agX_m0
8gpk_CD_agNA_m0	ARWRLMMVDRTVEHGMDV	8gp5_EF_agX_m0
8gpt_DE_agA_m0	ATETGWRIDT	8gpt_DE_agA_m0
8gpt_FG_agB_m0	ATETGWRIDT	8gpt_DE_agA_m0
8gpt_HI_agC_m0	ATETGWRIDT	8gpt_DE_agA_m0
8gpu_CD_agB_m0	ATETGWRIDT	8gpt_DE_agA_m0
8gpu_FG_agE_m0	ATETGWRIDT	8gpt_DE_agA_m0
8gpu_HL_agA_m0	ATETGWRIDT	8gpt_DE_agA_m0
8gpu_JK_agI_m0	ATETGWRIDT	8gpt_DE_agA_m0
8gpu_NO_agM_m0	ATETGWRIDT	8gpt_DE_agA_m0
8gpu_QR_agP_m0	ATETGWRIDT	8gpt_DE_agA_m0
8gpx_HL_agE_m0	ARAPWEYNYRYGSSYDSPY	8gpx_HL_agE_m0
8gpy_CD_agB_m0	ANGVATADWYFDL	8gou_HK_agC_m0
8gpy_EF_agA_m0	ANGVATADWYFDL	8gou_HK_agC_m0
8gq1_HL_agC_m0	ANWDGDY	1c08_BA_agC_m0
8gq5_aNA_agA_m0	NANVET	8gni_CNA_agA_m0
8gq5_bNA_agB_m0	NANVET	8gni_CNA_agA_m0
8gq5_cNA_agC_m0	NANVET	8gni_CNA_agA_m0
8gq5_dNA_agD_m0	NANVET	8gni_CNA_agA_m0
8gq5_eNA_agE_m0	NANVET	8gni_CNA_agA_m0
8gq5_fNA_agF_m0	NANVET	8gni_CNA_agA_m0
8gq5_gNA_agG_m0	NANVET	8gni_CNA_agA_m0
8gq5_hNA_agH_m0	NANVET	8gni_CNA_agA_m0
8gq5_iNA_agI_m0	NANVET	8gni_CNA_agA_m0
8gq5_jNA_agJ_m0	NANVET	8gni_CNA_agA_m0
8gq5_kNA_agK_m0	NANVET	8gni_CNA_agA_m0
8gq5_lNA_agL_m0	NANVET	8gni_CNA_agA_m0
8gq5_mNA_agM_m0	NANVET	8gni_CNA_agA_m0
8gq5_nNA_agN_m0	NANVET	8gni_CNA_agA_m0
8gq5_oNA_agO_m0	NANVET	8gni_CNA_agA_m0
8gq5_pNA_agP_m0	NANVET	8gni_CNA_agA_m0
8grr_HL_ag2_m0	AKSHSS	8grr_HL_ag2_m0
8gs9_HK_agA_m0	ARSLGDRFDF	8gs9_HK_agA_m0
8gsb_HK_agA_m0	AAPHCNRTYCNDGFDL	8gsb_HK_agA_m0
8gsc_HL_ag1 _ 3_m0	ARVVATTDFDY	8gsc_HL_ag1 _ 3_m0
8gsd_HL_ag1 _ 3_m0	ARVVATTDFDY	8gsc_HL_ag1 _ 3_m0
8gse_HL_ag1 _ 3_m0	ARVVATTDFDY	8gsc_HL_ag1 _ 3_m0
8gsf_EF_ag1 _ 3_m0	ARVVATTDFDY	8gsc_HL_ag1 _ 3_m0
8gsf_HL_agA _ C_m0	ARVVATTDFDY	8gsc_HL_ag1 _ 3_m0
8gsi_BA_agNA_m0	ASMDY	8gsi_BA_agNA_m0
8gsi_FNA_agNA_m0	AIDSDTFSYGSYDY	6ww2_KNA_agNA_m0
8gsp_HL_ag3 _ 2_m0	AKYTDNYDSVNANGSYFGCYYFDA	8gsp_HL_ag3 _ 2_m0
8gto_HL_agA_m0	ARDQSGFFDFYYDH	7we7_HL_agD_m0
8gto_IM_agB_m0	ARDQSGFFDFYYDH	7we7_HL_agD_m0
8gto_JN_agC_m0	ARDQSGFFDFYYDH	7we7_HL_agD_m0
8gtp_HL_agA_m0	ARAEGSSLWGWFDP	7we9_CL_agB_m0
8gtp_IM_agB_m0	ARAEGSSLWGWFDP	7we9_CL_agB_m0
8gtp_JN_agC_m0	ARAEGSSLWGWFDP	7we9_CL_agB_m0
8gtq_HL_agA_m0	ANLKDSRYGSSYYDY	7n8h_CB_agA_m0
8gtq_IM_agB_m0	ANLKDSRYGSSYYDY	7n8h_CB_agA_m0
8gtq_JN_agC_m0	ANLKDSRYGSSYYDY	7n8h_CB_agA_m0
8guq_Ss_agA _ B_m0	VRSIYYYSGSPFDF	6crk_Hh_agA _ B _ G_m0
8gur_Ss_agA _ C _ B_m0	VRSIYYYSGSPFDF	6crk_Hh_agA _ B _ G_m0
8gus_Ss_agA _ B_m0	VRSIYYYSGSPFDF	6crk_Hh_agA _ B _ G_m0
8gut_Ss_agA _ B_m0	VRSIYYYSGSPFDF	6crk_Hh_agA _ B _ G_m0
8guz_AB_agNA_m0	ARRTGREGGWIFDY	8guz_AB_agNA_m0
8guz_CD_agNA_m0	ARRTGREGGWIFDY	8guz_AB_agNA_m0
8gv0_AB_agNA_m0	ARRTGREEGGWIFDY	8gv0_AB_agNA_m0
8gv0_CD_agNA_m0	ARRTGREEGGWIFDY	8gv0_AB_agNA_m0
8gv0_EF_agNA_m0	ARRTGRIFDY	8gv0_EF_agNA_m0
8gv0_GH_agNA_m0	ARRTGREEWIFDY	8gv0_GH_agNA_m0
8gv1_AB_agNA_m0	ARRKSYGYYLDV	8gv1_AB_agNA_m0
8gv2_AB_agNA_m0	ARRKSYGYYLDV	8gv1_AB_agNA_m0
8gv4_AB_agNA_m0	ARPSAIFGILIIYNGLDV	7wvd_GH_agD _ C_m0
8gv4_CD_agNA_m0	ARPSAIFGILIIYNGLDV	7wvd_GH_agD _ C_m0
8gv5_CD_agB _ A_m0	ARPSAIFGILIIYNGLDV	7wvd_GH_agD _ C_m0
8gv6_GH_agD _ C_m0	ARPSAIFGILIIYNGLDV	7wvd_GH_agD _ C_m0
8gv6_IJ_agF _ E _ A_m0	ARPSAIFGILIIYNGLDV	7wvd_GH_agD _ C_m0
8gv7_CD_agB _ A_m0	ARPSAIFGILIIYNGLDV	7wvd_GH_agD _ C_m0
8gw8_NNA_agA _ B_m0	ARCPAPFTRDCSTVDFTTYAY	6oya_NNA_agA _ B_m0
8gx9_HF_agE_m0	ARDLVVYGMDV	7swo_HL_agA_m0
8gx9_IL_agA_m0	ARDLVVYGMDV	7swo_HL_agA_m0
8gx9_ON_agE_m0	SCEITTLGGMDV	8gx9_ON_agE_m0
8gx9_PM_agA_m0	SCEITTLGGMDV	8gx9_ON_agE_m0
8gy5_AB_agQ_m0	VKWGNIYFDY	7wvm_AB_agE_m0
8gy5_HL_agP_m0	VKWGNIYFDY	7wvm_AB_agE_m0
8gye_BC_agNA_m0	ARVTGTWYFDV	8gye_BC_agNA_m0
8gye_EF_agA_m0	ARVTGTWYFDV	8gye_BC_agNA_m0
8gz3_NNA_agL _ H_m0	AKTYSGNYYSVTYNANYGT	8gz3_NNA_agL _ H_m0
8gz5_BNA_agA_m0	AAGGWGKERNYAY	8gz5_BNA_agA_m0
8gz6_ANA_agNA_m0	AAGGWGKERNYAY	8gz5_BNA_agA_m0
8gz6_BNA_agNA_m0	AAGGWGKERNYAY	8gz5_BNA_agA_m0
8gzz_ED_agA_m0	ARDDADYAPGDYFNL	8gzz_ED_agA_m0
8gzz_GF_agB_m0	ARDDADYAPGDYFNL	8gzz_ED_agA_m0
8h00_ED_agA_m0	ARDDADYAPGDYFNL	8gzz_ED_agA_m0
8h00_GF_agB_m0	ARDDADYAPGDYFNL	8gzz_ED_agA_m0
8h00_IH_agC_m0	ARDDADYAPGDYFNL	8gzz_ED_agA_m0
8h01_ED_agA_m0	ARDDADYAPGDYFNL	8gzz_ED_agA_m0
8h01_GF_agB_m0	ARDDADYAPGDYFNL	8gzz_ED_agA_m0
8h01_IH_agC_m0	ARDDADYAPGDYFNL	8gzz_ED_agA_m0
8h07_EJ_agC_m0	VRGSGGIHDAFDI	7xd2_DJ_agC_m0
8h07_GH_agB_m0	VRGSGGIHDAFDI	7xd2_DJ_agC_m0
8h07_IK_agB_m0	ARDSSGWHGWVPFDY	7x2h_AB_agE_m0
8h07_MP_agA_m0	VRGSGGIHDAFDI	7xd2_DJ_agC_m0
8h07_NO_agC_m0	ARDSSGWHGWVPFDY	7x2h_AB_agE_m0
8h07_QR_agA_m0	ARDSSGWHGWVPFDY	7x2h_AB_agE_m0
8h08_DJ_agC_m0	VRGSGGIHDAFDI	7xd2_DJ_agC_m0
8h08_FH_agB_m0	VRGSGGIHDAFDI	7xd2_DJ_agC_m0
8h08_IK_agB_m0	ARDSSGWHGWVPFDY	7x2h_AB_agE_m0
8h08_LP_agA_m0	VRGSGGIHDAFDI	7xd2_DJ_agC_m0
8h08_NO_agC_m0	ARDSSGWHGWVPFDY	7x2h_AB_agE_m0
8h08_QR_agA_m0	ARDSSGWHGWVPFDY	7x2h_AB_agE_m0
8h0p_Ee_agA _ B_m0	VRSIYYYSGSPFDF	6crk_Hh_agA _ B _ G_m0
8h0q_Ee_agA _ B_m0	VRSIYYYSGSPFDF	6crk_Hh_agA _ B _ G_m0
8h2g_Ee_agB _ C_m0	VRSIYYYSGSPFDF	6crk_Hh_agA _ B _ G_m0
8h3b_Aa_agNA_m0	AKNRAVFDY	8h3b_Aa_agNA_m0
8h3b_Bb_agNA_m0	AKNRAVFDY	8h3b_Aa_agNA_m0
8h3c_Aa_agNA_m0	AKNRAVFDY	8h3b_Aa_agNA_m0
8h3c_Bb_agF _ G_m0	AKNRAVFDY	8h3b_Aa_agNA_m0
8h3c_Cc_agNA_m0	AKNRAVFDY	8h3b_Aa_agNA_m0
8h3c_Dd_agF_m0	AKNRAVFDY	8h3b_Aa_agNA_m0
8h3c_Ee_agNA_m0	AKNRAVFDY	8h3b_Aa_agNA_m0
8h3x_ANA_agC_m0	AIPKRTYVPPSQFDD	8h3x_ANA_agC_m0
8h3y_DNA_agB_m0	ASMMGTYSYGSPKN	8h3y_DNA_agB_m0
8h3y_ENA_agC_m0	ASMMGTYSYGSPKN	8h3y_DNA_agB_m0
8h3y_FNA_agA_m0	ASMMGTYSYGSPKN	8h3y_DNA_agB_m0
8h4i_DNA_agA _ B_m0	ARCPAPFTRDCSTVDFTTYAY	6oya_NNA_agA _ B_m0
8h4k_NNA_agA _ B_m0	ARCPAPFTRDCSTVDFTTYAY	6oya_NNA_agA _ B_m0
8h4l_NNA_agA _ B_m0	ARCPAPFTRDCSTVDFTTYAY	6oya_NNA_agA _ B_m0
8h5t_BNA_agA_m0	ASRRSYGCYDYGMEY	8h5t_BNA_agA_m0
8h5u_BNA_agA_m0	NLGTI	8h5u_BNA_agA_m0
8h5u_DNA_agC_m0	NLGTI	8h5u_BNA_agA_m0
8h63_BNA_agA_m0	AALADIAMTGPNDY	8h63_BNA_agA_m0
8h64_BNA_agA_m0	AVRDRGRVYWTSSSGFGS	8h64_BNA_agA_m0
8h64_DNA_agC_m0	AVRDRGRVYWTSSSGFGS	8h64_BNA_agA_m0
8h64_FNA_agE_m0	AVRDRGRVYWTSSSGFGS	8h64_BNA_agA_m0
8h64_HNA_agG_m0	AVRDRGRVYWTSSSGFGS	8h64_BNA_agA_m0
8h73_Dd_agNA_m0	AKNRATFDY	8h73_Dd_agNA_m0
8h7i_ANA_agA_m0	NADFDFGSRTA	8h7i_ANA_agA_m0
8h7i_BNA_agB_m0	NADFDFGSRTA	8h7i_ANA_agA_m0
8h7l_DG_agB_m0	ARVSYPLTYYKYGMDV	8h7l_DG_agB_m0
8h7l_EH_agC_m0	ARVSYPLTYYKYGMDV	8h7l_DG_agB_m0
8h7l_FI_agA_m0	ARVSYPLTYYKYGMDV	8h7l_DG_agB_m0
8h7m_ANA_agA_m0	NADFDFGSRTA	8h7i_ANA_agA_m0
8h7m_BNA_agB_m0	NADFDFGSRTA	8h7i_ANA_agA_m0
8h7n_ANA_agA_m0	NADFDFGSRTA	8h7i_ANA_agA_m0
8h7r_ANA_agA_m0	NADFDFGSRTA	8h7i_ANA_agA_m0
8h7z_FI_agA_m0	ARVSYPLTYYKYGMDV	8h7l_DG_agB_m0
8h8j_Hh_agA _ B _ G_m0	VRSIYYYSGSPFDF	6crk_Hh_agA _ B _ G_m0
8h8q_HL_agA_m0	ALFDGYYPWFAS	7e6p_HL_agA_m0
8h91_CNA_agA_m0	AATSLQSGKYDY	8h91_CNA_agA_m0
8h91_DNA_agB_m0	AATSLQSGKYDY	8h91_CNA_agA_m0
8ha0_NNA_agA _ B_m0	ARCPAPFTRDCSTVDFTTYAY	6oya_NNA_agA _ B_m0
8haf_NNA_agA _ B_m0	ARCPAPFTRDCSTVDFTTYAY	6oya_NNA_agA _ B_m0
8hao_FNA_agC _ D_m0	ARCPAPFTRDCSTVDFTTYAY	6oya_NNA_agA _ B_m0
8hao_NNA_agA _ B_m0	ARCPAPFTRDCSTVDFTTYAY	6oya_NNA_agA _ B_m0
8hbd_Hh_agA _ B_m0	VRSIYYYSGSPFDF	6crk_Hh_agA _ B _ G_m0
8hbg_ENA_agC_m0	NTVRRVATGSLSSSGS	8hbg_ENA_agC_m0
8hbi_ENA_agA_m0	AAKYQSTFYDMTSVQYDY	8hbi_ENA_agA_m0
8hbj_ENA_agC_m0	NTVRRVATGSLSSSGS	8hbg_ENA_agC_m0
8hbj_FNA_agA_m0	AAKYQSTFYDMTSVQYDY	8hbi_ENA_agA_m0
8hbv_BNA_agA_m0	NVKDFGWWREAYDY	8hbv_BNA_agA_m0
8hbw_BNA_agA_m0	NVKDFGWWREAYDY	8hbv_BNA_agA_m0
8hc2_HL_agB_m0	ARGLGDYLDS	8hc2_HL_agB_m0
8hc3_DE_agA_m0	ARGLGDYLDS	8hc2_HL_agB_m0
8hc3_HL_agB_m0	ARGLGDYLDS	8hc2_HL_agB_m0
8hc4_DE_agA_m0	ARENGYSGYAAGANFDL	7ydi_HL_agE_m0
8hc4_FJ_agA_m0	ARGLGDYLDS	8hc2_HL_agB_m0
8hc4_GI_agC_m0	ARGLGDYLDS	8hc2_HL_agB_m0
8hc4_HL_agB_m0	ARGLGDYLDS	8hc2_HL_agB_m0
8hc4_KM_agB_m0	ARENGYSGYAAGANFDL	7ydi_HL_agE_m0
8hc4_NO_agC_m0	ARENGYSGYAAGANFDL	7ydi_HL_agE_m0
8hc5_DE_agC_m0	ARENGYSGYAAGANFDL	7ydi_HL_agE_m0
8hc5_HL_agC_m0	ARGLGDYLDS	8hc2_HL_agB_m0
8hc6_HL_agC_m0	ARGLGDYLDS	8hc2_HL_agB_m0
8hc7_HL_agC_m0	ARGLGDYLDS	8hc2_HL_agB_m0
8hc8_HL_agC_m0	ARTRSRSVRNCTVPCTASDAFDL	8hc8_HL_agC_m0
8hc9_DE_agB_m0	ARTRSRSVRNCTVPCTASDAFDL	8hc8_HL_agC_m0
8hc9_FG_agA_m0	ARTRSRSVRNCTVPCTASDAFDL	8hc8_HL_agC_m0
8hc9_HL_agC_m0	ARTRSRSVRNCTVPCTASDAFDL	8hc8_HL_agC_m0
8hca_DE_agB_m0	ARTRSRSVRNCTVPCTASDAFDL	8hc8_HL_agC_m0
8hca_FG_agA_m0	ARTRSRSVRNCTVPCTASDAFDL	8hc8_HL_agC_m0
8hca_HL_agC_m0	ARTRSRSVRNCTVPCTASDAFDL	8hc8_HL_agC_m0
8hcb_DE_agB_m0	ARTRSRSVRNCTVPCTASDAFDL	8hc8_HL_agC_m0
8hcb_FG_agA_m0	ARTRSRSVRNCTVPCTASDAFDL	8hc8_HL_agC_m0
8hcb_HL_agC_m0	ARTRSRSVRNCTVPCTASDAFDL	8hc8_HL_agC_m0
8hcq_Ee_agA _ B_m0	VRSIYYYSGSPFDF	6crk_Hh_agA _ B _ G_m0
8hcx_Ee_agB _ A_m0	VRSIYYYSGSPFDF	6crk_Hh_agA _ B _ G_m0
8hdo_NNA_agA _ B_m0	ARCPAPFTRDCSTVDFTTYAY	6oya_NNA_agA _ B_m0
8hdp_NNA_agA _ B_m0	ARCPAPFTRDCSTVDFTTYAY	6oya_NNA_agA _ B_m0
8heb_ED_agA_m0	ARETGGGFAYVFEF	8heb_ED_agA_m0
8heb_GF_agB_m0	ARETGGGFAYVFEF	8heb_ED_agA_m0
8heb_IH_agC_m0	ARETGGGFAYVFEF	8heb_ED_agA_m0
8hec_ED_agA_m0	ARETGGGFAYVFEF	8heb_ED_agA_m0
8hec_GF_agB_m0	ARETGGGFAYVFEF	8heb_ED_agA_m0
8hec_IH_agC_m0	ARETGGGFAYVFEF	8heb_ED_agA_m0
8hed_GF_agB_m0	ARETGGGFAYVFEF	8heb_ED_agA_m0
8heg_DNA_agC _ B_m0	AGDRSLTVAVSSWRY	8heg_DNA_agC _ B_m0
8hes_HL_agC_m0	ARDGGYNILYYATHAPSY	8hes_HL_agC_m0
8hgi_CNA_agA_m0	KAYYSWDANLNWCRYSYI	8hgi_CNA_agA_m0
8hgi_DNA_agB_m0	KAYYSWDANLNWCRYSYI	8hgi_CNA_agA_m0
8hgl_CD_agB_m0	AAPNCTGGYCSDGFNL	8hgl_CD_agB_m0
8hgl_FG_agE_m0	AAPNCTGGYCSDGFNL	8hgl_CD_agB_m0
8hgl_HL_agA_m0	AAPNCTGGYCSDGFNL	8hgl_CD_agB_m0
8hgm_CD_agB_m0	AAPNCTGGYCSDGFNL	8hgl_CD_agB_m0
8hhx_FG_agB_m0	ANGFGEYYYYAMDV	7yck_CD_agA_m0
8hhx_HNA_agC_m0	ANGFGEYYYYAMDV	7yck_CD_agA_m0
8hhy_FNA_agB_m0	ARGRNYLDRSGRFDY	7ycl_AB_agR_m0
8hhy_HL_agA_m0	ARGRNYLDRSGRFDY	7ycl_AB_agR_m0
8hhz_EF_agB_m0	ARGLGIFGVVTLSDV	7ycn_CD_agB_m0
8hhz_GH_agA_m0	ARGLGIFGVVTLSDV	7ycn_CD_agB_m0
8hhz_IJ_agC_m0	ARGLGIFGVVTLSDV	7ycn_CD_agB_m0
8hii_HL_agA_m0	ARWGYWPGEWWPKAFDY	6cbv_HL_agB_m0
8hii_NNA_agNA_m0	AIDSDTFSYGSYDY	6ww2_KNA_agNA_m0
8hij_HL_agA_m0	ARWGYWPGEWWPKAFDY	6cbv_HL_agB_m0
8hij_NNA_agNA_m0	AIDSDTFSYGSYDY	6ww2_KNA_agNA_m0
8hik_HL_agA_m0	ARWGYWPGEWWPKAFDY	6cbv_HL_agB_m0
8hik_NNA_agNA_m0	AIDSDTFSYGSYDY	6ww2_KNA_agNA_m0
8hit_AB_agC_m0	ARDYYSGYFDS	8hit_AB_agC_m0
8hix_NNA_agA _ B_m0	ARCPAPFTRDCSTVDFTTYAY	6oya_NNA_agA _ B_m0
8hj0_NNA_agA _ B_m0	ARCPAPFTRDCSTVDFTTYAY	6oya_NNA_agA _ B_m0
8hj1_NNA_agA _ B_m0	ARCPAPFTRDCSTVDFTTYAY	6oya_NNA_agA _ B_m0
8hj2_NNA_agA _ B_m0	ARCPAPFTRDCSTVDFTTYAY	6oya_NNA_agA _ B_m0
8hj5_Cc_agA_m0	VRSIYYYSGSPFDF	6crk_Hh_agA _ B _ G_m0
8hj5_ENA_agA _ B_m0	ARCPAPFTRDCSTVDFTTYAY	6oya_NNA_agA _ B_m0
8hk2_Hh_agB _ C_m0	VRSIYYYSGSPFDF	6crk_Hh_agA _ B _ G_m0
8hk3_Hh_agA _ B_m0	VRSIYYYSGSPFDF	6crk_Hh_agA _ B _ G_m0
8hlb_BC_agA_m0	ARDGRRYALDY	8hlb_BC_agA_m0
8hlb_DE_agA_m0	ASHEGPYVYFDY	8hlb_DE_agA_m0
8hlc_HL_agA_m0	ARGGWELRSLYGGAYGMDV	8hlc_HL_agA_m0
8hlc_IM_agB_m0	ARGGWELRSLYGGAYGMDV	8hlc_HL_agA_m0
8hlc_JN_agC_m0	ARGGWELRSLYGGAYGMDV	8hlc_HL_agA_m0
8hld_HL_agA_m0	ARSPPDFLGWFDP	8hld_HL_agA_m0
8hld_IM_agB_m0	ARSPPDFLGWFDP	8hld_HL_agA_m0
8hld_JN_agC_m0	ARSPPDFLGWFDP	8hld_HL_agA_m0
8hmp_NNA_agA _ B_m0	ARCPAPFTRDCSTVDFTTYAY	6oya_NNA_agA _ B_m0
8hmv_NNA_agC _ B_m0	ARCPAPFTRDCSTVDFTTYAY	6oya_NNA_agA _ B_m0
8hn1_DNA_agA_m0	NAEYRTGIEWELLDG	6vi4_CNA_agB_m0
8hn6_AB_agE_m0	ARDLSYYGMDV	7e3c_BC_agA_m0
8hn6_CD_agF_m0	ARDLSYYGMDV	7e3c_BC_agA_m0
8hn7_BA_agE_m0	ARALRYSTSWYDY	8hn7_BA_agE_m0
8hn7_DC_agF_m0	ARALRYSTSWYDY	8hn7_BA_agE_m0
8hn8_Ss_agA _ B_m0	VRSIYYYSGSPFDF	6crk_Hh_agA _ B _ G_m0
8hnk_Ss_agA _ B_m0	VRSIYYYSGSPFDF	6crk_Hh_agA _ B _ G_m0
8hnl_Ss_agA _ B_m0	VRSIYYYSGSPFDF	6crk_Hh_agA _ B _ G_m0
8hnm_Ss_agA _ B_m0	VRSIYYYSGSPFDF	6crk_Hh_agA _ B _ G_m0
8hnn_NNA_agR_m0	NAEYRTGIEWELLDG	6vi4_CNA_agB_m0
8hoc_Ss_agA _ B_m0	VRSIYYYSGSPFDF	6crk_Hh_agA _ B _ G_m0
8hp9_EF_agB_m0	ARESGGFPEALGAFDI	8hp9_EF_agB_m0
8hp9_HL_agA_m0	AHFFSHYDSSGYYYNSWFDP	8hp9_HL_agA_m0
8hp9_IJ_agC_m0	AHFFSHYDSSGYYYNSWFDP	8hp9_HL_agA_m0
8hp9_KO_agC_m0	ARESGGFPEALGAFDI	8hp9_EF_agB_m0
8hp9_MN_agA_m0	ARESGGFPEALGAFDI	8hp9_EF_agB_m0
8hp9_PQ_agB_m0	AHFFSHYDSSGYYYNSWFDP	8hp9_HL_agA_m0
8hpf_HL_agA_m0	AHFFSHYDSSGYYYNSWFDP	8hp9_HL_agA_m0
8hpf_MN_agA_m0	ARESGGFPEALGAFDI	8hp9_EF_agB_m0
8hpj_BC_agA_m0	ARGPYDFDGDPPFGN	8hpj_BC_agA_m0
8hpj_EF_agD_m0	ARGPYDFDGDPPFGN	8hpj_BC_agA_m0
8hpk_HL_agA_m0	GRRDDYDTMDY	8hpk_HL_agA_m0
8hpq_EF_agB_m0	ARESGGFPEALGAFDI	8hp9_EF_agB_m0
8hpq_HL_agA_m0	AHFFSHYDSSGYYYNSWFDP	8hp9_HL_agA_m0
8hpq_IJ_agC_m0	AHFFSHYDSSGYYYNSWFDP	8hp9_HL_agA_m0
8hpq_MN_agA_m0	ARESGGFPEALGAFDI	8hp9_EF_agB_m0
8hpq_PQ_agB_m0	AHFFSHYDSSGYYYNSWFDP	8hp9_HL_agA_m0
8hpq_RS_agC_m0	ARESGGFPEALGAFDI	8hp9_EF_agB_m0
8hpt_Hh_agB _ C_m0	VRSIYYYSGSPFDF	6crk_Hh_agA _ B _ G_m0
8hpu_HL_agA_m0	AHFFSHYDSSGYYYNSWFDP	8hp9_HL_agA_m0
8hpu_MN_agA_m0	ARESGGFPEALGAFDI	8hp9_EF_agB_m0
8hpv_EF_agB_m0	ARESGGFPEALGAFDI	8hp9_EF_agB_m0
8hpv_HL_agA_m0	AHFFSHYDSSGYYYNSWFDP	8hp9_HL_agA_m0
8hpv_IJ_agC_m0	AHFFSHYDSSGYYYNSWFDP	8hp9_HL_agA_m0
8hpv_MN_agA_m0	ARESGGFPEALGAFDI	8hp9_EF_agB_m0
8hpv_PQ_agB_m0	AHFFSHYDSSGYYYNSWFDP	8hp9_HL_agA_m0
8hpv_RS_agC_m0	ARESGGFPEALGAFDI	8hp9_EF_agB_m0
8hq7_HL_agA_m0	AHFFSHYDSSGYYYNSWFDP	8hp9_HL_agA_m0
8hq7_MN_agA_m0	ARESGGFPEALGAFDI	8hp9_EF_agB_m0
8hqc_Hh_agB _ C_m0	VRSIYYYSGSPFDF	6crk_Hh_agA _ B _ G_m0
8hqe_Hh_agA _ B_m0	VRSIYYYSGSPFDF	6crk_Hh_agA _ B _ G_m0
8hqm_Hh_agA _ B_m0	VRSIYYYSGSPFDF	6crk_Hh_agA _ B _ G_m0
8hqn_Hh_agA _ B_m0	VRSIYYYSGSPFDF	6crk_Hh_agA _ B _ G_m0
8hr2_BNA_agA_m0	AAELFCPWPDIPSMTGAEYKY	8hr2_BNA_agA_m0
8hr2_CNA_agA_m0	AADSGWVGYPDLSYQYNY	8hr2_CNA_agA_m0
8hrd_CE_agB_m0	ARFGAGMTGMPTTDFYRRWFDP	8hrd_CE_agB_m0
8hrd_DF_agA_m0	ARRTFYYDRSVVKQGEPFDY	8hrd_DF_agA_m0
8hrd_GH_agB_m0	ARRTFYYDRSVVKQGEPFDY	8hrd_DF_agA_m0
8hrd_LM_agK_m0	ARFGAGMTGMPTTDFYRRWFDP	8hrd_CE_agB_m0
8hrd_NQ_agK_m0	ARRTFYYDRSVVKQGEPFDY	8hrd_DF_agA_m0
8hrd_OP_agA_m0	ARFGAGMTGMPTTDFYRRWFDP	8hrd_CE_agB_m0
8hrd_WX_agT_m0	ARFGAGMTGMPTTDFYRRWFDP	8hrd_CE_agB_m0
8hrd_YZ_agT_m0	ARRTFYYDRSVVKQGEPFDY	8hrd_DF_agA_m0
8hrh_AB_agD_m0	ARSSGTRGFAY	8hrh_AB_agD_m0
8hrx_HL_agB _ A_m0	ARRGRFPWLAY	8hrx_HL_agB _ A_m0
8hry_HL_agB _ A_m0	ARMKINNQAWFAY	8hry_HL_agB _ A_m0
8hs2_BC_agR_m0	ARGAGGFLIIRTKFDY	8hs2_BC_agR_m0
8hs3_Ss_agA _ B _ C_m0	VRSIYYYSGSPFDF	6crk_Hh_agA _ B _ G_m0
8hsc_FE_agR_m0	ARGAGGFLIIRTKFDY	8hs2_BC_agR_m0
8hsc_Ss_agA _ B_m0	VRSIYYYSGSPFDF	6crk_Hh_agA _ B _ G_m0
8ht3_ANA_agNA_m0	RGWVGGREGY	8ht3_ANA_agNA_m0
8hti_NNA_agA _ B_m0	ARCPAPFTRDCSTVDFTTYAY	6oya_NNA_agA _ B_m0
8hvi_Hh_agB _ C_m0	VRSIYYYSGSPFDF	6crk_Hh_agA _ B _ G_m0
8hws_DE_agA_m0	ARGDSSGYYYYFDY	7jw0_DC_agB_m0
8hws_HL_agA_m0	ARDLGPYGMDV	7ch4_HL_agR_m0
8hws_IJ_agA_m0	ARDYTRGAWFILSEGGGFDN	6wps_CD_agB_m0
8hwt_DE_agA_m0	ARGDSSGYYYYFDY	7jw0_DC_agB_m0
8hwt_HL_agA_m0	ARDLGPYGMDV	7ch4_HL_agR_m0
8hxq_ANA_agC_m0	AARRIDAADFDS	8hxq_ANA_agC_m0
8hxq_BNA_agD_m0	AARRIDAADFDS	8hxq_ANA_agC_m0
8hxr_ANA_agC_m0	AADRKSVSMIRPDY	8hxr_ANA_agC_m0
8hxr_BNA_agD_m0	AADRKSVSMIRPDY	8hxr_ANA_agC_m0
8hyl_AB_agNA_m0	ARKLRGFAY	8hyl_AB_agNA_m0
8hyl_CD_agNA_m0	ARKLRGFAY	8hyl_AB_agNA_m0
8i0n_HL_agA _ V_m0	ARSRQFWYSGLDY	4jqi_HL_agA _ V_m0
8i0n_IM_agB _ U_m0	ARSRQFWYSGLDY	4jqi_HL_agA _ V_m0
8i0q_HL_agA _ V_m0	ARSRQFWYSGLDY	4jqi_HL_agA _ V_m0
8i0q_IM_agB _ U_m0	ARSRQFWYSGLDY	4jqi_HL_agA _ V_m0
8i0z_DE_agA _ G_m0	ARSRQFWYSGLDY	4jqi_HL_agA _ V_m0
8i0z_HL_agB _ U_m0	ARSRQFWYSGLDY	4jqi_HL_agA _ V_m0
8i0z_MN_agC _ V_m0	ARSRQFWYSGLDY	4jqi_HL_agA _ V_m0
8i10_DE_agA _ G_m0	ARSRQFWYSGLDY	4jqi_HL_agA _ V_m0
8i10_HL_agB _ U_m0	ARSRQFWYSGLDY	4jqi_HL_agA _ V_m0
8i10_MN_agC _ V_m0	ARSRQFWYSGLDY	4jqi_HL_agA _ V_m0
8i2g_NNA_agA _ G _ B_m0	ARCPAPFTRDCSTVDFTTYAY	6oya_NNA_agA _ B_m0
8i3s_HL_agA_m0	ARSVVGPPTNYFDP	8i3s_HL_agA_m0
8i3u_HL_agA_m0	AKGGIFYNPSRFYGVLRGNPYSAFDI	8i3u_HL_agA_m0
8i4f_CNA_agA_m0	ATRSPFGDYAFSY	7whi_GNA_agA_m0
8i4g_CNA_agA_m0	ATRSPFGDYAFSY	7whi_GNA_agA_m0
8i4h_BNA_agA_m0	VSNWASGSTGDY	7vnb_ANA_agB_m0
8i5h_BC_agA_m0	ARDLVVYGLDY	7wnb_HL_agR_m0
8i5h_EF_agD_m0	ARDLVVYGLDY	7wnb_HL_agR_m0
8i5h_HL_agR_m0	ARDLVVYGLDY	7wnb_HL_agR_m0
8i5i_HL_agR_m0	AREFDLTKIIMVPPY	7wn2_BC_agA_m0
8i5l_Dd_agA_m0	AREEGSVDYGMDV	8i5l_Dd_agA_m0
8i5l_Ee_agB _ C_m0	AREEGSVDYGMDV	8i5l_Dd_agA_m0
8i7v_Ee_agB _ C_m0	VRSIYYYSGSPFDF	6crk_Hh_agA _ B _ G_m0
8i7w_Ee_agB _ C_m0	VRSIYYYSGSPFDF	6crk_Hh_agA _ B _ G_m0
8i95_Hh_agA _ B_m0	VRSIYYYSGSPFDF	6crk_Hh_agA _ B _ G_m0
8i97_Hh_agA _ B_m0	VRSIYYYSGSPFDF	6crk_Hh_agA _ B _ G_m0
8i9a_Hh_agA _ B_m0	VRSIYYYSGSPFDF	6crk_Hh_agA _ B _ G_m0
8i9l_Hh_agA _ B_m0	VRSIYYYSGSPFDF	6crk_Hh_agA _ B _ G_m0
8i9s_Hh_agA _ B_m0	VRSIYYYSGSPFDF	6crk_Hh_agA _ B _ G_m0
8ia2_Hh_agB _ C_m0	VRSIYYYSGSPFDF	6crk_Hh_agA _ B _ G_m0
8ia6_Aa_agNA_m0	AKTPYLFDY	8ia6_Aa_agNA_m0
8ia6_Bb_agNA_m0	AKTPYLFDY	8ia6_Aa_agNA_m0
8ia7_Ee_agA _ B_m0	VRSIYYYSGSPFDF	6crk_Hh_agA _ B _ G_m0
8ia8_Ss_agC _ B_m0	VRSIYYYSGSPFDF	6crk_Hh_agA _ B _ G_m0
8ib1_BA_agC_m0	ARMGSGSYSYGMDV	8ib1_BA_agC_m0
8ibu_Ee_agA _ B_m0	VRSIYYYSGSPFDF	6crk_Hh_agA _ B _ G_m0
8ibv_Ee_agA _ B_m0	VRSIYYYSGSPFDF	6crk_Hh_agA _ B _ G_m0
8ic0_Ee_agB _ C_m0	VRSIYYYSGSPFDF	6crk_Hh_agA _ B _ G_m0
8id3_Ss_agA _ B_m0	VRSIYYYSGSPFDF	6crk_Hh_agA _ B _ G_m0
8id4_Ss_agA _ B_m0	VRSIYYYSGSPFDF	6crk_Hh_agA _ B _ G_m0
8id6_Ss_agA _ B_m0	VRSIYYYSGSPFDF	6crk_Hh_agA _ B _ G_m0
8id8_Ss_agA _ B_m0	VRSIYYYSGSPFDF	6crk_Hh_agA _ B _ G_m0
8id9_Ss_agA _ B_m0	VRSIYYYSGSPFDF	6crk_Hh_agA _ B _ G_m0
8idi_ANA_agD_m0	ATDVRLIDWYSALSWDGRLYST	8idi_ANA_agD_m0
8idi_CNA_agB_m0	ATDVRLIDWYSALSWDGRLYST	8idi_ANA_agD_m0
8idm_ANA_agD_m0	ATDVRLIDWYSALSWDGRLYST	8idi_ANA_agD_m0
8idm_BNA_agD_m0	AAGAATTQTMVAPGPTRGCYELKY	8idm_BNA_agD_m0
8idn_HL_agA_m0	VRDDDYDGQFAY	8idn_HL_agA_m0
8ido_CNA_agA_m0	AGAVSNWVCGMGQSKISYGMDY	8ido_CNA_agA_m0
8ido_DNA_agB_m0	AGAVSNWVCGMGQSKISYGMDY	8ido_CNA_agA_m0
8iec_Nn_agC _ D_m0	VRSIYYYSGSPFDF	6crk_Hh_agA _ B _ G_m0
8ied_Nn_agC _ D_m0	VRSIYYYSGSPFDF	6crk_Hh_agA _ B _ G_m0
8iee_CNA_agB_m0	NTGWSQGSLVNRTCDRTWGTWSFGI	8iee_CNA_agB_m0
8iee_DNA_agA_m0	NTGWSQGSLVNRTCDRTWGTWSFGI	8iee_CNA_agB_m0
8ifn_ANA_agB_m0	AGAVSNWVCGMGQSKISYGMDY	8ido_CNA_agA_m0
8ifn_DNA_agC_m0	AGAVSNWVCGMGQSKISYGMDY	8ido_CNA_agA_m0
8ifn_FNA_agE_m0	AGAVSNWVCGMGQSKISYGMDY	8ido_CNA_agA_m0
8ihb_Ss_agA _ B_m0	VRSIYYYSGSPFDF	6crk_Hh_agA _ B _ G_m0
8ihf_Ss_agA _ B_m0	VRSIYYYSGSPFDF	6crk_Hh_agA _ B _ G_m0
8ihh_Ss_agA _ B_m0	VRSIYYYSGSPFDF	6crk_Hh_agA _ B _ G_m0
8ihi_Ss_agA _ B_m0	VRSIYYYSGSPFDF	6crk_Hh_agA _ B _ G_m0
8ihj_Ss_agA _ B_m0	VRSIYYYSGSPFDF	6crk_Hh_agA _ B _ G_m0
8iiu_ANA_agNA_m0	ASSRAYGSSRALRLDTYEY	8iiu_ANA_agNA_m0
8iiu_BNA_agNA_m0	ASSRAYGSSRALRLDTYEY	8iiu_ANA_agNA_m0
8ij3_Ss_agC _ B_m0	VRSIYYYSGSPFDF	6crk_Hh_agA _ B _ G_m0
8ija_Ss_agC _ B_m0	VRSIYYYSGSPFDF	6crk_Hh_agA _ B _ G_m0
8ijb_Ss_agC _ B_m0	VRSIYYYSGSPFDF	6crk_Hh_agA _ B _ G_m0
8ijd_Ss_agC _ B_m0	VRSIYYYSGSPFDF	6crk_Hh_agA _ B _ G_m0
8ijs_ANA_agNA_m0	ASSRAYGSSRALRLDTYEY	8iiu_ANA_agNA_m0
8ijz_ANA_agNA_m0	ASSRAYGSSRALRLDTYEY	8iiu_ANA_agNA_m0
8ikg_Ss_agA _ B_m0	VRSIYYYSSPFDF	8ikg_Ss_agA _ B_m0
8ikh_Ss_agA _ B_m0	VRSIYYYSSPFDF	8ikg_Ss_agA _ B_m0
8il3_BA_agC_m0	ARGETPGTFPY	8il3_BA_agC_m0
8ilx_CNA_agA_m0	AARIGMNYYERAYIEYPY	8ilx_CNA_agA_m0
8ilx_DNA_agB_m0	AARIGMNYYERAYIEYPY	8ilx_CNA_agA_m0
8im0_BNA_agA_m0	AMSRVDTDPSAFYDY	8im0_BNA_agA_m0
8im1_BNA_agA_m0	AAKSVLTIATPVRMDEYNY	8im1_BNA_agA_m0
8im1_DNA_agC_m0	AAKSVLTIATPVRMDEYNY	8im1_BNA_agA_m0
8im1_FNA_agE_m0	AAKSVLTIATPVRMDEYNY	8im1_BNA_agA_m0
8im1_HNA_agG_m0	AAKSVLTIATPVRMDEYNY	8im1_BNA_agA_m0
8ioc_NNA_agA _ B_m0	ARCPAPFTRDCSTVDFTTYAY	6oya_NNA_agA _ B_m0
8iod_NNA_agA _ B_m0	ARCPAPFTRDCSTVDFTTYAY	6oya_NNA_agA _ B_m0
8iow_HL_agI_m0	AKGRDSFDI	8iow_HL_agI_m0
8ipc_HL_agA_m0	AKTSRVYFDY	4yny_AB_ag_m0
8iq4_NNA_agA _ B_m0	ARCPAPFTPFCSTVDFTTYAY	8iq4_NNA_agA _ B_m0
8iq6_NNA_agA _ B_m0	ARCPAPFTPFCSTVDFTTYAY	8iq4_NNA_agA _ B_m0
8iqp_HL_agNA_m0	ASAYDGSYYFDY	8iqp_HL_agNA_m0
8iqp_hl_agNA_m0	ASAYDGSYYFDY	8iqp_HL_agNA_m0
8iqq_HL_agNA_m0	ASAYDGSYYFDY	8iqp_HL_agNA_m0
8iqq_hl_agNA_m0	ASAYDGSYYFDY	8iqp_HL_agNA_m0
8iqr_HL_agH_m0	ASAYDGSYYFDY	8iqp_HL_agNA_m0
8iqr_hl_agh_m0	ASAYDGSYYFDY	8iqp_HL_agNA_m0
8iqs_HL_agNA_m0	TRDYGNYVAYFDY	8iqs_HL_agNA_m0
8iqs_hl_agNA_m0	TRDYGNYVAYFDY	8iqs_HL_agNA_m0
8irr_NNA_agA _ B_m0	ARCPAPFTRDCSTVDFTTYAY	6oya_NNA_agA _ B_m0
8irs_Ee_agA _ B _ G_m0	VRSIYYYSGSPFDF	6crk_Hh_agA _ B _ G_m0
8irt_Ee_agA _ B _ G_m0	VRSIYYYSGSPFDF	6crk_Hh_agA _ B _ G_m0
8iru_Ee_agA _ G _ B_m0	VRSIYYYSGSPFDF	6crk_Hh_agA _ B _ G_m0
8irw_ANA_agNA_m0	KAETLPKFGCARRNADY	8irw_ANA_agNA_m0
8irw_BNA_agNA_m0	KAETLPKFGCARRNADY	8irw_ANA_agNA_m0
8itf_NNA_agA _ B_m0	ARCPAPFTRDCSTVDFTTYAY	6oya_NNA_agA _ B_m0
8itf_Ss_agA_m0	VRSIYYYSGSPFDF	6crk_Hh_agA _ B _ G_m0
8itl_NNA_agA _ B_m0	ARCPAPFTRDCSTVDFTTYAY	6oya_NNA_agA _ B_m0
8itm_NNA_agA _ B_m0	ARCPAPFTRDCSTVDFTTYAY	6oya_NNA_agA _ B_m0
8itu_ED_agA_m0	ARDDADYAPGDYFNL	8gzz_ED_agA_m0
8itu_GF_agB_m0	ARDDADYAPGDYFNL	8gzz_ED_agA_m0
8itu_IH_agC_m0	ARDDADYAPGDYFNL	8gzz_ED_agA_m0
8iu2_Ss_agA _ B_m0	VRSIYYYSGSPFDF	6crk_Hh_agA _ B _ G_m0
8iuk_Ee_agA_m0	VRSIYYYSGSPFDF	6crk_Hh_agA _ B _ G_m0
8iuk_NNA_agA _ B_m0	ARCPAPFTRDCSTVDFTTYAY	6oya_NNA_agA _ B_m0
8iul_Ee_agA _ B_m0	VRSIYYYSGSPFDF	6crk_Hh_agA _ B _ G_m0
8ium_Ee_agA_m0	VRSIYYYSGSPFDF	6crk_Hh_agA _ B _ G_m0
8ium_NNA_agA _ B_m0	ARCPAPFTRDCSTVDFTTYAY	6oya_NNA_agA _ B_m0
8iuy_BC_agA_m0	ARSDGWYGFAY	8iuy_BC_agA_m0
8iuz_BC_agA_m0	TRDGPYWHIDV	8iuz_BC_agA_m0
8iv0_BC_agA_m0	AIGGELSWFAY	8iv0_BC_agA_m0
8iv4_AB_agG_m0	IRGMTYAMDF	8iv4_AB_agG_m0
8iv4_HL_agG_m0	VRHSGNYDVSVMDY	8iv4_HL_agG_m0
8iv5_AB_agG_m0	ARGGNWDWYFDV	7wb5_HL_agR_m0
8iv5_HL_agG_m0	IRGMTYAMDF	8iv4_AB_agG_m0
8iv8_CD_agG_m0	ARGGNWDWYFDV	7wb5_HL_agR_m0
8iv8_HL_agG_m0	VRHSGNYDVSVMDY	8iv4_HL_agG_m0
8iva_CE_agG_m0	VKHYQQQLWLGGPDV	7whz_CE_agA_m0
8iva_HL_agG_m0	VRHSGNYDVSVMDY	8iv4_HL_agG_m0
8ivw_BC_agA_m0	ATPIYGSERAWFAY	8ivw_BC_agA_m0
8ivw_EF_agD_m0	ATPIYGSERAWFAY	8ivw_BC_agA_m0
8ivw_HI_agG_m0	ATPIYGSERAWFAY	8ivw_BC_agA_m0
8ivw_KL_agJ_m0	ATPIYGSERAWFAY	8ivw_BC_agA_m0
8ivx_HL_agA_m0	ARNSYSSYGYAMDY	8ivx_HL_agA_m0
8iw1_Ss_agA _ B_m0	VRSIYYYSGSPFDF	6crk_Hh_agA _ B _ G_m0
8iw4_Ss_agA _ B_m0	VRSIYYYSGSPFDF	6crk_Hh_agA _ B _ G_m0
8iw7_Ss_agA _ B_m0	VRSIYYYSGSPFDF	6crk_Hh_agA _ B _ G_m0
8iw9_NNA_agA _ B_m0	ARCPAPFTRDCSTVDFTTYAY	6oya_NNA_agA _ B_m0
8iw9_Ss_agA_m0	VRSIYYYSGSPFDF	6crk_Hh_agA _ B _ G_m0
8ix3_HL_agG_m0	VKDSNYDSSILYGNNFDY	8ix3_HL_agG_m0
8iy5_Ee_agA _ B_m0	VRSIYYYSGSPFDF	6crk_Hh_agA _ B _ G_m0
8iy9_Hh_agA _ B_m0	VRSIYYYSGSPFDF	6crk_Hh_agA _ B _ G_m0
8iyh_Hh_agB _ A_m0	VRSIYYYSGSPFDF	6crk_Hh_agA _ B _ G_m0
8iys_Ee_agA _ B_m0	VRSIYYYSGSPFDF	6crk_Hh_agA _ B _ G_m0
8iyw_Hh_agB _ C_m0	VRSIYYYSGSPFDF	6crk_Hh_agA _ B _ G_m0
8iz4_Ee_agA _ B_m0	VRSIYYYSGSPFDF	6crk_Hh_agA _ B _ G_m0
8izb_NNA_agA _ C _ B_m0	ARCPAPFTRDCSTVDFTTYAY	6oya_NNA_agA _ B_m0
8j18_Ss_agA _ B_m0	VRSIYYYSGSPFDF	6crk_Hh_agA _ B _ G_m0
8j19_Ss_agA _ G _ B_m0	VRSIYYYSGSPFDF	6crk_Hh_agA _ B _ G_m0
8j1a_Ss_agA _ B_m0	VRSIYYYSGSPFDF	6crk_Hh_agA _ B _ G_m0
8j1n_BNA_agA_m0	NVKDFGWWREAYDY	8hbv_BNA_agA_m0
8j1q_BA_agC_m0	ASGSDYGDYLLVY	6xdg_CA_agE_m0
8j1t_HK_agF_m0	ARDHSGHALDI	8j1t_HK_agF_m0
8j1v_CD_agB_m0	ARDHSGHALDI	8j1t_HK_agF_m0
8j1v_FG_agE_m0	ARDHSGHALDI	8j1t_HK_agF_m0
8j1v_HK_agA_m0	ARDHSGHALDI	8j1t_HK_agF_m0
8j20_Bb_agC _ A_m0	VRSIYYYSGSPFDF	6crk_Hh_agA _ B _ G_m0
8j21_Bb_agC _ A_m0	VRSIYYYSGSPFDF	6crk_Hh_agA _ B _ G_m0
8j22_Ff_agB _ A_m0	VRSIYYYSGSPFDF	6crk_Hh_agA _ B _ G_m0
8j23_Ff_agB _ C_m0	VRSIYYYSGSPFDF	6crk_Hh_agA _ B _ G_m0
8j24_Gg_agC _ B_m0	VRSIYYYSGSPFDF	6crk_Hh_agA _ B _ G_m0
8j26_BA_agC_m0	ASGSDYGDYLLVY	6xdg_CA_agE_m0
8j5j_ENA_agA_m0	AAEPDYSGVYYWGCTYTDFGS	7wd2_CNA_agA_m0
8j6d_Hh_agA _ B_m0	VRSIYYYSGSPFDF	6crk_Hh_agA _ B _ G_m0
8j6f_HL_agI _ B_m0	ARSLARTTAMDY	8j6f_HL_agI _ B_m0
8j6i_Hh_agA _ B_m0	VRSIYYYSGSPFDF	6crk_Hh_agA _ B _ G_m0
8j6j_Hh_agA _ B_m0	VRSIYYYSGSPFDF	6crk_Hh_agA _ B _ G_m0
8j6l_Hh_agA _ B_m0	VRSIYYYSGSPFDF	6crk_Hh_agA _ B _ G_m0
8j6p_Ss_agA _ B_m0	VRSIYYYSGSPFDF	6crk_Hh_agA _ B _ G_m0
8j6q_Ss_agA _ B_m0	VRSIYYYSGSPFDF	6crk_Hh_agA _ B _ G_m0
8j6r_Ss_agA _ B_m0	VRSIYYYSGSPFDF	6crk_Hh_agA _ B _ G_m0
8j7e_AB_agF_m0	ARPWYPWSWYSGLDY	8j7e_AB_agF_m0
8j7e_CD_agE_m0	ARPWYPWSWYSGLDY	8j7e_AB_agF_m0
8j7t_EC_agA_m0	ARKLAYEGAMDY	8j7t_EC_agA_m0
8j7t_FD_agB_m0	ARKLAYEGAMDY	8j7t_EC_agA_m0
8j7u_EC_agA_m0	ARKLAYEGAMDY	8j7t_EC_agA_m0
8j7u_FD_agB_m0	ARKLAYEGAMDY	8j7t_EC_agA_m0
8j7v_EC_agA_m0	ARKLAYEGAMDY	8j7t_EC_agA_m0
8j7v_FD_agB_m0	ARKLAYEGAMDY	8j7t_EC_agA_m0
8j7w_EC_agA_m0	ARKLAYEGAMDY	8j7t_EC_agA_m0
8j7w_FD_agB_m0	ARKLAYEGAMDY	8j7t_EC_agA_m0
8j7x_EC_agA_m0	ARKLAYEGAMDY	8j7t_EC_agA_m0
8j7x_FD_agB_m0	ARKLAYEGAMDY	8j7t_EC_agA_m0
8j7y_EC_agA_m0	ARKLAYEGAMDY	8j7t_EC_agA_m0
8j7y_FD_agB_m0	ARKLAYEGAMDY	8j7t_EC_agA_m0
8j80_EC_agA_m0	ARKLAYEGAMDY	8j7t_EC_agA_m0
8j80_FD_agB_m0	ARKLAYEGAMDY	8j7t_EC_agA_m0
8j8r_DE_agA _ G_m0	ARSRQFWYSGLDY	4jqi_HL_agA _ V_m0
8j8r_HL_agB _ U_m0	ARSRQFWYSGLDY	4jqi_HL_agA _ V_m0
8j8r_MN_agC _ V_m0	ARSRQFWYSGLDY	4jqi_HL_agA _ V_m0
8j8v_BC_agF _ H_m0	ARSRQFWYSGLDY	4jqi_HL_agA _ V_m0
8j8v_DE_agA _ G_m0	ARSRQFWYSGLDY	4jqi_HL_agA _ V_m0
8j8z_HL_agA _ V_m0	ARSRQFWYSGLDY	4jqi_HL_agA _ V_m0
8j8z_IM_agB _ U_m0	ARSRQFWYSGLDY	4jqi_HL_agA _ V_m0
8j97_HL_agA _ V_m0	ARSRQFWYSGLDY	4jqi_HL_agA _ V_m0
8j9k_DB_agC_m0	ARQGYYYNSQMYGALDY	8j9k_DB_agC_m0
8j9n_NNA_agC _ D_m0	ARCPAPFTRDCSTVDFTTYAY	6oya_NNA_agA _ B_m0
8j9o_BD_agA_m0	ARWGYWPGEWWPKAFDY	6cbv_HL_agB_m0
8j9o_CNA_agNA_m0	AIDSDTFSYGSYDY	6ww2_KNA_agNA_m0
8ja3_HL_agA _ V_m0	ARSRQWYSGLDY	8ja3_HL_agA _ V_m0
8ja3_IM_agB _ U_m0	ARSRWYSGLDY	8ja3_IM_agB _ U_m0
8ja5_BC_agD_m0	VREGDWFFDV	8ja5_BC_agD_m0
8ja5_HL_agA_m0	VREGDWFFDV	8ja5_BC_agD_m0
8jaf_HL_agA _ V_m0	ARSRQFWYSGLDY	4jqi_HL_agA _ V_m0
8jag_HL_agA_m0	ARGHVLE	8jag_HL_agA_m0
8jam_HL_agB_m0	ARGHVLE	8jag_HL_agA_m0
8jap_HL_agA_m0	ARGHVLE	8jag_HL_agA_m0
8jbf_Ee_agC _ D_m0	VRSIYYYSGSPFDF	6crk_Hh_agA _ B _ G_m0
8jbg_Ee_agC _ D_m0	VRSIYYYSGSPFDF	6crk_Hh_agA _ B _ G_m0
8jbh_Ee_agC _ D_m0	VRSIYYYSGSPFDF	6crk_Hh_agA _ B _ G_m0
8jbj_AB_agNA_m0	ARDFIITVYNPVVDY	8jbj_AB_agNA_m0
8jbj_CD_agNA_m0	ARDFIITVYNPVVDY	8jbj_AB_agNA_m0
8jd5_Hh_agA _ B_m0	VRSIYYYSGSPFDF	6crk_Hh_agA _ B _ G_m0
8jd6_Dd_agA _ B_m0	VRSIYYYSGSPFDF	6crk_Hh_agA _ B _ G_m0
8jef_Ss_agC _ B_m0	VRSIYYYSGSPFDF	6crk_Hh_agA _ B _ G_m0
8jei_Ss_agC _ B_m0	VRSIYYYSGSPFDF	6crk_Hh_agA _ B _ G_m0
8jel_AB_agE_m0	ARQTNYDFTMDY	8jel_AB_agE_m0
8jel_CD_agJ_m0	ARQTNYDFTMDY	8jel_AB_agE_m0
8jel_FG_agH_m0	ARQTNYDFTMDY	8jel_AB_agE_m0
8jel_IK_agL_m0	ARQTNYDFTMDY	8jel_AB_agE_m0
8jen_AB_agI_m0	ARQTNYDFTMDY	8jel_AB_agE_m0
8jen_CD_agJ_m0	ARQTNYDFTMDY	8jel_AB_agE_m0
8jen_EF_agM_m0	ARQTNYDFTMDY	8jel_AB_agE_m0
8jen_GH_agP_m0	ARQTNYDFTMDY	8jel_AB_agE_m0
8jeo_BC_agA_m0	TRESTTYDALLGPFDY	8jeo_BC_agA_m0
8jeo_EF_agD_m0	TRESTTYDALLGPFDY	8jeo_BC_agA_m0
8jep_AB_agNA_m0	ARQTNYDFTMDY	8jel_AB_agE_m0
8jep_CD_agNA_m0	ARQTNYDFTMDY	8jel_AB_agE_m0
8jeq_AB_agNA_m0	TRESTTYDALLGPFDY	8jeo_BC_agA_m0
8jer_Hh_agA _ B_m0	VRSIYYYSGSPFDF	6crk_Hh_agA _ B _ G_m0
8jf7_FNA_agA_m0	ARLYYGFYGMDY	8jf7_FNA_agA_m0
8jf7_HNA_agC_m0	ARLYYGFYGMDY	8jf7_FNA_agA_m0
8jf7_JK_agB_m0	TRMETAWFPY	8jf7_JK_agB_m0
8jg5_CD_agA_m0	ARDSDQYSQGLGY	8jg5_CD_agA_m0
8jg5_EF_agB_m0	ARDSDQYSQGLGY	8jg5_CD_agA_m0
8jgb_Ss_agA _ B _ G_m0	VRSIYYYSGSPFDF	6crk_Hh_agA _ B _ G_m0
8jgf_Ee_agA _ B_m0	VRSIYYYSGSPFDF	6crk_Hh_agA _ B _ G_m0
8jgg_Ss_agA _ B _ G_m0	VRSIYYYSGSPFDF	6crk_Hh_agA _ B _ G_m0
8jh5_CNA_agA_m0	RVKVGAWY	8jh5_CNA_agA_m0
8jh5_DNA_agB_m0	RVKVGAWY	8jh5_CNA_agA_m0
8jh7_HL_agD_m0	ARWGYWPGEWWPKAFDY	6cbv_HL_agB_m0
8jh7_KNA_agNA_m0	AIDSDTFSYGSYDY	6ww2_KNA_agNA_m0
8jhb_NNA_agA _ B _ C_m0	ARCPAPFTRDCSTVDFTTYAY	6oya_NNA_agA _ B_m0
8jhc_HL_agR_m0	ARWGYWPGEWWPKAFDY	6cbv_HL_agB_m0
8jhc_KNA_agNA_m0	AIDSDTFSYGSYDY	6ww2_KNA_agNA_m0
8jhi_NNA_agA _ B _ C_m0	ARCPAPFTRDCSTVDFTTYAY	6oya_NNA_agA _ B_m0
8jhn_Hh_agA _ B_m0	VRSIYYYSGSPFDF	6crk_Hh_agA _ B _ G_m0
8jhy_Ss_agD _ B_m0	VRSIYYYSGSPFDF	6crk_Hh_agA _ B _ G_m0
8jii_Ss_agD _ B_m0	VRSIYYYSGSPFDF	6crk_Hh_agA _ B _ G_m0
8jil_Ss_agD _ B_m0	VRSIYYYSGSPFDF	6crk_Hh_agA _ B _ G_m0
8jim_Ss_agD _ B_m0	VRSIYYYSGSPFDF	6crk_Hh_agA _ B _ G_m0
8jio_CB_agA_m0	ATDYYDSSSYGYGMDV	8jio_CB_agA_m0
8jip_NNA_agA _ B_m0	ARCPAPFTRDCSTVDFTTYAY	6oya_NNA_agA _ B_m0
8jiq_NNA_agA _ B_m0	ARCPAPFTRDCSTVDFTTYAY	6oya_NNA_agA _ B_m0
8jir_NNA_agA _ B_m0	ARCPAPFTRDCSTVDFTTYAY	6oya_NNA_agA _ B_m0
8jis_NNA_agA _ B_m0	ARCPAPFTRDCSTVDFTTYAY	6oya_NNA_agA _ B_m0
8jit_NNA_agA _ B_m0	ARCPAPFTRDCSTVDFTTYAY	6oya_NNA_agA _ B_m0
8jiu_NNA_agA _ B_m0	ARCPAPFTRDCSTVDFTTYAY	6oya_NNA_agA _ B_m0
8jiz_EF_agB_m0	ARDSGSTMYYGDNWFDP	8jiz_EF_agB_m0
8jiz_GH_agD _ A_m0	ARDSGSTMYYGDNWFDP	8jiz_EF_agB_m0
8jj0_EF_agD _ A_m0	ARDSGSTMYYGDNWFDP	8jiz_EF_agB_m0
8jj1_EF_agB_m0	ARDATGASASPFDY	8jj1_EF_agB_m0
8jj1_HG_agD_m0	ARDATGASASPFDY	8jj1_EF_agB_m0
8jj2_EF_agD_m0	ARDATGASASPFDY	8jj1_EF_agB_m0
8jjp_Ss_agC _ B_m0	VRSIYYYSGSPFDF	6crk_Hh_agA _ B _ G_m0
8jjv_ANA_agB_m0	ASRWRSVSEGC	8jjv_ANA_agB_m0
8jkf_HL_agA_m0	ARERGWLDY	8jkf_HL_agA_m0
8jkf_MN_agB_m0	ARERGWLDY	8jkf_HL_agA_m0
8jkf_hl_aga_m0	ARERGWLDY	8jkf_HL_agA_m0
8jkf_mn_agb_m0	ARERGWLDY	8jkf_HL_agA_m0
8jkh_HL_agA_m0	ASLGSGSAFGY	8jkh_HL_agA_m0
8jkh_MN_agB_m0	ASLGSGSAFGY	8jkh_HL_agA_m0
8jkh_hl_aga_m0	ASLGSGSAFGY	8jkh_HL_agA_m0
8jkh_mn_agb_m0	ASLGSGSAFGY	8jkh_HL_agA_m0
8jlj_Ss_agA _ B_m0	VRSIYYYSGSPFDF	6crk_Hh_agA _ B _ G_m0
8jlk_Ss_agA _ B_m0	VRSIYYYSGSPFDF	6crk_Hh_agA _ B _ G_m0
8jln_Ss_agA _ B _ Y_m0	VRSIYYYSGSPFDF	6crk_Hh_agA _ B _ G_m0
8jlq_Ss_agA _ B _ Y_m0	VRSIYYYSGSPFDF	6crk_Hh_agA _ B _ G_m0
8jlr_Ss_agA _ B_m0	VRSIYYYSGSPFDF	6crk_Hh_agA _ B _ G_m0
8jlw_HL_agA_m0	ARGDQYYGYFDF	8jlw_HL_agA_m0
8jlx_HL_agA_m0	ANGYYQAMDY	8jlx_HL_agA_m0
8jly_ANA_agB_m0	ASRWRSVSEGC	8jjv_ANA_agB_m0
8jlz_NNA_agA _ B_m0	ARCPAPFTRDCSTVDFTTYAY	6oya_NNA_agA _ B_m0
8jn1_HL_agC _ E_m0	ARGRDFRGYGSQLDY	8jn1_HL_agC _ E_m0
8jn2_HL_agE _ C_m0	ARGRDFRGYGSQLDY	8jn1_HL_agC _ E_m0
8jn3_HL_agC _ E_m0	ARGRDFRGYGSQLDY	8jn1_HL_agC _ E_m0
8jn4_HL_agC _ E_m0	AREQAVGTPNWAFDY	8jn4_HL_agC _ E_m0
8jn5_HL_agC _ E_m0	AREQAVGTPNWAFDY	8jn4_HL_agC _ E_m0
8jn6_HL_agC_m0	AREQAVGTPNWAFDY	8jn4_HL_agC _ E_m0
8jn7_HL_agC_m0	AREQAVGTPNWAFDY	8jn4_HL_agC _ E_m0
8jnk_IM_agA_m0	ARGDSWYAMDY	8jnk_IM_agA_m0
8jnk_JN_agE_m0	ARGDSWYAMDY	8jnk_IM_agA_m0
8jnk_KO_agG_m0	ARGDSWYAMDY	8jnk_IM_agA_m0
8jnk_LP_agC_m0	ARGDSWYAMDY	8jnk_IM_agA_m0
8jnr_GK_agA_m0	ARGDSWYAMDY	8jnk_IM_agA_m0
8jnr_HL_agD_m0	ARGDSWYAMDY	8jnk_IM_agA_m0
8jnr_IM_agE_m0	ARGDSWYAMDY	8jnk_IM_agA_m0
8jnr_JN_agC_m0	ARGDSWYAMDY	8jnk_IM_agA_m0
8jow_Aa_agB_m0	ARRGVGYNLYYNM	8jow_Aa_agB_m0
8jow_Cc_agD_m0	ARRGVGYNLYYNM	8jow_Aa_agB_m0
8jpn_Ss_agA _ B_m0	VRSIYYYSGSPFDF	6crk_Hh_agA _ B _ G_m0
8jqm_HL_agA_m0	ARAIDNFYDNSI	8jqm_HL_agA_m0
8jqm_MN_agB_m0	ARAIDNFYDNSI	8jqm_HL_agA_m0
8jqn_HL_agA_m0	ARVFNGYEGDY	8jqn_HL_agA_m0
8jqn_hl_aga_m0	ARVFNGYEGDY	8jqn_HL_agA_m0
8jqs_HL_agA_m0	ARSNVDGSTDY	8jqs_HL_agA_m0
8jqs_hl_aga_m0	ARSNVDGSTDY	8jqs_HL_agA_m0
8jr3_AD_agF_m0	VREGDWFFDV	8ja5_BC_agD_m0
8jr3_BC_agE_m0	VREGDWFFDV	8ja5_BC_agD_m0
8jr9_NNA_agA _ B_m0	ARCPAPFTRDCSTVDFTTYAY	6oya_NNA_agA _ B_m0
8jsb_Aa_agNA_m0	AKKRYPFDY	8jsb_Aa_agNA_m0
8jsb_Bb_agNA_m0	AKKRYPFDY	8jsb_Aa_agNA_m0
8jsb_Cc_agNA_m0	AKKRYPFDY	8jsb_Aa_agNA_m0
8jsb_Dd_agNA_m0	AKKRYPFDY	8jsb_Aa_agNA_m0
8jso_Ss_agA _ B_m0	VRSIYYYSGSPFDF	6crk_Hh_agA _ B _ G_m0
8jsp_Ee_agA _ B _ G_m0	VRSIYYYSGSPFDF	6crk_Hh_agA _ B _ G_m0
8jsr_Cc_agA_m0	VRSIYYYSGSPFDF	6crk_Hh_agA _ B _ G_m0
8jsr_NNA_agA _ G _ B_m0	ARCPAPFTRDCSTVDFTTYAY	6oya_NNA_agA _ B_m0
8jt6_Ee_agA _ B_m0	VRSIYYYSGSPFDF	6crk_Hh_agA _ B _ G_m0
8jtd_JN_agA _ D _ C_m0	LTGSKHRLRDYFLYNEYLYDGWEEYNPGATLDV	5v8l_JN_agA_m0
8jtm_JN_agA _ D _ C_m0	LTGSKHRLRDYFLYNEYLYDGWEEYNPGATLDV	5v8l_JN_agA_m0
8jtw_BNA_agA_m0	AVPDVFVGWGRDYLIY	8jtw_BNA_agA_m0
8jtx_BNA_agA_m0	AVPDVFVGWGRDYLIY	8jtw_BNA_agA_m0
8jty_BNA_agA_m0	AVPDVFVGWGRDYLIY	8jtw_BNA_agA_m0
8juh_Aa_agNA_m0	ARDTDYDGMDV	8juh_Aa_agNA_m0
8juh_Cc_agNA_m0	ARDTDYDGMDV	8juh_Aa_agNA_m0
8jva_BA_agF_m0	ANLKDSRYGSSYYDY	7n8h_CB_agA_m0
8jva_DNA_agF_m0	NLGPESQDHNYNY	8jva_DNA_agF_m0
8jxr_BNA_agA_m0	NVKDFGAVIADRDY	8jxr_BNA_agA_m0
8jxr_HL_agC_m0	ARRPLYDGGYDYPMDY	7r9d_HL_agNA_m0
8jxs_BNA_agA_m0	NVKDFGAVIADRDY	8jxr_BNA_agA_m0
8jxs_HL_agC_m0	ARRPLYDGGYDYPMDY	7r9d_HL_agNA_m0
8jxt_Ee_agB _ C_m0	VRSIYYYSGSPFDF	6crk_Hh_agA _ B _ G_m0
8jxv_Ee_agB _ C_m0	VRSIYYYSGSPFDF	6crk_Hh_agA _ B _ G_m0
8jxw_Ee_agB _ C_m0	VRSIYYYSGSPFDF	6crk_Hh_agA _ B _ G_m0
8jxx_Ee_agB _ C_m0	VRSIYYYSGSPFDF	6crk_Hh_agA _ B _ G_m0
8jyq_AB_agC_m0	ARRVVATDWYFDV	8jyq_AB_agC_m0
8jyq_DE_agF_m0	ARRVVATDWYFDV	8jyq_AB_agC_m0
8jyr_HL_agA_m0	ARMNYGSGYAMDY	8jyr_HL_agA_m0
8jys_ANA_agB_m0	SYSILRDQVGYD	8jys_ANA_agB_m0
8jys_CNA_agD_m0	SYSILRDQVGYDY	8jys_ANA_agB_m0
8jz7_Ss_agD _ B_m0	VRSIYYYSGSPFDF	6crk_Hh_agA _ B _ G_m0
8jza_ANA_agNA_m0	AARESTWWITEGLPVAEYPY	8jza_ANA_agNA_m0
8jzp_Hh_agB _ C_m0	VRSIYYYSGSPFDF	6crk_Hh_agA _ B _ G_m0
8jzz_Hh_agC _ B_m0	VRSIYYYSGSPFDF	6crk_Hh_agA _ B _ G_m0
8k0c_EF_agA_m0	ARDYQYYYSGSHPTPYNWFDV	8k0c_EF_agA_m0
8k0c_GH_agB_m0	ARDYQYYYSGSHPTPYNWFDV	8k0c_EF_agA_m0
8k0d_CD_agB_m0	ARDYQYYYSGSHPTPYNWFDV	8k0c_EF_agA_m0
8k0d_EF_agA_m0	ARDYQYYYSGSHPTPYNWFDV	8k0c_EF_agA_m0
8k18_CD_agE_m0	ARGLLEWRYGQDV	8k18_CD_agE_m0
8k19_AB_agE_m0	ARPIMGGRHGMDV	8k19_AB_agE_m0
8k2w_NNA_agR_m0	NAEYRTGIEWELLDG	6vi4_CNA_agB_m0
8k2x_Ss_agA _ B_m0	VRSIYYYSGSPFDF	6crk_Hh_agA _ B _ G_m0
8k33_BNA_agA_m0	NVYGTNLAP	8k33_BNA_agA_m0
8k33_DNA_agC_m0	NVYGTNLAP	8k33_BNA_agA_m0
8k33_FNA_agE_m0	NVYGTNLAP	8k33_BNA_agA_m0
8k33_HNA_agG_m0	NVYGTNLAP	8k33_BNA_agA_m0
8k33_JNA_agI_m0	NVYGTNLAP	8k33_BNA_agA_m0
8k33_MNA_agL_m0	NVYGTNLAP	8k33_BNA_agA_m0
8k33_ONA_agN_m0	NVYGTNLAP	8k33_BNA_agA_m0
8k33_QNA_agK_m0	NVYGTNLAP	8k33_BNA_agA_m0
8k33_RNA_agP_m0	NVYGTNLAP	8k33_BNA_agA_m0
8k33_TNA_agY_m0	NVYGTNLAP	8k33_BNA_agA_m0
8k33_VNA_agU_m0	NVYGTNLAP	8k33_BNA_agA_m0
8k33_XNA_agW_m0	NVYGTNLAP	8k33_BNA_agA_m0
8k3a_BNA_agA_m0	AAGNGALPPGPSLRRQNMDT	7nxx_BNA_agA_m0
8k3c_CD_agB_m0	ARDREDIVVVPAYYYYGRPYYMDV	8k3c_CD_agB_m0
8k3k_DNA_agE_m0	AYWDMDYLSNQIPVDY	8k3k_DNA_agE_m0
8k3l_BNA_agA_m0	AANHFFDYSRTALPDAEYNY	8k3l_BNA_agA_m0
8k3l_DNA_agC_m0	AANHFFDYSRTALPDAEYNY	8k3l_BNA_agA_m0
8k3l_FNA_agE_m0	AANHFFDYSRTALPDAEYNY	8k3l_BNA_agA_m0
8k3l_HNA_agG_m0	AANHFFDYSRTALPDAEYNY	8k3l_BNA_agA_m0
8k3z_Ss_agC _ B_m0	VRSIYYYSGSPFDF	6crk_Hh_agA _ B _ G_m0
8k45_DNA_agB_m0	AYWDMDYLSNQIPVDY	8k3k_DNA_agE_m0
8k45_ENA_agA_m0	AYWDMDYLSNQIPVDY	8k3k_DNA_agE_m0
8k46_ENA_agA_m0	AYWDMDYLSNQIPVDY	8k3k_DNA_agE_m0
8k46_GNA_agB_m0	AYWDMDYLSNQIPVDY	8k3k_DNA_agE_m0
8k46_INA_agC_m0	AYWDMDYLSNQIPVDY	8k3k_DNA_agE_m0
8k47_INA_agC_m0	AYWDMDYLSNQIPVDY	8k3k_DNA_agE_m0
8k4n_Ee_agA _ B_m0	VRSIYYYSGSPFDF	6crk_Hh_agA _ B _ G_m0
8k4q_BNA_agA_m0	AASDNDGNCQDY	8k4q_BNA_agA_m0
8k4q_DNA_agC_m0	AASDNDGNCQDY	8k4q_BNA_agA_m0
8k4s_Dd_agA _ B_m0	VRSIYYYSGSPFDF	6crk_Hh_agA _ B _ G_m0
8k5g_HL_agA_m0	AAPYCGGDSCDGFDI	7x7o_EF_agC_m0
8k5h_HL_agB _ A_m0	AAPYCGGDSCDGFDI	7x7o_EF_agC_m0
8k6m_Ss_agA _ B_m0	VRSIYYYSGSPFDF	6crk_Hh_agA _ B _ G_m0
8k6n_Ss_agA _ C _ B_m0	VRSIYYYSGSPFDF	6crk_Hh_agA _ B _ G_m0
8k6o_Ss_agA _ B_m0	VRSIYYYSGSPFDF	6crk_Hh_agA _ B _ G_m0
8k8j_NNA_agA _ B_m0	ARCPAPFTRDCSTVDFTTYAY	6oya_NNA_agA _ B_m0
8k9b_AB_agE_m0	AGSGNYEDAMDY	8k9b_AB_agE_m0
8k9j_AB_agE_m0	AGSGNYEDAMDY	8k9b_AB_agE_m0
8k9j_GF_agD_m0	AGSGNYEDAMDY	8k9b_AB_agE_m0
8k9k_Hh_agA _ B _ G_m0	VRSIYYYSGSPFDF	6crk_Hh_agA _ B _ G_m0
8k9l_Hh_agA _ B _ G_m0	VRSIYYYSGSPFDF	6crk_Hh_agA _ B _ G_m0
8k9m_AB_agE_m0	AGSGNYEDAMDY	8k9b_AB_agE_m0
8k9m_GF_agC_m0	AGSGNYEDAMDY	8k9b_AB_agE_m0
8kae_HL_agR_m0	ARGYQYWQYHANWYWSGGLDY	7php_HL_agNA_m0
8kae_KNA_agNA_m0	AIDSDTFSYGSYDY	6ww2_KNA_agNA_m0
8kae_NNA_agR_m0	AAGREMCAPMYDGLMYDMDY	7yub_NNA_agR_m0
8kdd_HL_agA_m0	ARGRQTYYPWFPY	8kdd_HL_agA_m0
8kdg_HL_agA_m0	ARGRQTYYPWFPY	8kdd_HL_agA_m0
8kdi_HL_agA_m0	ARGRQTYYPWFPY	8kdd_HL_agA_m0
8kdm_ED_agB _ C_m0	ARDLFFIPAANSFDY	8kdm_ED_agB _ C_m0
8kdm_GF_agA_m0	ARDLFFIPAANSFDY	8kdm_ED_agB _ C_m0
8kdr_HL_agA_m0	VRGDASPDYINYYMDV	8kdr_HL_agA_m0
8kds_ED_agA_m0	VRGDASPDYINYYMDV	8kdr_HL_agA_m0
8kds_GF_agC_m0	VRGDASPDYINYYMDV	8kdr_HL_agA_m0
8kds_IH_agB_m0	VRGDASPDYINYYMDV	8kdr_HL_agA_m0
8kdt_HL_agA_m0	ARDLFFIPAANSFDY	8kdm_ED_agB _ C_m0
8keh_ED_agA _ C_m0	ARDLFFIPAANSFDY	8kdm_ED_agB _ C_m0
8keh_GF_agB_m0	ARDLFFIPAANSFDY	8kdm_ED_agB _ C_m0
8kei_CE_agB_m0	ARRYVFSGYGSGLDS	7u8g_DE_agA_m0
8kej_HL_agA_m0	ARDLFFIPAANSFDY	8kdm_ED_agB _ C_m0
8kek_HL_agA_m0	VRGDASPDYINYYMDV	8kdr_HL_agA_m0
8keo_ED_agA_m0	AAPHCNRTHCNDGFDI	7ps5_HL_agE_m0
8keo_GF_agB_m0	AAPHCNRTHCNDGFDI	7ps5_HL_agE_m0
8keo_IH_agC_m0	AAPHCNRTHCNDGFDI	7ps5_HL_agE_m0
8kep_HL_agA_m0	AAPHCNRTHCNDGFDI	7ps5_HL_agE_m0
8keq_ED_agA_m0	ARDLFFIPAANSFDY	8kdm_ED_agB _ C_m0
8keq_GF_agB_m0	ARDLFFIPAANSFDY	8kdm_ED_agB _ C_m0
8ker_ED_agA_m0	VRGDASPDYINYYMDV	8kdr_HL_agA_m0
8ker_GF_agB_m0	VRGDASPDYINYYMDV	8kdr_HL_agA_m0
8ker_IH_agC_m0	VRGDASPDYINYYMDV	8kdr_HL_agA_m0
8kfa_DF_agB_m0	ARDVWLLPASITYAFDF	8kfa_DF_agB_m0
8kfa_EG_agC_m0	ARDVWLLPASITYAFDF	8kfa_DF_agB_m0
8kfa_HL_agA_m0	ARDVWLLPASITYAFDF	8kfa_DF_agB_m0
8kfx_Ss_agA _ B _ C_m0	VRSIYYYSGSPFDF	6crk_Hh_agA _ B _ G_m0
8kfy_Ss_agA _ B_m0	VRSIYYYSGSPFDF	6crk_Hh_agA _ B _ G_m0
8kfz_Ss_agA _ B_m0	VRSIYYYSGSPFDF	6crk_Hh_agA _ B _ G_m0
8kg5_DE_agC _ B_m0	ATETALVVSTPLYTHYFDN	5udc_BC_agA_m0
8kgg_Ee_agA _ B_m0	VRSIYYYSGSPFDF	6crk_Hh_agA _ B _ G_m0
8kgk_ENA_agB _ C_m0	ARCPAPFTRDCSTVDFTTYAY	6oya_NNA_agA _ B_m0
8kgz_Aa_agNA_m0	ARDTDYDGMDV	8juh_Aa_agNA_m0
8kgz_Bb_agNA_m0	ARDTDYDGMDV	8juh_Aa_agNA_m0
8kh4_ENA_agB _ C_m0	ARCPAPFTRDCSTVDFTTYAY	6oya_NNA_agA _ B_m0
8kh5_ENA_agB _ C_m0	ARCPAPFTRDCSTVDFTTYAY	6oya_NNA_agA _ B_m0
8khc_FG_agB_m0	TTGVDIVVMDAYMDAFDI	8khc_FG_agB_m0
8khc_HJ_agA_m0	TTGVDIVVMDAYMDAFDI	8khc_FG_agB_m0
8khd_HJ_agC_m0	TTGVDIVVMDAYMDAFDI	8khc_FG_agB_m0
8khr_HL_agC _ A _ B_m0	ARVPDYGNTTPFDY	8khr_HL_agC _ A _ B_m0
8odx_HL_agA_m0	ARSPDYIDIYGFDY	8c7m_CD_agB_m0
8odx_KNA_agNA_m0	AIDSDTFSYGSYDY	6ww2_KNA_agNA_m0
8og0_HL_agP_m0	WRRGAYGYYGDLNL	8og0_HL_agP_m0
8oi2_BNA_agA_m0	TIGGSLSR	8oi2_BNA_agA_m0
8ojs_BA_agNA_m0	ARAFYYSGSVMFDS	5otj_BA_agD_m0
8ojs_HL_agNA_m0	ARAFYYSGSVMFDS	5otj_BA_agD_m0
8ojt_HL_agNA_m0	ARAFYYSGSVMFDS	5otj_BA_agD_m0
8oju_HL_agNA_m0	ARAFYYSGSVMFDS	5otj_BA_agD_m0
8ojv_HL_agNA_m0	ARAFYYSGSVMFDS	5otj_BA_agD_m0
8ol9_BA_agH_m0	AKAFGSGSYYNGFDY	8ol9_BA_agH_m0
8omu_BNA_agA_m0	LVRVGSWY	8bvr_BNA_agA_m0
8omz_BNA_agA_m0	AAAYFGYSSHALPERYMY	8omz_BNA_agA_m0
8omz_DNA_agC_m0	AAAYFGYSSHALPERYMY	8omz_BNA_agA_m0
8oni_CD_agF _ A_m0	ARSRSYYNGSRDY	8oni_CD_agF _ A_m0
8oni_HL_agB _ I_m0	ARSRSYYNGSRDY	8oni_CD_agF _ A_m0
8onk_CE_agA_m0	ARSRSYYNGSRDY	8oni_CD_agF _ A_m0
8onk_GF_agI_m0	ASGIRHAMDY	8onk_GF_agI_m0
8onk_HL_agB_m0	ARSRSYYNGSRDY	8oni_CD_agF _ A_m0
8onk_KJ_agD_m0	ASGIRHAMDY	8onk_GF_agI_m0
8ont_BNA_agA_m0	AAGTSTFARLRSPEY	8ont_BNA_agA_m0
8oo1_BNA_agA_m0	AAAYFGYSSHALPERYMY	8omz_BNA_agA_m0
8oo1_DNA_agC_m0	AAAYFGYSSHALPERYMY	8omz_BNA_agA_m0
8op0_ANA_agB_m0	APAYEGDLYAFDE	8pii_ANA_agB_m0
8opi_ANA_agB_m0	APAYEGDLYA	8pii_ANA_agB_m0
8opr_BNA_agA_m0	NIYLYGDRGTSTLNS	8opr_BNA_agA_m0
8opr_CNA_agA_m0	ARRLNWRFISEKDWNSEYAY	8opr_CNA_agA_m0
8oq3_CNA_agA_m0	AAGTGWSPDTQCEYNY	8oq3_CNA_agA_m0
8oq3_FNA_agD_m0	AAGTGWSPDTQCEYNY	8oq3_CNA_agA_m0
8oud_DNA_agA_m0	NAVQILKTIY	8oud_DNA_agA_m0
8oud_ENA_agB_m0	NAVQILKTIY	8oud_DNA_agA_m0
8oud_FNA_agC_m0	NAVQILKTIY	8oud_DNA_agA_m0
8owt_ANA_agB_m0	AASVGNYGLHAWPFEYDF	8owt_ANA_agB_m0
8owt_CNA_agB_m0	AITTIVRAYYETYETADFGS	7oap_FNA_agE_m0
8owt_DNA_agE_m0	AASVGNYGLHAWPFEYDF	8owt_ANA_agB_m0
8owt_FNA_agE_m0	AITTIVRAYYETYETADFGS	7oap_FNA_agE_m0
8owv_BNA_agE_m0	AADRGESYYPRTYTEYEF	7oay_BNA_agA_m0
8owv_FNA_agE_m0	ATDLGGYCSNSDYPRAW	8owv_FNA_agE_m0
8oww_BNA_agA_m0	ATRSGPYCTVSTSDFDD	8oww_BNA_agA_m0
8oxv_BC_agA_m0	AKDHYLGSSDYGMDV	8oxv_BC_agA_m0
8oxw_BC_agA_m0	AKDHYLGSSDYGMDV	8oxv_BC_agA_m0
8oxx_BC_agA_m0	AKDHYLGSSDYGMDV	8oxv_BC_agA_m0
8oxy_BC_agA_m0	AKDHYLGSSDYGMDV	8oxv_BC_agA_m0
8oyt_ENA_agC_m0	ATDLGGYCSNSDYPRAW	8owv_FNA_agE_m0
8oyt_FNA_agA_m0	ATDLGGYCSNSDYPRAW	8owv_FNA_agE_m0
8oyt_GNA_agB_m0	ATDLGGYCSNSDYPRAW	8owv_FNA_agE_m0
8oyu_DNA_agA_m0	ATDLGGYCSNSDYPRAW	8owv_FNA_agE_m0
8oyu_ENA_agC_m0	ATDLGGYCSNSDYPRAW	8owv_FNA_agE_m0
8oz3_AB_agC_m0	ARVYSSPGIDY	8oz3_AB_agC_m0
8oz3_HL_agD_m0	ARVYSSPGIDY	8oz3_AB_agC_m0
8ozb_ANA_agF_m0	HVVIESTFRVYDHY	8ozb_ANA_agF_m0
8ozb_CNA_agE_m0	HVVIESTFRVYDHY	8ozb_ANA_agF_m0
8p12_HL_agB _ G_m0	ASENYSYDRGFAY	8p12_HL_agB _ G_m0
8p2e_AB_agNA_m0	ARSRGSQTFDY	8p2e_AB_agNA_m0
8p2e_CD_agNA_m0	ARSRGSQTFDY	8p2e_AB_agNA_m0
8p2e_EF_agNA_m0	ARSRGSQTFDY	8p2e_AB_agNA_m0
8p2e_GH_agNA_m0	ARSRGSQTFDY	8p2e_AB_agNA_m0
8p5m_GL_agI_m0	ARDLGTYDDS	8p5m_GL_agI_m0
8p6h_HL_agNA_m0	TTVHQETIHEYSFHVDA	8p6h_HL_agNA_m0
8p6i_HL_agA_m0	TRSRYGNYNVYGMDY	8p6i_HL_agA_m0
8p6i_hl_aga_m0	TRSRYGNYNVYGMDY	8p6i_HL_agA_m0
8p7w_CNA_agA_m0	ATTVRINNSEKCYQYHG	8p7w_CNA_agA_m0
8p7w_DG_agB_m0	ATFYGAKGTLDY	5niv_BA_ag_m0
8p7w_FE_agA_m0	ATFYGAKGTLDY	5niv_BA_ag_m0
8p7w_YNA_agB_m0	ATTVRINNSEKCYQYHG	8p7w_CNA_agA_m0
8p88_CA_agNA_m0	VKSSYSDISVARFDS	8p88_CA_agNA_m0
8p89_CA_agNA_m0	AKEARIGSVGTYDY	8p89_CA_agNA_m0
8p89_DB_agNA_m0	AKEARVSGTYDY	8p89_DB_agNA_m0
8p8a_DC_agB_m0	ATFYGAKGTLDY	5niv_BA_ag_m0
8p8a_FE_agA_m0	ATFYGAKGTLDY	5niv_BA_ag_m0
8p8a_ZNA_agA_m0	AARAQLMDRSRYSYDY	8p8a_ZNA_agA_m0
8p8j_DC_agB_m0	ATFYGAKGTLDY	5niv_BA_ag_m0
8p8j_FE_agA_m0	ATFYGAKGTLDY	5niv_BA_ag_m0
8p8j_ZNA_agA_m0	GADNTWVGYRSSPSSMDY	8p8j_ZNA_agA_m0
8pe1_CNA_agA_m0	NAVRGRRNSGDFENDY	8pe1_CNA_agA_m0
8pe1_DNA_agB_m0	NAVRGRRNSGDFENDY	8pe1_CNA_agA_m0
8pe2_BNA_agA_m0	NVEVRTGPRTSWSPY	8pe2_BNA_agA_m0
8pe9_HL_agA_m0	ARADTGDNYGLGLQL	8pe9_HL_agA_m0
8pet_FNA_agE _ D_m0	AAKGRYSGGPYYLTNYDY	5o8f_KNA_agA_m0
8pg0_HL_agA_m0	ARYYIKRWWLMSYDEWSMGLDY	8pg0_HL_agA_m0
8phw_HL_agA_m0	ARYGWGGPWYYRSDRLWSGIDY	8phw_HL_agA_m0
8pih_BNA_agA_m0	AAEGSRGSSTRADLRGTYDY	8pih_BNA_agA_m0
8pih_CNA_agA_m0	NAQFLSSRTNY	8pih_CNA_agA_m0
8pii_ANA_agB_m0	APAYEGDLYAF	8pii_ANA_agB_m0
8pij_BNA_agA_m0	AADFRGSRLSYSCVDSSMDY	8pij_BNA_agA_m0
8piz_BNA_agA_m0	AADFRGSRLSYSCVDSSMDY	8pij_BNA_agA_m0
8pjp_CNA_agA_m0	AAGVYTIVTGEPGTDGMDY	8pjp_CNA_agA_m0
8pkc_CNA_agA_m0	AAEGSRGSSTRADLRGTYDY	8pih_BNA_agA_m0
8pkc_DNA_agB_m0	AAEGSRGSSTRADLRGTYDY	8pih_BNA_agA_m0
8pm2_NNA_agA _ B_m0	ARCPAPFTRDCSTVDFTTYAY	6oya_NNA_agA _ B_m0
8pmx_HL_agA _ B_m0	ASNVQLQRGRNWFDP	8pmx_HL_agA _ B_m0
8pmz_Bb_agA_m0	ARMGSVTGPHGVRWLDP	8pmz_Bb_agA_m0
8pmz_Dd_agC_m0	ARMGSVTGPHGVRWLDP	8pmz_Bb_agA_m0
8pn0_AB_agF _ E_m0	ASNVQLQRGRNWFDP	8pmx_HL_agA _ B_m0
8pn0_HL_agD _ C_m0	ASNVQLQRGRNWFDP	8pmx_HL_agA _ B_m0
8pnl_BNA_agA_m0	ARIINSASNIAY	8pnl_BNA_agA_m0
8pnl_DNA_agC_m0	ARIINSASNIAY	8pnl_BNA_agA_m0
8pnu_DNA_agA_m0	ASRGVSGRYEY	8pnu_DNA_agA_m0
8pnu_ENA_agB_m0	ASRGVSGRYEY	8pnu_DNA_agA_m0
8pnu_FNA_agC_m0	ASRGVSGRYEY	8pnu_DNA_agA_m0
8pnu_JNA_agG_m0	ASRGVSGRYEY	8pnu_DNA_agA_m0
8pnu_KNA_agH_m0	ASRGVSGRYEY	8pnu_DNA_agA_m0
8pnu_LNA_agI_m0	ASRGVSGRYEY	8pnu_DNA_agA_m0
8pnv_DNA_agA_m0	ASRGVSGRYEY	8pnu_DNA_agA_m0
8pnv_ENA_agB_m0	ASRGVSGRYEY	8pnu_DNA_agA_m0
8pnv_FNA_agC_m0	ASRGVSGRYEY	8pnu_DNA_agA_m0
8pnv_JNA_agG_m0	ASRGVSGRYEY	8pnu_DNA_agA_m0
8pnv_KNA_agH_m0	ASRGVSGRYEY	8pnu_DNA_agA_m0
8pnv_LNA_agI_m0	ASRGVSGRYEY	8pnu_DNA_agA_m0
8pok_ENA_agB _ C_m0	ARCPAPFTRDCSTVDFTTYAY	6oya_NNA_agA _ B_m0
8ppm_HL_agNA_m0	ARSPDYIDIYGFDY	8c7m_CD_agB_m0
8pq2_HL_agC_m0	ARDSPLGSIIKRGDY	8pq2_HL_agC_m0
8puk_AB_agNA_m0	TRREVYYYALDY	6tkc_HL_agNA_m0
8pul_AB_agNA_m0	TRREVYGRYNYALDY	6fax_HL_agR_m0
8pul_CD_agNA_m0	TRRALDY	8pul_CD_agNA_m0
8pvb_ONA_agA_m0	AAKGRYSGGPYYLTNYDY	5o8f_KNA_agA_m0
8pwh_BA_agE_m0	SRWGGDGFYAMDY	3b9v_ANA_ag_m0
8pwh_DC_agE_m0	ARNLGPSFYFDY	1l7i_HL_ag_m0
8pwu_Bb_agA_m0	ARSTTMIQQYFDY	8pwu_Bb_agA_m0
8pwu_Dd_agC_m0	ARSTTMIQQYFDY	8pwu_Bb_agA_m0
8pwu_Ff_agE_m0	ARSTTMIQQYFDY	8pwu_Bb_agA_m0
8pwu_Hh_agG_m0	ARSTTMIQQYFDY	8pwu_Bb_agA_m0
8pwv_Bb_agA_m0	ARLADGPFDY	8pwv_Bb_agA_m0
8pwv_Dd_agC_m0	ARLADGPFDY	8pwv_Bb_agA_m0
8pwv_Ff_agE_m0	ARLADGPFDY	8pwv_Bb_agA_m0
8pwv_Hh_agG_m0	ARLADGPFDY	8pwv_Bb_agA_m0
8pww_Bb_agA_m0	ARQVTMIQGLIDS	8pww_Bb_agA_m0
8pww_Dd_agC_m0	ARQVTMIQGLIDS	8pww_Bb_agA_m0
8pwx_Aa_agB_m0	ARGKEEYYSGGGSDY	8pwx_Aa_agB_m0
8pxo_DC_agB_m0	ATFYGAKGTLDY	5niv_BA_ag_m0
8pxo_FE_agA_m0	ATFYGAKGTLDY	5niv_BA_ag_m0
8py4_DC_agB_m0	ATFYGAKGTLDY	5niv_BA_ag_m0
8py4_FE_agA_m0	ATFYGAKGTLDY	5niv_BA_ag_m0
8pyr_DNA_agA_m0	SKQSSTPA	8pyr_DNA_agA_m0
8pyr_HNA_agE_m0	SKQSSTPA	8pyr_DNA_agA_m0
8q3j_CB_agA_m0	ARTVRGSKKPGSFYWAMDY	3pnw_BA_agC_m0
8q3j_FE_agD_m0	ARTVRGSKKPGSFYWAMDY	3pnw_BA_agC_m0
8q5d_BC_agA_m0	ARHGYSSGLDI	8q5d_BC_agA_m0
8q5d_EF_agD_m0	ARHGYSSGLDI	8q5d_BC_agA_m0
8q5y_BA_agC_m0	ARDLGTYDDS	8p5m_GL_agI_m0
8q5y_GH_agE_m0	ARDLGTYDDS	8p5m_GL_agI_m0
8q5y_RL_agD_m0	ARDLGTYDDS	8p5m_GL_agI_m0
8q6j_BA_agE_m0	SRWGGDGFYAMDY	3b9v_ANA_ag_m0
8q6j_DC_agE_m0	ARNLGPSFYFDY	1l7i_HL_ag_m0
8q6k_HL_agNA_m0	ARAFYYSGSVMFDS	5otj_BA_agD_m0
8q6k_NNA_agNA_m0	AAAGTPSYYYTLSLPEGTYDY	8q6k_NNA_agNA_m0
8q6r_ANA_agD_m0	NALQYEKHGGADY	8q6r_ANA_agD_m0
8q6r_BNA_agF_m0	NALQYEKHGGADY	8q6r_ANA_agD_m0
8q7b_DC_agB_m0	ATFYGAKGTLDY	5niv_BA_ag_m0
8q7b_FE_agA_m0	ATFYGAKGTLDY	5niv_BA_ag_m0
8q7o_ANA_agC_m0	NLLYYIDYVEYDY	8q7o_ANA_agC_m0
8q7o_BNA_agD_m0	NLLYYIDYVEYDY	8q7o_ANA_agC_m0
8q7s_BNA_agA_m0	NPDPGCRG	8q7s_BNA_agA_m0
8q7s_CNA_agA_m0	AAGPLPPGHSCPTPIRLGYDD	8q94_CNA_agA_m0
8q7s_ENA_agD_m0	NPDPGCRG	8q7s_BNA_agA_m0
8q7s_FNA_agD_m0	AAGPLPPGHSCPTPIRLGYDD	8q94_CNA_agA_m0
8q7s_HNA_agG_m0	NPDPGCRG	8q7s_BNA_agA_m0
8q7s_INA_agG_m0	AAGPLPPGHSCPTPIRLGYDD	8q94_CNA_agA_m0
8q7s_KNA_agJ_m0	NPDPGCRG	8q7s_BNA_agA_m0
8q7s_LNA_agJ_m0	AAGPLPPGHSCPTPIRLGYDD	8q94_CNA_agA_m0
8q7s_NNA_agM_m0	NPDPGCRG	8q7s_BNA_agA_m0
8q7s_ONA_agM_m0	AAGPLPPGHSCPTPIRLGYDD	8q94_CNA_agA_m0
8q93_BNA_agA_m0	NPDPGCR	8q93_BNA_agA_m0
8q93_CNA_agA_m0	AAGPATYYGGNWAHCTHHNAMHY	8q93_CNA_agA_m0
8q94_BNA_agA_m0	AADEAYYHEKPSQWGLGWPY	8q95_BNA_agA_m0
8q94_CNA_agA_m0	AAGPLPPGISCPTPIRLGYDD	8q94_CNA_agA_m0
8q95_BNA_agA_m0	AADEAYYHERPSQWGLGWPY	8q95_BNA_agA_m0
8q95_CNA_agA_m0	EVNEGVPVREY	8q95_CNA_agA_m0
8qcm_DC_agB_m0	ATFYGAKGTLDY	5niv_BA_ag_m0
8qcm_FE_agA_m0	ATFYGAKGTLDY	5niv_BA_ag_m0
8qf3_ANA_agNA_m0	AARKPMYRVDGKSIQNYDY	7r1z_ENA_agA_m0
8qf3_ENA_agNA_m0	AARKPMYRVDGKSIQNYDY	7r1z_ENA_agA_m0
8qf4_ENA_agA_m0	AARKPMYRVDGKSIQNYDY	7r1z_ENA_agA_m0
8qf5_ANA_agB_m0	NVVKRGPQWGME	7r20_BNA_agNA_m0
8qf5_GNA_agH_m0	NVVKRGPQWGME	7r20_BNA_agNA_m0
8qgx_BNA_agA_m0	TADPKLLPDALSSYGY	8qgx_BNA_agA_m0
8qgz_ANA_agNA_m0	TADPKLLPDALSSYGY	8qgx_BNA_agA_m0
8qgz_BNA_agNA_m0	TADPKLLPDALSSYGY	8qgx_BNA_agA_m0
8qgz_CNA_agNA_m0	TADPKLLPDALSSYGY	8qgx_BNA_agA_m0
8qgz_DNA_agNA_m0	TADPKLLPDALSSYGY	8qgx_BNA_agA_m0
8qh0_HL_agA_m0	ARDLVVYGMDV	7swo_HL_agA_m0
8qh1_HL_agE_m0	ARDLVVYGMDV	7swo_HL_agA_m0
8qj2_DNA_agA_m0	KARTGRIVRPLDY	8qj2_DNA_agA_m0
8qj2_NNA_agB _ C_m0	ARCPAPFTRDCSTVDFTTYAY	6oya_NNA_agA _ B_m0
8qkr_BC_agA_m0	ARDGIEYSYYYYAMDV	8qkr_BC_agA_m0
8qkr_EF_agD_m0	ARDGIEYSYYYYAMDV	8qkr_BC_agA_m0
8qks_CB_agA_m0	ARDNPASAVAFDV	8qks_CB_agA_m0
8qks_FE_agD_m0	ARDNPASAVAFDV	8qks_CB_agA_m0
8qks_JI_agH_m0	ARDNPASAVAFDV	8qks_CB_agA_m0
8qks_LK_agG_m0	ARDNPASAVAFDV	8qks_CB_agA_m0
8qks_PO_agN_m0	ARDNPASAVAFDV	8qks_CB_agA_m0
8qks_RQ_agM_m0	ARDNPASAVAFDV	8qks_CB_agA_m0
8qks_VU_agT_m0	ARDNPASAVAFDV	8qks_CB_agA_m0
8qks_XW_agS_m0	ARDNPASAVAFDV	8qks_CB_agA_m0
8qot_BNA_agA_m0	NFKYYSGSYKYFSEYDY	8qot_BNA_agA_m0
8qot_HL_agA_m0	ARGYQYWQYHANWYWSGGLDY	7php_HL_agNA_m0
8qot_KNA_agNA_m0	AIDSDTFSYGSYDY	6ww2_KNA_agNA_m0
8qpr_ED_agA_m0	ARDIAFAITVGSLDP	8qpr_ED_agA_m0
8qq0_ED_agA_m0	AKDVPPYISVGWLDC	8qq0_ED_agA_m0
8qrf_AB_agE_m0	AKVSQWALILF	7q0g_AB_agE_m0
8qrf_HL_agE_m0	AKSSFPGYSYWGSYGLDV	8qrf_HL_agE_m0
8qrg_ANA_agE_m0	AAGRFAGRDPWTSSYDY	7oap_ANA_agE_m0
8qrg_HL_agE_m0	AREVPRISGYDY	8qrg_HL_agE_m0
8qtd_HL_agA_m0	ARVGPYYYDSAGHYHRRYYFGMDV	8qtd_HL_agA_m0
8qv5_BNA_agA_m0	AAANTRLTALSTTTRLGSWAY	8qv5_BNA_agA_m0
8qv6_BNA_agA_m0	AAANTRLTALSTTTRLGSWAY	8qv5_BNA_agA_m0
8qw4_BNA_agA_m0	NAEVEWLDMDY	8qw4_BNA_agA_m0
8qxc_AB_agA_m0	VSITTRFAY	8qxc_AB_agA_m0
8qxc_CD_agNA_m0	VSAY	8qxc_CD_agNA_m0
8qxc_HL_agH_m0	VSITTRFAY	8qxc_AB_agA_m0
8qy9_HL_agA_m0	ASLYYDYGDAMDY	8qya_HL_agA_m0
8qya_HL_agA_m0	ASLYYDYGDAYDY	8qya_HL_agA_m0
8qyb_HL_agA_m0	ASLYYDYGDAYDY	8qya_HL_agA_m0
8qz1_CNA_agB_m0	AADGRGNLRRGATGRYVEY	8qz1_CNA_agB_m0
8qz1_DNA_agA_m0	AADGRGNLRRGATGRYVEY	8qz1_CNA_agB_m0
8qz2_CNA_agB _ A_m0	AATRAYSKPSDVRRHYDY	8qz2_CNA_agB _ A_m0
8qz3_CNA_agB_m0	AARDRLGGAGWFTATGDYDY	8qz3_CNA_agB_m0
8qz3_DNA_agB_m0	AARDRLGGAGWFTATGDYDY	8qz3_CNA_agB_m0
8qz3_ENA_agA_m0	AARDRLGGAGWFTATGDYDY	8qz3_CNA_agB_m0
8qz4_CNA_agA_m0	NVWSRGY	8qz4_CNA_agA_m0
8qz4_DNA_agB_m0	NVWSRGY	8qz4_CNA_agA_m0
8qz6_BNA_agA_m0	AALRRKAEYGISRSADFDS	8qz6_BNA_agA_m0
8qz6_DNA_agC_m0	AALRRKAEYGISRSADFDS	8qz6_BNA_agA_m0
8qz7_BNA_agA_m0	AALRRKAEYGISRSADFDS	8qz6_BNA_agA_m0
8qz7_DNA_agC_m0	AALRRKAEYGISRSADFDS	8qz6_BNA_agA_m0
8qzr_AB_agE_m0	ARENGGNSGDFDY	8qzr_AB_agE_m0
8qzr_HL_agC_m0	ARENGGNSGDFDY	8qzr_AB_agE_m0
8r1c_DE_agB_m0	VRLDNCSACYGHAFDI	8r1c_DE_agB_m0
8r1c_FG_agC_m0	VRLDNCSACYGHAFDI	8r1c_DE_agB_m0
8r1c_HL_agA_m0	VRLDNCSACYGHAFDI	8r1c_DE_agB_m0
8r1d_DE_agC_m0	ATHYCSGSGCPFDY	8r1d_DE_agC_m0
8r1d_FG_agB_m0	ATHYCSGSGCPFDY	8r1d_DE_agC_m0
8r1d_HL_agA_m0	ATHYCSGSGCPFDY	8r1d_DE_agC_m0
8r38_HL_agS_m0	ARDRTMGMTTFDY	8r38_HL_agS_m0
8r3w_Aa_agNA_m0	ARENLDNSGTSFYYYGWFDP	8r3w_Aa_agNA_m0
8r3w_Rr_agNA_m0	ARENLDNSGTSFYYYGWFDP	8r3w_Aa_agNA_m0
8r40_Aa_agC_m0	ARENLDNSGTSFYYYGWFDP	8r3w_Aa_agNA_m0
8r40_Rr_agG_m0	ARENLDNSGTSFYYYGWFDP	8r3w_Aa_agNA_m0
8r4b_BNA_agA_m0	AASRLRAGVPAKSEYDY	8r4b_BNA_agA_m0
8r4b_CNA_agA_m0	NADGIIALGYQNDH	8r4b_CNA_agA_m0
8r4c_CNA_agA_m0	NADGIIALGYQNDH	8r4b_CNA_agA_m0
8r4d_BNA_agA_m0	AASRLRAGVPAKSEYDY	8r4b_BNA_agA_m0
8r4n_HL_agN_m0	TGSGDTYYRWDGDRY	8r4n_HL_agN_m0
8r4o_Dd_agC_m0	ARVGDYNFWNGGSRYHYYFDL	8r4o_Dd_agC_m0
8r4o_Ff_agE_m0	ARVGDYNFWNGGSRYHYYFDL	8r4o_Dd_agC_m0
8r4o_Ll_agK_m0	ARVGDYNFWNGGSRYHYYFDL	8r4o_Dd_agC_m0
8r4q_Dd_agC_m0	ARVGDYNFWNGGSRYHYYFDL	8r4o_Dd_agC_m0
8r4q_Ff_agE_m0	ARVGDYNFWNGGSRYHYYFDL	8r4o_Dd_agC_m0
8r4q_Ll_agK_m0	ARVGDYNFWNGGSRYHYYFDL	8r4o_Dd_agC_m0
8r61_AB_agNA_m0	AKGFDYSASTNL	5i8o_HL_agH_m0
8r61_CNA_agNA_m0	AIDSDTFSYGSYDY	6ww2_KNA_agNA_m0
8r61_DE_agNA_m0	AKGFDYSASTNL	5i8o_HL_agH_m0
8r61_FNA_agNA_m0	AIDSDTFSYGSYDY	6ww2_KNA_agNA_m0
8r61_GH_agNA_m0	AKGFDYSASTNL	5i8o_HL_agH_m0
8r61_INA_agNA_m0	AIDSDTFSYGSYDY	6ww2_KNA_agNA_m0
8r61_JK_agNA_m0	AKGFDYSASTNL	5i8o_HL_agH_m0
8r61_LNA_agNA_m0	AIDSDTFSYGSYDY	6ww2_KNA_agNA_m0
8r61_MN_agNA_m0	AKGFDYSASTNL	5i8o_HL_agH_m0
8r61_ONA_agNA_m0	AIDSDTFSYGSYDY	6ww2_KNA_agNA_m0
8r61_PQ_agNA_m0	AKGFDYSASTNL	5i8o_HL_agH_m0
8r61_RNA_agNA_m0	AIDSDTFSYGSYDY	6ww2_KNA_agNA_m0
8r80_AB_agE_m0	ARLIVGGIAGMDV	8r80_AB_agE_m0
8r80_HL_agR_m0	ARLIVGGIAGMDV	8r80_AB_agE_m0
8r80_JNA_agNA_m0	AIDSDTFSYGSYDY	6ww2_KNA_agNA_m0
8r80_NNA_agNA_m0	AIDSDTFSYGSYDY	6ww2_KNA_agNA_m0
8r8d_EI_agB_m0	ARALPRSGYLIYYYHPSYALDV	8r8d_EI_agB_m0
8r8d_HL_agA_m0	ARALPRSGYLIYYYHPSYALDV	8r8d_EI_agB_m0
8r8k_HL_agA_m0	TSDVYDFSTGRQGFDDFDY	8r8k_HL_agA_m0
8r9w_DF_agB_m0	VKVGFCYSTSCPFDY	8r9w_DF_agB_m0
8r9w_EG_agC_m0	VKVGFCYSTSCPFDY	8r9w_DF_agB_m0
8r9w_HL_agA_m0	VKVGFCYSTSCPFDY	8r9w_DF_agB_m0
8r9x_HL_agA_m0	VKVGFCYSTSCPFDY	8r9w_DF_agB_m0
8r9y_BC_agA_m0	ARERSTDTGPWDAFDI	8r9y_BC_agA_m0
8r9y_HL_agA_m0	ARRGIIMRVGLLGY	8r9y_HL_agA_m0
8r9z_BC_agA_m0	ARERSTDTGPWDAFDI	8r9y_BC_agA_m0
8r9z_HL_agA_m0	ARRGIIMRVGLLGY	8r9y_HL_agA_m0
8rby_BNA_agA_m0	APCSAPHDPEYNY	8rby_BNA_agA_m0
8rcq_BNA_agA_m0	ASRGYGYLCSSSYNY	8rcq_BNA_agA_m0
8rda_HL_agH_m0	ARDPGGMPVTTTTWLY	8rda_HL_agH_m0
8rdf_HL_agH_m0	ARDPGGMPVTTTTWLY	8rda_HL_agH_m0
8rek_HL_agA_m0	ARGSQLGRGEFAY	8rek_HL_agA_m0
8rel_HL_agNA_m0	ARGSQLGRGEFAY	8rek_HL_agA_m0
8rel_MN_agNA_m0	ARGSQRGEFAY	8rel_MN_agNA_m0
8rew_GF_agA_m0	AKGGSIDTLYGMDY	8rew_GF_agA_m0
8rew_HI_agC_m0	AKGGSIDTLYGMDY	8rew_GF_agA_m0
8rex_GF_agC_m0	AKDLNSRYSKGMGD	8rex_GF_agC_m0
8rex_HI_agA_m0	AKDLNSRYSKGMGD	8rex_GF_agC_m0
8rgz_DE_agA_m0	ARIYYGYPRYAMDY	8rgz_DE_agA_m0
8rgz_FG_agC_m0	ARIYYGYPRYAMDY	8rgz_DE_agA_m0
8rgz_HL_agB_m0	ARIYYGYPRYAMDY	8rgz_DE_agA_m0
8rh0_DE_agB_m0	ARGPGSTGTTGSMDV	8rh0_DE_agB_m0
8rh0_FG_agC_m0	ARGPGSTGTTGSMDV	8rh0_DE_agB_m0
8rh0_HL_agA_m0	ARGPGSTGTTGSMDV	8rh0_DE_agB_m0
8rh1_DE_agA_m0	ARIYYGYPRYAMDY	8rgz_DE_agA_m0
8rh1_FG_agC_m0	ARIYYGYPRYAMDY	8rgz_DE_agA_m0
8rh1_HL_agB_m0	ARIYYGYPRYAMDY	8rgz_DE_agA_m0
8rh2_DE_agC_m0	ARGPGSTGTTGSMDV	8rh0_DE_agB_m0
8rh2_FG_agA_m0	ARGPGSTGTTGSMDV	8rh0_DE_agB_m0
8rh2_HL_agB_m0	ARGPGSTGTTGSMDV	8rh0_DE_agB_m0
8rj7_BNA_agA_m0	ASGYYGAGSYDFNN	7r4q_DNA_agA_m0
8rj7_DNA_agC_m0	ASGYYGAGSYDFNN	7r4q_DNA_agA_m0
8rj7_FNA_agE_m0	ASGYYGAGSYDFNN	7r4q_DNA_agA_m0
8rj7_HNA_agG_m0	ASGYYGAGSYDFNN	7r4q_DNA_agA_m0
8rj7_JNA_agI_m0	ASGYYGAGSYDFNN	7r4q_DNA_agA_m0
8rl5_KNA_agA_m0	EAYGTYTLAPGEGTEYDDY	7zml_ENA_agB_m0
8rl5_LNA_agB_m0	EAYGTYTLAPGEGTEYDDY	7zml_ENA_agB_m0
8rl7_BNA_agA_m0	AAANTRLTALSTTTRLGSWAY	8qv5_BNA_agA_m0
8rl7_DNA_agC_m0	AAANTRLTALSTTTRLGSWAY	8qv5_BNA_agA_m0
8rl9_DNA_agB_m0	NVNVGFEY	3k1k_CNA_agA_m0
8rl9_KNA_agA_m0	EAYGTYTLAPGEGTEYDDY	7zml_ENA_agB_m0
8rla_KNA_agA_m0	EAYGTYTLAPGEGTEYDDY	7zml_ENA_agB_m0
8rlb_DNA_agB_m0	NVNVGFEY	3k1k_CNA_agA_m0
8rlb_KNA_agNA_m0	EAYGTYTLAPGEGTEYDDY	7zml_ENA_agB_m0
8rlc_CNA_agA_m0	AGRLSRFPGEYDY	8rlc_CNA_agA_m0
8rlc_DNA_agB_m0	NVNVGFEY	3k1k_CNA_agA_m0
8rle_CNA_agNA_m0	AGRLSRFPGEYDY	8rlc_CNA_agA_m0
8rle_DNA_agB_m0	NVNVGFEY	3k1k_CNA_agA_m0
8rmk_LNA_agB_m0	AAATSGQYNPYGRLHYNEY	8rmk_LNA_agB_m0
8rmk_MNA_agC_m0	AAATSGQYNPYGRLHYNEY	8rmk_LNA_agB_m0
8rmk_NNA_agD_m0	AAATSGQYNPYGRLHYNEY	8rmk_LNA_agB_m0
8rmk_ONA_agE_m0	AAATSGQYNPYGRLHYNEY	8rmk_LNA_agB_m0
8rmk_PNA_agF_m0	AAATSGQYNPYGRLHYNEY	8rmk_LNA_agB_m0
8rmk_QNA_agG_m0	AAATSGQYNPYGRLHYNEY	8rmk_LNA_agB_m0
8rmk_RNA_agH_m0	AAATSGQYNPYGRLHYNEY	8rmk_LNA_agB_m0
8rmk_SNA_agI_m0	AAATSGQYNPYGRLHYNEY	8rmk_LNA_agB_m0
8rmk_TNA_agJ_m0	AAATSGQYNPYGRLHYNEY	8rmk_LNA_agB_m0
8rmk_UNA_agK_m0	AAATSGQYNPYGRLHYNEY	8rmk_LNA_agB_m0
8rmk_VNA_agA_m0	AAATSGQYNPYGRLHYNEY	8rmk_LNA_agB_m0
8rml_LNA_agA_m0	FVY	8rml_LNA_agA_m0
8rml_MNA_agB_m0	FVY	8rml_LNA_agA_m0
8rmm_LNA_agA_m0	FVY	8rml_LNA_agA_m0
8rmm_MNA_agB_m0	FVY	8rml_LNA_agA_m0
8rmm_NNA_agD _ C_m0	AAATSGQYNPYGRLHYNEY	8rmk_LNA_agB_m0
8rmm_ONA_agE_m0	AAATSGQYNPYGRLHYNEY	8rmk_LNA_agB_m0
8rmm_PNA_agF_m0	AAATSGQYNPYGRLHYNEY	8rmk_LNA_agB_m0
8rmm_QNA_agG_m0	AAATSGQYNPYGRLHYNEY	8rmk_LNA_agB_m0
8rmm_RNA_agH_m0	AAATSGQYNPYGRLHYNEY	8rmk_LNA_agB_m0
8rmm_SNA_agI_m0	AAATSGQYNPYGRLHYNEY	8rmk_LNA_agB_m0
8rmm_TNA_agI_m0	AAATSGQYNPYGRLHYNEY	8rmk_LNA_agB_m0
8rmm_UNA_agK_m0	FVY	8rml_LNA_agA_m0
8rmn_UNA_agA_m0	FVY	8rml_LNA_agA_m0
8rmn_VNA_agB_m0	FVY	8rml_LNA_agA_m0
8rmn_WNA_agC_m0	FVY	8rml_LNA_agA_m0
8rmn_XNA_agD_m0	FVY	8rml_LNA_agA_m0
8rmn_YNA_agE_m0	FVY	8rml_LNA_agA_m0
8rmn_ZNA_agF_m0	FVY	8rml_LNA_agA_m0
8rmn_aNA_agG_m0	FVY	8rml_LNA_agA_m0
8rmn_bNA_agH_m0	FVY	8rml_LNA_agA_m0
8rmn_cNA_agI_m0	FVY	8rml_LNA_agA_m0
8rmn_dNA_agJ_m0	FVY	8rml_LNA_agA_m0
8rmn_eNA_agK_m0	FVY	8rml_LNA_agA_m0
8rmn_fNA_agL_m0	FVY	8rml_LNA_agA_m0
8rmn_gNA_agM_m0	FVY	8rml_LNA_agA_m0
8rmn_hNA_agN_m0	FVY	8rml_LNA_agA_m0
8rmn_iNA_agO_m0	FVY	8rml_LNA_agA_m0
8rmn_jNA_agP_m0	FVY	8rml_LNA_agA_m0
8rmn_kNA_agQ_m0	FVY	8rml_LNA_agA_m0
8rmn_lNA_agR_m0	FVY	8rml_LNA_agA_m0
8rmn_mNA_agS_m0	FVY	8rml_LNA_agA_m0
8rmn_nNA_agT_m0	FVY	8rml_LNA_agA_m0
8rmo_HL_agF_m0	AREKFYGYDY	7bg1_HL_agNA_m0
8rmx_BC_agA_m0	AHRFVGTLDV	8rmx_BC_agA_m0
8rmx_EF_agD_m0	AHRFVGTLDV	8rmx_BC_agA_m0
8rmy_BC_agA_m0	AHRFVGTLDV	8rmx_BC_agA_m0
8rmy_EF_agD_m0	AHRFVGTLDV	8rmx_BC_agA_m0
8ror_HL_ag1_m0	ARSNYAYDLLMDY	8ror_HL_ag1_m0
8rp8_AB_agC_m0	AKSYGAFDY	3upc_ANA_ag_m0
8rp8_HL_agD_m0	AKSYGAFDY	3upc_ANA_ag_m0
8rpb_HL_agP_m0	AKSYGAFDY	3upc_ANA_ag_m0
8rpe_BE_agNA_m0	VVSDNSGYYKY	8rpe_BE_agNA_m0
8rqf_HL_agB _ A_m0	ARYQYDYYYYYSAGLDY	8rqf_HL_agB _ A_m0
8rqf_KNA_agNA_m0	AIDSDTFSYGSYDY	6ww2_KNA_agNA_m0
8rql_Ss_agA _ B _ G_m0	VRSIYYYSGSPFDF	6crk_Hh_agA _ B _ G_m0
8rrn_CD_agB_m0	ATEVGYSGYASGEYFNH	8rrn_CD_agB_m0
8rrn_HL_agA_m0	ATEVGYSGYASGEYFNH	8rrn_CD_agB_m0
8rtf_GNA_agA_m0	AGRDSWYFSPVKDEYRY	8rtf_GNA_agA_m0
8rtf_HNA_agB_m0	AGRDSWYFSPVKDEYRY	8rtf_GNA_agA_m0
8rtf_INA_agD_m0	AGRDSWYFSPVKDEYRY	8rtf_GNA_agA_m0
8rtf_JNA_agC_m0	AGRDSWYFSPVKDEYRY	8rtf_GNA_agA_m0
8rtf_KNA_agE_m0	AGRDSWYFSPVKDEYRY	8rtf_GNA_agA_m0
8rtf_LNA_agF_m0	AGRDSWYFSPVKDEYRY	8rtf_GNA_agA_m0
8rtw_BA_agA_m0	YIGSFYFVY	8rtw_BA_agA_m0
8rtw_DC_agC_m0	YIGSFYFVY	8rtw_BA_agA_m0
8rtx_BA_agNA_m0	ARDSGSGRFDP	8rtx_BA_agNA_m0
8rtx_DC_agNA_m0	ARDSGSGRFDP	8rtx_BA_agNA_m0
8rtx_FE_agNA_m0	ARDSGSGRFDP	8rtx_BA_agNA_m0
8ruu_BC_agX_m0	ASPPQYYEGRYISLWFAH	8ruu_BC_agX_m0
8ruu_HL_agY_m0	ASPPQYYEGRYISLWFAH	8ruu_BC_agX_m0
8rvn_HL_agF_m0	ARAVPSGAYGSAGGL	8rvn_HL_agF_m0
8rvr_GNA_agA_m0	AGRDSWYFSPVKDEYRY	8rtf_GNA_agA_m0
8rvr_HNA_agB_m0	AGRDSWYFSPVKDEYRY	8rtf_GNA_agA_m0
8rvr_INA_agD_m0	AGRDSWYFSPVKDEYRY	8rtf_GNA_agA_m0
8rvr_JNA_agC_m0	AGRDSWYFSPVKDEYRY	8rtf_GNA_agA_m0
8rvr_KNA_agE_m0	AGRDSWYFSPVKDEYRY	8rtf_GNA_agA_m0
8rvr_LNA_agF_m0	AGRDSWYFSPVKDEYRY	8rtf_GNA_agA_m0
8rw9_ANA_agNA_m0	ATEGKYGRTQGYWLEYHY	6hhu_HNA_agA_m0
8rw9_BNA_agNA_m0	ATEGKYGRTQGYWLEYHY	6hhu_HNA_agA_m0
8rw9_CNA_agNA_m0	ATEGKYGRTQGYWLEYHY	6hhu_HNA_agA_m0
8rw9_DNA_agE_m0	ATEGKYGRTQGYWLEYHY	6hhu_HNA_agA_m0
8rwb_HL_agP_m0	ARQGYGFDN	8rwb_HL_agP_m0
8rwf_CNA_agB_m0	NADFGTLGRYDY	8rwf_CNA_agB_m0
8rwf_ENA_agD_m0	NADFGTLGRYDY	8rwf_CNA_agB_m0
8rwf_GNA_agA_m0	NADFGTLGRYDY	8rwf_CNA_agB_m0
8ry2_AB_agNA_m0	ARWRGEGYYAYFDV	8ry2_AB_agNA_m0
8ry2_HL_agNA_m0	ARWRGEGYYAYFDV	8ry2_AB_agNA_m0
8rz0_Bb_agA_m0	ARDGPQVGDFDYYYVQWYGMDV	6rcu_ED_agA_m0
8rz0_Dd_agC_m0	ARDGPQVGDFDYYYVQWYGMDV	6rcu_ED_agA_m0
8rz0_Ff_agE_m0	ARDGPQVGDFDYYYVQWYGMDV	6rcu_ED_agA_m0
8rz0_Hh_agG_m0	ARDGPQVGDFDYYYVQWYGMDV	6rcu_ED_agA_m0
8rz1_Aa_agB_m0	ARDNPASAVAFDV	8qks_CB_agA_m0
8rz1_Cc_agD_m0	ARDNPASAVAFDV	8qks_CB_agA_m0
8rz2_BC_agA_m0	ARDNPASAVAFDV	8qks_CB_agA_m0
8s0l_BNA_agA_m0	AGRVGGRRNWIGDLPVYDNAY	8s0l_BNA_agA_m0
8s0m_UNA_agB_m0	AAESALYSDCTPNQEEMLYDY	8s0m_UNA_agB_m0
8s0m_VNA_agE_m0	AAESALYSDCTPNQEEMLYDY	8s0m_UNA_agB_m0
8s0n_BNA_agA_m0	AGRVGGRRNWIGDLPVYDNAY	8s0l_BNA_agA_m0
8s0n_DNA_agC_m0	AGRVGGRRNWIGDLPVYDNAY	8s0l_BNA_agA_m0
8s2e_HL_agC_m0	AKSRRGANWALY	8s2e_HL_agC_m0
8s2t_NNA_agA _ B_m0	ARCPAPFTRDCSTVDFTTYAY	6oya_NNA_agA _ B_m0
8s4h_AB_agA_m0	ARYYGSWSYYYAMDY	8s4h_AB_agA_m0
8s4h_CD_agC_m0	ARYYGSWSYYYAMDY	8s4h_AB_agA_m0
8s4h_HL_agH_m0	ARYYGSWSYYYAMDY	8s4h_AB_agA_m0
8s4k_HL_agL_m0	ARGGVNSTYSHFDY	8s4k_HL_agL_m0
8s4u_BNA_agA_m0	AAAQVPYGSTLRLNFKTLFGS	8s4u_BNA_agA_m0
8s5u_BNA_agA_m0	AAAQVPYGSTLRLNFKTLFGS	8s4u_BNA_agA_m0
8s5w_BNA_agA_m0	AADSGGIRAGLSRWNY	8s5w_BNA_agA_m0
8s61_BNA_agA_m0	AADSGGIRAGLSRWNY	8s5w_BNA_agA_m0
8s6e_AB_agNA_m0	ARSVFAY	8s6e_AB_agNA_m0
8s6k_Aa_agM_m0	KRSLPGTFDY	8s6k_Aa_agM_m0
8s6k_Hh_agN_m0	KRSLPGTFDY	8s6k_Aa_agM_m0
8s6m_HL_agR_m0	AKDYYPLLYYSYGLDV	8s6m_HL_agR_m0
8s6m_IM_agR_m0	ARQWSHYTYDYYY	7m7w_CD_agS_m0
8s6t_AB_agC_m0	KRSLLALDY	8s6t_AB_agC_m0
8s6v_AB_agM_m0	KRSLPGTFDY	8s6k_Aa_agM_m0
8s6v_CD_agN_m0	KRSLPGTFDY	8s6k_Aa_agM_m0
8s6z_AB_agC_m0	AKSYGAFDY	3upc_ANA_ag_m0
8s6z_DE_agF_m0	AKSYGAFDY	3upc_ANA_ag_m0
8s72_HL_agA_m0	VGNADVYYRWDGEKY	8s72_HL_agA_m0
8s72_XY_agN_m0	VGNADVYYRWDGEKY	8s72_HL_agA_m0
8s73_AB_agM_m0	KRSLPGTFDY	8s6k_Aa_agM_m0
8s73_CD_agN_m0	KRSLPGTFDY	8s6k_Aa_agM_m0
8s79_CNA_agB_m0	NRVPPVLS	8s79_CNA_agB_m0
8s79_DNA_agA_m0	NRVPPVLS	8s79_CNA_agB_m0
8s9g_HL_agE_m0	ARDYTRGAWFILSEGGGFDN	6wps_CD_agB_m0
8sai_Ss_agD _ E_m0	VRSIYYYSGSPFDF	6crk_Hh_agA _ B _ G_m0
8sak_HL_agB _ C_m0	AREPFKYCSGGVDKHAYCNSLDV	8sak_HL_agB _ C_m0
8san_CD_agA_m0	TRGKNCDNYWDFEH	4jpk_HL_agA_m0
8san_GH_agE_m0	TRGKNCDNYWDFEH	4jpk_HL_agA_m0
8san_KL_agI_m0	TRGKNCDNYWDFEH	4jpk_HL_agA_m0
8saq_CD_agA_m0	TTGGWISLYYYYSSDPNFDH	8sb5_CD_agA_m0
8saq_HI_agE_m0	TTGGWISLYYYYSSDPNFDH	8sb5_CD_agA_m0
8saq_MN_agK_m0	TTGGWISLYYYYSSDPNFDH	8sb5_CD_agA_m0
8sar_CD_agA_m0	TTGGWISLYYYYSSDPNFDH	8sb5_CD_agA_m0
8sar_HI_agF_m0	TTGGWISLYYYYSSDPNFDH	8sb5_CD_agA_m0
8sar_MN_agK_m0	TTGGWISLYYYYSSDPNFDH	8sb5_CD_agA_m0
8sas_CD_agA_m0	VTGAWISDYYYYSSDPNFDH	8sb5_CD_agA_m0
8sas_HI_agF_m0	VTGAWISDYYYYSSDPNFDH	8sb5_CD_agA_m0
8sas_MN_agK_m0	VTGAWISDYYYYSSDPNFDH	8sb5_CD_agA_m0
8sau_CD_agA_m0	VTGGWISPYYYYSSDPNFDH	8sb5_CD_agA_m0
8sau_HI_agF_m0	VTGGWISPYYYYSSDPNFDH	8sb5_CD_agA_m0
8sau_MN_agK_m0	VTGGWISPYYYYSSDPNFDH	8sb5_CD_agA_m0
8sav_CD_agA_m0	TRGKNCDNYWDFEH	4jpk_HL_agA_m0
8sav_GH_agE_m0	TRGKNCDNYWDFEH	4jpk_HL_agA_m0
8sav_KL_agI_m0	TRGKNCDNYWDFEH	4jpk_HL_agA_m0
8saw_CD_agA_m0	ARGGWISLYYYGSSDPNFDY	8saz_CD_agA_m0
8saw_HI_agE_m0	ARGGWISLYYYGSSDPNFDY	8saz_CD_agA_m0
8saw_MN_agK_m0	ARGGWISLYYYGSSDPNFDY	8saz_CD_agA_m0
8sax_CD_agA_m0	ARGGWISLYYYGSSDPNFDY	8saz_CD_agA_m0
8sax_GH_agE_m0	ARGGWISLYYYGSSDPNFDY	8saz_CD_agA_m0
8sax_KL_agI_m0	ARGGWISLYYYGSSDPNFDY	8saz_CD_agA_m0
8say_CD_agA_m0	ARGGWISLYVYYSYDPNFDS	8sb0_CD_agA_m0
8say_HI_agF_m0	ARGGWISLYVYYSYDPNFDS	8sb0_CD_agA_m0
8say_MN_agK_m0	ARGGWISLYVYYSYDPNFDS	8sb0_CD_agA_m0
8saz_CD_agA_m0	ARGGWIGLYYYGSSDPNFDY	8saz_CD_agA_m0
8saz_HI_agE_m0	ARGGWIGLYYYGSSDPNFDY	8saz_CD_agA_m0
8saz_MN_agK_m0	ARGGWIGLYYYGSSDPNFDY	8saz_CD_agA_m0
8sb0_CD_agA_m0	ARGGWIGLYVYGSYDPNFDS	8sb0_CD_agA_m0
8sb0_HI_agF_m0	ARGGWIGLYVYGSYDPNFDS	8sb0_CD_agA_m0
8sb0_MN_agK_m0	ARGGWIGLYVYGSYDPNFDS	8sb0_CD_agA_m0
8sb1_CD_agA_m0	ATGGWIGLYYYGSSDPNFDY	8saz_CD_agA_m0
8sb1_HI_agF_m0	ATGGWIGLYYYGSSDPNFDY	8saz_CD_agA_m0
8sb1_MN_agK_m0	ATGGWIGLYYYGSSDPNFDY	8saz_CD_agA_m0
8sb2_CD_agA_m0	ATGGWISLYYYYSSDPNFDH	8sb5_CD_agA_m0
8sb2_HI_agF_m0	ATGGWISLYYYYSSDPNFDH	8sb5_CD_agA_m0
8sb2_MN_agK_m0	ATGGWISLYYYYSSDPNFDH	8sb5_CD_agA_m0
8sb3_CD_agA_m0	AKAGYIALYVYGSYDPNFNS	8sb3_CD_agA_m0
8sb3_HI_agF_m0	AKAGYIALYVYGSYDPNFNS	8sb3_CD_agA_m0
8sb3_MN_agK_m0	AKAGYIALYVYGSYDPNFNS	8sb3_CD_agA_m0
8sb4_CD_agA_m0	TTGGWIGLYSYGSTDPNFDY	5u0u_Aa_ag_m0
8sb4_HI_agF_m0	TTGGWIGLYSYGSTDPNFDY	5u0u_Aa_ag_m0
8sb4_MN_agK_m0	TTGGWIGLYSYGSTDPNFDY	5u0u_Aa_ag_m0
8sb5_CD_agA_m0	VTGGWISLYYYYSSDPNFDH	8sb5_CD_agA_m0
8sb5_HI_agF_m0	VTGGWISLYYYYSSDPNFDH	8sb5_CD_agA_m0
8sb5_MN_agK_m0	VTGGWISLYYYYSSDPNFDH	8sb5_CD_agA_m0
8sbb_BNA_agA_m0	AVTYRGPWRNFDPHYY	8sbb_BNA_agA_m0
8scx_HL_agC_m0	ARYGNYDAMDY	8e1m_HL_agC_m0
8sdf_BC_agA_m0	ARDNERYQMQYHYYNYGMDV	8sdf_BC_agA_m0
8sdf_HL_agZ_m0	ARDNERYQMQYHYYNYGMDV	8sdf_BC_agA_m0
8sdg_AB_agD_m0	TVVPVLEYQYYGMDV	8sdg_AB_agD_m0
8sdg_GI_agC_m0	TVVPVLEYQYYGMDV	8sdg_AB_agD_m0
8sdh_CD_agA_m0	ARGGIAVSAGAFDI	8sdh_CD_agA_m0
8sdh_HL_agB_m0	ARGGIAVSAGAFDI	8sdh_CD_agA_m0
8sef_HL_agNA_m0	ARKPLRRYFWFDV	8sef_HL_agNA_m0
8sfs_CNA_agB_m0	SARSRGYVLSVSRLVDSYDY	6lr7_BNA_agA_m0
8sfs_DNA_agNA_m0	SARSRGYVLSVSRLVDSYDY	6lr7_BNA_agA_m0
8sfv_BNA_agNA_m0	AARRSQILFRSTTDYEF	8sfv_BNA_agNA_m0
8sfx_CNA_agA_m0	AARRRVTLFRSTADYDF	8sfx_CNA_agA_m0
8sfx_DNA_agB_m0	AARRRVTLFRSTADYDF	8sfx_CNA_agA_m0
8sfz_ANA_agF_m0	AADRAADFFRQADEYDY	8sfz_ANA_agF_m0
8sfz_BNA_agF_m0	AADRAADFFRQADEYDY	8sfz_ANA_agF_m0
8sfz_CNA_agD_m0	AADRAADFFRQADEYDY	8sfz_ANA_agF_m0
8sg1_Ee_agA _ B_m0	VRSIYYYSGSPFDF	6crk_Hh_agA _ B _ G_m0
8sg3_BNA_agNA_m0	AARRRITLFRSTTDYDF	8sg3_BNA_agNA_m0
8sga_HL_agB_m0	ARGSRQLVRRATIDY	8sga_HL_agB_m0
8sgg_AB_agNA_m0	TRGPLSRIVAGIGRGFNWFDV	8sgg_AB_agNA_m0
8sgg_CD_agNA_m0	TRGPLSRIVAGIGRGFNWFDV	8sgg_AB_agNA_m0
8sgi_HL_agA_m0	ARWSGYYSGSSFDY	8sgi_HL_agA_m0
8sgj_HL_agA_m0	ARWSGYYSGSSFDY	8sgi_HL_agA_m0
8sgn_HL_agG_m0	GRARGLRGNWFDV	8sgn_HL_agG_m0
8sgo_JI_agB_m0	ARKGLRWAMDY	6d6t_JI_agB_m0
8sgo_KL_agD_m0	ARKGLRWAMDY	6d6t_JI_agB_m0
8sgt_HL_agA_m0	ARWSGYYSGSSFDY	8sgi_HL_agA_m0
8sh5_HL_agR_m0	ARQGYRRRGSRGFDY	3ivk_AB_agC_m0
8shv_HL_agNA_m0	ATTRSGWYFDY	8shv_HL_agNA_m0
8shw_CA_agB_m0	ATTRSGWYFDY	8shv_HL_agNA_m0
8shw_HL_agQ_m0	ATTRSGWYFDY	8shv_HL_agNA_m0
8si1_BA_agF_m0	ARSQGTFVEYYFVS	8si1_BA_agF_m0
8si1_DC_agG_m0	ARSQGTFVEYYFVS	8si1_BA_agF_m0
8si1_HL_agE_m0	ARSQGTFVEYYFVS	8si1_BA_agF_m0
8si9_JI_agB_m0	ARKGLRWAMDY	6d6t_JI_agB_m0
8si9_KL_agD_m0	ARKGLRWAMDY	6d6t_JI_agB_m0
8sic_AB_agE_m0	ARKPLRRYFWFDV	8sef_HL_agNA_m0
8sic_HL_agG_m0	ARKPLRRYFWFDV	8sef_HL_agNA_m0
8sid_JI_agB_m0	ARKGLRWAMDY	6d6t_JI_agB_m0
8sid_KL_agD_m0	ARKGLRWAMDY	6d6t_JI_agB_m0
8sip_HL_agH_m0	ARGRPEGYVLDY	8sip_HL_agH_m0
8siq_HL_agA_m0	ARGVVGYYDMLDPPGTNWLDA	8siq_HL_agA_m0
8siq_MN_agA_m0	ARIRGVYSWGSIGGDY	7lm8_MN_agA_m0
8sir_HL_agA_m0	ARELYYYDRSHVYYGDGFDI	8sir_HL_agA_m0
8sis_HL_agA_m0	ARDLYYYDSSGNIHQYYQLDY	8sis_HL_agA_m0
8sit_HL_agA_m0	ARAGRDYYDRSFRQYGPGFDY	8sit_HL_agA_m0
8sit_MN_agB_m0	ARAGRDYYDRSFRQYGPGFDY	8sit_HL_agA_m0
8sit_OP_agC_m0	ARAGRDYYDRSFRQYGPGFDY	8sit_HL_agA_m0
8sit_QS_agD_m0	ARAGRDYYDRSFRQYGPGFDY	8sit_HL_agA_m0
8sj4_FD_agA_m0	ARYVDYVLWRAFDI	8sj4_FD_agA_m0
8sj4_HL_agA_m0	ATDGSEGS	8sj4_HL_agA_m0
8sj6_AB_agQ_m0	ATTRSGWYFDY	8shv_HL_agNA_m0
8sj6_CD_agQ_m0	ARYVDYVLWRAFDI	8sj4_FD_agA_m0
8sja_BA_agI_m0	ARSQGTFVEYYFVS	8si1_BA_agF_m0
8sja_DC_agG_m0	ARRKFGASGAIFDH	8sja_DC_agG_m0
8sja_FE_agI_m0	ARRKFGASGAIFDH	8sja_DC_agG_m0
8sja_HL_agG_m0	ARSQGTFVEYYFVS	8si1_BA_agF_m0
8sjk_BA_agA_m0	ARRDYRFDMGFDY	5b8c_BA_agC_m0
8sk5_BNA_agA_m0	AAEPTLGWYVSRRPVEYEY	8sk5_BNA_agA_m0
8skj_ANA_agE_m0	AEWMNTRERFITPY	8skj_ANA_agE_m0
8skj_BNA_agC_m0	AEWMNTRERFITPY	8skj_ANA_agE_m0
8skj_DNA_agF_m0	AEWMNTRERFITPY	8skj_ANA_agE_m0
8skj_GNA_agH_m0	AEWMNTRERFITPY	8skj_ANA_agE_m0
8slb_HL_agA_m0	ARSFYVFKRGTKYNYYPYPAMDY	8slb_HL_agA_m0
8slc_CNA_agNA_m0	AQRVRGFFGPPTTRLSWYEY	8slc_CNA_agNA_m0
8slc_DNA_agNA_m0	AQRVRGFFGPPTTRLSWYEY	8slc_CNA_agNA_m0
8sm1_HL_agG_m0	ARELSYSITGRGPLGY	8sm1_HL_agG_m0
8smi_HL_agA_m0	ARDGVSVTMVGIVGRPLCDY	8f2x_HL_agA_m0
8smk_BC_agA_m0	ARHPYRKYGSGLDY	8smk_BC_agA_m0
8smk_EF_agD_m0	ARHPYRKYGSGLDY	8smk_BC_agA_m0
8sml_CB_agA_m0	ARKHPGSYPGWFWALDY	8sml_CB_agA_m0
8sml_FE_agD_m0	ARKHPGSYPGWFWALDY	8sml_CB_agA_m0
8smm_HL_agA_m0	ARSGYYWGFYPGGFDY	8smm_HL_agA_m0
8smn_HL_agA_m0	ARSGYYWGFYPGGFDY	8smm_HL_agA_m0
8smp_HL_agA_m0	ARSGYYWGFYPGGFDY	8smm_HL_agA_m0
8smt_AB_agC_m0	ARDLSSSSGWDYYYYDYGMDV	8f2j_AB_agC_m0
8smt_DF_agG_m0	ARDLSSSSGWDYYYYDYGMDV	8f2j_AB_agC_m0
8smt_HL_agE_m0	ARDLSSSSGWDYYYYDYGMDV	8f2j_AB_agC_m0
8smt_IJ_agK_m0	ARDLSSSSGWDYYYYDYGMDV	8f2j_AB_agC_m0
8smv_NNA_agA _ B_m0	ARCPAPFTRDCSTVDFTTYAY	6oya_NNA_agA _ B_m0
8snc_BNA_agA_m0	AARRYGGTDTTTYGSYDY	7sp6_BNA_agA_m0
8snc_CNA_agA_m0	ALRTARDSYYPNRTYTGYDY	7sp6_CNA_agA_m0
8snd_BNA_agA_m0	AARRYGGTDTTTYGSYDY	7sp6_BNA_agA_m0
8snd_CNA_agA_m0	ALRTARDSYYPNRTYTGYDY	7sp6_CNA_agA_m0
8sne_BNA_agA_m0	AARRYGGTDTTTYGSYDY	7sp6_BNA_agA_m0
8sne_CNA_agA_m0	NGEVKVGTSLRPFRTY	8sne_CNA_agA_m0
8so3_HL_agD_m0	ARNYRWFGAMDH	6wkm_HL_agNA_m0
8so3_YZ_agX_m0	ARNYRWFGAMDH	6wkm_HL_agNA_m0
8sos_DNA_agA_m0	AARLVPPGIPLTREIESMRY	8sos_DNA_agA_m0
8sos_GNA_agE_m0	AARLVPPGIPLTREIESMRY	8sos_DNA_agA_m0
8sow_Cc_agA_m0	VRQGRSPY	8sow_Cc_agA_m0
8soz_Cc_agA_m0	VRQGRTPY	8soz_Cc_agA_m0
8sps_Kk_agG _ E _ L _ H _ F_m0	ARKSSRLRSTLDY	6dzt_Mm_agG _ F _ H_m0
8sps_Nn_agC _ B _ D_m0	ARKSSRLRSTLDY	6dzt_Mm_agG _ F _ H_m0
8spu_Kk_agG _ H _ F_m0	ARKSSRLRSTLDY	6dzt_Mm_agG _ F _ H_m0
8spu_Nn_agC _ B _ D _ A_m0	ARKSSRLRSTLDY	6dzt_Mm_agG _ F _ H_m0
8sr0_HL_agD_m0	ARNYRWFGAMDH	6wkm_HL_agNA_m0
8sr0_YZ_agX_m0	ARNYRWFGAMDH	6wkm_HL_agNA_m0
8ssz_GF_agC_m0	ARYLPYYYAMDY	6cnj_GF_agC_m0
8ssz_IH_agB _ A_m0	ARYLPYYYAMDY	6cnj_GF_agC_m0
8ssz_KJ_agE _ D_m0	ARYLPYYYAMDY	6cnj_GF_agC_m0
8st0_GF_agC_m0	ARYLPYYYAMDY	6cnj_GF_agC_m0
8st0_IH_agB _ A_m0	ARYLPYYYAMDY	6cnj_GF_agC_m0
8st0_KJ_agE _ D_m0	ARYLPYYYAMDY	6cnj_GF_agC_m0
8st1_GF_agC _ B_m0	ARYLPYYYAMDY	6cnj_GF_agC_m0
8st1_KJ_agE _ D_m0	ARYLPYYYAMDY	6cnj_GF_agC_m0
8st2_GF_agC _ B_m0	ARYLPYYYAMDY	6cnj_GF_agC_m0
8st2_KJ_agE _ D_m0	ARYLPYYYAMDY	6cnj_GF_agC_m0
8st3_GF_agC_m0	ARYLPYYYAMDY	6cnj_GF_agC_m0
8st3_IH_agB _ A_m0	ARYLPYYYAMDY	6cnj_GF_agC_m0
8st3_KJ_agE _ D_m0	ARYLPYYYAMDY	6cnj_GF_agC_m0
8st4_GF_agC_m0	ARYLPYYYAMDY	6cnj_GF_agC_m0
8st4_IH_agB _ A_m0	ARYLPYYYAMDY	6cnj_GF_agC_m0
8st4_KJ_agE _ D_m0	ARYLPYYYAMDY	6cnj_GF_agC_m0
8stl_ANA_agNA_m0	AADRSGRIRVVSSNNDY	8stl_ANA_agNA_m0
8stl_BNA_agNA_m0	AADRSGRIRVVSSNNDY	8stl_ANA_agNA_m0
8stl_CNA_agNA_m0	AADRSGRIRVVSSNNDY	8stl_ANA_agNA_m0
8stl_DNA_agNA_m0	AADRSGRIRVVSSNNDY	8stl_ANA_agNA_m0
8suo_HL_agA_m0	AKGAFPGYSYWGSYGLEV	8suo_HL_agA_m0
8suo_IM_agA_m0	TTAGSYYYDTVEPLGPGGKFDY	8ekd_EF_agG_m0
8sve_HL_agNA_m0	ARSMITNWYFDV	2hwz_HL_ag_m0
8sve_IM_agNA_m0	ARSMITNWYFDV	2hwz_HL_ag_m0
8sw4_EF_agI_m0	ATGGMSSALKSSQYYFDF	6nf5_GI_agD_m0
8sw4_HL_agB_m0	AKDKEGYYSGLPYGWYFDL	8sw4_HL_agB_m0
8sw4_JM_agB_m0	ATGGMSSALKSSQYYFDF	6nf5_GI_agD_m0
8sw4_KN_agG_m0	ATGGMSSALKSSQYYFDF	6nf5_GI_agD_m0
8sw4_OP_agA_m0	ARHCEDDYGYYSQAASYGLDS	8d01_HL_agNA_m0
8sw4_QR_agD_m0	ARHCEDDYGYYSQAASYGLDS	8d01_HL_agNA_m0
8sw4_ST_agC_m0	ARHCEDDYGYYSQAASYGLDS	8d01_HL_agNA_m0
8swh_HL_agA_m0	ATAFAITTVGTYYYYNYGMDV	8swh_HL_agA_m0
8sx3_AB_agC_m0	ARIGEDYFLDV	8sx3_AB_agC_m0
8sx3_HL_agC_m0	ARTGKYYDFWSEGPPYGEYFQD	7mfa_CD_agNA_m0
8sxi_CD_agA_m0	ARVGPYSWDDNDQPSYYMDV	1hzh_HL_ag_m0
8sxi_GH_agE_m0	ARVGPYSWDDNDQPSYYMDV	1hzh_HL_ag_m0
8sxi_KL_agI_m0	ARVGPYSWDDNDQPSYYMDV	1hzh_HL_ag_m0
8sxj_CD_agA_m0	VRNVGTAGLSLHYDH	5f96_HL_agG_m0
8sxj_GH_agE_m0	VRNVGTAGLSLHYDH	5f96_HL_agG_m0
8sxj_KL_agI_m0	VRNVGTAGLSLHYDH	5f96_HL_agG_m0
8sxp_HL_agC_m0	ARIPLRWYESSEYPGGVFDY	8sxp_HL_agC_m0
8syp_Mm_agG _ H_m0	ARKSSRLRSTLDY	6dzt_Mm_agG _ F _ H_m0
8syp_Nn_agC _ D_m0	ARKSSRLRSTLDY	6dzt_Mm_agG _ F _ H_m0
8szy_AB_agT_m0	ARGVRFALDY	8szy_AB_agT_m0
8szy_CD_agU_m0	ARGVRFALDY	8szy_AB_agT_m0
8szy_HL_agT_m0	ARDYYVSGNYYFYYDVNFGVDV	8szy_HL_agT_m0
8szy_IM_agU_m0	ARDYYVSGNYYFYYDVNFGVDV	8szy_HL_agT_m0
8t03_CD_agA_m0	ARRTWLLHAMDY	8t03_CD_agA_m0
8t03_EF_agB_m0	ARRTWLLHAMDY	8t03_CD_agA_m0
8t04_CD_agA_m0	ARRTWLLHAMDY	8t03_CD_agA_m0
8t04_EF_agB_m0	ARRTWLLHAMDY	8t03_CD_agA_m0
8t05_CD_agA _ B_m0	ARGEGNYFSRGWFAY	8t05_CD_agA _ B_m0
8t06_CD_agA_m0	ARRTWLLHAMDY	8t03_CD_agA_m0
8t06_EF_agB_m0	ARRTWLLHAMDY	8t03_CD_agA_m0
8t07_CD_agA_m0	ARRTWLLHAMDY	8t03_CD_agA_m0
8t07_EF_agB_m0	ARRTWLLHAMDY	8t03_CD_agA_m0
8t0o_HL_agNA_m0	ARDSATTDSNI	8t0o_HL_agNA_m0
8t1g_GI_agD _ C_m0	AAGRLDYSDTTPKYYGPPLDY	8t1g_GI_agD _ C_m0
8t1g_HL_agF _ E_m0	AAGRLDYSDTTPKYYGPPLDY	8t1g_GI_agD _ C_m0
8t1g_JK_agB _ A_m0	AAGRLDYSDTTPKYYGPPLDY	8t1g_GI_agD _ C_m0
8t29_AB_agR_m0	ARQGYRRRGSRGFDY	3ivk_AB_agC_m0
8t2a_AB_agR_m0	ARQGYRRRGSRGFDY	3ivk_AB_agC_m0
8t2b_AB_agR_m0	ARQGYRRRGSRGFDY	3ivk_AB_agC_m0
8t2o_AB_agR_m0	ARQGYRRRGSRGFDY	3ivk_AB_agC_m0
8t3o_Nn_agA _ B_m0	VRSIYYYSGSPFDF	6crk_Hh_agA _ B _ G_m0
8t3q_Nn_agA _ B _ G_m0	VRSIYYYSGSPFDF	6crk_Hh_agA _ B _ G_m0
8t3s_Nn_agA _ B_m0	VRSIYYYSGSPFDF	6crk_Hh_agA _ B _ G_m0
8t3v_Nn_agA _ B_m0	VRSIYYYSGSPFDF	6crk_Hh_agA _ B _ G_m0
8t49_CD_agG_m0	ATGGMSSALKSSQYYFDF	6nf5_GI_agD_m0
8t49_HL_agA_m0	ARSSITIFGVVVDEVEGLKPLDV	8t49_HL_agA_m0
8t49_JM_agI_m0	ATGGMSSALKSSQYYFDF	6nf5_GI_agD_m0
8t49_KN_agB_m0	ATGGMSSALKSSQYYFDF	6nf5_GI_agD_m0
8t49_OQ_agE_m0	ARSSITIFGVVVDEVEGLKPLDV	8t49_HL_agA_m0
8t49_PR_agF_m0	ARSSITIFGVVVDEVEGLKPLDV	8t49_HL_agA_m0
8t4a_CD_agI_m0	ATGGMSSALKSSQYYFDF	6nf5_GI_agD_m0
8t4a_HL_agA_m0	ARVKLSVWGVLQDSWEFFYGLDS	8t4a_HL_agA_m0
8t4a_JM_agB_m0	ATGGMSSALKSSQYYFDF	6nf5_GI_agD_m0
8t4a_KN_agG_m0	ATGGMSSALKSSQYYFDF	6nf5_GI_agD_m0
8t4a_OQ_agE_m0	ARVKLSVWGVLQDSWEFFYGLDS	8t4a_HL_agA_m0
8t4a_PR_agF_m0	ARVKLSVWGVLQDSWEFFYGLDS	8t4a_HL_agA_m0
8t4b_CD_agI_m0	ATGGMSSALKSSQYYFDF	6nf5_GI_agD_m0
8t4b_HL_agA_m0	ARSPITVFVGVIFDE	8t4b_HL_agA_m0
8t4b_JM_agB_m0	ATGGMSSALKSSQYYFDF	6nf5_GI_agD_m0
8t4b_KN_agG_m0	ATGGMSSALKSSQYYFDF	6nf5_GI_agD_m0
8t4b_OQ_agE_m0	ARSPITVFVGVIFDE	8t4b_HL_agA_m0
8t4b_PR_agF_m0	ARSPITVFVGVIFDE	8t4b_HL_agA_m0
8t4d_CD_agG_m0	ATGGMSSALKSSQYYFDF	6nf5_GI_agD_m0
8t4d_HL_agA_m0	ARGGEYCTGFGCDGKGAFNSLDV	8t4d_HL_agA_m0
8t4d_JM_agI_m0	ATGGMSSALKSSQYYFDF	6nf5_GI_agD_m0
8t4d_KN_agB_m0	ATGGMSSALKSSQYYFDF	6nf5_GI_agD_m0
8t4d_OQ_agE_m0	ARGGEYCTGFGCDGKGAFNSLDV	8t4d_HL_agA_m0
8t4d_PR_agF_m0	ARGGEYCTGFGCDGKGAFNSLDV	8t4d_HL_agA_m0
8t4l_CD_agI_m0	ATGGMSSALKSSQYYFDF	6nf5_GI_agD_m0
8t4l_HL_agA_m0	ALQSVTYYEDDTEYHGSEMAKF	8t4l_HL_agA_m0
8t4l_JM_agB_m0	ATGGMSSALKSSQYYFDF	6nf5_GI_agD_m0
8t4l_KN_agG_m0	ATGGMSSALKSSQYYFDF	6nf5_GI_agD_m0
8t4l_OQ_agE_m0	ALQSVTYYEDDTEYHGSEMAKF	8t4l_HL_agA_m0
8t4l_PR_agF_m0	ALQSVTYYEDDTEYHGSEMAKF	8t4l_HL_agA_m0
8t51_AB_agE_m0	TGLDY	8t51_AB_agE_m0
8t51_CD_agF_m0	TGLDY	8t51_AB_agE_m0
8t58_ANA_agNA_m0	GATRKYVPVRQDLAFSSYDY	6jb2_ANA_agB_m0
8t58_CB_agNA_m0	ARGYQYWQYHANWYWSGGLDY	7php_HL_agNA_m0
8t58_DNA_agNA_m0	GATRKYVPVRQDLAFSSYDY	6jb2_ANA_agB_m0
8t58_FE_agNA_m0	ARGYQYWQYHANWYWSGGLDY	7php_HL_agNA_m0
8t59_AB_agE_m0	TDILEY	8t59_AB_agE_m0
8t59_CD_agF_m0	TDILEY	8t59_AB_agE_m0
8t5c_DNA_agA _ C _ B_m0	KDLESHHL	8t5c_DNA_agA _ C _ B_m0
8t5c_EI_agb_m0	ASGFEYGDYTFDY	8t5c_EI_agb_m0
8t5c_HL_aga_m0	ASGFEYGDYTFDY	8t5c_EI_agb_m0
8t60_BNA_agA_m0	HLPGTAAGDY	8t60_BNA_agA_m0
8t60_HL_agNA_m0	ARGYQYWQYHANWYWSGGLDY	7php_HL_agNA_m0
8t6i_ANA_agNA_m0	GATRKYVPVRQDLAFSSYDY	6jb2_ANA_agB_m0
8t6i_HL_agNA_m0	ARGYQYWQYHANWYWSGGLDY	7php_HL_agNA_m0
8t6m_BA_agE_m0	GHTTGYCSGGSYCSGWFDP	8t6m_BA_agE_m0
8t6m_DC_agE _ G_m0	AKVDHYGSFVGWSFEF	8t6m_DC_agE _ G_m0
8t7a_DE_aga_m0	ARDRIVVVTYNAAYGLDV	8t7a_DE_aga_m0
8t7a_FG_agb_m0	ARDRIVVVTYNAAYGLDV	8t7a_DE_aga_m0
8t7a_HI_agc_m0	ARDRIVVVTYNAAYGLDV	8t7a_DE_aga_m0
8t7f_AB_agNA_m0	ARSAASYYGYWSFHYWHPGMDY	8t7f_AB_agNA_m0
8t7f_CG_agNA_m0	ARSAASYYGYWSFHYWHPGMDY	8t7f_AB_agNA_m0
8t7f_DE_agNA_m0	ARSAASYYGYWSFHYWHPGMDY	8t7f_AB_agNA_m0
8t7f_FH_agNA_m0	ARSAASYYGYWSFHYWHPGMDY	8t7f_AB_agNA_m0
8t7f_IJ_agNA_m0	ARSAASYYGYWSFHYWHPGMDY	8t7f_AB_agNA_m0
8t7f_KL_agNA_m0	ARSAASYYGYWSFHYWHPGMDY	8t7f_AB_agNA_m0
8t7g_AB_agNA_m0	ARSAAPGMDY	8t7g_AB_agNA_m0
8t7h_CNA_agA_m0	AAAMYGSRDPWWEYDY	6n4y_ENA_agB_m0
8t7h_DNA_agB_m0	AAAMYGSRDPWWEYDY	6n4y_ENA_agB_m0
8t7i_AB_agNA_m0	ARSAASYYGYWSFHYWHPGMDY	8t7f_AB_agNA_m0
8t7r_BA_agC _ 0_m0	SKARISYLSAPAWWFDP	8t7r_BA_agC _ 0_m0
8t7r_FE_agG _ 1_m0	SKARISYLSAPAWWFDP	8t7r_BA_agC _ 0_m0
8t7r_JI_agK _ 2_m0	SKARISYLSAPAWWFDP	8t7r_BA_agC _ 0_m0
8t7r_NM_agO _ 3_m0	SKARISYLSAPAWWFDP	8t7r_BA_agC _ 0_m0
8t7r_RQ_agS _ 4_m0	SKARISYLSAPAWWFDP	8t7r_BA_agC _ 0_m0
8t7r_VU_agW _ 5_m0	SKARISYLSAPAWWFDP	8t7r_BA_agC _ 0_m0
8t7r_ZY_aga _ 6_m0	SKARISYLSAPAWWFDP	8t7r_BA_agC _ 0_m0
8t7r_dc_age _ 7_m0	SKARISYLSAPAWWFDP	8t7r_BA_agC _ 0_m0
8t7r_hg_agi _ 8_m0	SKARISYLSAPAWWFDP	8t7r_BA_agC _ 0_m0
8t7r_lk_agNA_m0	SKARISYLSAPAWWFDP	8t7r_BA_agC _ 0_m0
8t7r_po_agNA_m0	SKARISYLSAPAWWFDP	8t7r_BA_agC _ 0_m0
8t7r_ts_agNA_m0	SKARISYLSAPAWWFDP	8t7r_BA_agC _ 0_m0
8t8i_ANA_agNA_m0	GATRKYVPVRQDLAFSSYDY	6jb2_ANA_agB_m0
8t8i_HL_agNA_m0	ARGYQYWQYHANWYWSGGLDY	7php_HL_agNA_m0
8t8m_CNA_agB_m0	AAAMYGSRDPWWEYDY	6n4y_ENA_agB_m0
8t8m_DNA_agA_m0	AAAMYGSRDPWWEYDY	6n4y_ENA_agB_m0
8t9b_AB_agK_m0	ARSAASYYGYWSFHYWHPGMDY	8t7f_AB_agNA_m0
8t9b_CG_agL_m0	ARSAASYYGYWSFHYWHPGMDY	8t7f_AB_agNA_m0
8t9b_DE_agI_m0	ARSAASYYGYWSFHYWHPGMDY	8t7f_AB_agNA_m0
8t9b_FH_agJ_m0	ARSAASYYGYWSFHYWHPGMDY	8t7f_AB_agNA_m0
8t9y_ANA_agNA_m0	VPVRFALQDSSYDY	8t9y_ANA_agNA_m0
8t9y_HL_agNA_m0	ARGYQYWQYHANWYWSGGLDY	7php_HL_agNA_m0
8t9z_HL_agA_m0	ARGYYSGGDAFDV	8t9z_HL_agA_m0
8tao_CNA_agB_m0	AAAMYGSRDPWWEYDY	6n4y_ENA_agB_m0
8tao_DNA_agA_m0	AAAMYGSRDPWWEYDY	6n4y_ENA_agB_m0
8tb0_Ff_agR _ B_m0	VRSIYYYSGSPFDF	6crk_Hh_agA _ B _ G_m0
8tbb_HL_agD_m0	ATSWETARPLIGAFDI	8tbb_HL_agD_m0
8tbq_AB_agQ_m0	AREAGGVLRGVDFQH	8tbq_AB_agQ_m0
8tbq_HL_agP_m0	AREAGGVLRGVDFQH	8tbq_AB_agQ_m0
8tca_HL_agNA_m0	SLWQTWFAY	8tca_HL_agNA_m0
8tco_ED_agB _ A_m0	ARAKKIFGGPPIISGMDV	8tco_ED_agB _ A_m0
8tco_FG_agC_m0	ATDSSIAMTGTLDSFYFALDV	8tco_FG_agC_m0
8tdx_AD_agE_m0	VSRYVDHWNTRRFDV	8tdx_AD_agE_m0
8tdx_BC_agF_m0	VSRYVDHWNTRRFDV	8tdx_AD_agE_m0
8te7_BC_agNA_m0	ARSVRDSRGRGWYFLDT	8te7_BC_agNA_m0
8tea_FI_agC _ D_m0	ARGVTHPYYYYAMDV	8tea_FI_agC _ D_m0
8tea_HG_agC_m0	ARDNTVFGTVVTPMDH	8tea_HG_agC_m0
8tfe_AB_agNA_m0	ARRGYIYGSPFDY	8tfe_AB_agNA_m0
8tfe_CD_agNA_m0	ARRGYIYGSPFDY	8tfe_AB_agNA_m0
8tfh_HL_agB_m0	ARPRDYGFQDAWFAY	8tfh_HL_agB_m0
8tfl_HL_agB_m0	ARWDGNDHFNTMDY	8tfl_HL_agB_m0
8tfn_HL_agB_m0	AVSYYSYDVLDY	8tfn_HL_agB_m0
8tfp_BA_agB_m0	AREVVGPTTGYFDL	8tfp_BA_agB_m0
8tfp_HL_agH_m0	AREVVGPTTGYFDL	8tfp_BA_agB_m0
8tfq_BA_agB_m0	AREVVGPTTGYFDL	8tfp_BA_agB_m0
8tfq_HL_agH_m0	AREVVGPTTGYFDL	8tfp_BA_agB_m0
8tfr_AB_agNA_m0	AREVVGPTTGYFDL	8tfp_BA_agB_m0
8tft_HL_agG_m0	ARGSYGTYGYNYFEY	8tft_HL_agG_m0
8tft_IM_agF_m0	ARGSYGTYGYNYFEY	8tft_HL_agG_m0
8tg9_EF_agB_m0	SRGGPVMNYYYYYGMDV	8tg9_EF_agB_m0
8tg9_HL_agA_m0	SRGGPVMNYYYYYGMDV	8tg9_EF_agB_m0
8tga_EF_agB_m0	SRGGPVMNYYYYYGMDV	8tg9_EF_agB_m0
8tga_HL_agA_m0	SRGGPVMNYYYYYGMDV	8tg9_EF_agB_m0
8tgv_BC_agD_m0	ARGPLSRGYYDY	4jzn_AB_ag_m0
8tgv_EF_agA_m0	ARGPLSRGYYDY	4jzn_AB_ag_m0
8tgv_IJ_agG_m0	ARGPLSRGYYDY	4jzn_AB_ag_m0
8tgv_KL_agNA_m0	ARGPLSRGYYDY	4jzn_AB_ag_m0
8th4_BNA_agA_m0	AAYKIDSNPRVY	8th4_BNA_agA_m0
8th4_CD_agA_m0	ARWGYWPGEWWPKAFDY	6cbv_HL_agB_m0
8the_HL_agA_m0	ARSMNWYYSSSMGYPQGMDY	8the_HL_agA_m0
8thk_Ff_agA _ B_m0	VRSIYYYSGSPFDF	6crk_Hh_agA _ B _ G_m0
8thl_Ff_agA _ B_m0	VRSIYYYSGSPFDF	6crk_Hh_agA _ B _ G_m0
8thn_AB_agC_m0	ARERGDGYFAV	1k4c_AB_agC_m0
8thz_EF_agA_m0	ARGPLSRGYYDY	4jzn_AB_ag_m0
8thz_HL_agA_m0	ARRGYIYGSPFDY	8tfe_AB_agNA_m0
8ti4_HL_agNA_m0	SRWGGDGFYAMDY	3b9v_ANA_ag_m0
8tii_HL_agA _ R_m0	ARKSMYHRGWGYVWSLWGAMDY	8tii_HL_agA _ R_m0
8tii_NNA_agNA_m0	AIDSDTFSYGSYDY	6ww2_KNA_agNA_m0
8til_HL_agA _ R_m0	ARKSMYHRGWGYVWSLWGAMDY	8tii_HL_agA _ R_m0
8tin_HL_agA_m0	ARKSMYHRGWGYVWSLWGAMDY	8tii_HL_agA _ R_m0
8tio_HL_agA _ R_m0	ARKSMYHRGWGYVWSLWGAMDY	8tii_HL_agA _ R_m0
8tjf_BA_agNA_m0	SRWGGDGFYAMDY	3b9v_ANA_ag_m0
8tjf_HL_agNA_m0	SRWGGDGFYAMDY	3b9v_ANA_ag_m0
8tjn_CD_agA_m0	TRGGTLFDY	6c9u_HL_agA_m0
8tjn_EF_agB_m0	TRGGTLFDY	6c9u_HL_agA_m0
8tjo_CD_agA_m0	TRGGTLFDY	6c9u_HL_agA_m0
8tjo_EF_agB_m0	TRGGTLFDY	6c9u_HL_agA_m0
8tjr_HL_agE _ B_m0	SDDEY	8tjr_HL_agE _ B_m0
8tjr_JK_agF _ C _ D_m0	SDDEY	8tjr_HL_agE _ B_m0
8tjs_PS_agB_m0	TGRAILYPRADKYYHRSDV	8tjs_PS_agB_m0
8tjs_QT_agI _ O_m0	TGRAILYPRADKYYHRSDV	8tjs_PS_agB_m0
8tjs_RU_agH _ N_m0	TGRAILYPRADKYYHRSDV	8tjs_PS_agB_m0
8tjt_DA_agNA_m0	ARSAAIVDWFYDYKGFDY	8tjt_DA_agNA_m0
8tjt_EB_agNA_m0	ARSAAIVDWFYDYKGFDY	8tjt_DA_agNA_m0
8tjt_FC_agNA_m0	ARSAAIVDWFYDYKGFDY	8tjt_DA_agNA_m0
8tjt_HL_agNA_m0	ARSAAIVDWFYDYKGFDY	8tjt_DA_agNA_m0
8tkc_GH_agB _ A_m0	ATQFKKYWGLSFPSSVSFSDS	8tkc_GH_agB _ A_m0
8tkc_IJ_agD _ C_m0	ATQFKKYWGLSFPSSVSFSDS	8tkc_GH_agB _ A_m0
8tkc_KL_agF _ E_m0	ATQFKKYWGLSFPSSVSFSDS	8tkc_GH_agB _ A_m0
8tl2_GH_agB _ A_m0	ATLYEFRVYMIREGSYHDY	8tl2_GH_agB _ A_m0
8tl2_KL_agF _ D _ E_m0	ATLYEFRVYMIREGSYHDY	8tl2_GH_agB _ A_m0
8tl3_GH_agB _ A_m0	ATQFRTYVGFLHSSYSDF	8tl3_GH_agB _ A_m0
8tl3_IJ_agD _ C_m0	ATQFRTYVGFLHSSYSDF	8tl3_GH_agB _ A_m0
8tl3_KL_agF _ E_m0	ATQFRTYVGFLHSSYSDF	8tl3_GH_agB _ A_m0
8tl4_GH_agB _ A_m0	STQYWRHTGSDYSFFDS	8tl4_GH_agB _ A_m0
8tl4_IJ_agD _ C_m0	STQYWRHTGSDYSFFDS	8tl4_GH_agB _ A_m0
8tl4_KL_agF _ E_m0	STQYWRHTGSDYSFFDS	8tl4_GH_agB _ A_m0
8tl5_GH_agB _ A_m0	ARGGEVRSRGNKWGRVLDS	8tl5_GH_agB _ A_m0
8tl5_IJ_agD _ C_m0	ARGGEVRSRGNKWGRVLDS	8tl5_GH_agB _ A_m0
8tl5_KL_agF _ E_m0	ARGGEVRSRGNKWGRVLDS	8tl5_GH_agB _ A_m0
8tlm_AB_agC_m0	ARARWSTDSTYIAYAFDP	8tlm_AB_agC_m0
8tm1_HL_agA _ B_m0	ARGTIYFDRSVRRYGDPFHI	8tm1_HL_agA _ B_m0
8tma_HL_agA_m0	ARGTIYFDRSVRRYGDPFHI	8tm1_HL_agA _ B_m0
8tmb_HL_agA _ E_m0	ARSFYVFKRGTKYNYYPYPAMDY	8slb_HL_agA_m0
8tmc_FG_agC _ B_m0	ARSFYVFKRGTKYNYYPYPAMDY	8slb_HL_agA_m0
8tmc_HL_agA _ E_m0	ARSFYVFKRGTKYNYYPYPAMDY	8slb_HL_agA_m0
8tmd_HL_agB _ A_m0	ARSYWYYIWSGYSYNAMDY	8tmd_HL_agB _ A_m0
8tme_HL_agB _ A_m0	ARSYWYYIWSGYSYNAMDY	8tmd_HL_agB _ A_m0
8tmf_HL_agB _ A_m0	ARSYWYYIWSGYSYNAMDY	8tmd_HL_agB _ A_m0
8tmg_FG_agB _ A_m0	ARSYWYYIWSGYSYNAMDY	8tmd_HL_agB _ A_m0
8tmg_HL_agD _ C_m0	ARSYWYYIWSGYSYNAMDY	8tmd_HL_agB _ A_m0
8tmh_FG_agB _ A_m0	ARSYWYYIWSGYSYNAMDY	8tmd_HL_agB _ A_m0
8tmh_HL_agD _ C_m0	ARSYWYYIWSGYSYNAMDY	8tmd_HL_agB _ A_m0
8tmi_FG_agB _ A_m0	ARSYWYYIWSGYSYNAMDY	8tmd_HL_agB _ A_m0
8tmi_HL_agD _ C_m0	ARSYWYYIWSGYSYNAMDY	8tmd_HL_agB _ A_m0
8tmj_FG_agB _ A_m0	ARSYWYYIWSGYSYNAMDY	8tmd_HL_agB _ A_m0
8tmj_HL_agD _ C_m0	ARSYWYYIWSGYSYNAMDY	8tmd_HL_agB _ A_m0
8tmk_FG_agB _ A_m0	ARSYWYYIWSGYSYNAMDY	8tmd_HL_agB _ A_m0
8tmk_HL_agD _ C_m0	ARSYWYYIWSGYSYNAMDY	8tmd_HL_agB _ A_m0
8tml_FG_agB _ A_m0	ARSYWYYIWSGYSYNAMDY	8tmd_HL_agB _ A_m0
8tml_HL_agD _ C_m0	ARSYWYYIWSGYSYNAMDY	8tmd_HL_agB _ A_m0
8tmm_FG_agB _ A_m0	ARSYWYYIWSGYSYNAMDY	8tmd_HL_agB _ A_m0
8tmm_HL_agD _ C_m0	ARSYWYYIWSGYSYNAMDY	8tmd_HL_agB _ A_m0
8tmn_HL_agB _ A_m0	ARSYWYYIWSGYSYNAMDY	8tmd_HL_agB _ A_m0
8tmo_HL_agB _ A_m0	ARSYWYYIWSGYSYNAMDY	8tmd_HL_agB _ A_m0
8tmp_HL_agB _ A_m0	ARSYWYYIWSGYSYNAMDY	8tmd_HL_agB _ A_m0
8tmq_HL_agB _ A_m0	ARSYWYYIWSGYSYNAMDY	8tmd_HL_agB _ A_m0
8tmy_AB_agM_m0	ARLRSQRGFDH	8tmy_AB_agM_m0
8tmy_CD_agN_m0	ARLRSQRGFDH	8tmy_AB_agM_m0
8tmy_HL_agS_m0	ARLRSQRGFDH	8tmy_AB_agM_m0
8tmz_HL_agA_m0	TRGRLDV	8tmz_HL_agA_m0
8tn4_HL_agNA_m0	ATDPDVGLSDS	8tn4_HL_agNA_m0
8tn5_HL_agL_m0	ATDPDVGLSDS	8tn4_HL_agNA_m0
8tn7_HL_agA_m0	ATDPDVGLSDS	8tn4_HL_agNA_m0
8tng_HNA_agE_m0	ATYNRACANTVYIWPEF	8tng_HNA_agE_m0
8tng_INA_agC_m0	ATYNRACANTVYIWPEF	8tng_HNA_agE_m0
8tng_JNA_agA_m0	ATYNRACANTVYIWPEF	8tng_HNA_agE_m0
8tnh_HNA_agC_m0	VTDRQFYCALRHLPVSQY	8tnh_HNA_agC_m0
8tnh_INA_agE_m0	VTDRQFYCALRHLPVSQY	8tnh_HNA_agC_m0
8tnh_JNA_agA_m0	VTDRQFYCALRHLPVSQY	8tnh_HNA_agC_m0
8tnj_DC_agA_m0	ARLIFYMSWSAMDY	8tnj_DC_agA_m0
8tnj_EF_agA_m0	ARYSYGNSWSYYPDYGAMDY	8tnj_EF_agA_m0
8tnl_AB_agC_m0	ARLGGHGDYGSDY	8tnl_AB_agC_m0
8tnl_DE_agK_m0	ARLGGHGDYGSDY	8tnl_AB_agC_m0
8tnl_HL_agI_m0	ARLGGHGDYGSDY	8tnl_AB_agC_m0
8tnn_HG_agC_m0	ARGDFDAFDF	8tnn_HG_agC_m0
8tnn_JI_agF_m0	ARGDFDAFDF	8tnn_HG_agC_m0
8tnt_ED_agA _ B_m0	AREAGGFHSHFDM	7s07_XY_agA _ B_m0
8tnt_GF_agC_m0	ARQGDWWYFDV	8tnt_GF_agC_m0
8tnu_BC_agZ _ G_m0	VSRYVDHWNTRRFDV	8tdx_AD_agE_m0
8tnu_HL_agY _ E_m0	VSRYVDHWNTRRFDV	8tdx_AD_agE_m0
8tnu_JK_agX _ F_m0	VSRYVDHWNTRRFDV	8tdx_AD_agE_m0
8to7_GJ_agA _ D_m0	ARERGDSYIYSYDGVDF	8to7_GJ_agA _ D_m0
8to7_HL_agB _ E_m0	ARERGDSYIYSYDGVDF	8to7_GJ_agA _ D_m0
8to7_IK_agC _ F_m0	ARERGDSYIYSYDGVDF	8to7_GJ_agA _ D_m0
8to9_DF_agA_m0	ARSVRDSRGRGWYFLDT	8te7_BC_agNA_m0
8to9_EG_agB_m0	ARSVRDSRGRGWYFLDT	8te7_BC_agNA_m0
8to9_HL_agC_m0	ARSVRDSRGRGWYFLDT	8te7_BC_agNA_m0
8toa_AB_agI_m0	ARQGIFGDYGSDY	8toa_AB_agI_m0
8toa_DE_agK_m0	ARQGIFGDYGSDY	8toa_AB_agI_m0
8toa_HL_agC_m0	ARQGIFGDYGSDY	8toa_AB_agI_m0
8too_BA_agI_m0	ARDYYGNPYAMDY	8too_BA_agI_m0
8too_DC_agJ_m0	ARDYYGNPYAMDY	8too_BA_agI_m0
8too_GF_agK_m0	ARDYYGNPYAMDY	8too_BA_agI_m0
8too_HE_agL_m0	ARDYYGNPYAMDY	8too_BA_agI_m0
8top_HL_agB _ A_m0	ARDPRGGGPVWNRFDV	8top_HL_agB _ A_m0
8top_JK_agD _ C_m0	ARDPRGGGPVWNRFDV	8top_HL_agB _ A_m0
8top_MN_agF _ E_m0	ARDPRGGGPVWNRFDV	8top_HL_agB _ A_m0
8top_UV_agP _ O_m0	ARDPRGGGPVWNRFDV	8top_HL_agB _ A_m0
8top_WX_agR _ Q_m0	ARDPRGGGPVWNRFDV	8top_HL_agB _ A_m0
8top_YZ_agT _ S_m0	ARDPRGGGPVWNRFDV	8top_HL_agB _ A_m0
8tp2_HL_agC_m0	ARDAPYSDFLTEVGSGWFDP	8tp2_HL_agC_m0
8tp3_HL_agC_m0	ARDAPYSDFLTEVGSGWFDP	8tp2_HL_agC_m0
8tp4_HL_agC_m0	ARDGGDKFHSSGQNTEFHGYFDH	8tp4_HL_agC_m0
8tp5_EF_agC_m0	ARDGGDKFHSSGQNTEFHGYFDH	8tp4_HL_agC_m0
8tp5_HL_agA_m0	ARDGGDKFHSSGQNTEFHGYFDH	8tp4_HL_agC_m0
8tp5_JK_agG_m0	ARDGGDKFHSSGQNTEFHGYFDH	8tp4_HL_agC_m0
8tp6_CD_agB_m0	ARGMDFGTPDAFDI	8tp6_CD_agB_m0
8tp6_FG_agE_m0	ARGMDFGTPDAFDI	8tp6_CD_agB_m0
8tp6_HL_agA_m0	ARGMDFGTPDAFDI	8tp6_CD_agB_m0
8tp7_DF_agA_m0	ARHVYYSDTTYSNYFFDY	8tp7_DF_agA_m0
8tp7_EG_agB_m0	ARHVYYSDTTYSNYFFDY	8tp7_DF_agA_m0
8tp7_HL_agC_m0	ARHVYYSDTTYSNYFFDY	8tp7_DF_agA_m0
8tp9_DF_agB_m0	AREGWVPDYNRGGYYLDF	8tp9_DF_agB_m0
8tp9_EG_agC_m0	AREGWVPDYNRGGYYLDF	8tp9_DF_agB_m0
8tp9_HL_agA_m0	AREGWVPDYNRGGYYLDF	8tp9_DF_agB_m0
8tpa_DE_agC _ F_m0	AREGWVPDYNRGGYYLDF	8tp9_DF_agB_m0
8tpa_HL_agA _ B_m0	AREGWVPDYNRGGYYLDF	8tp9_DF_agB_m0
8tpa_IJ_agG _ K_m0	AREGWVPDYNRGGYYLDF	8tp9_DF_agB_m0
8tpw_HL_agB _ A_m0	TRGGTLFDY	6c9u_HL_agA_m0
8tpx_HL_agB _ A_m0	TRGGTLFDY	6c9u_HL_agA_m0
8tq1_CD_agF _ A_m0	ATGGMSSALKSSQYYFDF	6nf5_GI_agD_m0
8tq1_GI_agK _ E_m0	ATGGMSSALKSSQYYFDF	6nf5_GI_agD_m0
8tq1_MN_agB _ J_m0	ATGGMSSALKSSQYYFDF	6nf5_GI_agD_m0
8tq4_CD_agF _ E_m0	ARSRRYGRSYGAFDY	8tq4_CD_agF _ E_m0
8tq4_HL_agB _ A_m0	ARSRRYGRSYGAFDY	8tq4_CD_agF _ E_m0
8tq5_HL_agB _ A_m0	ARSLTTASTAWFPY	8tq5_HL_agB _ A_m0
8tq6_FG_agNA_m0	TNYFDQ	8tq6_FG_agNA_m0
8tq6_HL_agA _ P_m0	TNYFDQ	8tq6_FG_agNA_m0
8tq7_FG_agC_m0	ARSTAAWFPY	8tq7_FG_agC_m0
8tq7_HL_agA_m0	ARSTAAWFPY	8tq7_FG_agC_m0
8tq8_FG_agC_m0	ARAYFSKGPFAY	8tq8_FG_agC_m0
8tq8_HL_agA_m0	ARAYFSKGPFAY	8tq8_FG_agC_m0
8tq9_HL_agB _ A_m0	VRRIGYYSPYFFDY	8tq9_HL_agB _ A_m0
8tqa_HL_agA_m0	ARSFYYFDY	8tqa_HL_agA_m0
8tqi_CD_agA_m0	AKQGATILSSFE	8tqi_CD_agA_m0
8tqi_EF_agB_m0	QGT	8tqi_EF_agB_m0
8tqi_HL_agB_m0	AKQGATILSSFES	8tqi_CD_agA_m0
8tqi_IJ_agA_m0	ARAPIIMSSP	8tqi_IJ_agA_m0
8tqk_DE_agB_m0	AKMFKWDYTDSDFGV	8tqk_DE_agB_m0
8tqk_FG_agC_m0	AKMFKWDYTDSDFGV	8tqk_DE_agB_m0
8tqk_HL_agA_m0	AKMFKWDYTDSDFGV	8tqk_DE_agB_m0
8tr3_HL_agA_m0	ARAKHTVLVMATRWFDP	6w73_HL_agNA_m0
8tr3_IM_agC_m0	ARAKHTVLVMATRWFDP	6w73_HL_agNA_m0
8tr3_JN_agE_m0	ARAKHTVLVMATRWFDP	6w73_HL_agNA_m0
8trs_AG_agD_m0	ARYYAMDY	8trs_AG_agD_m0
8trt_AG_agE_m0	ARYYAMDY	8trs_AG_agD_m0
8trt_BC_agD_m0	ARYYAMDY	8trs_AG_agD_m0
8trv_CG_agA_m0	ARYYAMDY	8trs_AG_agD_m0
8trv_DE_agB_m0	ARYYAMDY	8trs_AG_agD_m0
8ts0_HL_agA_m0	ARKGRDYGSTHYFDY	8ts0_HL_agA_m0
8ts5_AG_agNA_m0	ARYYAMDY	8trs_AG_agD_m0
8ts5_BC_agNA_m0	ARYYAMDY	8trs_AG_agD_m0
8ttf_CD_agA_m0	ARMSVENHWYYFPSMYWYYAMDY	8ttf_CD_agA_m0
8tth_CD_agA_m0	ARMSVENHWYYFPSMYWYYAMDY	8ttf_CD_agA_m0
8ttw_CD_agB_m0	TTTSTYDRWSGVGDHHLMAFSS	5cjx_AC_agJ _ K_m0
8ttw_GH_agF_m0	TTTSTYDRWSGVGDHHLMAFSS	5cjx_AC_agJ _ K_m0
8ttw_KL_agJ_m0	TTTSTYDRWSGVGDHHLMAFSS	5cjx_AC_agJ _ K_m0
8ttw_MN_agA_m0	ATARRGQRIYGVVYYFFEGFSYSMDV	4r26_HL_ag_m0
8ttw_OP_agE_m0	ATARRGQRIYGVVYYFFEGFSYSMDV	4r26_HL_ag_m0
8ttw_QR_agI_m0	ATARRGQRIYGVVYYFFEGFSYSMDV	4r26_HL_ag_m0
8tui_HL_agA_m0	ARIPSGSYDYYYDMDV	8tui_HL_agA_m0
8tuz_HL_agA_m0	ARHITTHTRYGFFDF	8tuz_HL_agA_m0
8tv1_DE_agC_m0	ARSHYSVWWGWYYSVSHAAFDY	8tv1_DE_agC_m0
8tv2_AB_agNA_m0	ARSHYSVWWGWYYSVSHAAFDY	8tv1_DE_agC_m0
8tv2_DE_agNA_m0	ARSHYSVWWGWYYSVSHAAFDY	8tv1_DE_agC_m0
8tv3_HL_agA_m0	ARHLGIDFYFGMDV	8tv3_HL_agA_m0
8tvd_BA_agC_m0	VRGIGRYNSWFLDY	8tvd_BA_agC_m0
8tvd_HL_agE_m0	VRGIGRYNSWFLDY	8tvd_BA_agC_m0
8tvh_FD_agA_m0	ASVITTTGYALDY	8tvh_FD_agA_m0
8tvh_GE_agB_m0	ASVITTTGYALDY	8tvh_FD_agA_m0
8tvh_IH_agC_m0	ASVITTTGYALDY	8tvh_FD_agA_m0
8tvj_HL_agE_m0	TRSISRSGPGSLSFWFFDY	8tvj_HL_agE_m0
8tw3_ANA_agF_m0	ATLRANYCSPPGTLGPY	8tw3_ANA_agF_m0
8tw3_BNA_agF_m0	AADVGGSYSSAYYMRNYDA	8tw3_BNA_agF_m0
8tw3_YNA_agX_m0	ATLRANYCSPPGTLGPY	8tw3_ANA_agF_m0
8tw3_ZNA_agX_m0	AADVYSSMAYYRNYDA	8tw3_ZNA_agX_m0
8tx3_EJ_agB _ A_m0	ARSGYSNYPFDY	8tx3_EJ_agB _ A_m0
8tx3_FK_agI _ G_m0	ARSGYSNYPFDY	8tx3_EJ_agB _ A_m0
8tx3_HL_agD _ C_m0	ARSGYSNYPFDY	8tx3_EJ_agB _ A_m0
8txm_HL_agB _ A_m0	AREVTWKGISAGVLGI	8txm_HL_agB _ A_m0
8txp_HL_agB _ A_m0	AREATWKGISSGVLGI	8txp_HL_agB _ A_m0
8txt_GI_agD _ C_m0	AREVTWKGISAGVLGI	8txm_HL_agB _ A_m0
8txt_HL_agF _ E_m0	AREVTWKGISAGVLGI	8txm_HL_agB _ A_m0
8txt_JK_agB _ A_m0	AREVTWKGISAGVLGI	8txm_HL_agB _ A_m0
8txu_EJ_agD _ C_m0	ARGYYGSSGYFDV	8txu_EJ_agD _ C_m0
8txu_FK_agI _ G_m0	ARGYYGSSGYFDV	8txu_EJ_agD _ C_m0
8txu_HL_agB _ A_m0	ARGYYGSSGYFDV	8txu_EJ_agD _ C_m0
8ty1_CB_agA_m0	ARADNYFDIVSTYGTHYFDY	8ty1_CB_agA_m0
8ty7_HL_agB _ A_m0	AREETWKGITAGVMGI	8ty7_HL_agB _ A_m0
8tyw_NNA_agC _ B_m0	ARCPAPFTRDCSTVDFTTYAY	6oya_NNA_agA _ B_m0
8tzn_BD_agA_m0	ARGSGRYNIWTFPTYYGDAFDF	8tzn_BD_agA_m0
8tzn_GH_agC_m0	ARGSGRYNIWTFPTYYGDAFDF	8tzn_BD_agA_m0
8tzq_Ee_agB _ A_m0	VRSIYYYSGSPFDF	6crk_Hh_agA _ B _ G_m0
8tzu_CNA_agB_m0	AASYLSLNFPDDL	8tzu_CNA_agB_m0
8tzu_DNA_agB_m0	AALWDGGSWYLGEPSDFGS	8tzu_DNA_agB_m0
8tzu_ENA_agA_m0	AALWDGGSWYLGEPSDFGS	8tzu_DNA_agB_m0
8tzu_GNA_agA_m0	AASYLSLNFPDDL	8tzu_CNA_agB_m0
8tzu_HNA_agF_m0	AASYLSLNFPDDL	8tzu_CNA_agB_m0
8tzw_HL_agC_m0	ARTGKYYDFWSEGPPYGEYFQD	7mfa_CD_agNA_m0
8tzy_AB_agC_m0	AREADIVVSGGSYFDS	8tzy_AB_agC_m0
8tzy_DE_agNA_m0	AREADIVVSGGSYFDS	8tzy_AB_agC_m0
8u03_HL_agC_m0	TTVQTYYDFWSHQQYYGYYFDY	8u03_HL_agC_m0
8u08_HL_agC_m0	ARTGKYYDFWSEGPPYGEYFQD	7mfa_CD_agNA_m0
8u1c_HL_agA_m0	ARHSEPWYPDHPPWFRYPFDI	8u1c_HL_agA_m0
8u1d_IJ_agA_m0	ARDEGGSGYSSYFDS	8u1d_IJ_agA_m0
8u1p_BC_agA_m0	ARDYCTGSSRYCTDYDY	8u1p_BC_agA_m0
8u1p_HL_agA_m0	ARLLYSRAYYVYGMDV	8u1p_HL_agA_m0
8u1q_HL_agA_m0	ARLYTKSSNANY	8u1q_HL_agA_m0
8u1s_EF_agB_m0	ARRPTHFDWFKTFDY	8u1s_EF_agB_m0
8u1s_GI_agC_m0	ARRPTHFDWFKTFDY	8u1s_EF_agB_m0
8u1s_HL_agA_m0	ARRPTHFDWFKTFDY	8u1s_EF_agB_m0
8u1s_JK_agD_m0	ARRPTHFDWFKTFDY	8u1s_EF_agB_m0
8u1u_Ee_agB _ C_m0	VRSIYYYSGSPFDF	6crk_Hh_agA _ B _ G_m0
8u26_NNA_agA _ B_m0	ARCPAPFTCFSTVDTTYAY	7rmg_NNA_agA _ B_m0
8u2c_DC_agB_m0	ATFYGAKGTLDY	5niv_BA_ag_m0
8u2c_FE_agA_m0	ATFYGAKGTLDY	5niv_BA_ag_m0
8u31_CB_agA_m0	ARAGGAGGGLTYVTRLDL	8u31_CB_agA_m0
8u32_CB_agA_m0	ARAGGAGGGLTYVTRLDL	8u31_CB_agA_m0
8u32_FE_agD_m0	ARAGGAGGGLTYVTRLDL	8u31_CB_agA_m0
8u3s_BNA_agA_m0	AYSDPYQPMSY	8u3s_BNA_agA_m0
8u44_ST_agI _ G_m0	AREETWKGITAGVMGI	8ty7_HL_agB _ A_m0
8u44_UW_agJ _ H_m0	AREETWKGITAGVMGI	8ty7_HL_agB _ A_m0
8u44_VX_agB _ A_m0	AREETWKGITAGVMGI	8ty7_HL_agB _ A_m0
8u4q_HL_agR_m0	ARHGITGARNHYYYYGMDV	8u4q_HL_agR_m0
8u4r_HL_agR_m0	ARHGITGARNHYYYYGMDV	8u4q_HL_agR_m0
8u4s_BA_agC_m0	ARHGITGARNHYYYYGMDV	8u4q_HL_agR_m0
8u4s_FE_agG_m0	ARHGITGARNHYYYYGMDV	8u4q_HL_agR_m0
8u4s_HL_agR_m0	ARHGITGARNHYYYYGMDV	8u4q_HL_agR_m0
8u4t_GF_agI_m0	ARHGITGARNHYYYYGMDV	8u4q_HL_agR_m0
8u4t_HL_agR_m0	ARHGITGARNHYYYYGMDV	8u4q_HL_agR_m0
8u4t_PO_agQ_m0	ARHGITGARNHYYYYGMDV	8u4q_HL_agR_m0
8u4t_ZY_agA_m0	ARHGITGARNHYYYYGMDV	8u4q_HL_agR_m0
8u4v_HL_agA _ B_m0	ARWFHPWWWWRFLYEGAIDY	8u4v_HL_agA _ B_m0
8u4v_KNA_agNA_m0	AIDSDTFSYGSYDY	6ww2_KNA_agNA_m0
8u5b_HL_agA _ B_m0	ARWFHPWWWWRFLYEGAIDY	8u4v_HL_agA _ B_m0
8u5l_Ff_agD_m0	ATVRSGRYFALDD	8u5l_Ff_agD_m0
8u5l_Hh_agC_m0	ATVRSGRYFALDD	8u5l_Ff_agD_m0
8u5l_Jj_agA_m0	ATVRSGRYFALDD	8u5l_Ff_agD_m0
8u5l_Kk_agE_m0	ATVRSGRYFALDD	8u5l_Ff_agD_m0
8u5l_Nn_agB_m0	ATVRSGRYFALDD	8u5l_Ff_agD_m0
8u70_BA_agNA_m0	ARDYCTGSSRYCTDYDY	8u1p_BC_agA_m0
8u70_DC_agNA_m0	ARDYCTGSSRYCTDYDY	8u1p_BC_agA_m0
8u70_FE_agNA_m0	ARDYCTGSSRYCTDYDY	8u1p_BC_agA_m0
8u70_HG_agNA_m0	ARDYCTGSSRYCTDYDY	8u1p_BC_agA_m0
8u70_JI_agNA_m0	ARDYCTGSSRYCTDYDY	8u1p_BC_agA_m0
8u70_LK_agNA_m0	ARDYCTGSSRYCTDYDY	8u1p_BC_agA_m0
8ucd_HL_agC _ A _ B_m0	TRWGYYGRTGYFNV	8ucd_HL_agC _ A _ B_m0
8udg_HL_agA_m0	ARCVFATSQFDP	8udg_HL_agA_m0
8udg_MN_agB _ C_m0	ARCVFATSQFDP	8udg_HL_agA_m0
8udr_DE_agA _ C_m0	AREGVTMPGGAFDI	8udr_DE_agA _ C_m0
8udz_CD_agB_m0	ARPRIAARRGGFGY	8udz_CD_agB_m0
8udz_EF_agB _ A_m0	ARPRIAARRGGFGY	8udz_CD_agB_m0
8uek_ANA_agNA_m0	RAQQKIGDRTFRDY	8uek_ANA_agNA_m0
8uek_ANA_agNA_m1	RAQQKIGDRTFRDY	8uek_ANA_agNA_m0
8uek_ANA_agNA_m10	RAQQKIGDRTFRDY	8uek_ANA_agNA_m0
8uek_ANA_agNA_m11	RAQQKIGDRTFRDY	8uek_ANA_agNA_m0
8uek_ANA_agNA_m12	RAQQKIGDRTFRDY	8uek_ANA_agNA_m0
8uek_ANA_agNA_m13	RAQQKIGDRTFRDY	8uek_ANA_agNA_m0
8uek_ANA_agNA_m14	RAQQKIGDRTFRDY	8uek_ANA_agNA_m0
8uek_ANA_agNA_m15	RAQQKIGDRTFRDY	8uek_ANA_agNA_m0
8uek_ANA_agNA_m16	RAQQKIGDRTFRDY	8uek_ANA_agNA_m0
8uek_ANA_agNA_m17	RAQQKIGDRTFRDY	8uek_ANA_agNA_m0
8uek_ANA_agNA_m18	RAQQKIGDRTFRDY	8uek_ANA_agNA_m0
8uek_ANA_agNA_m19	RAQQKIGDRTFRDY	8uek_ANA_agNA_m0
8uek_ANA_agNA_m2	RAQQKIGDRTFRDY	8uek_ANA_agNA_m0
8uek_ANA_agNA_m3	RAQQKIGDRTFRDY	8uek_ANA_agNA_m0
8uek_ANA_agNA_m4	RAQQKIGDRTFRDY	8uek_ANA_agNA_m0
8uek_ANA_agNA_m5	RAQQKIGDRTFRDY	8uek_ANA_agNA_m0
8uek_ANA_agNA_m6	RAQQKIGDRTFRDY	8uek_ANA_agNA_m0
8uek_ANA_agNA_m7	RAQQKIGDRTFRDY	8uek_ANA_agNA_m0
8uek_ANA_agNA_m8	RAQQKIGDRTFRDY	8uek_ANA_agNA_m0
8uek_ANA_agNA_m9	RAQQKIGDRTFRDY	8uek_ANA_agNA_m0
8uf7_BA_agC_m0	TRDGERQGAMDY	8uf7_BA_agC_m0
8ug9_MNA_agA_m0	HARTWTSY	8g70_ENA_agA_m0
8ug9_NNA_agB_m0	HARTWTSY	8g70_ENA_agA_m0
8ug9_ONA_agC_m0	HARTWTSY	8g70_ENA_agA_m0
8uh3_Ee_agA _ B_m0	VRSIYYYSGSPFDF	6crk_Hh_agA _ B _ G_m0
8uhb_NNA_agC _ A _ B_m0	ARCPAPFTRDCSTVDFTTYAY	6oya_NNA_agA _ B_m0
8uhh_HL_agNA_m0	AKLGTGSRFAI	8uhh_HL_agNA_m0
8uhj_HL_agNA_m0	AKLGTGSRFAI	8uhh_HL_agNA_m0
8uhn_AB_agC_m0	AKLGTGSRFAI	8uhh_HL_agNA_m0
8uhn_HL_agD_m0	AKLGTGSRFAI	8uhh_HL_agNA_m0
8uhp_BA_agD_m0	AKLGTGSRFAI	8uhh_HL_agNA_m0
8uhp_HL_agC_m0	AKLGTGSRFAI	8uhh_HL_agNA_m0
8uhs_HL_agNA_m0	AKLGTGSRFAI	8uhh_HL_agNA_m0
8uht_HL_agNA_m0	AKLGTGSRFAI	8uhh_HL_agNA_m0
8uig_HL_agC_m0	AKLGTGSRFAI	8uhh_HL_agNA_m0
8uih_HL_agD_m0	AKLGTGSRFAI	8uhh_HL_agNA_m0
8uio_AB_agNA_m0	AKLGSGNPVAI	6x1v_HL_agD_m0
8uio_HL_agNA_m0	AKLGSGNPVAI	6x1v_HL_agD_m0
8uit_AB_agD_m0	AKLGSGNPVAI	6x1v_HL_agD_m0
8uit_HL_agC_m0	AKLGSGNPVAI	6x1v_HL_agD_m0
8uiw_AB_agR_m0	ARQGYRRRGSRGFDY	3ivk_AB_agC_m0
8uiw_HL_agN_m0	ARQGYRRRGSRGFDY	3ivk_AB_agC_m0
8uji_AB_agC_m0	AKLGSGNPVAI	6x1v_HL_agD_m0
8uji_HL_agD_m0	AKLGSGNPVAI	6x1v_HL_agD_m0
8ukh_HL_agA_m0	ARGGTVVFDY	8ukh_HL_agA_m0
8ukh_IM_agB_m0	ARGGTVVFDY	8ukh_HL_agA_m0
8ukh_JN_agC_m0	ARGGTVVFDY	8ukh_HL_agA_m0
8ukh_KO_agD_m0	ARGGTVVFDY	8ukh_HL_agA_m0
8uki_HL_agNA_m0	AWDKNVDDPNWRLDS	8uki_HL_agNA_m0
8ukv_CNA_agA_m0	HLKNIRDRYNYSNY	8ukv_CNA_agA_m0
8ukv_DNA_agB_m0	HLKNIRDRYNYSNY	8ukv_CNA_agA_m0
8uky_BA_agD_m0	ASPSLYGSFDY	8uky_BA_agD_m0
8uky_HL_agC_m0	ASPSLYGSFDY	8uky_BA_agD_m0
8ulf_HL_agA_m0	ARGYYYGPNLHFDV	8ulf_HL_agA_m0
8ulf_IM_agB_m0	ARGYYYGPNLHFDV	8ulf_HL_agA_m0
8ulf_JN_agC_m0	ARGYYYGPNLHFDV	8ulf_HL_agA_m0
8ulf_KO_agD_m0	ARGYYYGPNLHFDV	8ulf_HL_agA_m0
8ulh_HL_agNA_m0	ARDVPVVAAVLRDY	8ulh_HL_agNA_m0
8ulj_HL_agB _ A_m0	ATMTSPVIFDALDV	8ulj_HL_agB _ A_m0
8ulk_DE_agJ _ A_m0	ARDVPVVAAVLRDY	8ulh_HL_agNA_m0
8ulk_FG_agI _ C_m0	ARDVPVVAAVLRDY	8ulh_HL_agNA_m0
8ulk_HL_agK _ B_m0	ARDVPVVAAVLRDY	8ulh_HL_agNA_m0
8ulr_HL_agE_m0	ARMYDTDSYKFDS	8ulr_HL_agE_m0
8ulr_IM_agC_m0	ARMYDTDSYKFDS	8ulr_HL_agE_m0
8ulr_JN_agA_m0	ARMYDTDSYKFDS	8ulr_HL_agE_m0
8ult_HL_agE _ B_m0	AWDKNVDDPNWRLDS	8uki_HL_agNA_m0
8ult_IM_agA _ D_m0	AWDKNVDDPNWRLDS	8uki_HL_agNA_m0
8ult_JN_agC _ F_m0	AWDKNVDDPNWRLDS	8uki_HL_agNA_m0
8ulu_HL_agA _ D_m0	AWDKNVDDPNWRLDS	8uki_HL_agNA_m0
8ulu_IM_agE _ B_m0	AWDKNVDDPNWRLDS	8uki_HL_agNA_m0
8ulu_JN_agC _ F_m0	AWDKNVDDPNWRLDS	8uki_HL_agNA_m0
8ulu_KG_agE_m0	AKGSKHRLRDYALDDDGLYDVDVAWNLASNLEF	4rqq_BA_ag_m0
8ume_DF_agA_m0	ARAPAAISYYMDV	8ume_DF_agA_m0
8ume_EG_agB_m0	ARAPAAISYYMDV	8ume_DF_agA_m0
8ume_HL_agC_m0	ARAPAAISYYMDV	8ume_DF_agA_m0
8uo9_BNA_agA_m0	HAVDLTRNGPRVY	8uo9_BNA_agA_m0
8uoa_BNA_agA_m0	HAVDLTRNGPRVY	8uo9_BNA_agA_m0
8up2_AB_agC_m0	ARDWEGPWFAY	8up2_AB_agC_m0
8up2_DE_agF_m0	ARDWEGPWFAY	8up2_AB_agC_m0
8urf_HL_agA_m0	ARSRYRNGLDY	8urf_HL_agA_m0
8us0_BC_agA_m0	ATLMGANPFDY	8us0_BC_agA_m0
8us0_EF_agD_m0	ATLMGANPFDY	8us0_BC_agA_m0
8us0_HI_agG_m0	ATLMGANPFDY	8us0_BC_agA_m0
8us0_KL_agJ_m0	ATLMGANPFDY	8us0_BC_agA_m0
8us0_NO_agM_m0	ATLMGANPFDY	8us0_BC_agA_m0
8us0_QR_agP_m0	ATLMGANPFDY	8us0_BC_agA_m0
8us8_AB_agR_m0	ARGSGGLVH	8us8_AB_agR_m0
8us8_HL_agR_m0	ARGSGGLVH	8us8_AB_agR_m0
8ut2_HG_agB _ A_m0	ARSGWLLYPWYFDV	8ut2_HG_agB _ A_m0
8ut2_JI_agD _ C_m0	ARSGWLLYPWYFDV	8ut2_HG_agB _ A_m0
8ut2_LK_agF _ E_m0	ARSGWLLYPWYFDV	8ut2_HG_agB _ A_m0
8ut3_FI_agC _ B_m0	ARGLLQGVVIYYSDLYTMDV	8ut3_FI_agC _ B_m0
8ut4_IH_agF _ A _ E_m0	ARGLLQGAVIHYSDLYALDF	8ut4_IH_agF _ A _ E_m0
8ut5_GH_agF _ A _ E_m0	ARGLLQGVVIYYSDLYTMDV	8ut3_FI_agC _ B_m0
8uta_AB_agR_m0	ARQGYRRRGSRGFDY	3ivk_AB_agC_m0
8uta_HL_agN_m0	ARQGYRRRGSRGFDY	3ivk_AB_agC_m0
8utd_Dd_agA _ B_m0	VRSIYYYSGSPFDF	6crk_Hh_agA _ B _ G_m0
8uuj_Dd_agA _ B_m0	VRSIYYYSGSPFDF	6crk_Hh_agA _ B _ G_m0
8uvy_BNA_agA_m0	NTYGRLRRDV	7apj_BNA_agA_m0
8uw2_BNA_agA_m0	NTYGRLRRDV	7apj_BNA_agA_m0
8uw7_BNA_agA_m0	NTYGRLRRDV	7apj_BNA_agA_m0
8uw9_BNA_agA_m0	NTYGRLRRDV	7apj_BNA_agA_m0
8uwa_FE_agB_m0	ARGLLQGAVIHYSDLYALDF	8ut4_IH_agF _ A _ E_m0
8uwa_HG_agA_m0	ARGLLQGAVIHYSDLYALDF	8ut4_IH_agF _ A _ E_m0
8uwa_UD_agC_m0	ARGLLQGAVIHYSDLYALDF	8ut4_IH_agF _ A _ E_m0
8uwl_Ee_agB _ C_m0	VRSIYYYSGSPFDF	6crk_Hh_agA _ B _ G_m0
8uwz_AB_agE_m0	ARHAWYYGWGLDY	8uwz_AB_agE_m0
8uwz_CD_agF_m0	ARHAWYYGWGLDY	8uwz_AB_agE_m0
8ux6_BA_agE_m0	ARGPGYAMDY	8ux6_BA_agE_m0
8ux6_DC_agF_m0	ARGPGYAMDY	8ux6_BA_agE_m0
8uxv_NNA_agX _ Y_m0	ARCPAPFTRDCSTVDFTTYAY	6oya_NNA_agA _ B_m0
8uxy_NNA_agX _ Y_m0	ARCPAPFTRDCSTVDFTTYAY	6oya_NNA_agA _ B_m0
8uy0_NNA_agX _ Y _ Z_m0	ARCPAPFTRDCSTVDFTTYAY	6oya_NNA_agA _ B_m0
8uy6_BNA_agA_m0	HVLEDRVDSFHDY	6i2g_ANA_agB_m0
8uy6_DNA_agC_m0	HVLEDRVDSFHDY	6i2g_ANA_agB_m0
8uy6_FNA_agE_m0	HVLEDRVDSFHDY	6i2g_ANA_agB_m0
8uy6_HNA_agG_m0	HVLEDRVDSFHDY	6i2g_ANA_agB_m0
8uy6_JNA_agI_m0	HVLEDRVDSFHDY	6i2g_ANA_agB_m0
8uy6_LNA_agK_m0	HVLEDRVDSFHDY	6i2g_ANA_agB_m0
8uy6_NNA_agM_m0	HVLEDRVDSFHDY	6i2g_ANA_agB_m0
8uy6_PNA_agO_m0	HVLEDRVDSFHDY	6i2g_ANA_agB_m0
8uyq_NNA_agX _ Y _ Z_m0	ARCPAPFTRDCSTVDFTTYAY	6oya_NNA_agA _ B_m0
8uzc_HL_agA_m0	AKERDRDGENYGIYDY	8uzc_HL_agA_m0
8uzp_AB_agE_m0	ARHGNYYYYSGMDV	4fqh_AB_ag_m0
8uzp_HL_agM_m0	ARHGNYYYYSGMDV	4fqh_AB_ag_m0
8v13_HL_agT_m0	AREGDYDSMDV	8v13_HL_agT_m0
8v13_hl_agt_m0	AREGDYDSMDV	8v13_HL_agT_m0
8v2e_AB_agC_m0	ARTGKYYDFWSEGPPYGEYFQD	7mfa_CD_agNA_m0
8v2e_DE_agF_m0	ARTGKYYDFWSEGPPYGEYFQD	7mfa_CD_agNA_m0
8v4f_BD_agA_m0	ARDYGDFYFDY	7d0c_GF_agC_m0
8v52_DC_agB_m0	TVAPGGSFDY	8v52_DC_agB_m0
8v52_FE_agA_m0	TVAPGGSFDY	8v52_DC_agB_m0
8v5a_UNA_agC_m0	YAESFVLNIY	8v5a_UNA_agC_m0
8v5a_WNA_agB_m0	YAESFVLNIY	8v5a_UNA_agC_m0
8v5a_YNA_agA_m0	YAESFVLNIY	8v5a_UNA_agC_m0
8v5k_DNA_agA_m0	AVGRPPLNPRTLAYY	8v5k_DNA_agA_m0
8v5k_ENA_agB_m0	AVGRPPLNPRTLAYY	8v5k_DNA_agA_m0
8v5k_FNA_agC_m0	AVGRPPLNPRTLAYY	8v5k_DNA_agA_m0
8v5k_GNA_agA_m0	YAESFVLNIY	8v5a_UNA_agC_m0
8v5k_HNA_agB_m0	YAESFVLNIY	8v5a_UNA_agC_m0
8v5k_INA_agC_m0	YAESFVLNIY	8v5a_UNA_agC_m0
8v5l_BC_agA_m0	ARAPFYNDFSYGSYYFDY	8v5l_BC_agA_m0
8v5l_HL_agA_m0	ARIMYFEDYSWSDY	8v5l_HL_agA_m0
8v5p_EY_agD_m0	ARIGGVSFEGRPIDY	8v5p_EY_agD_m0
8v5p_FI_agC_m0	ARIGGVSFEGRPIDY	8v5p_EY_agD_m0
8v5p_HL_agA_m0	ARIGGVSFEGRPIDY	8v5p_EY_agD_m0
8v5p_JX_agG_m0	ARIGGVSFEGRPIDY	8v5p_EY_agD_m0
8v5q_HL_agG_m0	ARVRTSSTSTYYFDY	8v5q_HL_agG_m0
8v5s_AB_agD_m0	ARIGGVSFEGRPIDY	8v5p_EY_agD_m0
8v5s_HL_agC_m0	ARIGGVSFEGRPIDY	8v5p_EY_agD_m0
8v5v_bd_agE_m0	ARCGARSYYYYDGSDCAFDI	8v5v_bd_agE_m0
8v5v_ce_agF_m0	ARCGARSYYYYDGSDCAFDI	8v5v_bd_agE_m0
8v5v_fg_agG_m0	ARCGARSYYYYDGSDCAFDI	8v5v_bd_agE_m0
8v62_DNA_agA_m0	AVAVGTRNY	8v62_DNA_agA_m0
8v62_ENA_agB_m0	AVAVGTRNY	8v62_DNA_agA_m0
8v62_FNA_agC_m0	AVAVGTRNY	8v62_DNA_agA_m0
8v62_GNA_agA_m0	YAESFVLNIY	8v5a_UNA_agC_m0
8v62_HNA_agB_m0	YAESFVLNIY	8v5a_UNA_agC_m0
8v62_INA_agC_m0	YAESFVLNIY	8v5a_UNA_agC_m0
8v6u_Ee_agB _ C_m0	VRSIYYYSGSPFDF	6crk_Hh_agA _ B _ G_m0
8v7o_HL_agA_m0	AREKSDFWTVFFSDYYMDV	8v7o_HL_agA_m0
8v7o_IM_agB_m0	AREKSDFWTVFFSDYYMDV	8v7o_HL_agA_m0
8v7o_JN_agC_m0	AREKSDFWTVFFSDYYMDV	8v7o_HL_agA_m0
8v8f_Aa_agH_m0	ARSGGIERYYTGDYVMDY	1mf2_HL_ag_m0
8v8f_Bb_agE_m0	ARSGGIERYYTGDYVMDY	1mf2_HL_ag_m0
8v8f_Cc_agF_m0	ARSGGIERYYTGDYVMDY	1mf2_HL_ag_m0
8v8f_Dd_agG_m0	ARSGGIERYYTGDYVMDY	1mf2_HL_ag_m0
8v8k_ANA_agNA_m0	NFKYYSGSYKYFSEYDY	8qot_BNA_agA_m0
8v8k_BNA_agNA_m0	NFKYYSGSYKYFSEYDY	8qot_BNA_agA_m0
8v8k_CNA_agNA_m0	NFKYYSGSYKYFSEYDY	8qot_BNA_agA_m0
8v91_JI_agC _ B_m0	AKGDYVFDY	8v91_JI_agC _ B_m0
8v93_AC_agD_m0	ARDGDPPFVY	8v93_AC_agD_m0
8v93_BL_agD_m0	ARLYGDYPYYFDY	8v93_BL_agD_m0
8v9d_IJ_agB _ A_m0	ARVNYDLLTARGNFFDP	8v9d_IJ_agB _ A_m0
8v9d_KL_agC_m0	ARVNYDLLTARGNFFDP	8v9d_IJ_agB _ A_m0
8v9d_MN_agD_m0	ARVNYDLLTARGNFFDP	8v9d_IJ_agB _ A_m0
8v9w_ANA_agA_m0	RSGVLGS	8v9w_ANA_agA_m0
8v9w_BNA_agB_m0	RSGVLGS	8v9w_ANA_agA_m0
8v9w_CNA_agC_m0	RSGVLGS	8v9w_ANA_agA_m0
8v9w_DNA_agD_m0	RSGVLGS	8v9w_ANA_agA_m0
8v9x_ANA_agA_m0	RSGVLGS	8v9w_ANA_agA_m0
8v9y_ANA_agNA_m0	RSGVLGS	8v9w_ANA_agA_m0
8v9z_ANA_agA_m0	RSGVLGS	8v9w_ANA_agA_m0
8va0_ANA_agA_m0	RSGVLGS	8v9w_ANA_agA_m0
8va0_BNA_agB_m0	RSGVLGS	8v9w_ANA_agA_m0
8vbn_HL_agNA_m0	TAVVQETRKSEYRDTLHVDA	8vbn_HL_agNA_m0
8vbp_HL_agNA_m0	TTVHQQTRNKEYTYVLHVDT	8vbp_HL_agNA_m0
8vc7_BA_agE_m0	ARYYYTRGPYDGMDY	8vc7_BA_agE_m0
8vc7_JD_agC_m0	ARYYYTRGPYDGMDY	8vc7_BA_agE_m0
8vcr_DF_agC_m0	ARGFLGYCAGLFCSGNWLDP	8vcr_DF_agC_m0
8vcr_EG_agA_m0	ARGFLGYCAGLFCSGNWLDP	8vcr_DF_agC_m0
8vcr_HL_agB_m0	ARGFLGYCAGLFCSGNWLDP	8vcr_DF_agC_m0
8vdf_HL_agA_m0	VKGGGNCPSDTYGSPYCFGLDV	8vdf_HL_agA_m0
8vdg_HK_agA_m0	ARDLPGYELRVFDL	8vdg_HK_agA_m0
8vdl_HL_agC_m0	VKGGGNCPSDTYGSPYCFGLDV	8vdf_HL_agA_m0
8veb_GI_agE_m0	ARVPFYYDTRGVEANGYFGGFEI	8veb_GI_agE_m0
8veb_HL_agA_m0	ARVPFYYDTRGVEANGYFGGFEI	8veb_GI_agE_m0
8veb_JK_agC_m0	ARVPFYYDTRGVEANGYFGGFEI	8veb_GI_agE_m0
8ved_GI_agC_m0	AAGRLDYSDTTPKYYGPPLDY	8t1g_GI_agD _ C_m0
8ved_HL_agA_m0	AAGRLDYSDTTPKYYGPPLDY	8t1g_GI_agD _ C_m0
8ved_JK_agE_m0	AAGRLDYSDTTPKYYGPPLDY	8t1g_GI_agD _ C_m0
8vee_GI_agC_m0	ARVPFYYDTRGVEANGYFGGFEI	8veb_GI_agE_m0
8vee_HL_agA_m0	ARVPFYYDTRGVEANGYFGGFEI	8veb_GI_agE_m0
8vee_JK_agE_m0	ARVPFYYDTRGVEANGYFGGFEI	8veb_GI_agE_m0
8vef_GI_agE_m0	ARVPFYYDSSGYDANGYYDAFDI	8vef_GI_agE_m0
8vef_HL_agA_m0	ARVPFYYDSSGYDANGYYDAFDI	8vef_GI_agE_m0
8vef_JK_agC_m0	ARVPFYYDSSGYDANGYYDAFDI	8vef_GI_agE_m0
8veg_BA_agNA_m0	ARDPRGYGLAADRLDL	6vvu_EF_agC_m0
8vev_AB_agNA_m0	SLWQTWFAY	8tca_HL_agNA_m0
8vev_CD_agNA_m0	SLWQTWFAY	8tca_HL_agNA_m0
8vev_HL_agNA_m0	SLWQTWFAY	8tca_HL_agNA_m0
8vfu_BA_agNA_m0	SRDRWPYYFDF	8vfu_BA_agNA_m0
8vfv_CD_agF_m0	ATGGMSSALKSSQYYFDF	6nf5_GI_agD_m0
8vfv_GI_agK _ E_m0	ATGGMSSALKSSQYYFDF	6nf5_GI_agD_m0
8vfv_HL_agA_m0	ARNAILIFGVIAFYYEGFCGMDV	8vfv_HL_agA_m0
8vfv_MN_agB _ J_m0	ATGGMSSALKSSQYYFDF	6nf5_GI_agD_m0
8vge_HL_agNA_m0	ARDPRGYGLAADRLDL	6vvu_EF_agC_m0
8vgf_HL_agNA_m0	ARDPRGYGLAADRLDL	6vvu_EF_agC_m0
8vgg_HL_agNA_m0	ARDPRGYGLAADRLDL	6vvu_EF_agC_m0
8vgh_FE_agC_m0	ARDPRGYGLAADRLDL	6vvu_EF_agC_m0
8vgh_HG_agA_m0	ARDPRGYGLAADRLDL	6vvu_EF_agC_m0
8vgh_JI_agB_m0	ARDPRGYGLAADRLDL	6vvu_EF_agC_m0
8vgh_KL_agD_m0	ARDPRGYGLAADRLDL	6vvu_EF_agC_m0
8vgi_FE_agC_m0	ARDPRGYGLAADRLDL	6vvu_EF_agC_m0
8vgi_HG_agA_m0	ARDPRGYGLAADRLDL	6vvu_EF_agC_m0
8vgi_JI_agB_m0	ARDPRGYGLAADRLDL	6vvu_EF_agC_m0
8vgi_KL_agD_m0	ARDPRGYGLAADRLDL	6vvu_EF_agC_m0
8vgj_FE_agC_m0	ARDPRGYGLAADRLDL	6vvu_EF_agC_m0
8vgj_HG_agA_m0	ARDPRGYGLAADRLDL	6vvu_EF_agC_m0
8vgj_JI_agB_m0	ARDPRGYGLAADRLDL	6vvu_EF_agC_m0
8vgj_KL_agD_m0	ARDPRGYGLAADRLDL	6vvu_EF_agC_m0
8vgk_FE_agC_m0	ARDPRGYGLAADRLDL	6vvu_EF_agC_m0
8vgk_HG_agA_m0	ARDPRGYGLAADRLDL	6vvu_EF_agC_m0
8vgk_JI_agB_m0	ARDPRGYGLAADRLDL	6vvu_EF_agC_m0
8vgk_KL_agD_m0	ARDPRGYGLAADRLDL	6vvu_EF_agC_m0
8vgl_EF_agA _ D_m0	ARHLYRYDGVGALDY	6n4q_JI_agA _ B _ F_m0
8vgl_HL_agC _ B_m0	ARHLYRYDGVGALDY	6n4q_JI_agA _ B _ F_m0
8vgm_EF_agA _ B_m0	ARHLYRYDGVGALDY	6n4q_JI_agA _ B _ F_m0
8vgm_HL_agC _ D_m0	ARHLYRYDGVGALDY	6n4q_JI_agA _ B _ F_m0
8vgn_AB_agI_m0	ARSTYYGDGWYFNV	2osl_AB_agQ_m0
8vgn_HL_agG_m0	ARSTYYGDGWYFNV	2osl_AB_agQ_m0
8vgo_AB_agI_m0	ARSTYYGDGWYFNV	2osl_AB_agQ_m0
8vgo_HL_agG_m0	ARSTYYGDGWYFNV	2osl_AB_agQ_m0
8vgp_HL_agA_m0	ARFVFFLPYAMDY	2fjf_BA_ag_m0
8vgv_CD_agA_m0	TTGGWISLYYYYSSDPNFDH	8sb5_CD_agA_m0
8vgv_GH_agE_m0	TTGGWISLYYYYSSDPNFDH	8sb5_CD_agA_m0
8vgv_KL_agI_m0	TTGGWISLYYYYSSDPNFDH	8sb5_CD_agA_m0
8vgw_CD_agA_m0	TRGKNCDNYWDFEH	4jpk_HL_agA_m0
8vgw_GH_agE_m0	TRGKNCDNYWDFEH	4jpk_HL_agA_m0
8vgw_KL_agI_m0	TRGKNCDNYWDFEH	4jpk_HL_agA_m0
8vh1_CD_agA_m0	VRDVGTEGLSLHFDY	8vh1_CD_agA_m0
8vh1_GH_agE_m0	VRDVGTEGLSLHFDY	8vh1_CD_agA_m0
8vh1_KL_agI_m0	VRDVGTEGLSLHFDY	8vh1_CD_agA_m0
8vhf_NNA_agA _ B_m0	ARCPAPFTRDCSTVDFTTYAY	6oya_NNA_agA _ B_m0
8via_HL_agD _ C_m0	ARENNYYDSSYGSYYFDY	8via_HL_agD _ C_m0
8vif_HL_agR_m0	ARLANYDFWSGSFRSYAQFDN	8vif_HL_agR_m0
8vj9_HL_agA _ R_m0	ARKSMYHRGWGYVWSLWGAMDY	8tii_HL_agA _ R_m0
8vk1_CB_agA_m0	AKLTGYGSGPTSYMDV	8vk1_CB_agA_m0
8vk1_FE_agD_m0	AKLTGYGSGPTSYMDV	8vk1_CB_agA_m0
8vk2_CB_agNA_m0	AKLTGYGSGPTSYMDV	8vk1_CB_agA_m0
8vk2_FE_agNA_m0	AKLTGYGSGPTSYMDV	8vk1_CB_agA_m0
8vke_AB_agC_m0	ARLANYDFWSGSFRSYAQFDN	8vif_HL_agR_m0
8vke_HL_agR_m0	ARLANYDFWSGSFRSYAQFDN	8vif_HL_agR_m0
8vkx_HL_agA_m0	SRVGKDFDGGLFDS	8vkx_HL_agA_m0
8vlt_HL_agNA_m0	ARPPFSGYSEGLDY	8vlt_HL_agNA_m0
8vm8_HL_agR_m0	ARQGYRRRGSRGFDY	3ivk_AB_agC_m0
8vm9_AB_agC_m0	ARQGYRRRGSRGFDY	3ivk_AB_agC_m0
8vm9_HL_agR_m0	ARQGYRRRGSRGFDY	3ivk_AB_agC_m0
8vma_AB_agC_m0	ARQGYRRRGSRGFDY	3ivk_AB_agC_m0
8vma_HL_agR_m0	ARQGYRRRGSRGFDY	3ivk_AB_agC_m0
8vmb_HL_agR_m0	ARQGYRRRGSRGFDY	3ivk_AB_agC_m0
8vpf_DF_agB_m0	ARLLLVEYTTSGGARSYGMDV	8vpf_DF_agB_m0
8vpf_EG_agC_m0	ARLLLVEYTTSGGARSYGMDV	8vpf_DF_agB_m0
8vpf_MN_agA_m0	ARLLLVEYTTSGGARSYGMDV	8vpf_DF_agB_m0
8vqd_CB_agA_m0	ARYGTYELKSYLSEWSGPAFDY	8vqd_CB_agA_m0
8vqf_BA_agC_m0	VRDFNQFVKRGDVFPAFDL	8vqf_BA_agC_m0
8vqy_JI_agB_m0	ARKGLRWAMDY	6d6t_JI_agB_m0
8vqy_KL_agD_m0	ARKGLRWAMDY	6d6t_JI_agB_m0
8vr9_ED_agA _ C_m0	ARGGWIAAMDY	8vr9_ED_agA _ C_m0
8vra_ED_agA _ C_m0	ARGGWIAAMDY	8vr9_ED_agA _ C_m0
8vrb_ED_agA _ C_m0	ARGGWIAAMDY	8vr9_ED_agA _ C_m0
8vrn_JI_agB_m0	ARKGLRWAMDY	6d6t_JI_agB_m0
8vrn_KL_agD_m0	ARKGLRWAMDY	6d6t_JI_agB_m0
8vs7_AB_agNA_m0	TRRPYYGGSAWFAY	8vs7_AB_agNA_m0
8vs7_HL_agNA_m0	ARLGYCSGSGCHFDY	6apc_HL_ag_m0
8vs8_AB_agNA_m0	ARLGYCSGSGCHFDY	6apc_HL_ag_m0
8vs8_DC_agNA_m0	ARGGFLYDGGPFDY	8vs8_DC_agNA_m0
8vs8_EF_agNA_m0	ARLGYCSGSGCHFDY	6apc_HL_ag_m0
8vs8_HG_agNA_m0	ARGGFLYDGGPFDY	8vs8_DC_agNA_m0
8vs8_IJ_agNA_m0	ARLGYCSGSGCHFDY	6apc_HL_ag_m0
8vs8_LK_agNA_m0	ARGGFLYDGGPFDY	8vs8_DC_agNA_m0
8vs8_MN_agNA_m0	ARLGYCSGSGCHFDY	6apc_HL_ag_m0
8vs8_PO_agNA_m0	ARGGFLYDGGPFDY	8vs8_DC_agNA_m0
8vs8_QR_agNA_m0	ARLGYCSGSGCHFDY	6apc_HL_ag_m0
8vs8_TS_agNA_m0	ARGGFLYDGGPFDY	8vs8_DC_agNA_m0
8vs8_UV_agNA_m0	ARLGYCSGSGCHFDY	6apc_HL_ag_m0
8vs8_XW_agNA_m0	ARGGFLYDGGPFDY	8vs8_DC_agNA_m0
8vs8_YZ_agNA_m0	ARLGYCSGSGCHFDY	6apc_HL_ag_m0
8vs8_ba_agNA_m0	ARGGFLYDGGPFDY	8vs8_DC_agNA_m0
8vs8_cd_agNA_m0	ARLGYCSCY	8vs8_cd_agNA_m0
8vs8_fe_agNA_m0	ARGGFLYDGGPFDY	8vs8_DC_agNA_m0
8vsj_HL_agA _ B_m0	ARAYGDYHVYAMDY	8euq_CD_agA _ B_m0
8vsv_12_aga _ A_m0	ASPRGDSGSIDYYDYFDY	8vsv_12_aga _ A_m0
8vsv_34_agd _ D_m0	ASPRGDSGSIDYYDYFDY	8vsv_12_aga _ A_m0
8vtd_BA_agC_m0	ARGGPYGWYFDV	8vtd_BA_agC_m0
8vte_BA_agE_m0	TRESTTYDALLGPFDY	8jeo_BC_agA_m0
8vte_DC_agF_m0	TRESTTYDALLGPFDY	8jeo_BC_agA_m0
8vti_DC_agA_m0	ARHNYWQWWSYEYALDY	8vti_DC_agA_m0
8vtp_AG_agNA_m0	ARHGYGAMDY	8vtp_AG_agNA_m0
8vtr_ANA_agNA_m0	ARHGYGAMDY	8vtp_AG_agNA_m0
8vu1_ANA_agNA_m0	ARHGYGAMDY	8vtp_AG_agNA_m0
8vu4_AG_agNA_m0	ARHGYGAMDY	8vtp_AG_agNA_m0
8vu4_BC_agNA_m0	ARHGYGAMDY	8vtp_AG_agNA_m0
8vua_ANA_agNA_m0	ARHGYGAMDY	8vtp_AG_agNA_m0
8vuc_AG_agNA_m0	ARHGYGAMDY	8vtp_AG_agNA_m0
8vuc_BC_agNA_m0	ARHGYGAMDY	8vtp_AG_agNA_m0
8vue_GH_agD _ C_m0	ARAGVRVFGVIINSLDY	8vue_GH_agD _ C_m0
8vue_IJ_agF _ E_m0	ARAGVRVFGVIINSLDY	8vue_GH_agD _ C_m0
8vue_KL_agB _ A_m0	ARAGVRVFGVIINSLDY	8vue_GH_agD _ C_m0
8vuh_HL_agA_m0	ARDVSGGVNWFDP	8vuh_HL_agA_m0
8vuh_IM_agC_m0	ARDVSGGVNWFDP	8vuh_HL_agA_m0
8vui_AG_agD_m0	ARHGYGAMDY	8vtp_AG_agNA_m0
8vuj_HL_agA_m0	ARDVSGGVNWFDP	8vuh_HL_agA_m0
8vuj_IM_agC_m0	ARDVSGGVNWFDP	8vuh_HL_agA_m0
8vul_HL_agA_m0	ARDVSGGVNWFDP	8vuh_HL_agA_m0
8vun_GI_agC_m0	AKDRASSWAYYGMDV	8vun_GI_agC_m0
8vun_KL_agA_m0	AKDRASSWAYYGMDV	8vun_GI_agC_m0
8vuq_GI_agA_m0	AKDRASSWAYYGMDV	8vun_GI_agC_m0
8vur_HL_agA_m0	ARDVSGGVNWFDP	8vuh_HL_agA_m0
8vus_EF_agC_m0	ARSAVFDY	8vus_EF_agC_m0
8vus_HL_agA_m0	ARSAVFDY	8vus_EF_agC_m0
8vut_HL_agA_m0	AKDRASSWAYYGMDV	8vun_GI_agC_m0
8vut_IM_agC _ B_m0	AKDRASSWAYYGMDV	8vun_GI_agC_m0
8vuu_HL_agA_m0	ARSAVFDY	8vus_EF_agC_m0
8vuu_JK_agC_m0	ARSAVFDY	8vus_EF_agC_m0
8vuv_HL_agA_m0	ARSAVFDY	8vus_EF_agC_m0
8vuy_HL_agA_m0	ARDVSGGVNWFDP	8vuh_HL_agA_m0
8vuy_JK_agC_m0	ARDVSGGVNWFDP	8vuh_HL_agA_m0
8vuz_AB_agNA_m0	VRLGLLGFYALDY	8vuz_AB_agNA_m0
8vuz_HL_agNA_m0	ARAGVRVFGVIINSLDY	8vue_GH_agD _ C_m0
8vvb_AB_agNA_m0	ARAGVRVFGVIINSLDY	8vue_GH_agD _ C_m0
8vvb_CD_agNA_m0	ARAGVRVFGVIINSLDY	8vue_GH_agD _ C_m0
8vvf_Ee_agB _ C_m0	VRSIYYYSGSPFDF	6crk_Hh_agA _ B _ G_m0
8vvh_HL_agA_m0	ARDVSGGVNWFDP	8vuh_HL_agA_m0
8vvk_DC_agB_m0	ARGGYGGYSEDAYDI	8vvk_DC_agB_m0
8vvk_HL_agA_m0	ARGGYGGYSEDAYDI	8vvk_DC_agB_m0
8vvl_HL_agA_m0	ARDEVRRYDYAMDY	8vvl_HL_agA_m0
8vvm_AG_agI_m0	ARHGYGAMDY	8vtp_AG_agNA_m0
8vvm_BC_agI_m0	ARHGYGAMDY	8vtp_AG_agNA_m0
8vvo_AG_agI_m0	ARHGYGAMDY	8vtp_AG_agNA_m0
8vvo_BC_agI_m0	ARHGYGAMDY	8vtp_AG_agNA_m0
8vwe_HL_agC_m0	ARDNPTFGAADS	8vwe_HL_agC_m0
8vww_BC_agA_m0	ARLRLSSSPYWEAFDY	8vww_BC_agA_m0
8vww_HL_agA_m0	ALADAPDDAFDI	8vww_HL_agA_m0
8vy4_AB_agC_m0	ARIGIGIDFNI	8vy4_AB_agC_m0
8vy7_Dd_agA _ B_m0	VRSIYYYSGSPFDF	6crk_Hh_agA _ B _ G_m0
8vy9_Dd_agA _ C _ B_m0	VRSIYYYSGSPFDF	6crk_Hh_agA _ B _ G_m0
8vye_AD_agK_m0	ARDYTRGAWFILSEGGGFDN	6wps_CD_agB_m0
8vye_BC_agK_m0	ANLKDSRYGSSYYDY	7n8h_CB_agA_m0
8vye_FG_agE_m0	ANLKDSRYGSSYYDY	7n8h_CB_agA_m0
8vye_HL_agK_m0	AHVLVWFGEPLVDAFDV	7soe_BL_agA_m0
8vye_IJ_agE_m0	ARDYTRGAWFILSEGGGFDN	6wps_CD_agB_m0
8vye_MN_agE_m0	AHVLVWFGEPLVDAFDV	7soe_BL_agA_m0
8vye_PQ_agO_m0	ANLKDSRYGSSYYDY	7n8h_CB_agA_m0
8vye_RS_agO_m0	ARDYTRGAWFILSEGGGFDN	6wps_CD_agB_m0
8vye_TU_agO_m0	AHVLVWFGEPLVDAFDV	7soe_BL_agA_m0
8vyf_BC_agA_m0	ANLKDSRYGSSYYDY	7n8h_CB_agA_m0
8vyf_HL_agA_m0	AHVLVWFGEPLVDAFDV	7soe_BL_agA_m0
8vyg_AB_agR_m0	ARDYTRGAWFILSEGGGFDN	6wps_CD_agB_m0
8vyl_ENA_agB _ A_m0	AAARFLQNATTLRGPYDY	8vyl_ENA_agB _ A_m0
8vyl_FNA_agD _ C_m0	AAARFLQNATTLRGPYDY	8vyl_ENA_agB _ A_m0
8vym_DE_agB_m0	ATRWNYFFDFDY	5c6t_HL_agA_m0
8vym_GF_agA_m0	ATRWNYFFDFDY	5c6t_HL_agA_m0
8vym_JI_agC_m0	ATRWNYFFDFDY	5c6t_HL_agA_m0
8vym_KH_agB_m0	AKDSAKTASAYYYFFNLGYGMDV	8vym_KH_agB_m0
8vyn_DE_agA_m0	AKDSAKTASAYYYFFNLGYGMDV	8vym_KH_agB_m0
8vyn_FG_agA_m0	ATRWNYFFDFDY	5c6t_HL_agA_m0
8vyn_HI_agB_m0	AKDSAKTASAYYYFFNLGYGMDV	8vym_KH_agB_m0
8vyn_JK_agB_m0	ATRWNYFFDFDY	5c6t_HL_agA_m0
8vyn_LM_agC_m0	AKDSAKTASAYYYFFNLGYGMDV	8vym_KH_agB_m0
8vyn_NO_agC_m0	ATRWNYFFDFDY	5c6t_HL_agA_m0
8vzn_BC_agA_m0	ARKQYNWPWPYYRSHIWGFDY	8vzn_BC_agA_m0
8vzo_BD_agA_m0	ARSSRYEFFYSWYWWSNPAMDY	8vzo_BD_agA_m0
8vzw_HL_agNA_m0	ARGGTGTDY	8vzw_HL_agNA_m0
8w0v_HL_agC_m0	VSPRIAHCRCRGGYETLD	8w0v_HL_agC_m0
8w0w_HL_agC_m0	VSPRLGHCRCRGRYETLD	8w0w_HL_agC_m0
8w0x_HL_agC_m0	ARFLPPDYDLLTPPDFYDGAFDI	8w0x_HL_agC_m0
8w0y_AB_agD_m0	ARGQRNCSGYCNGSGLWA	8w0y_AB_agD_m0
8w0y_HL_agC_m0	ARGQRNCSGYCNGSGLWA	8w0y_AB_agD_m0
8w1v_DNA_agA_m0	NAKVAGTFSIYDY	5jqh_CNA_agA_m0
8w1v_FNA_agB_m0	NAKVAGTFSIYDY	5jqh_CNA_agA_m0
8w3r_Aa_agF_m0	AGSPSGHYSWFYGLYAMDV	8w3r_Aa_agF_m0
8w4f_DNA_agB_m0	AADPASPAPGDY	7kkk_BNA_agA_m0
8w4f_ENA_agA_m0	AADPASPAPGDY	7kkk_BNA_agA_m0
8w4f_FNA_agC_m0	AADPASPAPGDY	7kkk_BNA_agA_m0
8w5d_HL_agC _ c_m0	ARESQNY	8w5d_HL_agC _ c_m0
8w5e_HL_agC _ c_m0	ARQNFDSSFYFDY	8w5e_HL_agC _ c_m0
8w5f_HL_agc _ C_m0	ARGGIHYTGDYYYFDY	8w5f_HL_agc _ C_m0
8w5g_HL_agB _ A_m0	ARSGYYFS	8w5g_HL_agB _ A_m0
8w5h_HL_agA _ B_m0	ARSPDYYGGYYFDY	8w5h_HL_agA _ B_m0
8w5i_HL_agB _ E _ D _ C _ A_m0	ARDDVYPFYFDY	8w5i_HL_agB _ E _ D _ C _ A_m0
8w5l_HL_agB _ C _ A_m0	ARDSSGYLPYFSY	8w5n_HL_agA _ C _ B_m0
8w5m_HL_agA _ b _ B_m0	ARRGYDGHHYFDY	8w5m_HL_agA _ b _ B_m0
8w5n_HL_agA _ C _ B_m0	ARDSSGYFPYFSY	8w5n_HL_agA _ C _ B_m0
8w5o_HL_agB _ b _ A_m0	TRRGYYSGSDVYTYAMDY	8w5o_HL_agB _ b _ A_m0
8w5p_HL_agc _ C_m0	STGWDYGPFDS	8w5p_HL_agc _ C_m0
8w5q_HL_agC _ c_m0	ARKRGYEYQGDYFFEY	8w5q_HL_agC _ c_m0
8w5r_HL_agA _ C _ B_m0	ARGVFYIYNYAMDY	8w5r_HL_agA _ C _ B_m0
8w5t_HL_agB _ A_m0	GRTFTVPYWYFDV	8w5t_HL_agB _ A_m0
8w5u_HL_agc _ C_m0	STGWDYGPFDS	8w5p_HL_agc _ C_m0
8w5v_HL_agc _ C_m0	STGWDYGPFDS	8w5p_HL_agc _ C_m0
8w5w_HL_agB _ A_m0	YGPFDYWGQGTT	8w5w_HL_agB _ A_m0
8w70_BA_agNA_m0	VNGNPWLAY	8w70_BA_agNA_m0
8w83_AB_agD _ C_m0	ARDPLNYYYYGELNL	8w83_AB_agD _ C_m0
8w83_EF_agH _ G_m0	ARDPLNYYYYGELNL	8w83_AB_agD _ C_m0
8w83_IJ_agL _ K_m0	ARDPLNYYYYGELNL	8w83_AB_agD _ C_m0
8w83_MN_agP _ O_m0	ARDPLNYYYYGELNL	8w83_AB_agD _ C_m0
8w84_AB_agD _ C_m0	ARDPLNYYYYGELNL	8w83_AB_agD _ C_m0
8w85_AB_agC _ D_m0	ARDIGIDYNF	8w85_AB_agC _ D_m0
8w85_EF_agG _ H_m0	ARDIGIDYNF	8w85_AB_agC _ D_m0
8w86_AB_agC _ D_m0	ARDIGIDYNF	8w85_AB_agC _ D_m0
8w86_EF_agG _ H_m0	ARDIGIDYNF	8w85_AB_agC _ D_m0
8w87_NNA_agA _ B_m0	ARCPAPFTRDCSTVDFTTYAY	6oya_NNA_agA _ B_m0
8w88_NNA_agA _ B_m0	ARCPAPFTRDCSTVDFTTYAY	6oya_NNA_agA _ B_m0
8w89_NNA_agA _ B_m0	ARCPAPFTRDCSTVDFTTYAY	6oya_NNA_agA _ B_m0
8w8a_NNA_agA _ B_m0	ARCPAPFTRDCSTVDFTTYAY	6oya_NNA_agA _ B_m0
8w8b_Ee_agA _ B_m0	VRSIYYYSGSPFDF	6crk_Hh_agA _ B _ G_m0
8w8q_NNA_agA _ B_m0	ARCPAPFTRDCSTVDFTTYAY	6oya_NNA_agA _ B_m0
8w8r_Ss_agA _ B_m0	VRSIYYYSGSPFDF	6crk_Hh_agA _ B _ G_m0
8w8w_NNA_agA _ B_m0	ARCPAPFTRDCSTVDFTTYAY	6oya_NNA_agA _ B_m0
8w8x_NNA_agA _ B_m0	ARCPAPFTRDCSTVDFTTYAY	6oya_NNA_agA _ B_m0
8w8y_NNA_agA _ B_m0	ARCPAPFTRDCSTVDFTTYAY	6oya_NNA_agA _ B_m0
8w90_ANA_agB_m0	AADLRGGSITGYADYVY	8w90_ANA_agB_m0
8w90_CNA_agD_m0	AADLRGGSITGYADYVY	8w90_ANA_agB_m0
8w90_ENA_agF_m0	AADLRGGSITGYADYVY	8w90_ANA_agB_m0
8w9h_BA_agNA_m0	TRSYSESGGQHAMDY	8w9h_BA_agNA_m0
8w9h_HL_agNA_m0	TRSYSESGGQHAMDY	8w9h_BA_agNA_m0
8w9j_BA_agD_m0	TRSYSESGGQHAMDY	8w9h_BA_agNA_m0
8w9j_HL_agC_m0	TRSYSESGGQHAMDY	8w9h_BA_agNA_m0
8wa3_NNA_agA _ B_m0	ARCPAPFTRDCSTVDFTTYAY	6oya_NNA_agA _ B_m0
8wc3_Ss_agA _ B_m0	VRSIYYYSGSPFDF	6crk_Hh_agA _ B _ G_m0
8wc4_Ss_agA _ B_m0	SSPFDF	8wc4_Ss_agA _ B_m0
8wc5_Ss_agA _ B_m0	VRSIYYYSGSPFDF	6crk_Hh_agA _ B _ G_m0
8wc6_NNA_agA _ B_m0	ARCPAPFTRDSTDFCTTYAY	8wc6_NNA_agA _ B_m0
8wc6_Ss_agA_m0	VRSIYYYSGSPFDF	6crk_Hh_agA _ B _ G_m0
8wc7_Ss_agA _ B_m0	VRSIYYYSGSPFDF	6crk_Hh_agA _ B _ G_m0
8wc8_Ss_agA _ B_m0	VRSIYYYSGSPFDF	6crk_Hh_agA _ B _ G_m0
8wc9_Ss_agA _ B_m0	VRSIYYYSGSPFDF	6crk_Hh_agA _ B _ G_m0
8wca_Ss_agC _ B_m0	VRSIYYYSGSPFDF	6crk_Hh_agA _ B _ G_m0
8wcb_Ss_agA _ B_m0	VRSIYYYSGSPFDF	6crk_Hh_agA _ B _ G_m0
8wcg_CNA_agA_m0	VAGGNHYDSAESFYRREWDY	8wcg_CNA_agA_m0
8wcg_DNA_agB_m0	VAGGNHYDSAESFYRREWDY	8wcg_CNA_agA_m0
8wcg_ENA_agA_m0	AAIDQMTAVRSQPTMSCPGNDYHD	8wcg_ENA_agA_m0
8wcg_bNA_agB_m0	AAIDQMTAVRSQPTMSCPGNDYHD	8wcg_ENA_agA_m0
8wdt_CB_agA_m0	TRDYYDYYHWYFDV	8wdt_CB_agA_m0
8we4_HL_agB_m0	ARGDSSGYYYYFDY	7jw0_DC_agB_m0
8wej_HL_agB_m0	TRDPYRYDAMDF	8wej_HL_agB_m0
8weo_CNA_agB_m0	HAETIGYSEGAHDY	8weo_CNA_agB_m0
8weo_DNA_agA_m0	HAETIGYSEGAHDY	8weo_CNA_agB_m0
8wfh_Ee_agA_m0	VRPVYPGYSSSEFDS	8wfh_Ee_agA_m0
8wfm_Aa_agB_m0	QSYDSSLSGWV	8wfm_Aa_agB_m0
8wfm_Cc_agD_m0	QSYDSSLSGWV	8wfm_Aa_agB_m0
8wfm_Ee_agF_m0	QSYDSSLSGWV	8wfm_Aa_agB_m0
8wfm_Gg_agH_m0	QSYDSSLSGWV	8wfm_Aa_agB_m0
8wg7_NNA_agA _ B_m0	ARCPAPFTRDCSTVDFTTYAY	6oya_NNA_agA _ B_m0
8wg8_NNA_agA _ B_m0	ARCPAPFTRDCSTVDFTTYAY	6oya_NNA_agA _ B_m0
8wjx_NNA_agA _ B_m0	ARCPAPFTRDCSTVDFTTYAY	6oya_NNA_agA _ B_m0
8wlj_DNA_agA_m0	HVLEDRVDSFHDY	6i2g_ANA_agB_m0
8wnp_BA_agE_m0	ARDRRGFDY	8wnp_BA_agE_m0
8wnp_DC_agF_m0	ARDRRGFDY	8wnp_BA_agE_m0
8wnp_GNA_agNA_m0	AIDSDTFSYGSYDY	6ww2_KNA_agNA_m0
8wnp_HNA_agNA_m0	AIDSDTFSYGSYDY	6ww2_KNA_agNA_m0
8wnu_BA_agE_m0	ARLIAAAGDY	8wnu_BA_agE_m0
8wnu_DC_agF_m0	ARLIAAAGDY	8wnu_BA_agE_m0
8wnu_GNA_agNA_m0	AIDSDTFSYGSYDY	6ww2_KNA_agNA_m0
8wnu_HNA_agNA_m0	AIDSDTFSYGSYDY	6ww2_KNA_agNA_m0
8wo4_BA_agF_m0	ARWGGKRGGAFDI	8wo4_BA_agF_m0
8wo4_DC_agE_m0	ARWGGKRGGAFDI	8wo4_BA_agF_m0
8wo4_GNA_agNA_m0	AIDSDTFSYGSYDY	6ww2_KNA_agNA_m0
8wo4_HNA_agNA_m0	AIDSDTFSYGSYDY	6ww2_KNA_agNA_m0
8wpu_Ee_agG _ C_m0	VRSIYYYSGSPFDF	6crk_Hh_agA _ B _ G_m0
8wpw_AB_agR_m0	ARDYTRGAWFILSEGGGFDN	6wps_CD_agB_m0
8wpw_CD_agR_m0	ARVLPINGYYLDY	8wpw_CD_agR_m0
8wpw_HL_agR_m0	ARGDSSGYYYYFDY	7jw0_DC_agB_m0
8wpy_AB_agR_m0	ARDYTRGAWFILSEGGGFDN	6wps_CD_agB_m0
8wpy_CD_agR_m0	ARVLPINGYYLDY	8wpw_CD_agR_m0
8wpy_HL_agR_m0	ARGDSSGYYYYFDY	7jw0_DC_agB_m0
8wrb_Ee_agA _ B_m0	VRSIYYYSGSPFDF	6crk_Hh_agA _ B _ G_m0
8wrd_HL_agA_m0	AREDYYDGTYVYYAMDF	8wrd_HL_agA_m0
8wre_HL_agA_m0	AREDYYDGTYVYYAMDF	8wrd_HL_agA_m0
8wrz_HL_agA _ V_m0	ARSRQFWYSGLDY	4jqi_HL_agA _ V_m0
8wsn_BC_agD_m0	ARLKPAWGGRYYFDY	8wsn_BC_agD_m0
8wsn_EF_agA_m0	ARLKPAWGGRYYFDY	8wsn_BC_agD_m0
8wsp_BC_agA_m0	TTDFISAPGWYFDL	8wsp_BC_agA_m0
8wsp_EF_agD_m0	TTDFISAPGWYFDL	8wsp_BC_agA_m0
8wsq_AB_agF_m0	VRDPTGDYGDFPEYYYYGDQYGMDV	8wsq_AB_agF_m0
8wss_Hh_agA _ B_m0	VRSIYYYSGSPFDF	6crk_Hh_agA _ B _ G_m0
8wst_NNA_agA _ B_m0	ARCPAPFTRDCSTVDFTTYAY	6oya_NNA_agA _ B_m0
8wsu_BC_agA_m0	ARSQASWQAFDY	8wsu_BC_agA_m0
8wsu_EF_agD_m0	ARSQASWQAFDY	8wsu_BC_agA_m0
8wu1_HL_agC _ R_m0	ARSRQFWYSGLDY	4jqi_HL_agA _ V_m0
8wvg_HL_agA_m0	AREDYYDGTYVYYAMDF	8wrd_HL_agA_m0
8ww2_NNA_agA _ B_m0	ARCPAPFTRDCSTVDFTTYAY	6oya_NNA_agA _ B_m0
8wwh_Ee_agA _ B_m0	VRSIYYYSGSPFDF	6crk_Hh_agA _ B _ G_m0
8wwi_Ee_agA _ B_m0	VRSIYYYSGSPFDF	6crk_Hh_agA _ B _ G_m0
8wwj_Ee_agA _ B_m0	VRSIYYYSGSPFDF	6crk_Hh_agA _ B _ G_m0
8wwk_Ee_agA _ B_m0	VRSIYYYSGSPFDF	6crk_Hh_agA _ B _ G_m0
8wwl_Ee_agA _ B_m0	VRSIYYYSGSPFDF	6crk_Hh_agA _ B _ G_m0
8wwm_Ee_agA _ B_m0	VRSIYYYSGSPFDF	6crk_Hh_agA _ B _ G_m0
8wwn_Ee_agA _ B_m0	VRSIYYYSGSPFDF	6crk_Hh_agA _ B _ G_m0
8wyj_DF_agA_m0	ARLFPNGDPEPSNDGFDI	7y0w_AB_agR_m0
8wyj_EG_agA_m0	ARDYTRGAWFILSEGGGFDN	6wps_CD_agB_m0
8wyj_HJ_agC_m0	ARLFPNGDPEPSNDGFDI	7y0w_AB_agR_m0
8wyj_IK_agC_m0	ARDYTRGAWFILSEGGGFDN	6wps_CD_agB_m0
8wyj_QR_agB_m0	ARLFPNGDPEPSNDGFDI	7y0w_AB_agR_m0
8wyj_ST_agB_m0	ARDYTRGAWFILSEGGGFDN	6wps_CD_agB_m0
8wz2_Ee_agA _ B_m0	VRSIYYYSGSPFDF	6crk_Hh_agA _ B _ G_m0
8wz3_DF_agA_m0	ARYYYGPFY	8wz3_DF_agA_m0
8wz3_EH_agB_m0	ARYYYGPFY	8wz3_DF_agA_m0
8wz3_GK_agC_m0	ARYYYGPFY	8wz3_DF_agA_m0
8wz4_HL_agC_m0	ARYYYGPFY	8wz3_DF_agA_m0
8wz5_DF_agB_m0	ARYYYGPFY	8wz3_DF_agA_m0
8wz5_EG_agC_m0	ARYYYGPFY	8wz3_DF_agA_m0
8wz5_HL_agA_m0	ARYYYGPFY	8wz3_DF_agA_m0
8wze_HL_agC_m0	ARYYYGPFY	8wz3_DF_agA_m0
8x0t_HL_agA_m0	AKSGPRPPHTHWYTKSIDA	8x0t_HL_agA_m0
8x0x_GK_agA_m0	ARDLREAGGMDV	8x0x_GK_agA_m0
8x0x_HL_agE_m0	ARDLREAGGMDV	8x0x_GK_agA_m0
8x0y_EF_agB_m0	ARMRGIFDY	8x0y_EF_agB_m0
8x0y_GI_agA_m0	ARMRGIFDY	8x0y_EF_agB_m0
8x16_Hh_agA _ B_m0	VRSIYYYSGSPFDF	6crk_Hh_agA _ B _ G_m0
8x17_Hh_agA _ B_m0	VRSIYYYSGSPFDF	6crk_Hh_agA _ B _ G_m0
8x2k_Ee_agB _ C_m0	VRSIYYYSGSPFDF	6crk_Hh_agA _ B _ G_m0
8x2l_HL_agB_m0	TRDPYRYDAMDF	8wej_HL_agB_m0
8x3l_Ss_agA _ B_m0	VRSIYYYSGSPFDF	6crk_Hh_agA _ B _ G_m0
8x79_NNA_agA _ B_m0	ARCPAPFTRDCSTVDFTTYAY	6oya_NNA_agA _ B_m0
8x7a_NNA_agA _ B_m0	ARCPAPFTRDCSTVDFTTYAY	6oya_NNA_agA _ B_m0
8x7n_BNA_agA_m0	AAYPLDEIHSGDPHSY	8x7n_BNA_agA_m0
8x7n_DNA_agC_m0	AAYPLDEIHSGDPHSY	8x7n_BNA_agA_m0
8x7n_FNA_agE_m0	AAYPLDEIHSGDPHSY	8x7n_BNA_agA_m0
8x7n_HNA_agG_m0	AAYPLDEIHSGDPHSY	8x7n_BNA_agA_m0
8x7n_JNA_agI_m0	AAYPLDEIHSGDPHSY	8x7n_BNA_agA_m0
8x8l_Ee_agA _ B_m0	VRSIYYYSGSPFDF	6crk_Hh_agA _ B _ G_m0
8x8n_Ee_agA _ B_m0	VRSIYYYSGSPFDF	6crk_Hh_agA _ B _ G_m0
8x9b_OP_agI _ E_m0	SRGAAAY	8x9b_OP_agI _ E_m0
8x9b_RS_agL _ H_m0	SRGAAAY	8x9b_OP_agI _ E_m0
8x9t_Ss_agA _ B_m0	VRSIYYYSGSPFDF	6crk_Hh_agA _ B _ G_m0
8xa4_CD_agA _ B_m0	ARLRLGSLLYRHRAVDP	8xa4_CD_agA _ B_m0
8xbe_Ss_agB _ C_m0	VRSIYYYSGSPFDF	6crk_Hh_agA _ B _ G_m0
8xbf_DE_agA_m0	ARDLQWGIDI	8xbf_DE_agA_m0
8xbf_FNA_agB_m0	ARDLQWGIDI	8xbf_DE_agA_m0
8xbh_Ss_agA _ B_m0	VRSIYYYSGSPFDF	6crk_Hh_agA _ B _ G_m0
8xc4_CD_agB_m0	ARDYQYYYSGSHPTPYNWFDV	8k0c_EF_agA_m0
8xc4_EF_agA_m0	ARDYQYYYSGSHPTPYNWFDV	8k0c_EF_agA_m0
8xcd_HL_agA_m0	TILVYDAYVYFAMDY	7fci_HL_agA_m0
8xe9_AB_agC_m0	ARDLTIRGEAS	8xe9_AB_agC_m0
8xea_AB_agE_m0	ARDLTIRGEAS	8xe9_AB_agC_m0
8xea_GI_agF_m0	ARDLTIRGEAS	8xe9_AB_agC_m0
8xea_HJ_agD_m0	ARDLTIRGEAS	8xe9_AB_agC_m0
8xef_BC_agA_m0	AGFGDYGGSNFWFDP	8xef_BC_agA_m0
8xef_DE_agA_m0	ARGETVVTAATLDY	8xef_DE_agA_m0
8xej_HL_agB _ X_m0	ARYYAGSDI	7d9z_HL_agNA_m0
8xfp_ENA_agA_m0	ASRTRAGVTCWNLGAIFSY	8xfp_ENA_agA_m0
8xfs_FNA_agA_m0	ASRTRAGVTCWNLGAIFSY	8xfp_ENA_agA_m0
8xft_ENA_agA_m0	ASRTRAGVTCWNLGAIFSY	8xfp_ENA_agA_m0
8xgm_Ss_agC _ B_m0	VRSIYYYSGSPFDF	6crk_Hh_agA _ B _ G_m0
8xgo_Dd_agE _ B_m0	VRSIYYYSGSPFDF	6crk_Hh_agA _ B _ G_m0
8xgr_NNA_agG _ B_m0	ARCPAPFTRDCSTVDFTAYAY	6oya_NNA_agA _ B_m0
8xgs_Dd_agE _ B_m0	VRSIYYYSGSPFDF	6crk_Hh_agA _ B _ G_m0
8xgu_Ss_agC _ B_m0	VRSIYYYSGSPFDF	6crk_Hh_agA _ B _ G_m0
8xi6_DE_agA_m0	AKPPLGSNLGVAFYHFDY	8xi6_DE_agA_m0
8xi6_FG_agB_m0	AKPPLGSNLGVAFYHFDY	8xi6_DE_agA_m0
8xi6_HI_agC_m0	AKPPLGSNLGVAFYHFDY	8xi6_DE_agA_m0
8xio_DNA_agB _ C_m0	ARCPAPFTRDCSTVDFTTYAY	6oya_NNA_agA _ B_m0
8xip_DNA_agB _ C_m0	ARCPAPFTRDCSTVDFTTYAY	6oya_NNA_agA _ B_m0
8xiq_DNA_agB _ C_m0	ARCPAPFTRDCSTVDFTTYAY	6oya_NNA_agA _ B_m0
8xir_DNA_agB _ C_m0	ARCPAPFTRDCSTVDFTTYAY	6oya_NNA_agA _ B_m0
8xj0_BA_agNA_m0	AKVSYLSATSSLDY	3wd5_HL_agA_m0
8xj0_DC_agNA_m0	AKVSYLSATSSLDY	3wd5_HL_agA_m0
8xj0_FE_agNA_m0	AKVSYLSATSSLDY	3wd5_HL_agA_m0
8xj0_HG_agNA_m0	AKVSYLSATSSLDY	3wd5_HL_agA_m0
8xjk_Ee_agA _ B_m0	VRSIYYYSGSPFDF	6crk_Hh_agA _ B _ G_m0
8xjl_Ee_agA _ B_m0	VRSIYYYSGSPFDF	6crk_Hh_agA _ B _ G_m0
8xjm_Ee_agA _ B_m0	VRSIYYYSGSPFDF	6crk_Hh_agA _ B _ G_m0
8xjn_Ee_agA _ B_m0	VRSIYYYSGSPFDF	6crk_Hh_agA _ B _ G_m0
8xjo_Ee_agA _ B_m0	VRSIYYYSGSPFDF	6crk_Hh_agA _ B _ G_m0
8xk2_BNA_agA_m0	AAYDSDYGDRLFNY	8xk2_BNA_agA_m0
8xk2_DNA_agC_m0	AAYDSDYGDRLFNY	8xk2_BNA_agA_m0
8xk2_FNA_agE_m0	AAYDSDYGDRLFNY	8xk2_BNA_agA_m0
8xk2_HNA_agG_m0	AAYDSDYGDRLFNY	8xk2_BNA_agA_m0
8xk5_AB_agE_m0	ARDYRYDDYYEYAMDY	8xk5_AB_agE_m0
8xk5_CD_agF_m0	ARDYRYDDYYEYAMDY	8xk5_AB_agE_m0
8xk5_GH_agL_m0	ARDYRYDDYYEYAMDY	8xk5_AB_agE_m0
8xk5_IJ_agK_m0	ARDYRYDDYYEYAMDY	8xk5_AB_agE_m0
8xk5_NO_agR_m0	ARDYRYDDYYEYAMDY	8xk5_AB_agE_m0
8xk6_HL_agA_m0	AREDYYGSRAMDY	8xk6_HL_agA_m0
8xk8_CD_agB_m0	ARSYGNFDV	8xk8_CD_agB_m0
8xk8_HL_agA_m0	ARSYGNFDV	8xk8_CD_agB_m0
8xki_DNA_agC_m0	AAYDSDYGDRLFNY	8xk2_BNA_agA_m0
8xlk_EF_agA_m0	ARLYYGFYGMDY	8jf7_FNA_agA_m0
8xlk_GH_agB_m0	TRAAAAAAPY	8xlk_GH_agB_m0
8xlk_IJ_agC_m0	ARLYYGFYGMDY	8jf7_FNA_agA_m0
8xlk_KL_agD_m0	ARPSRGGSYSWYFDV	5b3j_EF_agC_m0
8xml_Ss_agA _ B_m0	VRSIYYYSGSPFDF	6crk_Hh_agA _ B _ G_m0
8xn9_GE_agC_m0	ARAPRGYSYSGFVYHRFDV	8xn9_GE_agC_m0
8xn9_HD_agA_m0	ARAPRGYSYSGFVYHRFDV	8xn9_GE_agC_m0
8xn9_IF_agB_m0	ARAPRGYSYSGFVYHRFDV	8xn9_GE_agC_m0
8xnh_GF_agB_m0	VRVVQYLEWFVVEILDNWFDV	8xnh_GF_agB_m0
8xnh_HE_agA_m0	VRVVQYLEWFVVEILDNWFDV	8xnh_GF_agB_m0
8xnh_ID_agC_m0	VRVVQYLEWFVVEILDNWFDV	8xnh_GF_agB_m0
8xof_NNA_agA _ B_m0	ARCPAPFTRDCSTVDFTTYAY	6oya_NNA_agA _ B_m0
8xog_Ee_agA _ B_m0	VRSIYYYSGSPFDF	6crk_Hh_agA _ B _ G_m0
8xoh_Ee_agA _ B_m0	VRSIYYYSGSPFDF	6crk_Hh_agA _ B _ G_m0
8xoi_Ee_agA _ B_m0	VRSIYYYSGSPFDF	6crk_Hh_agA _ B _ G_m0
8xoj_Ee_agA _ B_m0	VRSIYYYSGSPFDF	6crk_Hh_agA _ B _ G_m0
8xor_Ee_agA _ B_m0	VRSIYYYSGSPFDF	6crk_Hh_agA _ B _ G_m0
8xos_ENA_agA _ B_m0	VRSIYYYSGSPFDF	6crk_Hh_agA _ B _ G_m0
8xps_BNA_agA_m0	ARGLAGVWGIDV	8xps_BNA_agA_m0
8xpy_BNA_agA_m0	ARGLAGVWGIDV	8xps_BNA_agA_m0
8xq3_ENA_agA_m0	ARGLAGVWGIDV	8xps_BNA_agA_m0
8xq3_FNA_agB_m0	ARGLAGVWGIDV	8xps_BNA_agA_m0
8xq3_GNA_agC_m0	ARGLAGVWGIDV	8xps_BNA_agA_m0
8xq3_HNA_agD_m0	ARGLAGVWGIDV	8xps_BNA_agA_m0
8xqe_Ss_agA _ B_m0	VRSIYYYSGSPFDF	6crk_Hh_agA _ B _ G_m0
8xqf_Ss_agA _ B_m0	VRSIYYYSGSPFDF	6crk_Hh_agA _ B _ G_m0
8xqj_ANA_agC_m0	AAVPRAGIESGAMNWKCYKDSGS	6knm_ANA_agB_m0
8xqj_BNA_agD_m0	AAVPRAGIESGAMNWKCYKDSGS	6knm_ANA_agB_m0
8xql_NNA_agA _ B_m0	ARCPAPFTRDCSTVDFTTYAY	6oya_NNA_agA _ B_m0
8xqn_Ss_agA _ B_m0	VRSIYYYSGSPFDF	6crk_Hh_agA _ B _ G_m0
8xqo_Ss_agA _ B_m0	VRSIYYYSGSPFDF	6crk_Hh_agA _ B _ G_m0
8xqp_Ss_agA _ C _ B_m0	VRSIYYYSGSPFDF	6crk_Hh_agA _ B _ G_m0
8xqr_NNA_agA _ B_m0	ARCPAPFTRDCSTVDFTTYAY	6oya_NNA_agA _ B_m0
8xqs_Ss_agA _ B_m0	VRSIYYYSGSPFDF	6crk_Hh_agA _ B _ G_m0
8xqt_Ss_agA _ B_m0	VRSIYYYSGSPFDF	6crk_Hh_agA _ B _ G_m0
8xrq_BC_agA_m0	ARDLGYSSPWGDAFDI	8xrq_BC_agA_m0
8xs1_HL_agA_m0	TSSTSVGGS	5x5x_HL_ag_m0
8xs2_HL_agNA_m0	TSSTSVGGS	5x5x_HL_ag_m0
8xs3_AB_agC_m0	ARRSGINGHGLDV	8xs3_AB_agC_m0
8xsd_GJ_agA_m0	ARDLLEAGGMDV	8xsd_GJ_agA_m0
8xsd_HL_agC_m0	ARDLLEAGGMDV	8xsd_GJ_agA_m0
8xsd_IK_agB_m0	ARDLLEAGGMDV	8xsd_GJ_agA_m0
8xse_HL_agA_m0	AKDHLITMPQVEYFHH	8xse_HL_agA_m0
8xse_MN_agA_m0	ARDRDRFGGQDGWFDP	8xse_MN_agA_m0
8xsf_HL_agB_m0	AKQEGTYCSGYCSGSGLDY	8xsf_HL_agB_m0
8xsi_HL_agB_m0	AKQEGTYCSGYCSGSGLDY	8xsf_HL_agB_m0
8xsj_HL_agB_m0	AKGGGYSYVVDMGPY	8xsj_HL_agB_m0
8xsl_HL_agA_m0	AKDHLITMPQVEYFHH	8xse_HL_agA_m0
8xsl_MN_agB_m0	AKDHLITMPQVEYFHH	8xse_HL_agA_m0
8xt9_ANA_agC_m0	ASRTRAGVTCWNLGAIFSY	8xfp_ENA_agA_m0
8xum_CNA_agA_m0	ASRTRAGVTCWNLGAIFSY	8xfp_ENA_agA_m0
8xve_NNA_agA _ B_m0	ARCPAPFTRDCSTVDFTTYAY	6oya_NNA_agA _ B_m0
8xvh_NNA_agA _ B_m0	ARCPAPFTRDCSTVDFTTYAY	6oya_NNA_agA _ B_m0
8xvi_NNA_agA _ B_m0	ARCPAPFTRDCSTVDFTTYAY	6oya_NNA_agA _ B_m0
8xwp_Dd_agA _ B_m0	VRSIYYYSGSPFDF	6crk_Hh_agA _ B _ G_m0
8xwq_Dd_agA _ B_m0	VRSIYYYSGSPFDF	6crk_Hh_agA _ B _ G_m0
8xwv_Hh_agA _ B_m0	VRSIYYYSGSPFDF	6crk_Hh_agA _ B _ G_m0
8xx0_AB_agNA_m0	ARMWYYGTYYFDY	1oaq_HL_ag_m0
8xx0_HL_agH_m0	ARHGYYSSRVMDA	8xx0_HL_agH_m0
8xx3_Ss_agA _ B_m0	VRSIYYYSGSPFDF	6crk_Hh_agA _ B _ G_m0
8xx6_Ss_agA _ B_m0	VRSIYYYSGSPFDF	6crk_Hh_agA _ B _ G_m0
8xxh_Ss_agA _ B_m0	VRSIYYYSGSPFDF	6crk_Hh_agA _ B _ G_m0
8xxr_Ss_agA _ B_m0	VRSIYYYSGSPFDF	6crk_Hh_agA _ B _ G_m0
8xxw_HL_agE_m0	ARFDYDGYVYHVMDY	8xxw_HL_agE_m0
8xxx_Ss_agA _ B_m0	VRSIYYYSGSPFDF	6crk_Hh_agA _ B _ G_m0
8xxz_Ss_agA _ B_m0	VRSIYYYSGSPFDF	6crk_Hh_agA _ B _ G_m0
8xyd_Ee_agD _ B_m0	VRSIYYYSGSPFDF	6crk_Hh_agA _ B _ G_m0
8xzf_Ss_agA _ B_m0	VRSIYYYSGSPFDF	6crk_Hh_agA _ B _ G_m0
8xzh_Ss_agA _ B_m0	VRSIYYYSGSPFDF	6crk_Hh_agA _ B _ G_m0
8xzi_Ss_agA _ B_m0	VRSIYYYSGSPFDF	6crk_Hh_agA _ B _ G_m0
8xzj_Ss_agA _ B_m0	VRSIYYYSGSPFDF	6crk_Hh_agA _ B _ G_m0
8y01_Ss_agA _ B_m0	VRSIYYYSGSPFDF	6crk_Hh_agA _ B _ G_m0
8y02_Ss_agA _ B_m0	VRSIYYYSGSPFDF	6crk_Hh_agA _ B _ G_m0
8y0q_HL_ag2_m0	TRAGLTGCRSKHCMYV	8y0q_HL_ag2_m0
8y0r_HL_ag2_m0	TRAGLTGCRSKHCMYV	8y0q_HL_ag2_m0
8y2k_BA_agNA_m0	AREDVAVYMAIDL	8y2k_BA_agNA_m0
8y2k_DC_agNA_m0	AREDVAVYMAIDL	8y2k_BA_agNA_m0
8y31_BA_agE_m0	AREDVAVYMAIDL	8y2k_BA_agNA_m0
8y31_DC_agF_m0	AREDVAVYMAIDL	8y2k_BA_agNA_m0
8y3h_GH_agA_m0	ARRPQSIDFWNFDL	4uif_GH_agA_m0
8y3h_IJ_agC_m0	ARRPQSIDFWNFDL	4uif_GH_agA_m0
8y3h_KL_agE_m0	ARRPQSIDFWNFDL	4uif_GH_agA_m0
8y3i_GH_agA_m0	ARDKVDDYGDYLTPFWWYFDY	4ut9_HL_agA_m0
8y3i_IJ_agE_m0	ARDKVDDYGDYLTPFWWYFDY	4ut9_HL_agA_m0
8y3i_KL_agC_m0	ARDKVDDYGDYLTPFWWYFDY	4ut9_HL_agA_m0
8y3k_GH_agA_m0	ARRPQSIDFWNFDL	4uif_GH_agA_m0
8y3k_IJ_agE_m0	ARRPQSIDFWNFDL	4uif_GH_agA_m0
8y3k_KL_agC_m0	ARRPQSIDFWNFDL	4uif_GH_agA_m0
8y4a_DE_agA_m0	AKAEPYISFSDLFDY	8y4a_DE_agA_m0
8y4a_HL_agC_m0	AKAEPYISFSDLFDY	8y4a_DE_agA_m0
8y4c_DF_agB_m0	ARHWDVVVLRAAASWFDT	8y4c_DF_agB_m0
8y4c_EG_agC_m0	ARHWDVVVLRAAASWFDT	8y4c_DF_agB_m0
8y4c_HL_agA_m0	ARHWDVVVLRAAASWFDT	8y4c_DF_agB_m0
8y4w_BNA_agA_m0	VADATRYPPYEFYDY	8y4w_BNA_agA_m0
8y4x_BNA_agA_m0	VADATRYPPYEFYDY	8y4w_BNA_agA_m0
8y51_Ee_agA _ B_m0	VRSIYYYSGSPFDF	6crk_Hh_agA _ B _ G_m0
8y57_AB_agB_m0	ARSNHGAFDI	8y57_AB_agB_m0
8y57_CD_agNA_m0	ARSNHGAFDI	8y57_AB_agB_m0
8y62_Ee_agA _ B_m0	VRSIYYYSGSPFDF	6crk_Hh_agA _ B _ G_m0
8y69_ENA_agA_m0	ASRTRAGVTCWNLGAIFSY	8xfp_ENA_agA_m0
8y69_INA_agD_m0	ASRTRAGVTCWNLGAIFSY	8xfp_ENA_agA_m0
8y6a_CD_agB_m0	ARDYTRGAWFILSEGGGFDN	6wps_CD_agB_m0
8y6h_CB_agA_m0	ARLPIQFGFNYPMDY	5jue_HL_ag_m0
8y6i_CB_agA_m0	ARLPIQFGFNYPMDY	5jue_HL_ag_m0
8y72_Ee_agA _ B_m0	VRSIYYYSGSPFDF	6crk_Hh_agA _ B _ G_m0
8y9s_BNA_agA_m0	AAGSTLTMVVANYRY	8y9s_BNA_agA_m0
8y9s_DNA_agC_m0	AAGSTLTMVVANYRY	8y9s_BNA_agA_m0
8y9t_BNA_agA_m0	ATNSGDGKRYGGSCYCYRS	8y9t_BNA_agA_m0
8y9u_BNA_agA_m0	ATDSGDGKRYEGSWYFYRS	8y9u_BNA_agA_m0
8y9u_DNA_agC_m0	ATDSGDGKRYEGSWYFYRS	8y9u_BNA_agA_m0
8y9z_VNA_agY _ E_m0	YYQRTVMSQPY	5eul_VNA_agY _ E_m0
8ya0_CNA_agG _ A_m0	NVNVGFEY	3k1k_CNA_agA_m0
8ya0_VNA_agY _ E_m0	YYQRTVMSQPY	5eul_VNA_agY _ E_m0
8ya2_CNA_agG _ A_m0	NVNVGFEY	3k1k_CNA_agA_m0
8yaf_BNA_agA_m0	NVYGTNLAP	8k33_BNA_agA_m0
8yaf_CNA_agA_m0	AAGNGALPPGPSLRRQNMDT	7nxx_BNA_agA_m0
8yaf_ENA_agD_m0	NVYGTNLAP	8k33_BNA_agA_m0
8yaf_FNA_agD_m0	AAGNGALPPGPSLRRQNMDT	7nxx_BNA_agA_m0
8yaf_INA_agH_m0	NVYGTNLAP	8k33_BNA_agA_m0
8yaf_JNA_agH_m0	AAGNGALPPGPSLRRQNMDT	7nxx_BNA_agA_m0
8yaf_MNA_agL_m0	NVYGTNLAP	8k33_BNA_agA_m0
8yaf_NNA_agL_m0	AAGNGALPPGPSLRRQNMDT	7nxx_BNA_agA_m0
8yaf_QNA_agP_m0	NVYGTNLAP	8k33_BNA_agA_m0
8yaf_RNA_agP_m0	AAGNGALPPGPSLRRQNMDT	7nxx_BNA_agA_m0
8yaf_UNA_agT_m0	NVYGTNLAP	8k33_BNA_agA_m0
8yaf_VNA_agT_m0	AAGNGALPPGPSLRRQNMDT	7nxx_BNA_agA_m0
8yat_BNA_agA_m0	NVYGTNLAP	8k33_BNA_agA_m0
8yat_CNA_agA_m0	AAGNGALPPGPSLRRQNMDT	7nxx_BNA_agA_m0
8yat_DNA_agA_m0	AANHFFDYSRTALPDAEYNY	8k3l_BNA_agA_m0
8yat_FNA_agE_m0	NVYGTNLAP	8k33_BNA_agA_m0
8yat_GNA_agE_m0	AAGNGALPPGPSLRRQNMDT	7nxx_BNA_agA_m0
8yat_HNA_agE_m0	AANHFFDYSRTALPDAEYNY	8k3l_BNA_agA_m0
8yat_JNA_agI_m0	NVYGTNLAP	8k33_BNA_agA_m0
8yat_KNA_agI_m0	AAGNGALPPGPSLRRQNMDT	7nxx_BNA_agA_m0
8yat_LNA_agI_m0	AANHFFDYSRTALPDAEYNY	8k3l_BNA_agA_m0
8yat_NNA_agM_m0	NVYGTNLAP	8k33_BNA_agA_m0
8yat_ONA_agM_m0	AAGNGALPPGPSLRRQNMDT	7nxx_BNA_agA_m0
8yat_PNA_agM_m0	AANHFFDYSRTALPDAEYNY	8k3l_BNA_agA_m0
8ybl_BNA_agA_m0	AADSRGGIWYETSLQQLRYNY	8ybl_BNA_agA_m0
8ybm_BNA_agA_m0	ASTRAYQLYSGPRLSRSVDYDY	8ybm_BNA_agA_m0
8ybm_DNA_agC_m0	ASTRAYQLYSGPRLSRSVDYDY	8ybm_BNA_agA_m0
8ybn_BNA_agA_m0	AAGDAYHKWFMPRDLARSSKEYNY	8ybn_BNA_agA_m0
8ybo_BNA_agA_m0	AKSKYPKYVPTLLPPWDEHDY	8ybo_BNA_agA_m0
8ybo_DNA_agC_m0	AKSKYPKYVPTLLPPWDEHDY	8ybo_BNA_agA_m0
8ybp_BNA_agA_m0	AAYWKGYKYHDDFKPSAYEY	8ybp_BNA_agA_m0
8yby_AC_agB_m0	ARLVGALTNIVGDGSVGAFDI	7z0x_HL_agR_m0
8ybz_DG_agB _ A_m0	ARLVGALTNIVGDGSVGAFDI	7z0x_HL_agR_m0
8ybz_EH_agB_m0	ARLVGALTNIVGDGSVGAFDI	7z0x_HL_agR_m0
8ybz_FI_agC_m0	ARLVGALTNIVGDGSVGAFDI	7z0x_HL_agR_m0
8yef_AB_agJ _ I _ K _ H_m0	LTRRYGHYDLFEY	8yef_AB_agJ _ I _ K _ H_m0
8yfo_NNA_agA _ B_m0	ARCPAPFTRDCSTVDFTTYAY	6oya_NNA_agA _ B_m0
8yg4_NNA_agA _ B_m0	ARCPAPFTRDCSTVDFTTYAY	6oya_NNA_agA _ B_m0
8ygt_HL_agB _ A_m0	ARNSGFDLFDF	8ygt_HL_agB _ A_m0
8ygu_HL_agB _ C _ A_m0	ARNSGFDLFDF	8ygt_HL_agB _ A_m0
8yh0_Ss_agA _ B_m0	VRSIYYYSGSPFDF	6crk_Hh_agA _ B _ G_m0
8yh2_Ss_agA _ B_m0	VRSIYYYSGSPFDF	6crk_Hh_agA _ B _ G_m0
8yh3_Ss_agA _ B_m0	VRSIYYYSGSPFDF	6crk_Hh_agA _ B _ G_m0
8yh5_Ss_agA _ B_m0	VRSIYYYSGSPFDF	6crk_Hh_agA _ B _ G_m0
8yh6_Ss_agA _ B_m0	VRSIYYYSGSPFDF	6crk_Hh_agA _ B _ G_m0
8yhz_HL_agP_m0	ARGGSYYDL	8yhz_HL_agP_m0
8yj5_CNA_agA_m0	AAFPYSDYCDSDPDFLQH	8yj5_CNA_agA_m0
8yj7_Ee_agC_m0	ARGGSMDF	8yj7_Ee_agC_m0
8yj7_Ff_agB_m0	ARGGSMDF	8yj7_Ee_agC_m0
8yj7_Gg_agB_m0	ARGGSMDF	8yj7_Ee_agC_m0
8yj7_Hh_agA_m0	ARGGSMDF	8yj7_Ee_agC_m0
8yj8_CNA_agNA_m0	AAFPYSDYCDSDPDFLQH	8yj5_CNA_agA_m0
8yj8_DNA_agB_m0	AAFPYSDYCDSDPDFLQH	8yj5_CNA_agA_m0
8ykd_NNA_agA _ G _ B_m0	ARCPAPFTRDCSTVDFTTYAY	6oya_NNA_agA _ B_m0
8ykd_Ss_agA_m0	VRSIYYYSGSPFDF	6crk_Hh_agA _ B _ G_m0
8ykt_HL_agA_m0	AKDPYPSQRWPANWVDP	8ykt_HL_agA_m0
8ykv_Ee_agA _ B_m0	VRSIYYYSGSPFDF	6crk_Hh_agA _ B _ G_m0
8ykw_Ee_agA _ B_m0	VRSIYYYSGSPFDF	6crk_Hh_agA _ B _ G_m0
8ykx_Ee_agA _ B_m0	VRSIYYYSGSPFDF	6crk_Hh_agA _ B _ G_m0
8yky_Ss_agA _ C _ B_m0	VRSIYYYSGSPFDF	6crk_Hh_agA _ B _ G_m0
8yn2_Ee_agA _ B_m0	VRSIYYYSGSPFDF	6crk_Hh_agA _ B _ G_m0
8yn3_NNA_agA _ B_m0	ARCPAPFTRDCSTVDFTTYAY	6oya_NNA_agA _ B_m0
8yn4_Ee_agA _ B_m0	VRSIYYYSGSPFDF	6crk_Hh_agA _ B _ G_m0
8yn5_Ee_agA _ B_m0	VRSIYYYSGSPFDF	6crk_Hh_agA _ B _ G_m0
8yn6_Ee_agA _ B_m0	VRSIYYYSGSPFDF	6crk_Hh_agA _ B _ G_m0
8yn9_Ee_agA _ B_m0	VRSIYYYSGSPFDF	6crk_Hh_agA _ B _ G_m0
8yor_BA_agE_m0	ARGEEQVGRLNAMDY	8yor_BA_agE_m0
8yor_DC_agF_m0	ARGEEQVGRLNAMDY	8yor_BA_agE_m0
8yot_ANA_agB_m0	AVTGLRIYPFVY	8yot_ANA_agB_m0
8yot_CNA_agD_m0	AVTGLRIYPFVY	8yot_ANA_agB_m0
8yrg_Ee_agB _ C_m0	VRSIYYYSGSPFDF	6crk_Hh_agA _ B _ G_m0
8yro_BC_agP_m0	ARRTDQYSGHGMDV	8yro_BC_agP_m0
8yro_EF_agA_m0	ARRTDQYSGHGMDV	8yro_BC_agP_m0
8yro_HL_agD_m0	ARRTDQYSGHGMDV	8yro_BC_agP_m0
8yrp_no_agB _ A _ C_m0	ARMRGIFDY	8x0y_EF_agB_m0
8yry_HL_agA_m0	ARDGDYDAFDY	8yry_HL_agA_m0
8ysf_CNA_agB_m0	YVQIDLNYY	8ysf_CNA_agB_m0
8ysf_DNA_agA_m0	YVQIDLNYY	8ysf_CNA_agB_m0
8ysh_ANA_agB_m0	HLDGSDAKGD	8ysh_ANA_agB_m0
8yub_AB_agF_m0	ARDNERYQMQYHYYNYGMDV	8sdf_BC_agA_m0
8yub_DE_agC_m0	ARDNERYQMQYHYYNYGMDV	8sdf_BC_agA_m0
8yuc_AB_agG_m0	AAPNCSRTYCLDGFNM	7rr0_BC_agA_m0
8yuc_HL_agG_m0	ARPPRNYYDRSARQYYGEYFQH	7jmw_HL_agA_m0
8yut_NNA_agA _ B_m0	ARCPAPFTRDCSTVDFTTYAY	6oya_NNA_agA _ B_m0
8yuu_Ss_agA _ B_m0	VRSIYYYSGSPFDF	6crk_Hh_agA _ B _ G_m0
8yuv_Ss_agA _ G _ B_m0	VRSIYYYSGSPFDF	6crk_Hh_agA _ B _ G_m0
8yvj_ANA_agB_m0	AAARGLSDWTEFSCSGVNS	8yvj_ANA_agB_m0
8yvk_EF_agA_m0	ARHYFDRDYGWSGMDL	8yvk_EF_agA_m0
8yvk_GH_agB_m0	ARHYFDRDYGWSGMDL	8yvk_EF_agA_m0
8yvk_IJ_agC_m0	ARHYFDRDYGWSGMDL	8yvk_EF_agA_m0
8yvk_KL_agD_m0	ARHYFDRDYGWSGMDL	8yvk_EF_agA_m0
8yvl_IE_agA_m0	ARDYYNRDYGLSGMDV	8yvl_IE_agA_m0
8yvl_JH_agB_m0	ARDYYNRDYGLSGMDV	8yvl_IE_agA_m0
8yvl_KG_agD_m0	ARDYYNRDYGLSGMDV	8yvl_IE_agA_m0
8yvl_LF_agC_m0	ARDYYNRDYGLSGMDV	8yvl_IE_agA_m0
8yvm_FE_agB _ A_m0	ARDYYNRDYGLSGMDV	8yvl_IE_agA_m0
8yvn_EI_agD_m0	ARHYFDRDYGWSGMDL	8yvk_EF_agA_m0
8yvn_FJ_agA_m0	ARHYFDRDYGWSGMDL	8yvk_EF_agA_m0
8yvn_GK_agC_m0	ARHYFDRDYGWSGMDL	8yvk_EF_agA_m0
8yvn_HL_agB_m0	ARHYFDRDYGWSGMDL	8yvk_EF_agA_m0
8yvo_ANA_agC_m0	ATAGDRWHATDDRLIFAFVYEY	8yvo_ANA_agC_m0
8yvo_BNA_agD_m0	ATAGDRWHATDDRLIFAFVYEY	8yvo_ANA_agC_m0
8yw3_NNA_agA _ B_m0	ARCPAPFTRDCSTVDFTTYAY	6oya_NNA_agA _ B_m0
8yw4_NNA_agA _ B_m0	ARCPAPFTRDCSTVDFTTYAY	6oya_NNA_agA _ B_m0
8yw5_NNA_agA _ B_m0	ARCPAPFTRDCSTVDFTTYAY	6oya_NNA_agA _ B_m0
8yw6_CNA_agB_m0	KVEVGWGY	8yw6_CNA_agB_m0
8yw8_CNA_agB_m0	KVEVGWGY	8yw6_CNA_agB_m0
8yw9_CNA_agA_m0	AYGPLYYYEGPWAWGNYYDY	8yw9_CNA_agA_m0
8yw9_DNA_agB_m0	KVEVGWGY	8yw6_CNA_agB_m0
8ywp_HL_agNA_m0	ARRANYGTDYSYGMDY	8ywp_HL_agNA_m0
8ywq_HL_agA_m0	ARRANYGTDYSYGMDY	8ywp_HL_agNA_m0
8ywr_HL_agA_m0	ARDPDVVGTFHYDY	4zs7_HL_agA_m0
8yww_ED_agA_m0	ARDIPRHGGDS	8yww_ED_agA_m0
8yww_GF_agB_m0	ARDIPRHGGDS	8yww_ED_agA_m0
8yww_Hh_agC_m0	AKDSYYDILSYGTGAFDM	8yww_Hh_agC_m0
8ywx_ED_agA_m0	ARDIPRHGGDS	8yww_ED_agA_m0
8yx1_AB_agC_m0	TRPVVRYFGWFDP	8yx1_AB_agC_m0
8yx1_HL_agR_m0	TRPVVRYFGWFDP	8yx1_AB_agC_m0
8yx9_BC_agJ_m0	AREGIYW	8yx9_BC_agJ_m0
8yx9_EF_agD_m0	AREGIYW	8yx9_BC_agJ_m0
8yx9_GI_agK_m0	AREGIYW	8yx9_BC_agJ_m0
8yx9_HL_agA_m0	AREGIYW	8yx9_BC_agJ_m0
8yxi_CB_agA_m0	SSSGYDYDRGAYFDY	8yxi_CB_agA_m0
8yy6_DF_agA_m0	TRGGYRYDSDY	8yy6_DF_agA_m0
8yy6_EH_agB_m0	TRGGYRYDSDY	8yy6_DF_agA_m0
8yy6_GI_agC_m0	TRGGYRYDSDY	8yy6_DF_agA_m0
8yy8_NNA_agA _ B_m0	ARCPAPFTRDCSTVDFTTYAY	6oya_NNA_agA _ B_m0
8yyw_Bb_agF _ C_m0	VRSIYYYSGSPFDF	6crk_Hh_agA _ B _ G_m0
8yyz_HL_agA_m0	ARDWEAGDFFDY	8yyz_HL_agA_m0
8yz5_GK_agD_m0	ARDLREAGGMDV	8x0x_GK_agA_m0
8yz5_IJ_agC _ A_m0	ARDLREAGGMDV	8x0x_GK_agA_m0
8yz6_DE_agB_m0	ARELDIVGATDI	8yz6_DE_agB_m0
8yzk_Cc_agA_m0	ARSGGQWKYYDY	8yzk_Cc_agA_m0
8yzk_Dd_agB_m0	ARSGGQWKYYDY	8yzk_Cc_agA_m0
8z2e_BNA_agE_m0	KLENGGFFYY	7x2l_BNA_agE_m0
8z2e_HL_agE_m0	ARDLVVYGMDV	7swo_HL_agA_m0
8z2v_HL_agA_m0	ARDWEAGDFFDY	8yyz_HL_agA_m0
8z39_HL_agA_m0	ARDWERGDFFDY	8yyz_HL_agA_m0
8z3a_HL_agA_m0	ARDWERGDFFDY	8yyz_HL_agA_m0
8z3m_Ss_agA _ B_m0	VRSIYYYSGSPFDF	6crk_Hh_agA _ B _ G_m0
8z3q_Ss_agA _ B_m0	VRSIYYYSGSPFDF	6crk_Hh_agA _ B _ G_m0
8z3y_Ss_agA _ B_m0	VRSIYYYSGSPFDF	6crk_Hh_agA _ B _ G_m0
8z4c_AD_agNA_m0	ARQEGDYDD	8z4c_AD_agNA_m0
8z4c_HL_agNA_m0	ARQEGDYDD	8z4c_AD_agNA_m0
8z4e_CB_agA_m0	ARGQLRYFDWPYSSPITYGMDV	8z4e_CB_agA_m0
8z4e_EF_agA_m0	ARTSSWGDYTRGTIKPEPWYFDL	6q23_EF_agC_m0
8z65_Ss_agA _ B_m0	VRSIYYYSGSPFDF	6crk_Hh_agA _ B _ G_m0
8z68_Ss_agA _ B_m0	VRSIYYYSGSPFDF	6crk_Hh_agA _ B _ G_m0
8z6q_ED_agA_m0	ARQGDLGWDILLGY	8z6q_ED_agA_m0
8z6q_GF_agB_m0	ARQGDLGWDILLGY	8z6q_ED_agA_m0
8z6q_IH_agC_m0	ARQGDLGWDILLGY	8z6q_ED_agA_m0
8z6q_NM_agJ_m0	ARQGDLGWDILLGY	8z6q_ED_agA_m0
8z6q_PO_agK_m0	ARQGDLGWDILLGY	8z6q_ED_agA_m0
8z6q_RQ_agL_m0	ARQGDLGWDILLGY	8z6q_ED_agA_m0
8z6r_ED_agA_m0	ARQGDLGWDILLGY	8z6q_ED_agA_m0
8z6r_GF_agB_m0	ARQGDLGWDILLGY	8z6q_ED_agA_m0
8z6r_IH_agC_m0	ARQGDLGWDILLGY	8z6q_ED_agA_m0
8z6s_ED_agA_m0	ARQGDLGWDILLGY	8z6q_ED_agA_m0
8z6s_GF_agB_m0	ARQGDLGWDILLGY	8z6q_ED_agA_m0
8z6s_IH_agC_m0	ARQGDLGWDILLGY	8z6q_ED_agA_m0
8z6t_BC_agA_m0	ARQGDLGWDILLGY	8z6q_ED_agA_m0
8z6u_GJ_agC_m0	ARQGDLGWDILLGY	8z6q_ED_agA_m0
8z6u_HK_agA_m0	ARQGDLGWDILLGY	8z6q_ED_agA_m0
8z6u_IL_agB_m0	ARQGDLGWDILLGY	8z6q_ED_agA_m0
8z6u_MP_agF_m0	ARQGDLGWDILLGY	8z6q_ED_agA_m0
8z6u_NQ_agD_m0	ARQGDLGWDILLGY	8z6q_ED_agA_m0
8z6u_OR_agE_m0	ARQGDLGWDILLGY	8z6q_ED_agA_m0
8z6w_GJ_agC_m0	ARQGDLGWDILLGY	8z6q_ED_agA_m0
8z6w_HK_agA_m0	ARQGDLGWDILLGY	8z6q_ED_agA_m0
8z6w_IL_agB_m0	ARQGDLGWDILLGY	8z6q_ED_agA_m0
8z6x_BC_agA_m0	ARQGDLGWDILLGY	8z6q_ED_agA_m0
8z74_ANA_agC_m0	AAVPRAGIEYSGMNWKCYAKDSGS	8z74_ANA_agC_m0
8z74_BNA_agD_m0	AAVPRAGIEYSGMNWKCYAKDSGS	8z74_ANA_agC_m0
8z7j_NNA_agR_m0	AAVPRAGIEYSGMNWKCYAKDSGS	8z74_ANA_agC_m0
8z7j_Ss_agA _ B_m0	VRSIYYYSGSPFDF	6crk_Hh_agA _ B _ G_m0
8z86_HL_agA_m0	ARDLLEAGGMDV	8xsd_GJ_agA_m0
8z8a_Ss_agA _ B_m0	VRSIYYYSGSPFDF	6crk_Hh_agA _ B _ G_m0
8z8b_Ss_agA _ B_m0	VRSIYYYSGSPFDF	6crk_Hh_agA _ B _ G_m0
8z8l_ANA_agB_m0	AVGVDGNCRNY	8z8l_ANA_agB_m0
8z8m_BNA_agA_m0	ARSPSGFN	5m2j_DNA_agA_m0
8z8m_DNA_agC_m0	ARSPSGFN	5m2j_DNA_agA_m0
8z8m_FNA_agE_m0	ARSPSGFN	5m2j_DNA_agA_m0
8z8m_HNA_agG_m0	ARSPSGFN	5m2j_DNA_agA_m0
8z8m_JNA_agI_m0	ARSPSGFN	5m2j_DNA_agA_m0
8z8m_LNA_agK_m0	ARSPSGFN	5m2j_DNA_agA_m0
8z8v_BNA_agA_m0	TIGGSLSR	8oi2_BNA_agA_m0
8z95_AB_agA_m0	ARDWGPY	6vl8_AB_agE_m0
8z95_HL_agNA_m0	ARDWGPY	6vl8_AB_agE_m0
8z9o_NNA_agC _ B_m0	ARCPAPFTRDCSTVDFTTYAY	6oya_NNA_agA _ B_m0
8z9p_Ss_agC _ B_m0	VRSIYYYSGSPFDF	6crk_Hh_agA _ B _ G_m0
8zay_HL_agNA_m0	ARDRGGNGVYFDY	8zay_HL_agNA_m0
8zay_IM_agNA_m0	ARDRGGNGVYFDY	8zay_HL_agNA_m0
8zbe_Ee_agB _ D _ C_m0	VRSIYYYSGSPFDF	6crk_Hh_agA _ B _ G_m0
8zbi_Ff_agB _ C_m0	VRSIYYYSGSPFDF	6crk_Hh_agA _ B _ G_m0
8zbj_Ff_agA _ C_m0	VRSIYYYSGSPFDF	6crk_Hh_agA _ B _ G_m0
8zby_GE_agB_m0	ARSVGYCSLNWRQCSMWFDT	8zby_GE_agB_m0
8zby_HD_agA_m0	ARSVGYCSLNWRQCSMWFDT	8zby_GE_agB_m0
8zby_IF_agC_m0	ARSVGYCSLNWRQCSMWFDT	8zby_GE_agB_m0
8zbz_ED_agA_m0	ARSVGYCSLNWRQCSMWFDT	8zby_GE_agB_m0
8zbz_QM_agB_m0	ARSVGYCSLNWRQCSMWFDT	8zby_GE_agB_m0
8zbz_RN_agC_m0	ARSVGYCSLNWRQCSMWFDT	8zby_GE_agB_m0
8zc0_HG_agA_m0	ARSVGYCSLNWRQCSMWFDT	8zby_GE_agB_m0
8zc0_QM_agB_m0	ARSVGYCSLNWRQCSMWFDT	8zby_GE_agB_m0
8zc0_RN_agC_m0	ARSVGYCSLNWRQCSMWFDT	8zby_GE_agB_m0
8zc1_EC_agB_m0	ARSVGYCSLNWRQCSMWFDT	8zby_GE_agB_m0
8zc2_HG_agA_m0	ARSVGYCSLNWRQCSMWFDT	8zby_GE_agB_m0
8zc2_JI_agD_m0	ARSVGYCSLNWRQCSMWFDT	8zby_GE_agB_m0
8zc2_OK_agE_m0	ARSVGYCSLNWRQCSMWFDT	8zby_GE_agB_m0
8zc2_PL_agF_m0	ARSVGYCSLNWRQCSMWFDT	8zby_GE_agB_m0
8zc2_QM_agB_m0	ARSVGYCSLNWRQCSMWFDT	8zby_GE_agB_m0
8zc2_RN_agC_m0	ARSVGYCSLNWRQCSMWFDT	8zby_GE_agB_m0
8zc3_ED_agA_m0	ARSVGYCSLNWRQCSMWFDT	8zby_GE_agB_m0
8zc3_QM_agB_m0	ARSVGYCSLNWRQCSMWFDT	8zby_GE_agB_m0
8zc3_RN_agC_m0	ARSVGYCSLNWRQCSMWFDT	8zby_GE_agB_m0
8zc4_HG_agA_m0	ARSVGYCSLNWRQCSMWFDT	8zby_GE_agB_m0
8zc4_QM_agB_m0	ARSVGYCSLNWRQCSMWFDT	8zby_GE_agB_m0
8zc4_RN_agC_m0	ARSVGYCSLNWRQCSMWFDT	8zby_GE_agB_m0
8zc5_EC_agB_m0	ARSVGYCSLNWRQCSMWFDT	8zby_GE_agB_m0
8zc5_FD_agA_m0	ARSVGYCSLNWRQCSMWFDT	8zby_GE_agB_m0
8zc6_HG_agA_m0	ARSVGYCSLNWRQCSMWFDT	8zby_GE_agB_m0
8zc6_JI_agD_m0	ARSVGYCSLNWRQCSMWFDT	8zby_GE_agB_m0
8zc6_OK_agE_m0	ARSVGYCSLNWRQCSMWFDT	8zby_GE_agB_m0
8zc6_PL_agF_m0	ARSVGYCSLNWRQCSMWFDT	8zby_GE_agB_m0
8zc6_QM_agB_m0	ARSVGYCSLNWRQCSMWFDT	8zby_GE_agB_m0
8zc6_RN_agC_m0	ARSVGYCSLNWRQCSMWFDT	8zby_GE_agB_m0
8zca_CB_agE_m0	ARSYPGNGLDGRLDI	8zca_CB_agE_m0
8zca_DA_agF_m0	ARSYPGNGLDGRLDI	8zca_CB_agE_m0
8zce_NNA_agA _ B_m0	ARCPAPFTRDCSTVDFTTYAY	6oya_NNA_agA _ B_m0
8zcf_NNA_agA _ B_m0	ARCPAPFTRDCSTVDFTTYAY	6oya_NNA_agA _ B_m0
8zcj_Ee_agB _ C_m0	VRSIYYYSGSPFDF	6crk_Hh_agA _ B _ G_m0
8zd1_Ss_agA _ B_m0	VRSIYYYSGSPFDF	6crk_Hh_agA _ B _ G_m0
8zd5_BC_agA_m0	GGGPLYAMDY	8zd5_BC_agA_m0
8zd5_EF_agD_m0	GGGPLYAMDY	8zd5_BC_agA_m0
8zd5_HI_agG_m0	GGGPLYAMDY	8zd5_BC_agA_m0
8zd5_KL_agJ_m0	GGGPLYAMDY	8zd5_BC_agA_m0
8zd6_BC_agA_m0	GGGPLYAMDY	8zd5_BC_agA_m0
8zd6_EF_agD_m0	GGGPLYAMDY	8zd5_BC_agA_m0
8zd6_HI_agG_m0	GGGPLYAMDY	8zd5_BC_agA_m0
8zd6_KL_agJ_m0	GGGPLYAMDY	8zd5_BC_agA_m0
8zdw_FE_agC_m0	VRNYGSSYGYFDV	8g5b_HL_agA_m0
8zdw_LJ_agH_m0	VRNYGSSYGYFDV	8g5b_HL_agA_m0
8zdw_UR_agA_m0	VRNYGSSYGYFDV	8g5b_HL_agA_m0
8zer_ANA_agC_m0	KSWACSSGYELYQGD	8zer_ANA_agC_m0
8zer_DNA_agI_m0	KSWACSSGYELYQGD	8zer_ANA_agC_m0
8zer_FNA_agB _ E_m0	KSWACSSGYELYQGD	8zer_ANA_agC_m0
8zer_HNA_agG_m0	KSWACSSGYELYQGD	8zer_ANA_agC_m0
8zer_JNA_agI_m0	KSWACSSGYELYQGD	8zer_ANA_agC_m0
8zes_BNA_agC_m0	KSWACSSGYELYQGD	8zer_ANA_agC_m0
8zes_ENA_agD_m0	KSWACSSGYELYQGD	8zer_ANA_agC_m0
8zes_FNA_agD_m0	KSWACSSGYELYQGD	8zer_ANA_agC_m0
8zes_HNA_agA _ G_m0	KSWACSSGYELYQGD	8zer_ANA_agC_m0
8zes_JNA_agI_m0	KSWACSSGYELYQGD	8zer_ANA_agC_m0
8zeu_AB_agC_m0	ARDSDDGYLN	8zeu_AB_agC_m0
8zeu_DE_agG_m0	ARAGYYRYGYAMDY	8zeu_DE_agG_m0
8zeu_HL_agC_m0	ARAGYYRYGYAMDY	8zeu_DE_agG_m0
8zeu_IF_agG_m0	ARDSDDGYLN	8zeu_AB_agC_m0
8zf6_Ss_agA _ B_m0	VRSIYYYSGSPFDF	6crk_Hh_agA _ B _ G_m0
8zf9_NNA_agA _ B_m0	ARCPAPFTRDSTDFCTTYAY	8wc6_NNA_agA _ B_m0
8zf9_Ss_agA_m0	VRSIYYYSGSPFDF	6crk_Hh_agA _ B _ G_m0
8zfa_Ss_agA _ B_m0	VRSIYYYSGSPFDF	6crk_Hh_agA _ B _ G_m0
8zfc_Ss_agA _ B_m0	VRSIYYYSGSPFDF	6crk_Hh_agA _ B _ G_m0
8zfj_Dd_agA _ B_m0	VRSIYYYSGSPFDF	6crk_Hh_agA _ B _ G_m0
8zfz_Dd_agA _ B_m0	VRSIYYYSGSPFDF	6crk_Hh_agA _ B _ G_m0
8zgu_HL_agA_m0	ARGDSSGYLPNNWFDP	8zgu_HL_agA_m0
8zh7_BC_agA_m0	ARDVSGGVNWFDP	8vuh_HL_agA_m0
8zh7_EF_agD_m0	ARDVSGGVNWFDP	8vuh_HL_agA_m0
8zh7_HI_agG_m0	ARDVSGGVNWFDP	8vuh_HL_agA_m0
8zh7_KL_agJ_m0	ARDVSGGVNWFDP	8vuh_HL_agA_m0
8zh8_NNA_agB_m0	ARCPAPFTRDCSTVDFTTYAY	6oya_NNA_agA _ B_m0
8zh8_Ss_agA_m0	VRSIYYYSGSPFDF	6crk_Hh_agA _ B _ G_m0
8zhe_FG_agC_m0	ARGQLGPWVGVDY	8zhe_FG_agC_m0
8zhe_HL_agA_m0	ARGQLGPWVGVDY	8zhe_FG_agC_m0
8zhe_JK_agB_m0	ARGQLGPWVGVDY	8zhe_FG_agC_m0
8zhf_FG_agC_m0	ARGQLGPWVGVDY	8zhe_FG_agC_m0
8zhf_HL_agA_m0	ARGQLGPWVGVDY	8zhe_FG_agC_m0
8zhf_JK_agB_m0	ARGQLGPWVGVDY	8zhe_FG_agC_m0
8zhf_MN_agI_m0	ARGQLGPWVGVDY	8zhe_FG_agC_m0
8zhf_RU_agD_m0	ARGQLGPWVGVDY	8zhe_FG_agC_m0
8zhf_ST_agE_m0	ARGQLGPWVGVDY	8zhe_FG_agC_m0
8zhg_HL_agC_m0	ARGQLGPWVGVDY	8zhe_FG_agC_m0
8zhk_ED_agC_m0	ARQLWLRGRFDY	8zhk_ED_agC_m0
8zhk_JF_agB_m0	ARQLWLRGRFDY	8zhk_ED_agC_m0
8zhk_MK_agA_m0	ARQLWLRGRFDY	8zhk_ED_agC_m0
8zhk_NL_agI_m0	ARQLWLRGRFDY	8zhk_ED_agC_m0
8zhk_PO_agH_m0	ARQLWLRGRFDY	8zhk_ED_agC_m0
8zhk_RQ_agG_m0	ARQLWLRGRFDY	8zhk_ED_agC_m0
8zhn_ED_agC_m0	ARQLWLRGRFDY	8zhk_ED_agC_m0
8zhn_GI_agC_m0	ARENGYSGYAAGANFDL	7ydi_HL_agE_m0
8zhn_HL_agA_m0	ARENGYSGYAAGANFDL	7ydi_HL_agE_m0
8zhn_JF_agB_m0	ARQLWLRGRFDY	8zhk_ED_agC_m0
8zhn_MK_agA_m0	ARQLWLRGRFDY	8zhk_ED_agC_m0
8zhn_NO_agB_m0	ARENGYSGYAAGANFDL	7ydi_HL_agE_m0
8zho_DE_agC_m0	ARENGYSGYAAGANFDL	7ydi_HL_agE_m0
8zho_HL_agC_m0	ARQLWLRGRFDY	8zhk_ED_agC_m0
8zhp_BF_agA_m0	ARENGYSGYAAGANFDL	7ydi_HL_agE_m0
8zhp_DE_agC_m0	ARENGYSGYAAGANFDL	7ydi_HL_agE_m0
8zhp_GI_agA_m0	ARQLWLRGRFDY	8zhk_ED_agC_m0
8zhp_HL_agC_m0	ARQLWLRGRFDY	8zhk_ED_agC_m0
8zhq_CB_agE_m0	ARALGAYDYAFDL	8zhq_CB_agE_m0
8zhq_DA_agE_m0	ARLYRRGWTTDAFDI	8zhq_DA_agE_m0
8zjd_Ss_agA _ B_m0	VRSIYYYSGSPFDF	6crk_Hh_agA _ B _ G_m0
8zje_Ss_agA _ B_m0	VRSIYYYSGSPFDF	6crk_Hh_agA _ B _ G_m0
8zjg_Ss_agC _ B_m0	VRSIYYYSGSPFDF	6crk_Hh_agA _ B _ G_m0
8zme_Ee_agA _ B_m0	VRSIYYYSGSPFDF	6crk_Hh_agA _ B _ G_m0
8znz_DC_agB_m0	ARAIYYYGSYNYSYAMDY	8znz_DC_agB_m0
8znz_FE_agA_m0	ARAIYYYGSYNYSYAMDY	8znz_DC_agB_m0
8znz_GH_agB_m0	ARYYGSDEYWYFDV	8znz_GH_agB_m0
8znz_IJ_agA_m0	ARYYGSDEYWYFDV	8znz_GH_agB_m0
8zoy_BNA_agA_m0	NVKDNGARWQNYDY	8zoy_BNA_agA_m0
8zpb_BNA_agA_m0	NVKDAGWSAYQYDY	8zpb_BNA_agA_m0
8zpn_NNA_agR_m0	NAEYRTGIEWELLDG	6vi4_CNA_agB_m0
8zpp_HL_agA_m0	ARGDDGYYVYFDY	8zpp_HL_agA_m0
8zpq_AB_agE_m0	VKDKMGYPGTEYFPH	8zpq_AB_agE_m0
8zpq_HL_agF_m0	VKDKMGYPGTEYFPH	8zpq_AB_agE_m0
8zps_Ee_agA _ B _ G_m0	VRSIYYYSGSPFDF	6crk_Hh_agA _ B _ G_m0
8zpt_Ee_agA _ B_m0	VRSIYYYSGSPFDF	6crk_Hh_agA _ B _ G_m0
8zpu_Aa_agC_m0	ARVDYDDYWDRGSFNV	8zpu_Aa_agC_m0
8zpu_Bb_agD_m0	ARVDYDDYWDRGSFNV	8zpu_Aa_agC_m0
8zqe_Ss_agA _ B_m0	VRSIYYYSGSPFDF	6crk_Hh_agA _ B _ G_m0
8zr4_AB_agD_m0	ARGSDPDYDKGWGAYSPRDTNRYDGLDV	8zr4_AB_agD_m0
8zr4_FG_agH_m0	ARGSDPDYDKGWGAYSPRDTNRYDGLDV	8zr4_AB_agD_m0
8zr4_IJ_agK_m0	ARGSDPDYDKGWGAYSPRDTNRYDGLDV	8zr4_AB_agD_m0
8zr4_LM_agN_m0	ARGSDPDYDKGWGAYSPRDTNRYDGLDV	8zr4_AB_agD_m0
8zr5_NNA_agA _ G _ B_m0	ARCPAPFTRDCSTVDFTTYAY	6oya_NNA_agA _ B_m0
8zrd_CNA_agE_m0	ARPRKDVGGSYLLGPFHTYTEYDY	8zrd_CNA_agE_m0
8zrd_DNA_agA_m0	ARPRKHFPLGTEYDY	8zrd_DNA_agA_m0
8zre_HL_agC _ D_m0	ARGFYDSSSLES	8zre_HL_agC _ D_m0
8zre_hl_agA _ B_m0	ARGFYDSSSLES	8zre_HL_agC _ D_m0
8zrh_HL_agC _ D_m0	ARGFYDSSSLES	8zre_HL_agC _ D_m0
8zrh_hl_agA _ B_m0	ARGFYDSSSLES	8zre_HL_agC _ D_m0
8zrk_NNA_agA _ B_m0	ARCPAPFTRDCSTVDFTTYAY	6oya_NNA_agA _ B_m0
8zrr_hl_agB _ A_m0	ARGFYDSSSLES	8zre_HL_agC _ D_m0
8zsj_NNA_agA _ B_m0	ARCPAPFTRDCSTVDFTTYAY	6oya_NNA_agA _ B_m0
8zsp_NNA_agA _ B_m0	ARCPAPFTRDCSTVDFTTYAY	6oya_NNA_agA _ B_m0
8zss_NNA_agA _ B_m0	ARCPAPFTRDCSTVDFTTYAY	6oya_NNA_agA _ B_m0
8zsv_NNA_agA _ B_m0	ARCPAPFTRDCSTVDFTTYAY	6oya_NNA_agA _ B_m0
8zu9_BA_agE_m0	VTDAGGSNEWSFFFDH	8zu9_BA_agE_m0
8zua_AG_agF_m0	ARDEASSNYAFDY	8zua_AG_agF_m0
8zua_BD_agC_m0	ARDEASSNYAFDY	8zua_AG_agF_m0
8zua_EI_agH_m0	ARDEASSNYAFDY	8zua_AG_agF_m0
8zua_JL_agK_m0	ARDEASSNYAFDY	8zua_AG_agF_m0
8zw0_NNA_agA _ G _ B_m0	ARCPAPFTRDCSTVDFTTYAY	6oya_NNA_agA _ B_m0
8zxw_AB_agD_m0	ARVDYDDYWDRGSFNV	8zpu_Aa_agC_m0
8zxw_HL_agC_m0	ARVDYDDYWDRGSFNV	8zpu_Aa_agC_m0
8zye_Bb_agA_m0	AREDYYYYMDV	8zye_Bb_agA_m0
8zyf_EC_agB_m0	AKDNSDYSGYYNELEWYGMDV	8zyf_EC_agB_m0
8zyf_HD_agA_m0	AKDNSDYSGYYNELEWYGMDV	8zyf_EC_agB_m0
8zym_GF_agC_m0	VRAGADYYSGSPLAY	8zym_GF_agC_m0
8zym_HD_agA_m0	VRAGADYYSGSPLAY	8zym_GF_agC_m0
8zym_IE_agB_m0	VRAGADYYSGSPLAY	8zym_GF_agC_m0
8zyu_DQ_agB _ R_m0	ARSRQFWYSGLDY	4jqi_HL_agA _ V_m0
8zyx_FJ_agC _ D_m0	ARHYFDRDYGWSGMDL	8yvk_EF_agA_m0
9aru_DF_agB_m0	AKDTGYCGDDCRILKIYGGPDY	9aru_DF_agB_m0
9aru_EG_agC_m0	AKDTGYCGDDCRILKIYGGPDY	9aru_DF_agB_m0
9aru_HL_agA_m0	AKDTGYCGDDCRILKIYGGPDY	9aru_DF_agB_m0
9ary_Ee_agB _ C_m0	VRSIYYYSGSPFDF	6crk_Hh_agA _ B _ G_m0
9as4_Ee_agB _ C_m0	VRSIYYYSGSPFDF	6crk_Hh_agA _ B _ G_m0
9as8_Ee_agB _ C_m0	VRSIYYYSGSPFDF	6crk_Hh_agA _ B _ G_m0
9asd_HL_agR_m0	AKDYYPLLYYSYGLDV	8s6m_HL_agR_m0
9ast_Ee_agA _ G _ B_m0	VRSIYYYSGSPFDF	6crk_Hh_agA _ B _ G_m0
9at8_LK_agF _ E_m0	ARSGWLLYPWYFDV	8ut2_HG_agB _ A_m0
9atm_HL_agR_m0	AKDYYPLLYYSYGLDV	8s6m_HL_agR_m0
9atm_IM_agR_m0	ARQWSHYTYDYYY	7m7w_CD_agS_m0
9ato_DNA_agC_m0	YAVDKSQDY	8g70_MNA_agB_m0
9ato_FNA_agB_m0	YAVDKSQDY	8g70_MNA_agB_m0
9ato_LNA_agA_m0	YAVDKSQDY	8g70_MNA_agB_m0
9atp_DNA_agA_m0	YAVDKSQDY	8g70_MNA_agB_m0
9atp_ENA_agC_m0	YAVDKSQDY	8g70_MNA_agB_m0
9atp_LNA_agB_m0	YAVDKSQDY	8g70_MNA_agB_m0
9au1_HL_agR_m0	AKDYYPLLYYSYGLDV	8s6m_HL_agR_m0
9au1_MN_agR_m0	ARDYTRGAWFILSEGGGFDN	6wps_CD_agB_m0
9au2_DI_agC_m0	AKDYYPLLYYSYGLDV	8s6m_HL_agR_m0
9au2_FJ_agB _ A_m0	AKDYYPLLYYSYGLDV	8s6m_HL_agR_m0
9auc_NNA_agA _ B_m0	ARCPAPFTRDCSTVDFTTYAY	6oya_NNA_agA _ B_m0
9aug_GJ_agA_m0	ARGGWISLYYYGSSDPNFDY	8saz_CD_agA_m0
9aug_HK_agB_m0	ARGGWISLYYYGSSDPNFDY	8saz_CD_agA_m0
9aug_IL_agC_m0	ARGGWISLYYYGSSDPNFDY	8saz_CD_agA_m0
9auh_GJ_agA_m0	ARGGWISLYYYGSSDPNFDY	8saz_CD_agA_m0
9auh_HL_agB_m0	ARGGWISLYYYGSSDPNFDY	8saz_CD_agA_m0
9auh_IK_agC_m0	ARGGWISLYYYGSSDPNFDY	8saz_CD_agA_m0
9aui_GJ_agA_m0	ARGGWIGLYYYGSSDPNFDY	8saz_CD_agA_m0
9aui_HK_agB_m0	ARGGWIGLYYYGSSDPNFDY	8saz_CD_agA_m0
9aui_IL_agC_m0	ARGGWIGLYYYGSSDPNFDY	8saz_CD_agA_m0
9aur_HL_agR_m0	ARQGYRRRGSRGFDY	3ivk_AB_agC_m0
9aus_AB_agC_m0	ARQGYRRRGSRGFDY	3ivk_AB_agC_m0
9aus_HL_agR_m0	ARQGYRRRGSRGFDY	3ivk_AB_agC_m0
9avo_BD_agA_m0	ARGYGWALDY	5ucb_HL_agB_m0
9awe_BD_agA_m0	ARGYGWALDY	5ucb_HL_agB_m0
9axf_Hh_agA_m0	VRSIYYYSGSPFDF	6crk_Hh_agA _ B _ G_m0
9axf_NNA_agA _ B_m0	ARCPAPFTRDCSTVDFTTYAY	6oya_NNA_agA _ B_m0
9axl_HL_agB_m0	ARWRGVYRSYHVDYAMDY	9axl_HL_agB_m0
9axn_AB_agA_m0	ASEDGPGAY	9axn_AB_agA_m0
9axn_CD_agC_m0	ASEDGPGAY	9axn_AB_agA_m0
9axn_EF_agNA_m0	ASEDGPGAY	9axn_AB_agA_m0
9axn_HL_agH_m0	ASEDGPGAY	9axn_AB_agA_m0
9axn_IJ_agI_m0	ASEDGPGAY	9axn_AB_agA_m0
9axn_MN_agM_m0	ASEDGPGAY	9axn_AB_agA_m0
9axn_OP_agO_m0	ASEDGPGAY	9axn_AB_agA_m0
9axn_QR_agR_m0	ASEDGPGAY	9axn_AB_agA_m0
9axo_HL_agL_m0	ATELVKDYYAMDY	9axo_HL_agL_m0
9axq_AB_agNA_m0	ATELVKDYYAMDY	9axo_HL_agL_m0
9axq_CD_agNA_m0	ATELVKDYYAMDY	9axo_HL_agL_m0
9axq_EF_agNA_m0	ATELVKDYYAMDY	9axo_HL_agL_m0
9axq_HL_agNA_m0	ATELVKDYYAMDY	9axo_HL_agL_m0
9axr_AB_agNA_m0	ALEHGYYDVMDY	9axr_AB_agNA_m0
9axr_CD_agNA_m0	ALEHGYYDVMDY	9axr_AB_agNA_m0
9axr_HL_agH_m0	ALEHGYYDVMDY	9axr_AB_agNA_m0
9axs_HL_agNA_m0	ALEHGYYDVMDY	9axr_AB_agNA_m0
9ay1_12_aga _ A_m0	ASPRGDSGSIDYYDYFDY	8vsv_12_aga _ A_m0
9ayf_Hh_agA _ B _ G_m0	VRSIYYYSGSPFDF	6crk_Hh_agA _ B _ G_m0
9azr_HL_agE_m0	ARGGLEPRSVYYYDYGMDV	4hk0_CD_ag_m0
9azt_HL_agE_m0	ARAGLEPRSVFYYDYGLDV	4hkb_AB_ag_m0
9azv_HL_agE_m0	ARAGLEPRSVFYYDYGLDV	4hkb_AB_ag_m0
9b0a_ANA_agD_m0	TVGVGVSY	9b0a_ANA_agD_m0
9b0a_BNA_agC_m0	TVGVGVSY	9b0a_ANA_agD_m0
9b13_HL_agA_m0	ARSEYSYQYVYGYNWYWWSAIDY	9b13_HL_agA_m0
9b2c_HL_agA_m0	ARGGWELSYFDF	9b2c_HL_agA_m0
9b2c_NNA_agNA_m0	AIDSDTFSYGSYDY	6ww2_KNA_agNA_m0
9b2m_EF_agB _ A_m0	AKEGRALLRYFLPLWDDAFDI	9b2m_EF_agB _ A_m0
9b2m_HL_agD _ C_m0	AKEGRALLRYFLPLWDDAFDI	9b2m_EF_agB _ A_m0
9b2m_JK_agI _ G_m0	AKEGRALLRYFLPLWDDAFDI	9b2m_EF_agB _ A_m0
9b2w_BC_agA_m0	AKFFRSDVGFHFDY	9b2w_BC_agA_m0
9b2w_EF_agD_m0	AKFFRSDVGFHFDY	9b2w_BC_agA_m0
9b3k_HL_agZ_m0	ARYSRYYYYAWWYGGVRGGLDY	7lo8_HL_agZ_m0
9b44_AB_agNA_m0	ARGKNSDNYWDFQH	4jpk_HL_agA_m0
9b44_HL_agNA_m0	ARGKNSDNYWDFQH	4jpk_HL_agA_m0
9b5y_Nn_agA _ B_m0	VRSIYYYSGSPFDF	6crk_Hh_agA _ B _ G_m0
9b65_Ss_agA _ B_m0	VRSIYYYSGSPFDF	6crk_Hh_agA _ B _ G_m0
9b6n_HL_agB _ A _ C_m0	TTEPSGYCSCLGNYTGNY	9b6n_HL_agB _ A _ C_m0
9b6t_HL_agC _ D _ B _ F_m0	AREMTGVGARGWDH	9b6t_HL_agC _ D _ B _ F_m0
9b6w_DE_agA_m0	ARGDYYGSYVSAMDY	9b6w_DE_agA_m0
9b6w_FG_agB_m0	ARGDYYGSYVSAMDY	9b6w_DE_agA_m0
9b6w_HI_agC_m0	ARGDYYGSYVSAMDY	9b6w_DE_agA_m0
9b70_GNA_agA_m0	AAFRVAVTTYAQQSTNEYNY	6oyh_ENA_agA_m0
9b70_HNA_agB_m0	AAFRVAVTTYAQQSTNEYNY	6oyh_ENA_agA_m0
9b71_GNA_agA_m0	AAFRVAVTTYAQQSTNEYNY	6oyh_ENA_agA_m0
9b71_HNA_agB_m0	AAFRVAVTTYAQQSTNEYNY	6oyh_ENA_agA_m0
9b74_HL_agNA_m0	ARAYGDYHVYAMDY	8euq_CD_agA _ B_m0
9b75_HL_agNA_m0	ARAYGDYHVYAMDY	8euq_CD_agA _ B_m0
9b76_HL_agNA_m0	ARAYGDYHVYAMDY	8euq_CD_agA _ B_m0
9b7b_CD_agA _ B_m0	ARAYGDYHVYAMDY	8euq_CD_agA _ B_m0
9b7b_GH_agE _ F_m0	ARAYGDYHVYAMDY	8euq_CD_agA _ B_m0
9b7g_HL_agA_m0	TETGAYNSVFYGPYFQF	9b7g_HL_agA_m0
9b7g_JK_agB_m0	TETGAYNSVFYGPYFQF	9b7g_HL_agA_m0
9b7g_QP_agC_m0	TETGAYNSVFYGPYFQF	9b7g_HL_agA_m0
9b7p_HL_agC _ B _ D _ F _ A_m0	AKDPNYYDLSGGGLFYYYFDY	9b7p_HL_agC _ B _ D _ F _ A_m0
9b7r_HL_agC _ B _ D _ A _ F_m0	AKDYPPDEVTMMGVVIPYFDS	9b7r_HL_agC _ B _ D _ A _ F_m0
9b7s_HL_agC _ F _ D _ A_m0	SKDPIYYDLSGIRGAYYYYFDY	9b7s_HL_agC _ F _ D _ A_m0
9b82_HL_agA_m0	AKDTGYCGDDCRILKIYGGPDY	9aru_DF_agB_m0
9b82_IG_agC_m0	AKDTGYCGDDCRILKIYGGPDY	9aru_DF_agB_m0
9b82_KJ_agB_m0	AKDTGYCGDDCRILKIYGGPDY	9aru_DF_agB_m0
9b82_NM_agD_m0	AKDTGYCGDDCRILKIYGGPDY	9aru_DF_agB_m0
9b82_PO_agE_m0	AKDTGYCGDDCRILKIYGGPDY	9aru_DF_agB_m0
9b82_RQ_agF_m0	AKDTGYCGDDCRILKIYGGPDY	9aru_DF_agB_m0
9b88_AB_agNA_m0	ARSLFDY	9b88_AB_agNA_m0
9b8g_AB_agNA_m0	ARGDYYGSYVSAMDY	9b6w_DE_agA_m0
9b8g_CD_agNA_m0	ARGDYYGSYVSAMDY	9b6w_DE_agA_m0
9b8g_HL_agNA_m0	ARGDYYGSYVSAMDY	9b6w_DE_agA_m0
9b8j_EF_agA_m0	ARLRLSSSPYWEAFDY	8vww_BC_agA_m0
9b8j_HL_agD_m0	ARDHVH	9b8j_HL_agD_m0
9b9e_DNA_agA_m0	NAEPTVTGSPTFWGLQSY	9b9e_DNA_agA_m0
9b9e_ENA_agB_m0	NAEPTVTGSPTFWGLQSY	9b9e_DNA_agA_m0
9b9e_FNA_agC_m0	NAEPTVTGSPTFWGLQSY	9b9e_DNA_agA_m0
9b9j_HL_agA _ B_m0	ARDRTMGTMTPFDY	9b9j_HL_agA _ B_m0
9b9k_HL_agA_m0	TSLTGMRYFDY	9b9k_HL_agA_m0
9b9y_NNA_agR_m0	AAEVLDYTYAFLYHAY	9b9y_NNA_agR_m0
9ban_EF_agA _ D_m0	ALFITTATYAMDY	9ban_EF_agA _ D_m0
9ban_GH_agC _ B_m0	ALFITTATYAMDY	9ban_EF_agA _ D_m0
9bao_EF_agA _ D_m0	ALFITTATYAMDY	9ban_EF_agA _ D_m0
9bao_GH_agC _ B_m0	ALFITTATYAMDY	9ban_EF_agA _ D_m0
9bbn_MN_agG _ V _ A_m0	ARDPPTHGGDYYYNFYGVAV	9bbn_MN_agG _ V _ A_m0
9bbn_OP_agF _ C _ W_m0	ARDPPTHGGDYYYNFYGVAV	9bbn_MN_agG _ V _ A_m0
9bbn_QR_agE _ B _ X_m0	ARDPPTHGGDYYYNFYGVAV	9bbn_MN_agG _ V _ A_m0
9bbn_ST_agH _ U_m0	ARDPPTHGGDYYYNFYGVAV	9bbn_MN_agG _ V _ A_m0
9bdf_BI_agH_m0	ARDLVEGGYSFPIYGLDV	9bdf_BI_agH_m0
9bdf_CD_agA_m0	ARDLVEGGYSFPIYGLDV	9bdf_BI_agH_m0
9bdf_EJ_agG_m0	ARDLVEGGYSFPIYGLDV	9bdf_BI_agH_m0
9bdg_DG_agB_m0	VKGQVWSGYHTLYDAFDL	9bdg_DG_agB_m0
9bdg_EH_agC_m0	VKGQVWSGYHTLYDAFDL	9bdg_DG_agB_m0
9bdg_FI_agA_m0	VKGQVWSGYHTLYDAFDL	9bdg_DG_agB_m0
9bdh_HL_agC_m0	VKRGDFLRYGWYFDV	9bdh_HL_agC_m0
9bdi_CD_agB_m0	TRSAEFYDFWSLGTYYGEYFQH	9bdi_CD_agB_m0
9bdi_HL_agA_m0	TRSAEFYDFWSLGTYYGEYFQH	9bdi_CD_agB_m0
9bdo_ANA_agNA_m0	RALSRIWPYDY	9bdo_ANA_agNA_m0
9bdo_BNA_agNA_m0	RALSRIWPYDY	9bdo_ANA_agNA_m0
9bdo_CNA_agNA_m0	RALSRIWPYDY	9bdo_ANA_agNA_m0
9bei_HL_agB_m0	ARYWSWYNSSYIYHSALDY	7tdm_HL_agB_m0
9bei_KNA_agNA_m0	AIDSDTFSYGSYDY	6ww2_KNA_agNA_m0
9ber_DE_agA_m0	ATTKHGRRIYGVVYTFWEKFAFYMDV	3jcb_CB_agA_m0
9ber_HL_agG_m0	ATTKHGRRIYGVVYTFWEKFAFYMDV	3jcb_CB_agA_m0
9ber_JK_agF_m0	ATTKHGRRIYGVVYTFWEKFAFYMDV	3jcb_CB_agA_m0
9bew_CD_agG_m0	ARQRSDYWDFDV	4jpv_HL_agG_m0
9bew_FI_agA_m0	ARQRSDYWDFDV	4jpv_HL_agG_m0
9bew_HL_agG_m0	ATARRGQRIYGVVYYFFEGFSYSMDV	4r26_HL_ag_m0
9bew_JK_agA_m0	ATARRGQRIYGVVYYFFEGFSYSMDV	4r26_HL_ag_m0
9bew_OP_agM_m0	ARQRSDYWDFDV	4jpv_HL_agG_m0
9bew_QR_agM_m0	ATARRGQRIYGVVYYFFEGFSYSMDV	4r26_HL_ag_m0
9bf6_DE_agC_m0	ATTKHGRRIYGVVYTFWEKFAFYMDV	3jcb_CB_agA_m0
9bf6_GH_agF_m0	ATTKHGRRIYGVVYTFWEKFAFYMDV	3jcb_CB_agA_m0
9bf6_KL_agJ_m0	ATTKHGRRIYGVVYTFWEKFAFYMDV	3jcb_CB_agA_m0
9bge_DE_agB_m0	ARGKNSDNYWDFQH	4jpk_HL_agA_m0
9bge_FG_agC_m0	ARGKNSDNYWDFQH	4jpk_HL_agA_m0
9bge_HL_agA_m0	ARGKNSDNYWDFQH	4jpk_HL_agA_m0
9bhb_HK_agA_m0	ARDLPGYELRVFDL	8vdg_HK_agA_m0
9bhh_NM_agG _ A_m0	ARDLGPLTGYSYSYFDY	9bhh_NM_agG _ A_m0
9bhh_PO_agF _ C_m0	ARDLGPLTGYSYSYFDY	9bhh_NM_agG _ A_m0
9bhh_RQ_agE _ B_m0	ARDLGPLTGYSYSYFDY	9bhh_NM_agG _ A_m0
9bhh_TS_agH_m0	ARDLGPLTGYSYSYFDY	9bhh_NM_agG _ A_m0
9bhl_NNA_agA _ B_m0	ARCPAPFTRDCSTVDFTTYAY	6oya_NNA_agA _ B_m0
9bhm_NNA_agA _ B_m0	ARCPAPFTRDCSTVDFTTYAY	6oya_NNA_agA _ B_m0
9bi6_NNA_agA _ B_m0	ARCPAPFTCFSTVDTTYAY	7rmg_NNA_agA _ B_m0
9bia_ENA_agB _ D_m0	EVYIFGQYFES	9bia_ENA_agB _ D_m0
9bia_FNA_agC _ A_m0	EVYIFGQYFES	9bia_ENA_agB _ D_m0
9bif_CD_agA_m0	ARLGDVFNSAMDV	9bif_CD_agA_m0
9bif_GI_agE_m0	ARLGDVFNSAMDV	9bif_CD_agA_m0
9bif_HL_agB_m0	ARLGDVFNSAMDV	9bif_CD_agA_m0
9bif_JK_agF_m0	ARLGDVFNSAMDV	9bif_CD_agA_m0
9bif_OP_agM_m0	ARLGDVFNSAMDV	9bif_CD_agA_m0
9bif_QR_agN_m0	ARLGDVFNSAMDV	9bif_CD_agA_m0
9bif_UV_agS_m0	ARLGDVFNSAMDV	9bif_CD_agA_m0
9bif_WX_agT_m0	ARLGDVFNSAMDV	9bif_CD_agA_m0
9bip_NNA_agA _ B_m0	ARCPAPFTRDCSTVDFTTYAY	6oya_NNA_agA _ B_m0
9bir_BNA_agA_m0	AAARRRWTFKETNTAEFYET	7nqk_BNA_agA_m0
9bis_BNA_agA_m0	AAARRRWTFKETNTAEFYET	7nqk_BNA_agA_m0
9bit_BNA_agA_m0	AAARRRWTFKETNTAEFYET	7nqk_BNA_agA_m0
9biu_BNA_agA_m0	AAARRRWTFKETNTAEFYET	7nqk_BNA_agA_m0
9bj2_HL_agA_m0	ARHNGDPYDFWSAWTNYGGGLDV	9bj2_HL_agA_m0
9bj3_CD_agA_m0	ARVPQAGAAQGYYYYHYGMDV	9bj3_CD_agA_m0
9bj3_EF_agB_m0	ARVPQAGAAQGYYYYHYGMDV	9bj3_CD_agA_m0
9bj3_HL_agS_m0	ARVPQAGAAQGYYYYHYGMDV	9bj3_CD_agA_m0
9bj4_DE_agB_m0	VRGIAVDWYFDL	9bj4_DE_agB_m0
9bj4_FG_agC_m0	VRGIAVDWYFDL	9bj4_DE_agB_m0
9bj4_HL_agA_m0	VRGIAVDWYFDL	9bj4_DE_agB_m0
9bjg_HL_agA_m0	GRDRFRGGYNYSYIDSPHAPDH	9bjg_HL_agA_m0
9bjh_HL_agA_m0	ARTRGEWSDPWCLDR	9bjh_HL_agA_m0
9bjh_IM_agB_m0	ARTRGEWSDPWCLDR	9bjh_HL_agA_m0
9bjk_NNA_agR_m0	IWEELLDGWG	7ul2_DNA_agR_m0
9blb_NNA_agA _ B_m0	ARCPAPFTRDCSTVDFTTYAY	6oya_NNA_agA _ B_m0
9blc_NNA_agA _ B_m0	ARCPAPFTRDCSTVDFTTYAY	6oya_NNA_agA _ B_m0
9bll_HL_agT_m0	ARGSYDYGDRLYTYNLYAMDV	9bll_HL_agT_m0
9blw_NNA_agA _ B_m0	ARCPAPFTRDCSTVDFTTYAY	6oya_NNA_agA _ B_m0
9blx_AB_agI_m0	ARHSSGYFLTYALDS	9blx_AB_agI_m0
9blx_HL_agG_m0	ARHSSGYFLTYALDS	9blx_AB_agI_m0
9bnk_HL_agF _ E _ G_m0	ARSQQHYYEDATFDDRSHFYYWNGLDS	9bnk_HL_agF _ E _ G_m0
9bnl_HL_agA _ E _ C_m0	ARGEESFYEDDLWEMQGHSFDA	9bnl_HL_agA _ E _ C_m0
9bns_AB_agD_m0	TRQEQTLFVWKRFDV	9bns_AB_agD_m0
9bns_HL_agC_m0	TRQEQTLFVWKRFDV	9bns_AB_agD_m0
9bof_EC_agB_m0	AKKIDFPFRGGRRYTNYPRSDSGSLDS	9bof_EC_agB_m0
9bof_GH_agA_m0	AKKIDFPFRGGRRYTNYPRSDSGSLDS	9bof_EC_agB_m0
9bop_AB_agS_m0	ARAGYDDYADGSFFNL	9bop_AB_agS_m0
9bop_CD_agT_m0	ARAGYDDYADGSFFNL	9bop_AB_agS_m0
9bop_EF_agU_m0	ARAGYDDYADGSFFNL	9bop_AB_agS_m0
9bop_MN_agS _ V_m0	ARVLYIGGGYYNFDAFDP	9bop_MN_agS _ V_m0
9bop_OP_agT _ W_m0	ARVLYIGGGYYNFDAFDP	9bop_MN_agS _ V_m0
9bp1_AB_agI_m0	ARHSSGWFLSYGLDS	9bp1_AB_agI_m0
9bp1_HD_agE_m0	ARHSSGWFLSYGLDS	9bp1_AB_agI_m0
9bqw_HL_agA_m0	ARDRRIVVVSAPGY	9bqw_HL_agA_m0
9br5_BA_agNA_m0	ARQGTWYFDV	9br5_BA_agNA_m0
9bsb_Ee_agA _ B_m0	VRSIYYYSGSPFDF	6crk_Hh_agA _ B _ G_m0
9bsu_DNA_agC_m0	NARLLVAPPPYEYDY	9bsu_DNA_agC_m0
9bsu_ENA_agA_m0	NARLLVAPPPYEYDY	9bsu_DNA_agC_m0
9bsv_DNA_agA_m0	AARPWSIAALNYTYDS	9bsv_DNA_agA_m0
9bsv_ENA_agC_m0	AARPWSIAALNYTYDS	9bsv_DNA_agA_m0
9bsv_FNA_agB_m0	AARPWSIAALNYTYDS	9bsv_DNA_agA_m0
9bt5_CD_agA_m0	ARNGERWRVYYDEYGMDV	9bt5_CD_agA_m0
9bt5_EF_agB_m0	ARNGERWRVYYDEYGMDV	9bt5_CD_agA_m0
9bt8_ANA_agB_m0	NTFVRSLS	6ni2_ANA_agB _ V_m0
9bt8_HL_agB _ V_m0	ARSRQFWYSGLDY	4jqi_HL_agA _ V_m0
9bth_HL_agD _ F _ G_m0	AREKQYYFDDYRGSEVSVGMDS	9bth_HL_agD _ F _ G_m0
9bti_DE_agH _ G _ C_m0	ASQGPDPWYEDDFSLVEYHYGNRFDV	9bti_DE_agH _ G _ C_m0
9btj_HL_agD _ G _ A_m0	VRDRLLEEYEEDFVRYWNDDALEV	9btj_HL_agD _ G _ A_m0
9btl_HL_agE _ I _ A_m0	ARGSIYYEDDDGYYTAESYYLHLHL	9btl_HL_agE _ I _ A_m0
9btv_HL_agE _ A _ C_m0	AKAPRSFLYGDDSETYFDGDYFDS	9btv_HL_agE _ A _ C_m0
9btw_NNA_agA _ B_m0	ARCPAPFTRDCSTVDFTTYAY	6oya_NNA_agA _ B_m0
9bu6_AB_agD _ C_m0	ARDRIWGGNWNPDGYDDKQRGGDY	9bu6_AB_agD _ C_m0
9bu6_EF_agH _ G_m0	ARDRIWGGNWNPDGYDDKQRGGDY	9bu6_AB_agD _ C_m0
9bu6_IJ_agL _ K_m0	ARDRIWGGNWNPDGYDDKQRGGDY	9bu6_AB_agD _ C_m0
9bu8_CD_agB _ A_m0	AKDRNWDPPYYFDS	9bu8_CD_agB _ A_m0
9bu8_FH_agL _ J_m0	AKDRNWDPPYYFDS	9bu8_CD_agB _ A_m0
9bu8_IK_agG _ E_m0	AKDRNWDPPYYFDS	9bu8_CD_agB _ A_m0
9bue_NNA_agA _ B_m0	ARCPAPFTRDCSTVDFTTYAY	6oya_NNA_agA _ B_m0
9bx5_HL_agP_m0	ARSLFDY	9b88_AB_agNA_m0
9bx7_HL_agP_m0	ARSLFDY	9b88_AB_agNA_m0
9byf_HL_agA_m0	ARDGYSGYSDVGFDI	9byf_HL_agA_m0
9byo_NNA_agA _ B _ G_m0	ARCPAPFTRDCSTVDFTTYAY	6oya_NNA_agA _ B_m0
9c0k_NNA_agA _ B _ G_m0	ARCPAPFTRDCSTVDFTTYAY	6oya_NNA_agA _ B_m0
9c0u_HL_agB _ A_m0	ARDRPHILGTFDFDY	5k9o_AB_agF_m0
9c0v_HL_agB _ A_m0	AREEHITFGGVIVRY	5gjs_HL_agB _ A_m0
9c0x_HL_agB _ A_m0	ARDRPHILGTFDFDY	5k9o_AB_agF_m0
9c1s_AB_agC_m0	ARSDLLTGPFYYYFDY	9c1s_AB_agC_m0
9c1s_HL_agD_m0	ARSDLLTGPFYYYFDY	9c1s_AB_agC_m0
9c24_AB_agC_m0	ARSDLLTGPFYYYFDY	9c1s_AB_agC_m0
9c24_HL_agD_m0	ARSDLLTGPFYYYFDY	9c1s_AB_agC_m0
9c2h_BC_agD_m0	AFDVYYGGAMDY	9c2h_BC_agD_m0
9c2h_EF_agA_m0	ARGLVGAMDY	9c2h_EF_agA_m0
9c2h_GH_agA_m0	AFDVYYGGAMDY	9c2h_BC_agD_m0
9c2h_IJ_agD_m0	ARGLVGAMDY	9c2h_EF_agA_m0
9c2k_AB_agC_m0	ARQGYRRRGSRGFDY	3ivk_AB_agC_m0
9c2k_HL_agR_m0	ARQGYRRRGSRGFDY	3ivk_AB_agC_m0
9c44_ED_agB_m0	ANLKDSRYGSSYYDY	7n8h_CB_agA_m0
9c44_FG_agC_m0	ANLKDSRYGSSYYDY	7n8h_CB_agA_m0
9c44_HL_agA_m0	ANLKDSRYGSSYYDY	7n8h_CB_agA_m0
9c45_HL_agA_m0	ANLKDSRYGSSYYDY	7n8h_CB_agA_m0
9c6y_AB_agE_m0	ARALVLIYTVWFDP	9c6y_AB_agE_m0
9c6y_CD_agF_m0	ARALVLIYTVWFDP	9c6y_AB_agE_m0
9c75_HL_agR_m0	ARQGYRRRGSRGFDY	3ivk_AB_agC_m0
9c7d_HL_agB_m0	ASIGWAVPRKGYYFDY	9c7d_HL_agB_m0
9c7f_AB_agG_m0	AREIERSGVWRGNDY	9c7f_AB_agG_m0
9c7f_CD_agI_m0	AREIERSGVWRGNDY	9c7f_AB_agG_m0
9c7f_EF_agQ_m0	AREIERSGVWRGNDY	9c7f_AB_agG_m0
9c7f_HL_agJ_m0	AREIERSGVWRGNDY	9c7f_AB_agG_m0
9c7s_HL_agC_m0	ARGGSKWYEGFDN	9c7s_HL_agC_m0
9c7x_AB_agC_m0	ARTFAY	9c7x_AB_agC_m0
9c9k_HL_agNA_m0	ARSRWYFDL	9c9k_HL_agNA_m0
9cb1_AD_agG_m0	ARGPCCSPSRPYDI	9cb1_AD_agG_m0
9cb1_BE_agH_m0	ARGPCCSPSRPYDI	9cb1_AD_agG_m0
9cb1_CF_agI_m0	ARGPCCSPSRPYDI	9cb1_AD_agG_m0
9cb5_DH_agB _ C_m0	ARWSRWAYSYSKYSWYGMDY	9cb5_DH_agB _ C_m0
9cb5_GI_agA _ F_m0	ARWSRWAYSYSKYSWYGMDY	9cb5_DH_agB _ C_m0
9cbn_AB_agC_m0	HWDYYAMDY	9cbn_AB_agC_m0
9cbn_EF_agD_m0	VREDYDYFFGLDY	9cbn_EF_agD_m0
9cbn_GH_agC_m0	VREDYDYFFGLDY	9cbn_EF_agD_m0
9ccg_BC_agA_m0	ARGYSSYWLKPWQHSYGFDY	9ccg_BC_agA_m0
9ccg_FE_agD_m0	ARGYSSYWLKPWQHSYGFDY	9ccg_BC_agA_m0
9cci_BC_agA_m0	ARTFGTYYDDETNWFFDF	9cci_BC_agA_m0
9ccj_HL_agA_m0	ARLPLGERIDY	9ccj_HL_agA_m0
9ccs_CB_agA_m0	ARLGYGNYSWYFDV	9ccs_CB_agA_m0
9cct_CB_agA_m0	AREGDYGPWFAY	9cct_CB_agA_m0
9ccu_CB_agA_m0	TRLLRGYWYFDV	9ccu_CB_agA_m0
9ccw_CB_agA_m0	TRDTGYYSVRYFDV	9ccw_CB_agA_m0
9cds_BA_agC_m0	ARGLDS	1fj1_BA_agF_m0
9cds_ED_agF_m0	ARGLDS	1fj1_BA_agF_m0
9cf5_HG_agE_m0	AGVYEGEADEGNNDYEGFLKH	1gc1_HL_agG_m0
9cf5_JI_agC_m0	AGVYEGEADEGNNDYEGFLKH	1gc1_HL_agG_m0
9cf5_LK_agA_m0	AGVYEGEADEGNNDYEGFLKH	1gc1_HL_agG_m0
9cf6_HL_agG_m0	ARDGAAALFDY	9cf6_HL_agG_m0
9cf7_HL_agC_m0	ARGDDILTGYNY	9cf7_HL_agC_m0
9cfa_BA_agD_m0	ARDHWGLDY	9cfa_BA_agD_m0
9cfa_FE_agG_m0	ARDHWGLDY	9cfa_BA_agD_m0
9cfa_HL_agC_m0	ARDHWGLDY	9cfa_BA_agD_m0
9cfd_HL_agP_m0	ARSLFDY	9b88_AB_agNA_m0
9cfe_AB_agC_m0	VRDAPSESD	9cfe_AB_agC_m0
9cff_HL_agA_m0	VRDAPSESD	9cfe_AB_agC_m0
9cfg_HL_agA_m0	VRDAPSESD	9cfe_AB_agC_m0
9cfh_HL_agA_m0	VRDAPSESD	9cfe_AB_agC_m0
9cia_BA_age_m0	ARSGYYGDDSWYFDV	1xiw_DC_agA _ F_m0
9cia_DC_agf_m0	ARSGYYGDDSWYFDV	1xiw_DC_agA _ F_m0
9cj7_HL_agC _ B _ A_m0	ARSGIKVDADEMDV	9cj7_HL_agC _ B _ A_m0
9cjy_GI_agD _ C_m0	ARGDSTSFHYNWFDV	9cjy_GI_agD _ C_m0
9cjy_HL_agB _ A_m0	ARGDSTSFHYNWFDV	9cjy_GI_agD _ C_m0
9cjy_JK_agF _ E_m0	ARGDSTSFHYNWFDV	9cjy_GI_agD _ C_m0
9cjz_HL_agB _ A_m0	AKKGSTLIYPTWFDV	9cjz_HL_agB _ A_m0
9cjz_JK_agD _ C_m0	AKKGSTLIYPTWFDV	9cjz_HL_agB _ A_m0
9cjz_MN_agF _ E_m0	AKKGSTLIYPTWFDV	9cjz_HL_agB _ A_m0
9ck4_AB_agW_m0	HRNFYDGSGPFDY	7rqp_AB_agNA_m0
9ck4_CD_agW_m0	HRNFYDGSGPFDY	7rqp_AB_agNA_m0
9ck4_EF_agW_m0	HRNFYDGSGPFDY	7rqp_AB_agNA_m0
9clp_HL_agA_m0	AREWDDDDFSFDY	9clp_HL_agA_m0
9cm4_AB_agG_m0	ARRYRSYYRSYGFDY	6u8d_HL_agA_m0
9cm4_HL_agJ_m0	ARRYRSYYRSYGFDY	6u8d_HL_agA_m0
9cmc_AB_agE_m0	VKDGGLRYFDS	9cmc_AB_agE_m0
9cmc_CD_agE_m0	ARPSDYFTESEELD	8db4_CD_agE_m0
9cmc_FG_agJ_m0	VKDGGLRYFDS	9cmc_AB_agE_m0
9cmc_HI_agJ_m0	ARPSDYFTESEELD	8db4_CD_agE_m0
9cmc_KL_agO_m0	VKDGGLRYFDS	9cmc_AB_agE_m0
9cmc_MN_agO_m0	ARPSDYFTESEELD	8db4_CD_agE_m0
9cmc_PQ_agT_m0	VKDGGLRYFDS	9cmc_AB_agE_m0
9cmc_RV_agT_m0	ARPSDYFTESEELD	8db4_CD_agE_m0
9cmi_HL_agA _ B_m0	ARWFHPWWWWRFLYEGAIDY	8u4v_HL_agA _ B_m0
9cmi_KNA_agNA_m0	AIDSDTFSYGSYDY	6ww2_KNA_agNA_m0
9cn2_Bb_agA_m0	ARWTYGDYFDY	9cn2_Bb_agA_m0
9co6_DNA_agA_m0	AADPGAVCHSGDTYYYSDDFYY	9co6_DNA_agA_m0
9co6_ENA_agB_m0	AADPGAVCHSGDTYYYSDDFYY	9co6_DNA_agA_m0
9co6_FNA_agC_m0	AADPGAVCHSGDTYYYSDDFYY	9co6_DNA_agA_m0
9co7_DNA_agA_m0	AADPGAVCHSGDTYYYSDDFYY	9co6_DNA_agA_m0
9co7_ENA_agB_m0	AADPGAVCHSGDTYYYSDDFYY	9co6_DNA_agA_m0
9co8_DNA_agA_m0	AADPGAVCHSGDTYYYSDDFYY	9co6_DNA_agA_m0
9co8_ENA_agB_m0	AADPGAVCHSGDTYYYSDDFYY	9co6_DNA_agA_m0
9co8_FNA_agC_m0	AADPGAVCHSGDTYYYSDDFYY	9co6_DNA_agA_m0
9co9_DNA_agB_m0	AADPGAVCHSGDTYYYSDDFYY	9co6_DNA_agA_m0
9co9_ENA_agA_m0	AADPGAVCHSGDTYYYSDDFYY	9co6_DNA_agA_m0
9con_ENA_agC_m0	SSWRTGFYEY	7ssz_ENA_agA_m0
9con_FNA_agB_m0	SSWRTGFYEY	7ssz_ENA_agA_m0
9con_GNA_agD_m0	SSWRTGFYEY	7ssz_ENA_agA_m0
9con_HNA_agA_m0	SSWRTGFYEY	7ssz_ENA_agA_m0
9cp5_HL_agA_m0	ARGEVRQRGFDY	4m48_HL_agA_m0
9cph_HL_agA_m0	AREYHSYWSYRPWWSVGLDY	5bjz_CL_agA_m0
9cpp_FG_agA_m0	ARDFGDFYFDY	7d0c_GF_agC_m0
9cpp_HL_agA_m0	AGGSGIFTPMDV	9cpw_HL_agA_m0
9cpq_FG_agA_m0	ARDFGDFYFDY	7d0c_GF_agC_m0
9cpq_HL_agA_m0	AGGSGIFTPMDV	9cpw_HL_agA_m0
9cpr_FG_agA_m0	ARDFGDFYFDY	7d0c_GF_agC_m0
9cpr_HL_agA_m0	AGSSGISTPMDV	9psp_AB_agU_m0
9cps_FG_agA_m0	ARDFGDFYFDY	7d0c_GF_agC_m0
9cps_HL_agA_m0	AGGSGISTPLDV	9cps_HL_agA_m0
9cpt_CG_agA_m0	ARDFGDFYFDY	7d0c_GF_agC_m0
9cpt_HL_agA_m0	AGGSGIFTPMDV	9cpw_HL_agA_m0
9cpu_FG_agA_m0	ARDFGDFYFDY	7d0c_GF_agC_m0
9cpu_HL_agA_m0	AGSSGISTPMDV	9psp_AB_agU_m0
9cpv_CD_agA_m0	ARDFGDFYFDY	7d0c_GF_agC_m0
9cpv_HL_agA_m0	AGGSGIFTPMDV	9cpw_HL_agA_m0
9cpw_CD_agA_m0	ARDFGDFYFDY	7d0c_GF_agC_m0
9cpw_HL_agA_m0	AGSSGIFTPMDV	9cpw_HL_agA_m0
9cpx_CD_agA_m0	ARDFGDFYFDY	7d0c_GF_agC_m0
9cpx_HL_agA_m0	AGGSGIFTPMDV	9cpw_HL_agA_m0
9cpy_CD_agA_m0	ARDFGDFYFDY	7d0c_GF_agC_m0
9cpy_HL_agA_m0	AGSSGIFTPMDV	9cpw_HL_agA_m0
9cq4_CD_agF _ G_m0	ARYYDDHYCLDY	1sy6_HL_agA_m0
9cq4_HL_agE_m0	ARYYDDHYCLDY	1sy6_HL_agA_m0
9cq7_HI_agD _ G_m0	TRWGNYGYYYAMDY	9cq7_HI_agD _ G_m0
9cq8_CE_agA_m0	ARLKSGRYGYDLFAY	9cq8_CE_agA_m0
9cq8_GH_agD_m0	ARLKSGRYGYDLFAY	9cq8_CE_agA_m0
9cqa_DG_agB_m0	ARNHCNFYHWFDSGLDY	9cqa_DG_agB_m0
9cqa_EF_agA_m0	ARNHCNFYHWFDSGLDY	9cqa_DG_agB_m0
9cqb_BA_agD_m0	AKQQLSLSEVPNWFDP	9cqb_BA_agD_m0
9cqd_BF_agT_m0	AREILQSPPFAVDV	9cqd_BF_agT_m0
9cqd_HG_agA_m0	AREILQSPPFAVDV	9cqd_BF_agT_m0
9cqd_JI_agj_m0	AREILQSPPFAVDV	9cqd_BF_agT_m0
9cqd_LK_agU_m0	AREILQSPPFAVDV	9cqd_BF_agT_m0
9cqd_PO_agS_m0	AREILQSPPFAVDV	9cqd_BF_agT_m0
9cqd_RQ_agN_m0	AREILQSPPFAVDV	9cqd_BF_agT_m0
9cqd_XW_agM_m0	AREILQSPPFAVDV	9cqd_BF_agT_m0
9cqd_ZY_agV_m0	AREILQSPPFAVDV	9cqd_BF_agT_m0
9cql_CD_agA_m0	ARSDDYDGEYFFDQ	9cql_CD_agA_m0
9cql_JK_agE_m0	ARSDDYDGEYFFDQ	9cql_CD_agA_m0
9cr9_AB_agC_m0	ARDGGHSTSWSNAFDI	9cr9_AB_agC_m0
9cr9_HL_agP_m0	ARDGGHSTSWSNAFDI	9cr9_AB_agC_m0
9crs_JI_agB_m0	ARKGLRWAMDY	6d6t_JI_agB_m0
9crs_KL_agD_m0	ARKGLRWAMDY	6d6t_JI_agB_m0
9crv_KL_agB_m0	ARKGLRWAMDY	6d6t_JI_agB_m0
9ct0_JI_agB_m0	ARKGLRWAMDY	6d6t_JI_agB_m0
9ctj_JI_agB_m0	ARKGLRWAMDY	6d6t_JI_agB_m0
9ctp_JI_agB_m0	ARKGLRWAMDY	6d6t_JI_agB_m0
9ctu_DC_agA_m0	EVINTY	7vgs_DC_agA_m0
9ctu_FE_agB_m0	EVINTY	7vgs_DC_agA_m0
9ctv_KL_agB_m0	ARKGLRWAMDY	6d6t_JI_agB_m0
9ctw_DC_agA_m0	ASGYLGENYVMDF	7vgr_DC_agA_m0
9ctw_FE_agB_m0	ASGYLGENYVMDF	7vgr_DC_agA_m0
9cty_ENA_agB_m0	SSWRTGFYEY	7ssz_ENA_agA_m0
9cty_FNA_agC_m0	SSWRTGFYEY	7ssz_ENA_agA_m0
9cty_GNA_agD_m0	SSWRTGFYEY	7ssz_ENA_agA_m0
9cty_HNA_agA_m0	SSWRTGFYEY	7ssz_ENA_agA_m0
9cu5_DE_agA_m0	AKGLLRDGTSSWLPYL	4toy_HL_ag_m0
9cu5_FG_agC_m0	AKGLLRDGTSSWLPYL	4toy_HL_ag_m0
9cu5_HL_agB_m0	ARWNLYDDDYGFNSFAV	9cu5_HL_agB_m0
9cu5_IM_agC_m0	ARWNLYDDDYGFNSFAV	9cu5_HL_agB_m0
9cu5_JK_agB_m0	AKGLLRDGTSSWLPYL	4toy_HL_ag_m0
9cu7_HL_agB _ A_m0	ARAPQGTVFGVAGIIVDGFDI	9cu7_HL_agB _ A_m0
9cu7_IM_agD _ C_m0	ARAPQGTVFGVAGIIVDGFDI	9cu7_HL_agB _ A_m0
9cu7_JN_agF _ E_m0	ARAPQGTVFGVAGIIVDGFDI	9cu7_HL_agB _ A_m0
9cv7_HL_agB _ C_m0	ARWNLYDDDYGFNSFAV	9cu5_HL_agB_m0
9cx3_ANA_agB _ V_m0	NTFVRSLS	6ni2_ANA_agB _ V_m0
9cx3_HL_agB_m0	ARSRQFWYSGLDY	4jqi_HL_agA _ V_m0
9cx7_KL_agB_m0	ARKGLRWAMDY	6d6t_JI_agB_m0
9cx9_HL_agA _ V_m0	ARSRQFWYSGLDY	4jqi_HL_agA _ V_m0
9cxb_JI_agB_m0	ARKGLRWAMDY	6d6t_JI_agB_m0
9cxc_KL_agB_m0	ARKGLRWAMDY	6d6t_JI_agB_m0
9cxd_JI_agB_m0	ARKGLRWAMDY	6d6t_JI_agB_m0
9cy1_BNA_agA_m0	HVRVGRSY	9cy1_BNA_agA_m0
9cy3_BNA_agA_m0	HVRVGRSY	9cy1_BNA_agA_m0
9cy4_BNA_agA_m0	HVRVGRSY	9cy1_BNA_agA_m0
9cye_EI_agB_m0	ARVDGSGNTDFYYRYGMDV	9cye_EI_agB_m0
9cye_FJ_agC_m0	ARVDGSGNTDFYYRYGMDV	9cye_EI_agB_m0
9cye_GK_agD_m0	ARVDGSGNTDFYYRYGMDV	9cye_EI_agB_m0
9cye_HL_agA_m0	ARVDGSGNTDFYYRYGMDV	9cye_EI_agB_m0
9cyf_EI_agB_m0	ARVDGSGNTDFYYRYGMDV	9cye_EI_agB_m0
9cyf_FJ_agC_m0	ARVDGSGNTDFYYRYGMDV	9cye_EI_agB_m0
9cyf_GK_agD_m0	ARVDGSGNTDFYYRYGMDV	9cye_EI_agB_m0
9cyf_HL_agA_m0	ARVDGSGNTDFYYRYGMDV	9cye_EI_agB_m0
9cyh_EI_agB_m0	ARVDGSGNTDFYYRYGMDV	9cye_EI_agB_m0
9cyh_FJ_agC_m0	ARVDGSGNTDFYYRYGMDV	9cye_EI_agB_m0
9cyh_GK_agD_m0	ARVDGSGNTDFYYRYGMDV	9cye_EI_agB_m0
9cyh_HL_agA_m0	ARVDGSGNTDFYYRYGMDV	9cye_EI_agB_m0
9cyi_EI_agB_m0	ARTSSWGDYTRGTIKPEPWYFDL	6q23_EF_agC_m0
9cyi_FJ_agC_m0	ARTSSWGDYTRGTIKPEPWYFDL	6q23_EF_agC_m0
9cyi_GK_agD_m0	ARTSSWGDYTRGTIKPEPWYFDL	6q23_EF_agC_m0
9cyi_HL_agA_m0	ARTSSWGDYTRGTIKPEPWYFDL	6q23_EF_agC_m0
9cyj_HL_agA_m0	ARAGSDYFNRDNEWGLYYFAS	8g3m_AD_agJ_m0
9d0a_Ee_agA _ B_m0	VRSIYYYSGSPFDF	6crk_Hh_agA _ B _ G_m0
9d3d_HL_agC _ B _ A_m0	LTGSKHRLSDYFLNEGLYDGWEEYNPATLDV	9d3d_HL_agC _ B _ A_m0
9d3j_AB_agC_m0	HRNFYDGSGPFDY	7rqp_AB_agNA_m0
9d3j_EF_agD_m0	HRNFYDGSGPFDY	7rqp_AB_agNA_m0
9d41_HL_agA_m0	ARKQVSGWYWWYGFDY	9d41_HL_agA_m0
9d4z_Ee_agA _ B_m0	VRSIYYYSGSPFDF	6crk_Hh_agA _ B _ G_m0
9d6f_AC_agD_m0	ARDPPFVY	9d6f_AC_agD_m0
9d6f_HL_agD_m0	ARWGYLWSGTGGFDY	9d6f_HL_agD_m0
9d72_HL_agB _ A_m0	ARSRRYGRSYGAFDY	8tq4_CD_agF _ E_m0
9d73_HL_agA _ P_m0	TNYFDQ	8tq6_FG_agNA_m0
9d74_HL_agA _ P_m0	TNYFDQ	8tq6_FG_agNA_m0
9d7i_HG_agE_m0	ASLPRGQLNVAYFRN	4jam_AB_ag_m0
9d7i_JI_agC_m0	ASLPRGQLNVAYFRN	4jam_AB_ag_m0
9d7o_HG_agE_m0	ASLPRGQLNVAYFRN	4jam_AB_ag_m0
9d7p_HG_agE_m0	ASLPRGQLNVAYFRN	4jam_AB_ag_m0
9d7p_JI_agC_m0	ASLPRGQLNVAYFRN	4jam_AB_ag_m0
9d7u_ANA_agNA_m0	NVNVGFEY	3k1k_CNA_agA_m0
9d7v_ANA_agNA_m0	NVNVGFEY	3k1k_CNA_agA_m0
9d7w_ANA_agNA_m0	NVNVGFEY	3k1k_CNA_agA_m0
9d7x_ANA_agNA_m0	NVNVGFEY	3k1k_CNA_agA_m0
9d7y_Aa_agNA_m0	ARDFYDFWNHSFERTFDF	7lz6_CD_agA_m0
9d7y_Bb_agNA_m0	ARDFYDFWNHSFERTFDF	7lz6_CD_agA_m0
9d7y_Cc_agNA_m0	ARDFYDFWNHSFERTFDF	7lz6_CD_agA_m0
9d8y_GH_agD _ A_m0	ARDKYYGNAEVGMDV	5i8c_AB_agC_m0
9d8y_IJ_agE _ B_m0	ARDKYYGNAEVGMDV	5i8c_AB_agC_m0
9d8y_KL_agF _ C_m0	ARDKYYGNAEVGMDV	5i8c_AB_agC_m0
9d90_GH_agD_m0	ARDKYYGNAEVGMDV	5i8c_AB_agC_m0
9d90_IJ_agE_m0	ARDKYYGNAEVGMDV	5i8c_AB_agC_m0
9d90_KL_agF_m0	ARDKYYGNAEVGMDV	5i8c_AB_agC_m0
9d90_QP_agC_m0	AGVYEGEADEGNNDYEGFLKH	1gc1_HL_agG_m0
9d90_SR_agA_m0	AGVYEGEADEGNNDYEGFLKH	1gc1_HL_agG_m0
9d90_UT_agB_m0	AGVYEGEADEGNNDYEGFLKH	1gc1_HL_agG_m0
9d98_GH_agD _ A_m0	ARDKYYGNAEVGMDV	5i8c_AB_agC_m0
9d98_IJ_agE _ B_m0	ARDKYYGNAEVGMDV	5i8c_AB_agC_m0
9d98_KL_agF _ C_m0	ARDKYYGNAEVGMDV	5i8c_AB_agC_m0
9dao_HL_agB _ A_m0	GRSGAYYRYARGDYGMDY	9dao_HL_agB _ A_m0
9dbo_HL_agC_m0	ARGTYYFYSMFWGLDY	9dbo_HL_agC_m0
9dbx_HL_agB _ A_m0	ARAGVTIFGPLTLNYFHH	9dbx_HL_agB _ A_m0
9dbx_WX_agD _ C_m0	ARAGVTIFGPLTLNYFHH	9dbx_HL_agB _ A_m0
9dbx_YZ_agF _ E_m0	ARAGVTIFGPLTLNYFHH	9dbx_HL_agB _ A_m0
9dd6_HL_agE_m0	VSYYGYFDH	9dd6_HL_agE_m0
9dd6_IM_agF_m0	VSYYGYFDH	9dd6_HL_agE_m0
9dd6_JN_agG_m0	VSYYGYFDH	9dd6_HL_agE_m0
9dd7_IM_agE_m0	ARDVWLLPASITYAFDF	8kfa_DF_agB_m0
9dd7_JN_agF_m0	ARDVWLLPASITYAFDF	8kfa_DF_agB_m0
9dd7_KO_agG_m0	ARDVWLLPASITYAFDF	8kfa_DF_agB_m0
9dez_HL_agB_m0	ARKIVNWFDP	9dez_HL_agB_m0
9dez_IM_agA_m0	ARKIVNWFDP	9dez_HL_agB_m0
9dez_JN_agC_m0	ARKIVNWFDP	9dez_HL_agB_m0
9df0_HL_agA_m0	ARKIVNWFDP	9dez_HL_agB_m0
9dh2_AD_agR_m0	AKMGEFYFDY	9dh2_AD_agR_m0
9dh2_GH_agT_m0	AKMGEFYFDY	9dh2_AD_agR_m0
9dh2_KL_agM_m0	AKMGEFYFDY	9dh2_AD_agR_m0
9dh2_PQ_agS_m0	AKMGEFYFDY	9dh2_AD_agR_m0
9dhy_AB_agC_m0	TKDLGLGIYFGYGLDV	9dhy_AB_agC_m0
9dhy_DE_agF_m0	TKDLGLGIYFGYGLDV	9dhy_AB_agC_m0
9dhy_IJ_agK_m0	TKDLGLGIYFGYGLDV	9dhy_AB_agC_m0
9dl0_AY_agG_m0	ARFSYMSGFVSWALDY	9dl0_AY_agG_m0
9dl0_HZ_agI_m0	ARFSYMSGFVSWALDY	9dl0_AY_agG_m0
9dlf_BA_agC_m0	ARGYMYSHWYSYVGAIDY	9dlf_BA_agC_m0
9dm0_CD_agB _ G _ A_m0	ARDPSNPPWHGNFDS	9dm0_CD_agB _ G _ A_m0
9dm7_HL_agA_m0	ARSQAVYYWDLWTHYMSWGFIDY	9dm7_HL_agA_m0
9dmb_CA_agK_m0	ARVPFYWNNKSWWQYAGGYYALDS	9dmb_CA_agK_m0
9dmb_GB_agF_m0	ARVPFYWNNKSWWQYAGGYYALDS	9dmb_CA_agK_m0
9dmb_HD_agL_m0	ARVPFYWNNKSWWQYAGGYYALDS	9dmb_CA_agK_m0
9dmf_HL_agNA_m0	ARWNLYDDDYGFNSFAV	9cu5_HL_agB_m0
9dmj_FG_agA _ B_m0	ARDEQPFYSDWRGLY	9dmj_FG_agA _ B_m0
9dmj_IH_agC _ D_m0	ARDEQPFYSDWRGLY	9dmj_FG_agA _ B_m0
9dmk_FG_agA _ B_m0	ARDEQPFYSDWRGLY	9dmj_FG_agA _ B_m0
9dmq_FG_agD _ C_m0	ARGSRFFY	9dmq_FG_agD _ C_m0
9dms_FG_agE _ B _ A _ D_m0	AKALTRFYGINGYNFDF	9dms_FG_agE _ B _ A _ D_m0
9dmt_FG_agD _ E _ C_m0	TRDVGSYGLESVYTLYRNWFDP	9dmt_FG_agD _ E _ C_m0
9dmv_FG_agE_m0	AREREVIVRRDRWLDP	9dmv_FG_agE_m0
9dn2_HL_agA_m0	VKNDIVLGMG	9dn2_HL_agA_m0
9dn2_IM_agB_m0	VKNDIVLGMG	9dn2_HL_agA_m0
9dn2_JN_agC_m0	VKNDIVLGMG	9dn2_HL_agA_m0
9dn4_AB_agE_m0	ARQGYRRRGSRGFDY	3ivk_AB_agC_m0
9dn4_DC_agF_m0	ARQGYRRRGSRGFDY	3ivk_AB_agC_m0
9dng_HL_agA_m0	ARWGYWPGEWWPKAFDY	6cbv_HL_agB_m0
9dnm_HL_agA_m0	ARWGYWPGEWWPKAFDY	6cbv_HL_agB_m0
9do2_HL_agA_m0	ASTTPRGGNPYNYVSFFVDV	9do2_HL_agA_m0
9dpc_HL_agD_m0	ATSYSGYDRIYYYQSGMDV	9dpc_HL_agD_m0
9dpe_HL_agA_m0	ARIEYGRGWYDAFDY	9dpe_HL_agA_m0
9dpe_NNA_agNA_m0	AIDSDTFSYGSYDY	6ww2_KNA_agNA_m0
9dq3_HL_agC_m0	ARTGWLGPFDY	7su1_HL_agC_m0
9dq4_HL_agA_m0	ARTGWLGPFDY	7su1_HL_agC_m0
9dq5_HL_agC_m0	ARYYGSWFAY	8ds7_HL_agM_m0
9dq5_IM_agD_m0	ARYYGSWFAY	8ds7_HL_agM_m0
9dq5_JN_agNA_m0	ARYYGSWFAY	8ds7_HL_agM_m0
9dru_HL_agB _ A_m0	ARGAQAGYSFFSPPTTF	9dru_HL_agB _ A_m0
9drx_JI_agB_m0	ARKGLRWAMDY	6d6t_JI_agB_m0
9drx_KL_agD_m0	ARKGLRWAMDY	6d6t_JI_agB_m0
9dry_EF_agA_m0	ARGGVGRVGRDSMDV	9dry_EF_agA_m0
9dry_GH_agB_m0	ARGGVGRVGRDSMDV	9dry_EF_agA_m0
9ds1_HL_agB _ A_m0	AKDAISGQIQLWGTFDY	9ds1_HL_agB _ A_m0
9ds2_GI_agD _ C_m0	ARDRGGKYPMSPGFFDP	9ds2_GI_agD _ C_m0
9ds2_HJ_agB _ A_m0	ARDRGGKYPMSPGFFDP	9ds2_GI_agD _ C_m0
9ds2_KL_agF _ E_m0	ARDRGGKYPMSPGFFDP	9ds2_GI_agD _ C_m0
9ds3_AI_agNA_m0	AKDAISGQIQLWGTFDY	9ds1_HL_agB _ A_m0
9ds3_BC_agNA_m0	AKDAISGQIQLWGTFDY	9ds1_HL_agB _ A_m0
9dsc_AF_agNA_m0	AKDAISGQIQLWGTFDY	9ds1_HL_agB _ A_m0
9dsc_BC_agNA_m0	AKDAISGQIQLWGTFDY	9ds1_HL_agB _ A_m0
9dsr_AB_agC_m0	VRVRFSVGGHPSAFDL	9noa_AB_agNA_m0
9dss_CB_agA_m0	VRVRFSVGGHPSAFDL	9noa_AB_agNA_m0
9dst_CD_agA_m0	VRVRFSVGGHPSAFDL	9noa_AB_agNA_m0
9dsu_CB_agA_m0	VRVRFSVGGHPSAFDL	9noa_AB_agNA_m0
9dvb_HL_agB_m0	ARWGYWPGEWWPKAFDY	6cbv_HL_agB_m0
9dvb_WX_agN_m0	ARWGYWPGEWWPKAFDY	6cbv_HL_agB_m0
9dvc_HL_agB_m0	ARWGYWPGEWWPKAFDY	6cbv_HL_agB_m0
9dvd_HL_agA_m0	AREGLRGRAFDI	9dvd_HL_agA_m0
9dvq_GNA_agA_m0	AKARTGWSVALPSFGS	9dvq_GNA_agA_m0
9dvr_GNA_agA_m0	AKARTGWSVALPSFGS	9dvq_GNA_agA_m0
9dvr_HNA_agB_m0	AKARTGWSVALPSFGS	9dvq_GNA_agA_m0
9dwe_HL_agC_m0	ARHGNYYYYSGMDV	4fqh_AB_ag_m0
9dwe_IM_agB_m0	ARHGNYYYYSGMDV	4fqh_AB_ag_m0
9dwe_JN_agA_m0	ARHGNYYYYSGMDV	4fqh_AB_ag_m0
9dx6_BC_agA_m0	ARSRGEGYCSFGFLTYCTYYFDY	9dx6_BC_agA_m0
9dz4_CB_agA_m0	ARSWYYSSAIDY	9dz4_CB_agA_m0
9dzf_HL_agB _ A_m0	ARDRYSMIYAGYSGAFDY	9dzf_HL_agB _ A_m0
9dzg_HL_agB _ A_m0	ARDRYSMIYAGYSGAFDY	9dzf_HL_agB _ A_m0
9dzh_HL_agB_m0	SRGGPVMNYYYYYGMDV	8tg9_EF_agB_m0
9dzj_GK_agA_m0	SRGGPVMNYYYYYGMDV	8tg9_EF_agB_m0
9dzj_HL_agB_m0	SRGGPVMNYYYYYGMDV	8tg9_EF_agB_m0
9dzk_HL_agB _ A_m0	SRGGPVMNYYYYYGMDV	8tg9_EF_agB_m0
9dzq_CNA_agA_m0	SPSWGLYDTAYHF	9dzq_CNA_agA_m0
9dzq_DNA_agB_m0	SPSWGLYDTAYHF	9dzq_CNA_agA_m0
9dzq_GI_agA_m0	AKFFRSDVGFHFDY	9b2w_BC_agA_m0
9dzq_HJ_agB_m0	AKFFRSDVGFHFDY	9b2w_BC_agA_m0
9e21_HL_agS_m0	ARDLREMGGLDF	9e21_HL_agS_m0
9e2a_NNA_agA _ B _ G_m0	ARCPAPFTRDCSTVDFTTYAY	6oya_NNA_agA _ B_m0
9e69_AB_agNA_m0	ARIFANYGGDAMDY	9e69_AB_agNA_m0
9e69_HL_agNA_m0	ARIFANYGGDAMDY	9e69_AB_agNA_m0
9e6j_HL_agA_m0	AKDQSNPIFGTAIVLNSLDV	9e6j_HL_agA_m0
9e6j_IM_agB_m0	AKDQSNPIFGTAIVLNSLDV	9e6j_HL_agA_m0
9e6j_JN_agC_m0	AKDQSNPIFGTAIVLNSLDV	9e6j_HL_agA_m0
9e6k_HL_agC_m0	ARGWLDV	9e6k_HL_agC_m0
9e76_QNA_agF _ E_m0	AKGVPSYYSDSRREYKRYDS	9e76_QNA_agF _ E_m0
9e76_RNA_agH _ G_m0	AKGVPSYYSDSRREYKRYDS	9e76_QNA_agF _ E_m0
9e76_SNA_agJ _ I_m0	AKGVPSYYSDSRREYKRYDS	9e76_QNA_agF _ E_m0
9e76_TNA_agL _ K _ A _ M _ C_m0	AKGVPSYYSDSRREYKRYDS	9e76_QNA_agF _ E_m0
9e7d_AB_agC_m0	ARQGYRRRGSRGFDY	3ivk_AB_agC_m0
9e7d_HL_agR_m0	ARQGYRRRGSRGFDY	3ivk_AB_agC_m0
9e7e_AB_agC_m0	ARQGYRRRGSRGFDY	3ivk_AB_agC_m0
9e7e_DE_agF_m0	ARQGYRRRGSRGFDY	3ivk_AB_agC_m0
9e7e_GI_agO_m0	ARQGYRRRGSRGFDY	3ivk_AB_agC_m0
9e7e_HL_agR_m0	ARQGYRRRGSRGFDY	3ivk_AB_agC_m0
9e7g_HL_agR_m0	ARQGYRRRGSRGFDY	3ivk_AB_agC_m0
9e7k_CNA_agA _ B_m0	AAGRNIWHAY	9e7k_CNA_agA _ B_m0
9e7l_QNA_agE _ D_m0	NARTMTGPFDY	9e7l_QNA_agE _ D_m0
9e7l_RNA_agF_m0	NARTMTGPFDY	9e7l_QNA_agE _ D_m0
9e7l_SNA_agG_m0	NARTMTGPFDY	9e7l_QNA_agE _ D_m0
9e7l_TNA_agH_m0	NARTMTGPFDY	9e7l_QNA_agE _ D_m0
9e7l_UNA_agI_m0	NARTMTGPFDY	9e7l_QNA_agE _ D_m0
9e7l_VNA_agJ_m0	NARTMTGPFDY	9e7l_QNA_agE _ D_m0
9e7l_WNA_agK_m0	NARTMTGPFDY	9e7l_QNA_agE _ D_m0
9e7l_XNA_agL _ A _ M _ C_m0	NARTMTGPFDY	9e7l_QNA_agE _ D_m0
9e7n_CNA_agA_m0	AARWPGGGMEYWPPYDY	9e7n_CNA_agA_m0
9e7n_DNA_agB_m0	AARWPGGGMEYWPPYDY	9e7n_CNA_agA_m0
9e7o_ANA_agB_m0	AAGPYSSYDGGFGS	9e7o_ANA_agB_m0
9e7p_ANA_agB_m0	AAASTTYINHPNTYISNYPH	9e7p_ANA_agB_m0
9e82_HL_agA_m0	ARKSMYHRGWGYVWSLWGAMDY	8tii_HL_agA _ R_m0
9e9s_NNA_agA _ B _ C_m0	ARCPAPFTRDCSTVDFTTYAY	6oya_NNA_agA _ B_m0
9eb9_ENA_agB_m0	YVMVGQWY	9eb9_ENA_agB_m0
9eb9_FNA_agC_m0	YVMVGQWY	9eb9_ENA_agB_m0
9eb9_GNA_agD_m0	YVMVGQWY	9eb9_ENA_agB_m0
9eb9_HNA_agA_m0	YVMVGQWY	9eb9_ENA_agB_m0
9eba_ENA_agA_m0	NVKDTYDY	9eba_ENA_agA_m0
9eba_FNA_agB_m0	NVKDTYDY	9eba_ENA_agA_m0
9eba_GNA_agC_m0	NVKDTYDY	9eba_ENA_agA_m0
9eba_HNA_agD_m0	NVKDTYDY	9eba_ENA_agA_m0
9ebh_Ee_agA _ B_m0	VRSIYYYSGSPFDF	6crk_Hh_agA _ B _ G_m0
9ebi_NNA_agA _ B _ G_m0	ARCPAPFTRDCSTVDFTTYAY	6oya_NNA_agA _ B_m0
9ebn_NNA_agA _ B_m0	ARCPAPFTRDCSTVDFTTYAY	6oya_NNA_agA _ B_m0
9ebo_NNA_agA _ B_m0	ARCPAPFTRDCSTVDFTTYAY	6oya_NNA_agA _ B_m0
9ebq_NNA_agA _ B_m0	ARCPAPFTRDCSTVDFTTYAY	6oya_NNA_agA _ B_m0
9eci_HL_agNA_m0	KTSTFFFDY	9eci_HL_agNA_m0
9ecx_CD_agNA_m0	ATAGAITGTPRYYYFNYGMDV	9ecx_CD_agNA_m0
9ecx_HL_agNA_m0	ATAGAITGTPRYYYFNYGMDV	9ecx_CD_agNA_m0
9ecy_HL_agNA_m0	TTGPAVTNRPADY	9ecy_HL_agNA_m0
9ecz_HL_agA_m0	ATAGAITGTPRYYYFNYGMDV	9ecx_CD_agNA_m0
9ee8_ENA_agD _ B_m0	ARCPAPFTRDCSTVDFTTYAY	6oya_NNA_agA _ B_m0
9ee9_ENA_agD _ B_m0	ARCPAPFTRDCSTVDFTTYAY	6oya_NNA_agA _ B_m0
9eea_ENA_agD _ B_m0	ARCPAPFTRDCSTVDFTTYAY	6oya_NNA_agA _ B_m0
9eg6_BNA_agA_m0	NAPQFTDRY	9eg6_BNA_agA_m0
9eg6_DNA_agC_m0	NAPQFTDRY	9eg6_BNA_agA_m0
9eg6_FNA_agE_m0	NAPQFTDRY	9eg6_BNA_agA_m0
9egn_BNA_agA_m0	NAPQFTDRY	9eg6_BNA_agA_m0
9ego_Ss_agA _ B_m0	VRSIYYYSGSPFDF	6crk_Hh_agA _ B _ G_m0
9ehl_GJ_agA_m0	AREMFDSSADWPSWRGMVA	5t3x_DE_agG_m0
9ehl_HK_agB_m0	AREMFDSSADWPSWRGMVA	5t3x_DE_agG_m0
9ehl_IL_agC_m0	AREMFDSSADWPSWRGMVA	5t3x_DE_agG_m0
9ehl_MP_agA_m0	ATARRGQRIYGVVYYFFEGFSYSMDV	4r26_HL_ag_m0
9ehl_NQ_agB_m0	ATARRGQRIYGVVYYFFEGFSYSMDV	4r26_HL_ag_m0
9ehl_OR_agC_m0	ATARRGQRIYGVVYYFFEGFSYSMDV	4r26_HL_ag_m0
9ehm_HK_agB_m0	AREMFDSSADWPSWRGMVA	5t3x_DE_agG_m0
9ehm_IL_agC_m0	AREMFDSSADWPSWRGMVA	5t3x_DE_agG_m0
9ehm_MP_agA_m0	ATARRGQRIYGVVYYFFEGFSYSMDV	4r26_HL_ag_m0
9ehm_NQ_agB_m0	ATARRGQRIYGVVYYFFEGFSYSMDV	4r26_HL_ag_m0
9ehm_OR_agC_m0	ATARRGQRIYGVVYYFFEGFSYSMDV	4r26_HL_ag_m0
9eht_BA_agJ_m0	AREHYGTSPFAY	9eht_BA_agJ_m0
9eht_ED_agF_m0	AREHYGTSPFAY	9eht_BA_agJ_m0
9ei0_ENA_agB_m0	SSWRTGFYEY	7ssz_ENA_agA_m0
9ei0_FNA_agC_m0	SSWRTGFYEY	7ssz_ENA_agA_m0
9ei0_GNA_agD_m0	SSWRTGFYEY	7ssz_ENA_agA_m0
9ei0_HNA_agA_m0	SSWRTGFYEY	7ssz_ENA_agA_m0
9ei5_HL_agA_m0	ARWGYWPGEWWPKAFDY	6cbv_HL_agB_m0
9ei5_KNA_agNA_m0	AIDSDTFSYGSYDY	6ww2_KNA_agNA_m0
9ei9_AD_agC_m0	ARIFANYGGDAMDY	9e69_AB_agNA_m0
9ei9_HJ_agB _ F _ E_m0	ARIFANYGGDAMDY	9e69_AB_agNA_m0
9eit_HL_agA_m0	ARVGYSLETDYYPRFGLDV	9eit_HL_agA_m0
9eit_IM_agD_m0	ARVGYSLETDYYPRFGLDV	9eit_HL_agA_m0
9eit_NO_agG_m0	ARVGYSLETDYYPRFGLDV	9eit_HL_agA_m0
9eit_ST_agP_m0	ARVGYSLETDYYPRFGLDV	9eit_HL_agA_m0
9eiu_BNA_agA_m0	NAPQFTDRY	9eg6_BNA_agA_m0
9ejc_Dd_agA _ B_m0	VRSIYYYSGSPFDF	6crk_Hh_agA _ B _ G_m0
9eje_HL_agA_m0	ARVGYSLETDYYPRFGLDV	9eit_HL_agA_m0
9eje_IM_agD_m0	ARVGYSLETDYYPRFGLDV	9eit_HL_agA_m0
9eje_ST_agP _ G_m0	ARVGYSLETDYYPRFGLDV	9eit_HL_agA_m0
9ejf_HL_agD_m0	ARVGFSLETDYYPRLGLDV	9ejf_HL_agD_m0
9ejf_IM_agE_m0	ARVGFSLETDYYPRLGLDV	9ejf_HL_agD_m0
9ejf_JN_agF_m0	ARVGFSLETDYYPRLGLDV	9ejf_HL_agD_m0
9ejf_OP_agK_m0	ARVGFSLETDYYPRLGLDV	9ejf_HL_agD_m0
9ekf_DI_agB_m0	AYHRRGHFYGWASGSDWFES	5dum_HL_agA_m0
9ekf_GK_agC_m0	AYHRRGHFYGWASGSDWFES	5dum_HL_agA_m0
9ekf_HL_agA_m0	AYHRRGHFYGWASGSDWFES	5dum_HL_agA_m0
9emy_CNA_agA_m0	AADRSYGSSWEPYHYDALDA	9emy_CNA_agA_m0
9emy_DNA_agB_m0	AADRSYGSSWEPYHYDALDA	9emy_CNA_agA_m0
9emy_ENA_agA_m0	AAGPRTTPQAGMAVEYDY	9emy_ENA_agA_m0
9emy_FNA_agB_m0	AAGPRTTPQAGMAVEYDY	9emy_ENA_agA_m0
9emy_INA_agG_m0	AADRSYGSSWEPYHYDALDA	9emy_CNA_agA_m0
9emy_JNA_agH_m0	AADRSYGSSWEPYHYDALDA	9emy_CNA_agA_m0
9emy_KNA_agG_m0	AAGPRTTPQAGMAVEYDY	9emy_ENA_agA_m0
9emy_LNA_agH_m0	AAGPRTTPQAGMAVEYDY	9emy_ENA_agA_m0
9en2_BNA_agA_m0	AAEQDMSLDWLGSY	9en2_BNA_agA_m0
9en2_CNA_agA_m0	NPVPDSDNYA	9en2_CNA_agA_m0
9ena_BNA_agA_m0	ATDRGQCTYYSSLDRYYGRWYDY	9ena_BNA_agA_m0
9eot_BNA_agA_m0	ALDLYSYGTVDRADFGS	9eot_BNA_agA_m0
9eot_DNA_agC_m0	ALDLYSYGTVDRADFGS	9eot_BNA_agA_m0
9eq3_HL_agNA_m0	AKGFDYSASTNL	5i8o_HL_agH_m0
9eq3_XY_agNA_m0	AKGFDYSASTNL	5i8o_HL_agH_m0
9eq4_HL_agNA_m0	AKGFDYSASTNL	5i8o_HL_agH_m0
9eq4_XY_agNA_m0	AKGFDYSASTNL	5i8o_HL_agH_m0
9ert_BNA_agA_m0	AVDGWDSSCTFYSFDRYYSPSDHGA	9ert_BNA_agA_m0
9erw_ENA_agB_m0	AADADPEYGSRYPDPCYGMDY	9erw_ENA_agB_m0
9erx_Ff_agA _ C _ B_m0	VRSIYYYSGSPFDF	6crk_Hh_agA _ B _ G_m0
9etj_CNA_agA_m0	AADNDLPDRLWGPDSWDSGSPYDY	9etj_CNA_agA_m0
9etj_DNA_agB_m0	AADNDLPDRLWGPDSWDSGSPYDY	9etj_CNA_agA_m0
9etj_FNA_agE_m0	AADNDLPDRLWGPDSWDSGSPYDY	9etj_CNA_agA_m0
9etj_HNA_agG_m0	AADNDLPDRLWGPDSWDSGSPYDY	9etj_CNA_agA_m0
9etl_CNA_agB_m0	ARDSLLSTYRLHTSE	9etl_CNA_agB_m0
9etl_DNA_agA_m0	ARDSLLSTYRLHTSE	9etl_CNA_agB_m0
9euo_HL_agA_m0	ARGEVRQRGFDY	4m48_HL_agA_m0
9eup_HL_agA_m0	ARGEVRQRGFDY	4m48_HL_agA_m0
9evz_HL_agF _ B _ I_m0	AGGGAYSSGGYHFRGFGMAV	9evz_HL_agF _ B _ I_m0
9ew2_NNA_agA _ B_m0	ARCPAPFTRDCSTVDFTTYAY	6oya_NNA_agA _ B_m0
9eyd_BNA_agA_m0	VADRGFTLGLRIQHDY	9eyd_BNA_agA_m0
9eze_BC_agA_m0	ARDGTGALDL	6r2s_BA_agC_m0
9eze_EF_agD_m0	ARDGTGALDL	6r2s_BA_agC_m0
9ezh_BNA_agA_m0	AAGRWNRYGQDYFDNYDY	9ezh_BNA_agA_m0
9ezi_BNA_agA_m0	AAGRWNRYGQDEFDNFDY	9ezi_BNA_agA_m0
9ezu_BNA_agA_m0	AAGRWNRYGQDEFDNFDY	9ezi_BNA_agA_m0
9ezv_BNA_agA_m0	AAGRWNRYGQDEFDNFDY	9ezi_BNA_agA_m0
9ezw_BNA_agA_m0	AAGRWNRYGQDQEYNYEY	9ezw_BNA_agA_m0
9ezw_DNA_agC_m0	AAGRWNRYGQDQEYNYEY	9ezw_BNA_agA_m0
9ezw_FNA_agE_m0	AAGRWNRYGQDQEYNYEY	9ezw_BNA_agA_m0
9ezw_HNA_agG_m0	AAGRWNRYGQDQEYNYEY	9ezw_BNA_agA_m0
9f02_HL_agA _ C_m0	AGGGAYSSGGYHFRGFGMAV	9evz_HL_agF _ B _ I_m0
9f02_IJ_agE _ G_m0	AGGGAYSSGGYHFRGFGMAV	9evz_HL_agF _ B _ I_m0
9f02_KM_agF _ N_m0	AGGGAYSSGGYHFRGFGMAV	9evz_HL_agF _ B _ I_m0
9f18_HL_agNA_m0	AREGADGPDYGYAAFSL	9f18_HL_agNA_m0
9f18_IM_agNA_m0	AREGADGPDYGYAAFSL	9f18_HL_agNA_m0
9f1i_HL_agP_m0	AREGADGPDYGYAAFSL	9f18_HL_agNA_m0
9f1i_IM_agQ_m0	AREGADGPDYGYAAFSL	9f18_HL_agNA_m0
9f6o_BNA_agA_m0	NVKDVGYWAVYYDY	9f6o_BNA_agA_m0
9f90_AB_agH_m0	ARDMIFNFYFDV	3ixt_AB_agC_m0
9f90_DC_agG_m0	ARDMIFNFYFDV	3ixt_AB_agC_m0
9f91_AB_agJ_m0	VRDAYVSGSYYYDYGLDV	5tpn_HL_agA_m0
9f91_EF_agI_m0	VRDAYVSGSYYYDYGLDV	5tpn_HL_agA_m0
9faj_GNA_agA _ E_m0	AAGAGFWGLATRSSYHY	6hug_GNA_agA _ E_m0
9faj_PNA_agD _ C_m0	AAGAGFWGLATRSSYHY	6hug_GNA_agA _ E_m0
9fak_GNA_agA _ E_m0	AAGAGFWGLATRSSYHY	6hug_GNA_agA _ E_m0
9fak_PNA_agD _ C_m0	AAGAGFWGLATRSSYHY	6hug_GNA_agA _ E_m0
9fam_GNA_agA _ E_m0	AAGAGFWGLATRSSYHY	6hug_GNA_agA _ E_m0
9fap_GNA_agA _ E_m0	AAGAGFWGLATRSSYHY	6hug_GNA_agA _ E_m0
9faq_GNA_agA _ E_m0	AAGAGFWGLATRSSYHY	6hug_GNA_agA _ E_m0
9fat_GNA_agA _ E_m0	AAGAGFWGLATRSSYHY	6hug_GNA_agA _ E_m0
9fau_FNA_agA _ B_m0	AAKGRYSGGPYYLTNYDY	5o8f_KNA_agA_m0
9fau_KNA_agA_m0	AAKGRYSGGPYYLTNYDY	5o8f_KNA_agA_m0
9fau_ONA_agE _ D_m0	AAKGRYSGGPYYLTNYDY	5o8f_KNA_agA_m0
9faw_FNA_agB_m0	AAKGRYSGGPYYLTNYDY	5o8f_KNA_agA_m0
9faw_KNA_agA_m0	AAKGRYSGGPYYLTNYDY	5o8f_KNA_agA_m0
9faw_ONA_agE _ D_m0	AAKGRYSGGPYYLTNYDY	5o8f_KNA_agA_m0
9fax_FNA_agB _ A_m0	AAKGRYSGGPYYLTNYDY	5o8f_KNA_agA_m0
9fc2_BNA_agA_m0	AATISRTGLSWCEEY	9fc2_BNA_agA_m0
9fcm_ANA_agE_m0	GAAYVSKANYGSSDQYWLRRYDY	9fcm_ANA_agE_m0
9fcm_BNA_agF_m0	GAAYVSKANYGSSDQYWLRRYDY	9fcm_ANA_agE_m0
9fcm_CNA_agD_m0	GAAYVSKANYGSSDQYWLRRYDY	9fcm_ANA_agE_m0
9ffl_FNA_agC _ B_m0	AAKGRYSGGPYYLTNYDY	5o8f_KNA_agA_m0
9ffm_FNA_agC _ B_m0	AAKGRYSGGPYYLTNYDY	5o8f_KNA_agA_m0
9ffn_FNA_agC _ B_m0	AAKGRYSGGPYYLTNYDY	5o8f_KNA_agA_m0
9ffq_FNA_agC _ B_m0	AAKGRYSGGPYYLTNYDY	5o8f_KNA_agA_m0
9ffr_FNA_agC _ B_m0	AAKGRYSGGPYYLTNYDY	5o8f_KNA_agA_m0
9ffs_FNA_agC _ B_m0	AAKGRYSGGPYYLTNYDY	5o8f_KNA_agA_m0
9ffu_FNA_agC _ B_m0	AAKGRYSGGPYYLTNYDY	5o8f_KNA_agA_m0
9ffv_FNA_agA _ E_m0	AAGAGFWGLATRSSYHY	6hug_GNA_agA _ E_m0
9ffw_FNA_agA _ E_m0	AAGAGFWGLATRSSYHY	6hug_GNA_agA _ E_m0
9ffy_FNA_agA _ E_m0	AAGAGFWGLATRSSYHY	6hug_GNA_agA _ E_m0
9ffz_FNA_agA _ E_m0	AAGAGFWGLATRSSYHY	6hug_GNA_agA _ E_m0
9fg0_FNA_agA _ E_m0	AAGAGFWGLATRSSYHY	6hug_GNA_agA _ E_m0
9fg1_FNA_agA _ E_m0	AAGAGFWGLATRSSYHY	6hug_GNA_agA _ E_m0
9fg1_GNA_agD _ C_m0	AAGAGFWGLATRSSYHY	6hug_GNA_agA _ E_m0
9fg2_FNA_agA _ E_m0	AAGAGFWGLATRSSYHY	6hug_GNA_agA _ E_m0
9fg3_FNA_agA _ E_m0	AAGAGFWGLATRSSYHY	6hug_GNA_agA _ E_m0
9fg3_GNA_agD _ C_m0	AAGAGFWGLATRSSYHY	6hug_GNA_agA _ E_m0
9fga_FNA_agA _ E_m0	AAGAGFWGLATRSSYHY	6hug_GNA_agA _ E_m0
9fgb_FNA_agA _ E_m0	AAGAGFWGLATRSSYHY	6hug_GNA_agA _ E_m0
9fgc_FNA_agA _ E_m0	AAGAGFWGLATRSSYHY	6hug_GNA_agA _ E_m0
9fgh_GNA_agA _ E_m0	AAGAGFWGLATRSSYHY	6hug_GNA_agA _ E_m0
9fgr_Ee_agC_m0	ARDLSVAGAFDI	7zce_Ee_agC_m0
9fgs_Ee_agC_m0	ARDLSVAGAFDI	7zce_Ee_agC_m0
9fgt_Ee_agC_m0	ARDLSVAGAFDI	7zce_Ee_agC_m0
9fgu_Ee_agC_m0	ARDLSVAGAFDI	7zce_Ee_agC_m0
9fgv_BNA_agA_m0	AAAEWGSQSQTLPWFYRY	5m13_BNA_ag_m0
9fgv_DNA_agC_m0	AAAEWGSQSQTLPWFYRY	5m13_BNA_ag_m0
9fgx_CNA_agD_m0	GATRKAVPVRQDLAFSSYDY	6jb2_ANA_agB_m0
9fgx_ENA_agF_m0	GATRKAVPVRQDLAFSSYDY	6jb2_ANA_agB_m0
9fgy_CNA_agD_m0	GATRKAVPVRQDLAFSSYDY	6jb2_ANA_agB_m0
9fik_BC_agA_m0	TTSGGLLYGSPSGYYDGFYWMDY	9fik_BC_agA_m0
9fjf_CNA_agB_m0	ATDRGQCTYYSSLDRYYGRWYDY	9ena_BNA_agA_m0
9fjf_DNA_agB_m0	YAAIRTYTSY	9fjf_DNA_agB_m0
9fjk_HL_agA _ B_m0	ARLRGDEIYYEYYGSSSYFDY	9fjk_HL_agA _ B_m0
9fkd_HL_agB_m0	TRGDYVNWYFDV	1dba_HL_ag_m0
9fkd_IK_agNA_m0	AQRGNYVPFPY	6pyc_AB_ag_m0
9fkn_BNA_agA_m0	HVLEDRVDSFHDY	6i2g_ANA_agB_m0
9fm0_AC_agE_m0	AKDSRGAAAEFFDY	9fm0_AC_agE_m0
9fm0_BD_agF_m0	AKDSRGAAAEFFDY	9fm0_AC_agE_m0
9fm1_DNA_agA_m0	AANQWYSGGEGYYKNYDY	9fm1_DNA_agA_m0
9fm1_ENA_agC_m0	AANQWYSGGEGYYKNYDY	9fm1_DNA_agA_m0
9fm1_FNA_agB_m0	AANQWYSGGEGYYKNYDY	9fm1_DNA_agA_m0
9fm2_ANA_agB_m0	NAESAYSYDRLPDY	9fm2_ANA_agB_m0
9fmw_HL_agA _ B_m0	ARLRGDEIYYEYYGSSSYFDY	9fjk_HL_agA _ B_m0
9fns_CD_agA_m0	VRVWTGYTGNRGDY	9fns_CD_agA_m0
9fns_EF_agB_m0	VRVWTGYTGNRGDY	9fns_CD_agA_m0
9fnt_CD_agA_m0	ANVVHRCTTFCTNRGADN	9fnt_CD_agA_m0
9fnt_EF_agB_m0	ANVVHRCTTFCTNRGADN	9fnt_CD_agA_m0
9fq3_CD_agB_m0	ARVRGSLKVAAPVPFDP	9fq3_CD_agB_m0
9fq3_EF_agA_m0	ARVRGSLKVAAPVPFDP	9fq3_CD_agB_m0
9fq3_GH_agB_m0	AREPTYHDFGYYGSTGFDY	9fq3_GH_agB_m0
9fq3_IJ_agA_m0	AREPTYHDFGYYGSTGFDY	9fq3_GH_agB_m0
9fqo_AB_agNA_m0	AGSQYLYGMDV	9fqo_AB_agNA_m0
9fr3_CNA_agA_m0	AADRGSSFYERVYSEYTF	9fr3_CNA_agA_m0
9fr3_ENA_agB_m0	AADRGSSFYERVYSEYTF	9fr3_CNA_agA_m0
9fr3_FNA_agD_m0	AADRGSSFYERVYSEYTF	9fr3_CNA_agA_m0
9fr3_INA_agG_m0	AADRGSSFYERVYSEYTF	9fr3_CNA_agA_m0
9fr3_KNA_agH_m0	AADRGSSFYERVYSEYTF	9fr3_CNA_agA_m0
9fr3_LNA_agJ_m0	AADRGSSFYERVYSEYTF	9fr3_CNA_agA_m0
9fr4_ANA_agB_m0	AADRGSSFYERVYSEYTF	9fr3_CNA_agA_m0
9fr4_CNA_agD_m0	AADRGSSFYERVYSEYTF	9fr3_CNA_agA_m0
9fte_BNA_agA_m0	NVGSRSTPLIWYDY	9fte_BNA_agA_m0
9fvb_CNA_agA_m0	AADHFHVHTRKYDY	9fvb_CNA_agA_m0
9fvb_HNA_agB_m0	AADHFHVHTRKYDY	9fvb_CNA_agA_m0
9fvc_CNA_agB_m0	AAERWLATPQAPTVAMNALDA	9fvc_CNA_agB_m0
9fvc_HNA_agA_m0	AAERWLATPQAPTVAMNALDA	9fvc_CNA_agB_m0
9fve_BNA_agA_m0	AADHFHVHTRKYDY	9fvb_CNA_agA_m0
9fve_DNA_agC_m0	AADHFHVHTRKYDY	9fvb_CNA_agA_m0
9fve_FNA_agE_m0	AADHFHVHTRKYDY	9fvb_CNA_agA_m0
9fve_HNA_agG_m0	AADHFHVHTRKYDY	9fvb_CNA_agA_m0
9fve_JNA_agI_m0	AADHFHVHTRKYDY	9fvb_CNA_agA_m0
9fve_LNA_agK_m0	AADHFHVHTRKYDY	9fvb_CNA_agA_m0
9fve_NNA_agM_m0	AADHFHVHTRKYDY	9fvb_CNA_agA_m0
9fve_PNA_agO_m0	AADHFHVHTRKYDY	9fvb_CNA_agA_m0
9fve_RNA_agQ_m0	AADHFHVHTRKYDY	9fvb_CNA_agA_m0
9fve_TNA_agY_m0	AADHFHVHTRKYDY	9fvb_CNA_agA_m0
9fve_VNA_agU_m0	AADHFHVHTRKYDY	9fvb_CNA_agA_m0
9fve_XNA_agW_m0	AADHFHVHTRKYDY	9fvb_CNA_agA_m0
9fww_BNA_agA_m0	AAQSSSRSELPSNYDY	9fww_BNA_agA_m0
9fxf_ANA_agNA_m0	AASFADGSSWCYDY	9fxf_ANA_agNA_m0
9fy8_BC_agA_m0	ARGGDY	9fy8_BC_agA_m0
9fy8_IL_agNA_m0	ARGGDY	9fy8_BC_agA_m0
9fyr_DNA_agA_m0	AADSSYFYHEHTSEYDY	9fyr_DNA_agA_m0
9fys_BC_agX_m0	ARDNLGYCSGGSYYYDSYCYYMDV	9fys_BC_agX_m0
9fys_IM_agZ_m0	ARDNLGYCSGGSYYYDSYCYYMDV	9fys_BC_agX_m0
9fyt_CD_agA_m0	ARDNLGYCSGGSYYYDSYCYYMDV	9fys_BC_agX_m0
9fyt_IM_agB_m0	ARDNLGYCSGGSYYYDSYCYYMDV	9fys_BC_agX_m0
9fzc_CNA_agA_m0	GHRRLGKTTYDY	9fzc_CNA_agA_m0
9fzc_DNA_agB_m0	GHRRLGKTTYDY	9fzc_CNA_agA_m0
9fzd_BNA_agA_m0	HANYRIGRNDLPV	9fzd_BNA_agA_m0
9fzq_BNA_agA_m0	AARDGGYGSPWRDEYTY	8g8w_BNA_agA_m0
9fzq_CNA_agA_m0	AAARPGLFIFVTRAYDSAKYDY	8g8w_CNA_agA_m0
9g13_ANA_agB_m0	APMTLAETYWEYLISGY	9g13_ANA_agB_m0
9g13_CNA_agD_m0	APMTLAETYWEYLISGY	9g13_ANA_agB_m0
9g13_ENA_agF_m0	APMTLAETYWEYLISGY	9g13_ANA_agB_m0
9g13_GNA_agH_m0	APMTLAETYWEYLISGY	9g13_ANA_agB_m0
9g1y_CNA_agA_m0	AADEYLCTGLAYKGPYYDSYEYDY	9g1y_CNA_agA_m0
9g1y_DNA_agB_m0	AADEYLCTGLAYKGPYYDSYEYDY	9g1y_CNA_agA_m0
9g2a_CNA_agA_m0	AADVWGCISYLGYDTGNLDY	9g2a_CNA_agA_m0
9g2a_DNA_agB_m0	AADVWGCISYLGYDTGNLDY	9g2a_CNA_agA_m0
9g2g_CNA_agA_m0	AADPWDSGYYCGLDYDY	9g2g_CNA_agA_m0
9g2g_DNA_agB_m0	AADPWDSGYYCGLDYDY	9g2g_CNA_agA_m0
9g3d_CNA_agB_m0	YVKVGSHY	9g3d_CNA_agB_m0
9g3d_DNA_agA_m0	YVKVGSHY	9g3d_CNA_agB_m0
9g3e_CNA_agA_m0	YVKVGSHY	9g3d_CNA_agB_m0
9g3e_DNA_agB_m0	YVKVGSHY	9g3d_CNA_agB_m0
9g48_CNA_agA_m0	AAEAPPLLYDSGLPQCYYSYQYDY	9g48_CNA_agA_m0
9g48_DNA_agB_m0	AAEAPPLLYDSGLPQCYYSYQYDY	9g48_CNA_agA_m0
9g4e_CD_agA _ B_m0	ARWLVRGRRGTMDY	9g4e_CD_agA _ B_m0
9g4f_CD_agA _ B_m0	ARWLVRGRRGTMDY	9g4e_CD_agA _ B_m0
9g4g_BNA_agA_m0	AADPFPGVCTYIRSSAYEHDY	9g4g_BNA_agA_m0
9g5k_BNA_agA_m0	AAAEDRWALAATRVTTYNY	9g5k_BNA_agA_m0
9g5l_BNA_agA_m0	AADSYLLEFCGYYSAPGSYGSGRLDY	9g5l_BNA_agA_m0
9g5z_CNA_agA_m0	ATWWVDSYDY	9g5z_CNA_agA_m0
9g5z_DNA_agB_m0	ATWWVDSYDY	9g5z_CNA_agA_m0
9g6q_HL_agH_m0	ARAGNWGEGNFFDY	9g6q_HL_agH_m0
9g6r_HL_agH_m0	ARLSYYDYGGDYFFDF	9g6r_HL_agH_m0
9g6s_HL_agH_m0	ARLGSRHYFDY	9g6s_HL_agH_m0
9g6x_CNA_agA _ B_m0	AVEVGYGY	9g6x_CNA_agA _ B_m0
9g7k_CNA_agB_m0	AAKEGPYSGSYYRFVPMYDEYDY	9g7k_CNA_agB_m0
9g7k_DNA_agA_m0	AAKEGPYSGSYYRFVPMYDEYDY	9g7k_CNA_agB_m0
9g7k_GNA_agF_m0	AAKEGPYSGSYYRFVPMYDEYDY	9g7k_CNA_agB_m0
9g7k_HNA_agE_m0	AAKEGPYSGSYYRFVPMYDEYDY	9g7k_CNA_agB_m0
9g95_BNA_agA_m0	AATLPAWTGIIPRRGGGNYPY	9g95_BNA_agA_m0
9g97_BNA_agA_m0	AATLPAWTGIIPRRGGGNYPY	9g95_BNA_agA_m0
9g9m_BNA_agA_m0	AATLPAWTGIIPRRGGGNYPY	9g95_BNA_agA_m0
9g9m_CNA_agA_m0	AAKFYGGNSPRKGDYAY	9g9m_CNA_agA_m0
9g9n_BNA_agA_m0	AATLPAWTGIIPRRGGGNYPY	9g95_BNA_agA_m0
9g9n_CNA_agA_m0	AAKFYGGNSPRKGDYAY	9g9m_CNA_agA_m0
9g9o_BNA_agA_m0	AATLPAWTGIIPRRGGGNYPY	9g95_BNA_agA_m0
9g9o_CNA_agA_m0	AAKFYGGNSPRKGDYAY	9g9m_CNA_agA_m0
9g9p_BNA_agA_m0	AATLPAWTGIIPRRGGGNYPY	9g95_BNA_agA_m0
9g9p_CNA_agA_m0	AAKFYGGNSPRKGDYAY	9g9m_CNA_agA_m0
9gcn_ANA_agX_m0	NAVVGNWYTYGSYEDTY	9gcn_ANA_agX_m0
9gcn_BNA_agY_m0	NAVVGNWYTYGSYEDTY	9gcn_ANA_agX_m0
9gcn_CNA_agV_m0	NAVVGNWYTYGSYEDTY	9gcn_ANA_agX_m0
9gcn_DNA_agZ_m0	NAVVGNWYTYGSYEDTY	9gcn_ANA_agX_m0
9gei_Bb_agA_m0	ARAYSSTDPYGMDV	9gei_Bb_agA_m0
9gei_Dd_agC_m0	ARAYSSTDPYGMDV	9gei_Bb_agA_m0
9gf8_BNA_agA_m0	HVLEDRVDSFHDY	6i2g_ANA_agB_m0
9gff_HL_agNA_m0	ARAQWLVVTNFDY	9gff_HL_agNA_m0
9gfg_AB_agNA_m0	AREQWLDLAHFDY	9gfg_AB_agNA_m0
9gfg_CD_agNA_m0	AREQWLDLAHFDY	9gfg_AB_agNA_m0
9gfg_EF_agNA_m0	AREQWLDLAHFDY	9gfg_AB_agNA_m0
9gfg_HL_agNA_m0	AREQWLDLAHFDY	9gfg_AB_agNA_m0
9gfh_AB_agNA_m0	AREQWLGIKNFDY	9gfh_AB_agNA_m0
9gfh_CD_agNA_m0	AREQWLGIKNFDY	9gfh_AB_agNA_m0
9gfh_EF_agNA_m0	AREQWLGIKNFDY	9gfh_AB_agNA_m0
9gfh_HL_agNA_m0	AREQWLGIKNFDY	9gfh_AB_agNA_m0
9gfl_HL_agNA_m0	ARGGGYY	9gfl_HL_agNA_m0
9gfr_HL_agG _ F _ E_m0	TSGPLADYYAMDY	9gfr_HL_agG _ F _ E_m0
9ggp_HL_agA_m0	ARDFYGNYRGYTMNY	9ggp_HL_agA_m0
9ghi_HL_agA_m0	ARDDYGTRYYFDY	7qu1_AB_agC_m0
9ghj_HL_agA_m0	SRSGIYDGAYYYAMDY	7qu2_AB_agC_m0
9gix_CNA_agB _ A_m0	AASSYYGRVNPDLMAY	9gix_CNA_agB _ A_m0
9gjg_Aa_agH_m0	ARAYSSTDPYGMDV	9gei_Bb_agA_m0
9gjv_HL_agNA_m0	ARKRYSMDY	9gjv_HL_agNA_m0
9glz_CNA_agA_m0	AATRSNFYFDERPMSYDS	9glz_CNA_agA_m0
9glz_DNA_agB_m0	AATRSNFYFDERPMSYDS	9glz_CNA_agA_m0
9gmu_CNA_agB_m0	AAEWNNFGCLRMYPDY	9gmu_CNA_agB_m0
9gmu_DNA_agA_m0	AAEWNNFGCLRMYPDY	9gmu_CNA_agB_m0
9goe_BNA_agA_m0	NVKDTGHWWDIYDY	9goe_BNA_agA_m0
9gox_HL_agA_m0	ARSRGYYSGFYFDI	9gox_HL_agA_m0
9goy_HL_agA_m0	ARGLGYYLSSYYYFDI	9goy_HL_agA_m0
9gp2_HL_agNA_m0	ASLYYDYGDAMDY	8qya_HL_agA_m0
9gst_HL_agB _ A_m0	VRMGARMSDFAIFSFGD	7aj6_HL_agNA_m0
9gu0_FC_agL_m0	TRDERIRIANWFAY	5hbt_DC_agB_m0
9gu0_HG_agA_m0	TRDERIRIANWFAY	5hbt_DC_agB_m0
9gu1_FC_agL_m0	TRDERIRIANWFAY	5hbt_DC_agB_m0
9gu1_HG_agA_m0	TRDERIRIANWFAY	5hbt_DC_agB_m0
9gu2_FC_agL_m0	TRDERIRIANWFAY	5hbt_DC_agB_m0
9gu2_HG_agA_m0	TRDERIRIANWFAY	5hbt_DC_agB_m0
9gu3_FC_agL_m0	TRDERIRIANWFAY	5hbt_DC_agB_m0
9gu3_HG_agA_m0	TRDERIRIANWFAY	5hbt_DC_agB_m0
9gv3_ENA_agA_m0	ALDTTDRYDSANGSSITCYYRDTYAY	9gv3_ENA_agA_m0
9gv3_FNA_agB_m0	ALDTTDRYDSANGSSITCYYRDTYAY	9gv3_ENA_agA_m0
9gv3_GNA_agC_m0	ALDTTDRYDSANGSSITCYYRDTYAY	9gv3_ENA_agA_m0
9gv3_HNA_agD_m0	ALDTTDRYDSANGSSITCYYRDTYAY	9gv3_ENA_agA_m0
9gv4_ANA_agNA_m0	NLRRGGGIY	9gv4_ANA_agNA_m0
9gvl_Hh_agA_m0	ARDHGGNDYFDGGHFDL	9gvl_Hh_agA_m0
9gvl_Ii_agB_m0	ARDHGGNDYFDGGHFDL	9gvl_Hh_agA_m0
9gvn_CD_agB_m0	ARDPPSGLLRLDY	9gvn_CD_agB_m0
9gvn_EF_agA_m0	ARDPPSGLLRLDY	9gvn_CD_agB_m0
9gvo_Aa_agB_m0	AKESDRVTLTDWFDP	9gvo_Aa_agB_m0
9gvo_Hh_agB_m0	ARDHGGNDYFDGGHFDL	9gvl_Hh_agA_m0
9gw5_Hh_agA_m0	AKESDRVTLTDWFDP	9gvo_Aa_agB_m0
9gw5_Uu_agA_m0	ARAGLTGAGLDDY	9gw5_Uu_agA_m0
9gw5_Vv_agA_m0	SRDPVAAGL	9gw5_Vv_agA_m0
9gwt_HL_agP_m0	ARERPLTGVMDY	9gwt_HL_agP_m0
9gxh_ANA_agD_m0	NLRRGGGIY	9gv4_ANA_agNA_m0
9gxh_BNA_agD_m0	NLRRGGGIY	9gv4_ANA_agNA_m0
9gyo_NNA_agA _ B_m0	ARCPAPFTRDCSTVDFTTYAY	6oya_NNA_agA _ B_m0
9h01_BNA_agA_m0	AATRRSLTTATTDADA	9h01_BNA_agA_m0
9h1f_BNA_agA_m0	VRVGAEY	9h1f_BNA_agA_m0
9h1j_ANA_agE_m0	ATDLRGAQ	9h1j_ANA_agE_m0
9h1j_BNA_agF_m0	ATDLRGAQ	9h1j_ANA_agE_m0
9h1j_CNA_agG_m0	ATDLRGAQ	9h1j_ANA_agE_m0
9h1j_DNA_agH_m0	ATDLRGAQ	9h1j_ANA_agE_m0
9h39_CNA_agA_m0	LVRDQREWGYPEYDN	9h39_CNA_agA_m0
9h39_DNA_agB_m0	LVRDQREWGYPEYDN	9h39_CNA_agA_m0
9h4r_HL_agA_m0	ARGDLNYGGSMDA	9h4r_HL_agA_m0
9h4r_XY_agB_m0	ARGDLNYGGSMDA	9h4r_HL_agA_m0
9h4s_HL_agA_m0	ARGDLNYGGSMDA	9h4r_HL_agA_m0
9h4s_XY_agB_m0	ARGDLNYGGSMDA	9h4r_HL_agA_m0
9h6u_HL_agA_m0	ARDASPYYYDRSAWRPYGEDLHH	9h6u_HL_agA_m0
9h6v_CNA_agA_m0	AARTRGIVCTSDDSYGY	9h6v_CNA_agA_m0
9h6v_DNA_agB_m0	AARTRGIVCTSDDSYGY	9h6v_CNA_agA_m0
9h6v_ENA_agB_m0	AAHRLDDEARAPLLSVYDY	9h6v_ENA_agB_m0
9h6v_FNA_agA_m0	AAHRLDDEARAPLLSVYDY	9h6v_ENA_agB_m0
9h76_BNA_agA_m0	NAQLVAWSENY	9h76_BNA_agA_m0
9h77_ANA_agC_m0	ARGSTLFSTNWDY	9h77_ANA_agC_m0
9h77_BNA_agD_m0	ARGSTLFSTNWDY	9h77_ANA_agC_m0
9h8h_AD_agNA_m0	KTGDY	9h8h_AD_agNA_m0
9hb3_HL_agR_m0	ARWGYWPGEWWPKAFDY	6cbv_HL_agB_m0
9hb3_KNA_agNA_m0	AIDSDTFSYGSYDY	6ww2_KNA_agNA_m0
9hco_HL_agA_m0	ARSAYGSGEFAMDY	6d9g_AB_ag_m0
9hh9_ED_agA_m0	VRGGYDGRYDYAMDF	9hh9_ED_agA_m0
9hh9_GF_agB_m0	VRGGYDGRYDYAMDF	9hh9_ED_agA_m0
9hh9_IH_agC_m0	VRGGYDGRYDYAMDF	9hh9_ED_agA_m0
9hi4_AB_agD_m0	AKDSQLRSLLYQSLWEFGYFDY	9n5y_IL_agB _ A_m0
9hi4_KL_agC_m0	AKDSQLRSLLYQSLWEFGYFDY	9n5y_IL_agB _ A_m0
9hi6_HL_agA_m0	AKDSQLRSLLYQSLWEFGYFDY	9n5y_IL_agB _ A_m0
9hih_HL_agNA_m0	TTVTFYYSLERRWFAY	4yue_HL_agC_m0
9hj9_CD_agB_m0	ARGTEDLGYGSSCSCPNH	6obz_AB_ag_m0
9hjk_BNA_agA_m0	AVGVGGYY	9hjk_BNA_agA_m0
9hk1_HL_agA_m0	ARENYGSHGGFVY	8eq6_HL_agNA_m0
9hk1_IM_agB_m0	ARENYGSHGGFVY	8eq6_HL_agNA_m0
9hkq_DE_agC_m0	ARVYYGYGDGFFDY	9hkq_DE_agC_m0
9hkq_FNA_agB _ A_m0	ASYYHGY	9hkq_FNA_agB _ A_m0
9hll_BNA_agA_m0	AAEWNNFGCLRMYPDY	9gmu_CNA_agB_m0
9hll_CNA_agA_m0	AAEWNNFGCLRMYPDY	9gmu_CNA_agB_m0
9hll_DNA_agNA_m0	AAEWNNFGCLRMYPDY	9gmu_CNA_agB_m0
9hls_CNA_agB_m0	NARRDNFATAIY	9hls_CNA_agB_m0
9hls_DNA_agB _ A_m0	NANIRSTWPSSEDS	9hls_DNA_agB _ A_m0
9hls_ENA_agB_m0	NYERVAFSGARETY	9hls_ENA_agB_m0
9hls_HNA_agG_m0	NARRDNFATAIY	9hls_CNA_agB_m0
9hls_INA_agG _ F_m0	NANIRSTWPSSEDS	9hls_DNA_agB _ A_m0
9hls_JNA_agG_m0	NYERVAFSGARETY	9hls_ENA_agB_m0
9hlw_HNA_agE_m0	AVAACHFCDSQTKPLDEYIL	6xxn_ANA_ag_m0
9hlw_QNA_agA_m0	AVAACHFCDSQTKPLDEYIL	6xxn_ANA_ag_m0
9hml_CNA_agB_m0	AAERTGWSSEYDY	9hml_CNA_agB_m0
9hnq_PNA_agC _ B_m0	AAKGRYSGGPYYLTNYDY	5o8f_KNA_agA_m0
9hnr_PNA_agC _ B_m0	AAKGRYSGGPYYLTNYDY	5o8f_KNA_agA_m0
9hnr_QNA_agD_m0	AAKGRYSGGPYYLTNYDY	5o8f_KNA_agA_m0
9hnr_RNA_agE_m0	AAKGRYSGGPYYLTNYDY	5o8f_KNA_agA_m0
9hns_PNA_agC _ B_m0	AAKGRYSGGPYYLTNYDY	5o8f_KNA_agA_m0
9hnt_PNA_agC _ B_m0	AAKGRYSGGPYYLTNYDY	5o8f_KNA_agA_m0
9ho4_CNA_agA_m0	NSVPPAPEGYGRDY	9ho4_CNA_agA_m0
9ho5_CNA_agA_m0	NAVPPIVVTNATDY	9ho5_CNA_agA_m0
9ho6_CNA_agB_m0	NAVPPIVVTNATDY	9ho5_CNA_agA_m0
9ho6_DNA_agA_m0	NAVPPIVVTNATDY	9ho5_CNA_agA_m0
9hpa_CNA_agB_m0	NARRDNFATAIY	9hls_CNA_agB_m0
9hpa_DNA_agB _ A_m0	NAQGLTGRSQRYDV	9hpa_DNA_agB _ A_m0
9hpa_GNA_agF_m0	NARRDNFATAIY	9hls_CNA_agB_m0
9hpa_HNA_agF _ E_m0	NAQGLTGRSQRYDV	9hpa_DNA_agB _ A_m0
9hq5_BNA_agA_m0	YVYVGWLY	9hq5_BNA_agA_m0
9hub_BC_agX_m0	ARDNLGYCSGGSYYYDSYCYYMDV	9fys_BC_agX_m0
9hub_IM_agZ_m0	ARDNLGYCSGGSYYYDSYCYYMDV	9fys_BC_agX_m0
9hum_PNA_agC _ B_m0	AAKGRYSGGPYYLTNYDY	5o8f_KNA_agA_m0
9huo_CD_agB_m0	ARDNLGYCSGGSYYYDSYCYYMDV	9fys_BC_agX_m0
9huo_IM_agA_m0	ARDNLGYCSGGSYYYDSYCYYMDV	9fys_BC_agX_m0
9hur_BNA_agA_m0	AAAENGFKIEWLPYIYTY	9hur_BNA_agA_m0
9hv1_HL_agNA_m0	TRLTCGDDCWATSHNFDA	9hv1_HL_agNA_m0
9hv2_AB_agNA_m0	ASSCRTEGDVGDSDCDGHFFCA	9hv2_AB_agNA_m0
9hv2_HL_agNA_m0	ASSCRTGDCDSDHFFCA	9hv2_HL_agNA_m0
9hv8_HL_agNA_m0	VKFCGNADSAGHYDCGWGGDNEN	9hv8_HL_agNA_m0
9hv9_HL_agA_m0	ASSCRTEGDVGDSDCDGHFFCA	9hv2_AB_agNA_m0
9hva_BC_agD_m0	ASSCRTEGDVGDSDCDGHFFCA	9hv2_AB_agNA_m0
9hva_EF_agG_m0	ASSCRTEGDVGDSDCDGHFFCA	9hv2_AB_agNA_m0
9hva_HL_agA_m0	ASSCRTEGDVGDSDCDGHFFCA	9hv2_AB_agNA_m0
9hva_IJ_agK_m0	ASSCRTEGDVGDSDCDGHFFCA	9hv2_AB_agNA_m0
9hva_MN_agO_m0	ASSCRTEGDVGDSDCDGHFFCA	9hv2_AB_agNA_m0
9hva_PQ_agR_m0	ASSCRTEGDVGDSDCDGHFFCA	9hv2_AB_agNA_m0
9hvi_HNA_agA_m0	AARRDYSLSSSSDDFDY	6xxo_ANA_ag_m0
9hvi_QNA_agE_m0	AARRDYSLSSSSDDFDY	6xxo_ANA_ag_m0
9hvk_HNA_agE_m0	AVAACHFCDSQTKPLDEYIL	6xxn_ANA_ag_m0
9hvk_MNA_agA_m0	AARRDYSLSSSSDDFDY	6xxo_ANA_ag_m0
9hvk_PNA_agE_m0	AARRDYSLSSSSDDFDY	6xxo_ANA_ag_m0
9hvk_QNA_agA_m0	AVAACHFCDSQTKPLDEYIL	6xxn_ANA_ag_m0
9hxo_CD_agA_m0	ARDNLGYCSGGSYYYDSYCYYMDV	9fys_BC_agX_m0
9hxo_IM_agB_m0	ARDNLGYCSGGSYYYDSYCYYMDV	9fys_BC_agX_m0
9hy1_Aa_agNA_m0	ARLDWYFDL	9hy1_Aa_agNA_m0
9hy2_Aa_agNA_m0	ARLDWYFDL	9hy1_Aa_agNA_m0
9hy3_Aa_agNA_m0	ARLDWYFDL	9hy1_Aa_agNA_m0
9hy5_Aa_agNA_m0	ARLDWYFDL	9hy1_Aa_agNA_m0
9hzj_ANA_agB_m0	AADLLQFGRARSSADYDY	9hzj_ANA_agB_m0
9hzk_ANA_agB_m0	AADLWQYGRARSNADYDY	9hzk_ANA_agB_m0
9i1q_IF_agNA_m0	VQIANPYWYFDV	9i1q_IF_agNA_m0
9i1q_JE_agNA_m0	VQIANPYWYFDV	9i1q_IF_agNA_m0
9i1q_KG_agD_m0	VQIANPYWYFDV	9i1q_IF_agNA_m0
9i1q_LH_agNA_m0	VQIANPYWYFDV	9i1q_IF_agNA_m0
9i3w_HL_agNA_m0	VRHSSPQCSPTSCDRTYPGEYWYVDY	9i43_HL_agNA_m0
9i3x_BA_agNA_m0	ARNYNGYCACDGYSPDF	9i3x_BA_agNA_m0
9i3x_HL_agNA_m0	ARNYNGYCACDGYSPDF	9i3x_BA_agNA_m0
9i3z_AB_agNA_m0	ARHASPHCSSTSCNKNYPGDYWYVDL	9i3z_AB_agNA_m0
9i3z_HL_agNA_m0	ARHASPHCSSTSCNKNYPGDYWYVDL	9i3z_AB_agNA_m0
9i40_BA_agNA_m0	ARHVPVAGFYYYGYGMDV	9i40_BA_agNA_m0
9i40_HL_agNA_m0	ARHVPVAGFYYYGYGMDV	9i40_BA_agNA_m0
9i41_HL_agNA_m0	AKDGPSSGWSYYNQYNAMDV	9i41_HL_agNA_m0
9i42_BA_agNA_m0	ARGPGPGGKYYYDYYYADSSYGMDV	9i42_BA_agNA_m0
9i42_HL_agNA_m0	ARGPGPGGKYYYDYYYADSSYGMDV	9i42_BA_agNA_m0
9i43_HL_agNA_m0	ARHSSPQCSPTSCDRTYPGEYWYVDY	9i43_HL_agNA_m0
9i45_HL_agNA_m0	AYDPLGNWFDP	9i45_HL_agNA_m0
9i4b_AB_agNA_m0	AKSVAARRFYFYYGMDA	9i4b_AB_agNA_m0
9i4b_HL_agNA_m0	AKSVAARRFYFYYGMDA	9i4b_AB_agNA_m0
9i4c_HL_agNA_m0	AREKWEKLGYYLKYGLDV	9i4c_HL_agNA_m0
9i4d_AB_agNA_m0	ARTYGSGSWYGYFEY	9i4d_AB_agNA_m0
9i4d_HL_agNA_m0	ARTYGSGSWYGYFEY	9i4d_AB_agNA_m0
9i4e_AB_agNA_m0	ARAKALLYYGMDV	9i4e_AB_agNA_m0
9i4e_HL_agNA_m0	ARAKALLYYGMDV	9i4e_AB_agNA_m0
9i59_HL_agA_m0	AREGDYSAWFDP	9i59_HL_agA_m0
9i59_XY_agB_m0	AREGDYSAWFDP	9i59_HL_agA_m0
9i5e_MNA_agA_m0	VADSSPYYRRAADYQDYDY	7a50_ANA_agB_m0
9i5e_NNA_agB_m0	VADSSPYYRRAADYQDYDY	7a50_ANA_agB_m0
9i5n_BA_agC_m0	ARSSGNYEGDAMDY	9i5n_BA_agC_m0
9i6q_HL_agNA_m0	TVRFAY	9i6q_HL_agNA_m0
9i9h_AB_agT_m0	TVRFAY	9i6q_HL_agNA_m0
9i9h_CD_agU_m0	TVRFAY	9i6q_HL_agNA_m0
9i9h_EF_agV_m0	TVRFAY	9i6q_HL_agNA_m0
9i9h_HL_agS_m0	TVRFAY	9i6q_HL_agNA_m0
9ia3_BA_agE_m0	ARVGDYGDHWPPGWFDL	9ia3_BA_agE_m0
9ia4_BA_agNA_m0	ARVGDYGWDGWFDL	9ia4_BA_agNA_m0
9iar_CNA_agA_m0	NARYYGSDY	9iar_CNA_agA_m0
9iar_DNA_agB_m0	NARYYGSDY	9iar_CNA_agA_m0
9ias_CNA_agB_m0	ARKIPGSSLFKNRLADFDS	9ias_CNA_agB_m0
9ias_DNA_agA_m0	ARKIPGSSLFKNRLADFDS	9ias_CNA_agB_m0
9iat_BA_agNA_m0	LVVLDY	9iat_BA_agNA_m0
9ib1_HL_agA_m0	ARGDPSRSTFDY	9ib1_HL_agA_m0
9ib3_HL_agA_m0	ARGDPSRSTFDY	9ib1_HL_agA_m0
9ihc_HL_agB_m0	ARYWSWYNSSYIYHSALDY	7tdm_HL_agB_m0
9ii2_Dd_agC _ B_m0	ARSRQFWYSGLDY	4jqi_HL_agA _ V_m0
9ii2_Ss_agA _ R_m0	ARSRQFWYSGLDY	4jqi_HL_agA _ V_m0
9ii3_Ss_agA _ R_m0	ARSRQFWYSGLDY	4jqi_HL_agA _ V_m0
9ii9_AB_agNA_m0	ARDPPHRRGSY	9ii9_AB_agNA_m0
9ii9_CD_agNA_m0	ARDPPHRRGSY	9ii9_AB_agNA_m0
9ijd_Dd_agA_m0	VRSIYYYSGSPFDF	6crk_Hh_agA _ B _ G_m0
9ijd_NNA_agA _ B_m0	ARCPAPFTRDCSTVDFTTYAY	6oya_NNA_agA _ B_m0
9ije_Dd_agA_m0	VRSIYYYSGSPFDF	6crk_Hh_agA _ B _ G_m0
9ije_NNA_agA _ B_m0	ARCPAPFTRDCSTVDFTTYAY	6oya_NNA_agA _ B_m0
9ijr_Hh_agC _ A_m0	ARSRQFWYSGLDY	4jqi_HL_agA _ V_m0
9ijs_Hh_agC _ A_m0	ARSRQFWYSGLDY	4jqi_HL_agA _ V_m0
9ima_CD_agA _ B_m0	ARVALRVALDY	9ima_CD_agA _ B_m0
9imx_CNA_agB_m0	QGTQV	9imx_CNA_agB_m0
9imx_DNA_agA_m0	QGTQV	9imx_CNA_agB_m0
9imx_GNA_agF_m0	QGTQV	9imx_CNA_agB_m0
9imx_HNA_agE_m0	QGTQV	9imx_CNA_agB_m0
9ind_HL_agB_m0	ALNYFGSRKFDY	9ind_HL_agB_m0
9ip7_Dd_agA_m0	FQGSHIPPT	9ip7_Dd_agA_m0
9ipb_Dd_agA_m0	ARSGGPYFFDY	2z4q_BA_ag_m0
9iqp_BNA_agA_m0	VARGVGVYGMCFWHGEYNF	9iqp_BNA_agA_m0
9iqt_Ee_agA _ B _ C_m0	VRSIYYYSGSPFDF	6crk_Hh_agA _ B _ G_m0
9irb_HL_agA_m0	ARWGAYYKWDYDYFDS	9irb_HL_agA_m0
9irc_HL_agA_m0	ARSTTIIRAFFDY	9irc_HL_agA_m0
9irs_HL_agf _ n_m0	ARYYDDHYCLDY	1sy6_HL_agA_m0
9irs_ST_age_m0	ARYYDDHYCLDY	1sy6_HL_agA_m0
9isf_BNA_agA_m0	AADFYAAATCYVFRGNPSPPFRY	9isf_BNA_agA_m0
9ish_BNA_agA_m0	AANRYFTYGGPNRMSQEYNR	9ish_BNA_agA_m0
9ish_DNA_agC_m0	AANRYFTYGGPNRMSQEYNR	9ish_BNA_agA_m0
9itb_NNA_agA _ B_m0	ARCPAPFTRDCSTVDFTTYAY	6oya_NNA_agA _ B_m0
9ite_Ee_agA _ B_m0	VRSIYYYSGSPFDF	6crk_Hh_agA _ B _ G_m0
9iut_AB_agC_m0	TSPGLLWDA	9iut_AB_agC_m0
9iut_DE_agF_m0	TSPGLLWDA	9iut_AB_agC_m0
9iv1_Ss_agA _ B_m0	VRSIYYYSGSPFDF	6crk_Hh_agA _ B _ G_m0
9iv6_Ss_agA _ B_m0	VRSIYYYSGSPFDF	6crk_Hh_agA _ B _ G_m0
9ivg_NNA_agA _ B_m0	ARCPAPFTRDCSTVDFTTYAY	6oya_NNA_agA _ B_m0
9ivj_HL_agC _ A_m0	ARSYYDSRTGPSVSYYFDY	9ivj_HL_agC _ A_m0
9ivk_HL_agA_m0	ARWGYWPGEWWPKAFDY	6cbv_HL_agB_m0
9iw2_HL_agP _ F_m0	ASRQNWNDGYFDY	9iw2_HL_agP _ F_m0
9ixj_NNA_agA _ B_m0	ARCPAPFTRDCSTVDFTTYAY	6oya_NNA_agA _ B_m0
9ixv_HL_agA_m0	TRDYLAAGGL	9ixv_HL_agA_m0
9ixx_Ee_agA _ B_m0	VRSIYYYSGSPFDF	6crk_Hh_agA _ B _ G_m0
9iy0_HL_agNA_m0	AMGVRPDPFDY	9iy0_HL_agNA_m0
9iy2_DC_agB_m0	ARIKSVITDGTYALDY	3rkd_DC_agB_m0
9iy2_EF_agB_m0	AMGVRPDPFDY	9iy0_HL_agNA_m0
9iy2_GI_agA_m0	AMGVRPDPFDY	9iy0_HL_agNA_m0
9iy2_HL_agA_m0	ARIKSVITDGTYALDY	3rkd_DC_agB_m0
9iy8_Ss_agA _ B _ G_m0	VRSIYYYSGSPFDF	6crk_Hh_agA _ B _ G_m0
9iyy_HL_agB _ A_m0	AKDGYLSAGRAYGMDV	9iyy_HL_agB _ A_m0
9izc_Ss_agC _ B_m0	VRSIYYYSGSPFDF	6crk_Hh_agA _ B _ G_m0
9izh_Ss_agA _ B _ C_m0	VRSIYYYSGSPFDF	6crk_Hh_agA _ B _ G_m0
9j05_BC_agA_m0	ARPWYPWSWYSGLDY	8j7e_AB_agF_m0
9j0b_Ss_agA _ B_m0	VRSIYYYSGSPFDF	6crk_Hh_agA _ B _ G_m0
9j0i_Ss_agA _ B_m0	VRSIYYYSGSPFDF	6crk_Hh_agA _ B _ G_m0
9j1p_NNA_agA _ B_m0	ARCPAPFTRDCFD	9j1p_NNA_agA _ B_m0
9j31_Dd_agA _ G _ B_m0	VRSIYYYSGSPFDF	6crk_Hh_agA _ B _ G_m0
9j3j_BNA_agA_m0	NVKDLGAYWNDYDY	9j3j_BNA_agA_m0
9j3l_CNA_agA_m0	NVKDYVYTNYLYDY	9j3l_CNA_agA_m0
9j3m_BNA_agA_m0	NVKDYVYTNYLYDY	9j3l_CNA_agA_m0
9j3n_BNA_agA_m0	AARKRYHYYSY	9j3n_BNA_agA_m0
9j3o_BNA_agA_m0	AARKRYHYYSY	9j3n_BNA_agA_m0
9j4c_HL_agA_m0	AQIIYYDYGVYALDY	9j4c_HL_agA_m0
9j5l_CB_ag2_m0	ARHGNYYYYSGMDV	4fqh_AB_ag_m0
9j5l_ED_ag2 _ 1_m0	ARMRRTMIFAGGNDF	6hjp_GH_agB _ A_m0
9j66_BC_agA _ D_m0	ARTPLEMAEETGYFDY	9j66_BC_agA _ D_m0
9j7y_HNA_agG_m0	AVAWLSIPALDEWYDY	9j7y_HNA_agG_m0
9j82_HL_agA_m0	ARDRGGNGVYFDY	8zay_HL_agNA_m0
9j83_HL_agA_m0	ARDRGGNGVYFDY	8zay_HL_agNA_m0
9j87_Ee_agB _ C_m0	VRSIYYYSGSPFDF	6crk_Hh_agA _ B _ G_m0
9j8a_HL_agP_m0	ARGGINFGI	9j8a_HL_agP_m0
9j8z_Ss_agC _ B_m0	VRSIYYYSGSPFDF	6crk_Hh_agA _ B _ G_m0
9j93_Cc_agA_m0	ARPRGNYVVMDY	6njl_Ii_agC_m0
9j9b_HL_agC_m0	ARYGNYDAMDY	8e1m_HL_agC_m0
9j9z_HL_agA_m0	ARWGYWPGEWWPKAFDY	6cbv_HL_agB_m0
9j9z_KNA_agNA_m0	AIDSDTFSYGSYDY	6ww2_KNA_agNA_m0
9jbq_AB_agC_m0	VLYGNYVYVYTMDY	9jbq_AB_agC_m0
9jcl_NNA_agA _ B _ G_m0	ARCPAPFTRDCSTVDFTTYAY	6oya_NNA_agA _ B_m0
9jcy_CB_agA_m0	AREGGSSGYVYDYYFDD	9jcy_CB_agA_m0
9jd0_ENA_agC_m0	ATPQMWVQVDRQARWY	9jd0_ENA_agC_m0
9jd0_FNA_agD_m0	ATPQMWVQVDRQARWY	9jd0_ENA_agC_m0
9jd1_BA_agD_m0	AREGYDFWSGRYYYRREYGMDV	9jd1_BA_agD_m0
9je3_AB_agNA_m0	AKLGPYWYFDV	9je3_AB_agNA_m0
9je3_CD_agNA_m0	ARSGHITVFVNVGDAFDM	5jw3_HL_agB _ A_m0
9je3_EF_agX_m0	AKLGPYWYFDV	9je3_AB_agNA_m0
9je3_GH_agX_m0	ARSGHITVFVNVGDAFDM	5jw3_HL_agB _ A_m0
9jeb_Aa_agB_m0	AKEFYDSGNPRYELFDY	9jeb_Aa_agB_m0
9jeb_Cc_agD_m0	AKEFYDSGNPRYELFDY	9jeb_Aa_agB_m0
9jec_DNA_agA_m0	ARSPSGFN	5m2j_DNA_agA_m0
9jec_ENA_agB_m0	ARSPSGFN	5m2j_DNA_agA_m0
9jec_FNA_agC_m0	ARSPSGFN	5m2j_DNA_agA_m0
9jed_Ss_agA _ D_m0	VRSIYYYSGSPFDF	6crk_Hh_agA _ B _ G_m0
9jeq_Ss_agA _ B_m0	VRSIYYYSGSPFDF	6crk_Hh_agA _ B _ G_m0
9jfk_NNA_agB _ A_m0	ARCPAPFTRDCSTVDFTTYAY	6oya_NNA_agA _ B_m0
9jft_NNA_agA _ B_m0	ARCPAPFTRDCSTVDFTTYAY	6oya_NNA_agA _ B_m0
9jfw_NNA_agA _ B_m0	ARCPAPFTRDCSTVDFTTYAY	6oya_NNA_agA _ B_m0
9jfx_NNA_agA _ B_m0	ARCPAPFTRDCSTVDFTTYAY	6oya_NNA_agA _ B_m0
9jfy_Ss_agA _ B_m0	VRSIYYYSGSPFDF	6crk_Hh_agA _ B _ G_m0
9jfz_NNA_agA _ B_m0	ARCPAPFTRDCSTVDFTTYAY	6oya_NNA_agA _ B_m0
9jg0_HL_agR_m0	ARWGYWPGEWWPKAFDY	6cbv_HL_agB_m0
9jg0_KNA_agNA_m0	AIDSDTFSYGSYDY	6ww2_KNA_agNA_m0
9jh5_NNA_agA _ B_m0	ARCPAPFTRDCSTVDFTTYAY	6oya_NNA_agA _ B_m0
9jh5_Ss_agA_m0	VRSIYYYSGSPFDF	6crk_Hh_agA _ B _ G_m0
9jhj_Ee_agA _ B_m0	VRSIYYYSGSPFDF	6crk_Hh_agA _ B _ G_m0
9jhp_Ss_agA _ B_m0	VRSIYYYSGSPFDF	6crk_Hh_agA _ B _ G_m0
9jic_Ss_agC _ B_m0	VRSIYYYSGSPFDF	6crk_Hh_agA _ B _ G_m0
9jid_Ss_agC _ B_m0	VRSIYYYSGSPFDF	6crk_Hh_agA _ B _ G_m0
9jie_CD_agB_m0	ARDRGSIVEAAPLYIDY	9jie_CD_agB_m0
9jie_HL_agA_m0	ARDRGSIVEAAPLYIDY	9jie_CD_agB_m0
9jif_CD_agB_m0	ARDRGSIVEAAPLYIDY	9jie_CD_agB_m0
9jif_HL_agA_m0	ARDRGSIVEAAPLYIDY	9jie_CD_agB_m0
9jij_EF_agB_m0	ARERGGSVVAAPEHYMDV	9jij_EF_agB_m0
9jij_HL_agA_m0	ARERGGSVVAAPEHYMDV	9jij_EF_agB_m0
9jik_CD_agB_m0	ARYRGSTVVAAPIVFDF	9jik_CD_agB_m0
9jik_HL_agA_m0	ARYRGSTVVAAPIVFDF	9jik_CD_agB_m0
9jim_CD_agB_m0	ARGRGTTRFSLQANDFPFNYYMDV	9jim_CD_agB_m0
9jim_HL_agA_m0	ARGRGTTRFSLQANDFPFNYYMDV	9jim_CD_agB_m0
9jin_CD_agB_m0	ARDVGGMTYCGDRPPFCEGWFDP	9jin_CD_agB_m0
9jin_HL_agA_m0	ARDVGGMTYCGDRPPFCEGWFDP	9jin_CD_agB_m0
9jio_EF_agA_m0	ARDVGGMTYCGDRPPFCEGWFDP	9jin_CD_agB_m0
9jio_HL_agB_m0	ARDVGGMTYCGDRPPFCEGWFDP	9jin_CD_agB_m0
9jkq_NNA_agA _ B_m0	ARCPAPFTRDCSTVDFTTYAY	6oya_NNA_agA _ B_m0
9jkr_AB_agI_m0	AAITGTTDL	6bfq_AB_agI_m0
9jkr_CD_agI_m0	AREGIAVGDALVEYFQH	9jkr_CD_agI_m0
9jkt_Ss_agC _ B_m0	VRSIYYYSGSPFDF	6crk_Hh_agA _ B _ G_m0
9jkx_Ss_agC _ B_m0	VRSIYYYSGSPFDF	6crk_Hh_agA _ B _ G_m0
9jky_Ss_agC _ B_m0	VRSIYYYSGSPFDF	6crk_Hh_agA _ B _ G_m0
9jmb_HL_agA_m0	ARFPPYYGDFSHFDY	9jmb_HL_agA_m0
9jmd_Ee_agA _ B_m0	VRSIYYYSGSPFDF	6crk_Hh_agA _ B _ G_m0
9jme_HL_agA_m0	ARFPPYYGDFSHFDY	9jmb_HL_agA_m0
9jmr_HL_agA_m0	ARFPPYYGDFSHFDY	9jmb_HL_agA_m0
9jms_HL_agA_m0	ARFPPYYGDFSHFDY	9jmb_HL_agA_m0
9jnn_EF_agA_m0	ARLYYGFYGMDY	8jf7_FNA_agA_m0
9jnn_GH_agB_m0	ARPSRGGSYSWYFDV	5b3j_EF_agC_m0
9jnn_IJ_agC_m0	ARLYYGFYGMDY	8jf7_FNA_agA_m0
9jnn_KL_agD_m0	ARPSRGGSYSWYFDV	5b3j_EF_agC_m0
9jno_DB_agA_m0	ARTSLTAFDTYHSYHGMDV	9jno_DB_agA_m0
9jo7_CNA_agB_m0	YYRLNPDQNY	9jo7_CNA_agB_m0
9jo7_ENA_agD_m0	YYRLNPDQNY	9jo7_CNA_agB_m0
9jo7_GNA_agF_m0	YYRLNPDQNY	9jo7_CNA_agB_m0
9jo7_INA_agH_m0	YYRLNPDQNY	9jo7_CNA_agB_m0
9jo7_JNA_agA_m0	YYRLNPDQNY	9jo7_CNA_agB_m0
9jo9_ANA_agB_m0	AGSQSSYYDKLLRPTEYAY	9jo9_ANA_agB_m0
9jo9_CNA_agD_m0	AGSQSSYYDKLLRPTEYAY	9jo9_ANA_agB_m0
9jo9_ENA_agF_m0	AGSQSSYYDKLLRPTEYAY	9jo9_ANA_agB_m0
9jo9_GNA_agH_m0	AGSQSSYYDKLLRPTEYAY	9jo9_ANA_agB_m0
9jo9_INA_agJ_m0	AGSQSSYYDKLLRPTEYAY	9jo9_ANA_agB_m0
9jo9_KNA_agL_m0	AGSQSSYYDKLLRPTEYAY	9jo9_ANA_agB_m0
9jo9_MNA_agN_m0	AGSQSSYYDKLLRPTEYAY	9jo9_ANA_agB_m0
9jo9_ONA_agS_m0	AGSQSSYYDKLLRPTEYAY	9jo9_ANA_agB_m0
9jo9_PNA_agQ_m0	AGSQSSYYDKLLRPTEYAY	9jo9_ANA_agB_m0
9jo9_RNA_agT_m0	AGSQSSYYDKLLRPTEYAY	9jo9_ANA_agB_m0
9jpv_AB_agNA_m0	VRGGEYNWDYFEY	9jpv_AB_agNA_m0
9jpv_CD_agNA_m0	VRGGEDYFEY	9jpv_CD_agNA_m0
9jq6_HI_agF_m0	ARQRKWFRRDAMDY	9jq6_HI_agF_m0
9jq6_JK_agE_m0	ARQRKWFRRDAMDY	9jq6_HI_agF_m0
9jqp_HI_agA_m0	ARRTTVVGDY	9jqp_HI_agA_m0
9jqp_JK_agB _ E_m0	ARRTTVVGDY	9jqp_HI_agA_m0
9jqt_BC_agA_m0	AALRFFGLDY	9jqt_BC_agA_m0
9jqt_DNA_agNA_m0	AIDSDTFSYGSYDY	6ww2_KNA_agNA_m0
9jqu_HL_agA_m0	AKDRDYYSGGFYDY	9jqu_HL_agA_m0
9jqv_CD_agB_m0	AKDRSYVSSGFFDD	9jqv_CD_agB_m0
9jqv_HL_agA_m0	AKDRSYVSSGFFDD	9jqv_CD_agB_m0
9jr2_Ss_agA _ B_m0	VRSIYYYSGSPFDF	6crk_Hh_agA _ B _ G_m0
9jr3_Ss_agA _ B_m0	VRSIYYYSGSPFDF	6crk_Hh_agA _ B _ G_m0
9jrs_ANA_agNA_m0	AARSRGGTWRSNLFNDYDY	9jrs_ANA_agNA_m0
9js4_BA_agC_m0	ARPIYGGNAGMDV	9js4_BA_agC_m0
9js6_HL_agB_m0	ARSDFWRSGYYRYYMDV	9js6_HL_agB_m0
9js7_IL_agB_m0	ARSDFWRSGYYRYYMDV	9js6_HL_agB_m0
9js7_JM_agC_m0	ARSDFWRSGYYRYYMDV	9js6_HL_agB_m0
9jt1_CD_agA_m0	TRDGWLWGWDVYYYNSRNALDV	9jt1_CD_agA_m0
9jt1_HL_agB_m0	AAWSGNSGGMDV	9jt1_HL_agB_m0
9jub_BC_agA_m0	ARDGAYDDAFYYFDL	9jub_BC_agA_m0
9jvg_Ss_agA _ B_m0	VRSIYYYSGSPFDF	6crk_Hh_agA _ B _ G_m0
9jy0_BA_agf_m0	ARSGYYGDDSWYFDV	1xiw_DC_agA _ F_m0
9jy1_PO_age_m0	ARSGYYGDDSWYFDV	1xiw_DC_agA _ F_m0
9jy1_RQ_agE_m0	ARSGYYGDDSWYFDV	1xiw_DC_agA _ F_m0
9jy2_BA_age_m0	ARSGYYGDDSWYFDV	1xiw_DC_agA _ F_m0
9jzq_AB_agE_m0	ARLSLRLLTFDY	9jzq_AB_agE_m0
9jzq_CD_agE_m0	ARHVRGSWLGGGGY	9jzq_CD_agE_m0
9k0c_HL_agA_m0	ARGEVRQRGFDY	4m48_HL_agA_m0
9k0k_NNA_agA _ B_m0	ARCPAPFTPFCSTVDFTTYAY	8iq4_NNA_agA _ B_m0
9k0n_HL_agA_m0	ARGEVRQRGFDY	4m48_HL_agA_m0
9k0o_HL_agA_m0	ARGEVRQRGFDY	4m48_HL_agA_m0
9k0x_NNA_agA _ B_m0	ARCPAPFTPFCSTVDFTTYAY	8iq4_NNA_agA _ B_m0
9k1b_HL_agA_m0	ARGEVRQRGFDY	4m48_HL_agA_m0
9k1f_HL_agA_m0	ARGEVRQRGFDY	4m48_HL_agA_m0
9k1i_HL_agA_m0	ARGEVRQRGFDY	4m48_HL_agA_m0
9k1v_HL_agA_m0	ARGEVRQRGFDY	4m48_HL_agA_m0
9k1x_HL_agA_m0	ARGEVRQRGFDY	4m48_HL_agA_m0
9k1z_HL_agA_m0	ARGEVRQRGFDY	4m48_HL_agA_m0
9k20_Ee_agB _ C_m0	VRSIYYYSGSPFDF	6crk_Hh_agA _ B _ G_m0
9k21_HL_agA_m0	ARGEVRQRGFDY	4m48_HL_agA_m0
9k25_NNA_agA _ B_m0	ARCPAPFTPFCSTVDFTTYAY	8iq4_NNA_agA _ B_m0
9k26_Ss_agC _ B_m0	VRSIYYYSGSPFDF	6crk_Hh_agA _ B _ G_m0
9k27_Dd_agE _ B_m0	VRSIYYYSGSPFDF	6crk_Hh_agA _ B _ G_m0
9k3f_Ss_agA _ G _ B_m0	VRSIYYYSGSPFDF	6crk_Hh_agA _ B _ G_m0
9k3h_Ss_agA _ B_m0	VRSIYYYSGSPFDF	6crk_Hh_agA _ B _ G_m0
9k3k_NNA_agA _ B_m0	ARCPAPFTRDCSTVDFTTYAY	6oya_NNA_agA _ B_m0
9k3k_Ss_agA _ G_m0	VRSIYYYSGSPFDF	6crk_Hh_agA _ B _ G_m0
9k3l_NNA_agA _ B_m0	ARCPAPFTRDCSTVDFTTYAY	6oya_NNA_agA _ B_m0
9k3l_Ss_agA_m0	VRSIYYYSGSPFDF	6crk_Hh_agA _ B _ G_m0
9k3p_NNA_agA _ B_m0	ARCPAPFTRDCSTVDFTTYAY	6oya_NNA_agA _ B_m0
9k3p_Ss_agA_m0	VRSIYYYSGSPFDF	6crk_Hh_agA _ B _ G_m0
9k3t_HL_agA_m0	ARENGNYDPLFAY	9k3t_HL_agA_m0
9k3t_hl_agA_m0	ARGDFGNGFGFFTY	9k3t_hl_agA_m0
9k6j_AB_agC_m0	ARGYGDYYFDY	7mjj_DE_agA_m0
9k6l_Ss_agA _ B_m0	VRSIYYYSGSPFDF	6crk_Hh_agA _ B _ G_m0
9k6y_HL_agR_m0	ARVPYCSSTSDRHCWYFDL	7l58_HL_agB_m0
9k94_BNA_agA_m0	NVDRRVHAPLRSQSY	9k94_BNA_agA_m0
9k94_ENA_agD_m0	NVDRRVHAPLRSQSY	9k94_BNA_agA_m0
9k94_GNA_agF_m0	NVDRRVHAPLRSQSY	9k94_BNA_agA_m0
9k94_HNA_agC_m0	NVDRRVHAPLRSQSY	9k94_BNA_agA_m0
9k94_JNA_agI_m0	NVDRRVHAPLRSQSY	9k94_BNA_agA_m0
9kat_Aa_agNA_m0	VRNVY	9kat_Aa_agNA_m0
9kat_Bb_agNA_m0	VRNVY	9kat_Aa_agNA_m0
9kef_HL_agA_m0	AHRQHISFSPWFDS	9kef_HL_agA_m0
9kep_DA_agB_m0	ARENLDNSGTSFYYYGWFDP	8r3w_Aa_agNA_m0
9kfb_Mm_agK_m0	ARENLDNYYSFYGWFDP	9kfb_Mm_agK_m0
9kfb_Xx_agF_m0	ARENLDNYSFYGWFDP	9kfb_Xx_agF_m0
9kfi_Ss_agI _ T _ G_m0	VRSIYYYSGSPFDF	6crk_Hh_agA _ B _ G_m0
9kfj_Ss_agI _ T _ G_m0	VRSIYYYSGSPFDF	6crk_Hh_agA _ B _ G_m0
9kfk_Ss_agI _ T_m0	VRSIYYYSGSPFDF	6crk_Hh_agA _ B _ G_m0
9kft_Ss_agA _ B_m0	VRSIYYYSGSPFDF	6crk_Hh_agA _ B _ G_m0
9kfw_ANA_agNA_m0	AAVDDVGTTVQAPEHVAMYEYDY	9kfw_ANA_agNA_m0
9kfw_ANA_agNA_m1	AAVDDVGTTVQAPEHVAMYEYDY	9kfw_ANA_agNA_m0
9kfw_ANA_agNA_m10	AAVDDVGTTVQAPEHVAMYEYDY	9kfw_ANA_agNA_m0
9kfw_ANA_agNA_m11	AAVDDVGTTVQAPEHVAMYEYDY	9kfw_ANA_agNA_m0
9kfw_ANA_agNA_m12	AAVDDVGTTVQAPEHVAMYEYDY	9kfw_ANA_agNA_m0
9kfw_ANA_agNA_m13	AAVDDVGTTVQAPEHVAMYEYDY	9kfw_ANA_agNA_m0
9kfw_ANA_agNA_m14	AAVDDVGTTVQAPEHVAMYEYDY	9kfw_ANA_agNA_m0
9kfw_ANA_agNA_m15	AAVDDVGTTVQAPEHVAMYEYDY	9kfw_ANA_agNA_m0
9kfw_ANA_agNA_m16	AAVDDVGTTVQAPEHVAMYEYDY	9kfw_ANA_agNA_m0
9kfw_ANA_agNA_m17	AAVDDVGTTVQAPEHVAMYEYDY	9kfw_ANA_agNA_m0
9kfw_ANA_agNA_m18	AAVDDVGTTVQAPEHVAMYEYDY	9kfw_ANA_agNA_m0
9kfw_ANA_agNA_m19	AAVDDVGTTVQAPEHVAMYEYDY	9kfw_ANA_agNA_m0
9kfw_ANA_agNA_m2	AAVDDVGTTVQAPEHVAMYEYDY	9kfw_ANA_agNA_m0
9kfw_ANA_agNA_m3	AAVDDVGTTVQAPEHVAMYEYDY	9kfw_ANA_agNA_m0
9kfw_ANA_agNA_m4	AAVDDVGTTVQAPEHVAMYEYDY	9kfw_ANA_agNA_m0
9kfw_ANA_agNA_m5	AAVDDVGTTVQAPEHVAMYEYDY	9kfw_ANA_agNA_m0
9kfw_ANA_agNA_m6	AAVDDVGTTVQAPEHVAMYEYDY	9kfw_ANA_agNA_m0
9kfw_ANA_agNA_m7	AAVDDVGTTVQAPEHVAMYEYDY	9kfw_ANA_agNA_m0
9kfw_ANA_agNA_m8	AAVDDVGTTVQAPEHVAMYEYDY	9kfw_ANA_agNA_m0
9kfw_ANA_agNA_m9	AAVDDVGTTVQAPEHVAMYEYDY	9kfw_ANA_agNA_m0
9kgk_BNA_agA_m0	AAASLSTRGCEARSWEYRY	9kgk_BNA_agA_m0
9kgk_ENA_agA_m0	ASRTRAGVTCWNLGAIFSY	8xfp_ENA_agA_m0
9khh_ANA_agC_m0	ASRTRAGVTCWNLGAIFSY	8xfp_ENA_agA_m0
9khh_BNA_agD_m0	ASRTRAGVTCWNLGAIFSY	8xfp_ENA_agA_m0
9kkj_HL_agA_m0	AKQGGLLFYAMDY	9kkj_HL_agA_m0
9kmc_EF_agA_m0	ARLLWNKGAMDY	9kmc_EF_agA_m0
9kmi_HL_agA_m0	ARGEVRQRGFDY	4m48_HL_agA_m0
9kmj_HL_agA_m0	ARGEVRQRGFDY	4m48_HL_agA_m0
9kmk_HL_agA_m0	ARGEVRQRGFDY	4m48_HL_agA_m0
9kml_HL_agA_m0	ARGEVRQRGFDY	4m48_HL_agA_m0
9kmm_HL_agA_m0	ARGEVRQRGFDY	4m48_HL_agA_m0
9kmp_BNA_agA_m0	NVRFNPDRIY	9kmp_BNA_agA_m0
9kmp_DNA_agC_m0	NVRFNPDRIY	9kmp_BNA_agA_m0
9kmp_FNA_agE_m0	NVRFNPDRIY	9kmp_BNA_agA_m0
9kmp_INA_agG_m0	NVRFNPDRIY	9kmp_BNA_agA_m0
9kmp_JNA_agH_m0	NVRFNPDRIY	9kmp_BNA_agA_m0
9kms_BNA_agA_m0	NAFRASFRDTPLYS	9kms_BNA_agA_m0
9kms_DNA_agC_m0	NAFRASFRDTPLYS	9kms_BNA_agA_m0
9kms_FNA_agE_m0	NAFRASFRDTPLYS	9kms_BNA_agA_m0
9kms_HNA_agG_m0	NAFRASFRDTPLYS	9kms_BNA_agA_m0
9kms_JNA_agI_m0	NAFRASFRDTPLYS	9kms_BNA_agA_m0
9knw_CNA_agB_m0	KVEVGWGY	8yw6_CNA_agB_m0
9knx_CNA_agB_m0	KVEVGWGY	8yw6_CNA_agB_m0
9kny_CNA_agB_m0	KVEVGWGY	8yw6_CNA_agB_m0
9ko4_Hh_agA _ B_m0	VRSIYYYSGSPFDF	6crk_Hh_agA _ B _ G_m0
9kod_EF_agC_m0	ARHYFDRDYGWSGMDL	8yvk_EF_agA_m0
9kod_GH_agB_m0	ARHYFDRDYGWSGMDL	8yvk_EF_agA_m0
9kod_IJ_agA_m0	ARHYFDRDYGWSGMDL	8yvk_EF_agA_m0
9kod_KL_agD_m0	ARHYFDRDYGWSGMDL	8yvk_EF_agA_m0
9kpd_NNA_agA _ B_m0	ARCPAPFTRDCSTVDFTTYAY	6oya_NNA_agA _ B_m0
9kpe_Ss_agA _ B_m0	VRSIYYYSGSPFDF	6crk_Hh_agA _ B _ G_m0
9kpf_Ss_agA _ B_m0	VRSIYYYSGSPFDF	6crk_Hh_agA _ B _ G_m0
9kqc_BNA_agA_m0	KAYTAGICGWNIFY	9kqc_BNA_agA_m0
9kt3_GJ_agC_m0	ARQGDLGWDILLGY	8z6q_ED_agA_m0
9kt3_HK_agA_m0	ARQGDLGWDILLGY	8z6q_ED_agA_m0
9kt3_IL_agB_m0	ARQGDLGWDILLGY	8z6q_ED_agA_m0
9kt7_Ee_agA _ B_m0	VRSIYYYSGSPFDF	6crk_Hh_agA _ B _ G_m0
9kt8_Ee_agA _ B_m0	VRSIYYYSGSPFDF	6crk_Hh_agA _ B _ G_m0
9kt9_Ee_agA _ B_m0	VRSIYYYSGSPFDF	6crk_Hh_agA _ B _ G_m0
9kug_Hh_agB _ C_m0	VRSIYYYSGSPFDF	6crk_Hh_agA _ B _ G_m0
9kur_GD_agA_m0	AKDHLELSIYYYNYGMDV	9kur_GD_agA_m0
9kur_HL_agB_m0	AKDHLELSAQYYYNIYGMDV	9kur_HL_agB_m0
9kv6_Hh_agA _ B_m0	VRSIYYYSGSPFDF	6crk_Hh_agA _ B _ G_m0
9kv8_Hh_agA _ B_m0	VRSIYYYSGSPFDF	6crk_Hh_agA _ B _ G_m0
9kvd_AB_agC_m0	VRDGGDPAVTGRFFDY	9kvd_AB_agC_m0
9kvd_DF_agC_m0	ARDTYPSAWSWGY	9kvd_DF_agC_m0
9kvd_EG_agC_m0	ATRDSGPRGVDDY	9kvd_EG_agC_m0
9kve_AB_agC_m0	AKDRNLYYYDSETYYGFSFDY	9kve_AB_agC_m0
9kve_DF_agC_m0	ATRDGNIVGVADY	9kve_DF_agC_m0
9kve_EG_agC_m0	TRVVIVVFMATRHFDY	9kve_EG_agC_m0
9kvf_BA_agG_m0	TKDRVAVGPRPSFDS	9kvf_BA_agG_m0
9kvf_CD_agG_m0	TRVVIVVFMATRHFDY	9kve_EG_agC_m0
9kvf_FE_agG_m0	AKDRNLYYYDSETYYGFSFDY	9kve_AB_agC_m0
9kvg_Ee_agA _ B_m0	VRSIYYYSGSPFDF	6crk_Hh_agA _ B _ G_m0
9kvj_CD_agG_m0	ARGGNWDWYFDV	7wb5_HL_agR_m0
9kvk_AB_agG_m0	IRGMTYAMDF	8iv4_AB_agG_m0
9kvk_CD_agG_m0	ARGGNWDWYFDV	7wb5_HL_agR_m0
9kvk_HL_agG_m0	VRHSGNYDVSVMDY	8iv4_HL_agG_m0
9kvq_AB_agG_m0	IRGMTYAMDF	8iv4_AB_agG_m0
9kvq_CD_agG_m0	ARGGNWDWYFDV	7wb5_HL_agR_m0
9kvq_HL_agG_m0	VRHSGNYDVSVMDY	8iv4_HL_agG_m0
9kvt_AB_agG_m0	IRGMTYAMDF	8iv4_AB_agG_m0
9kvt_CD_agG_m0	ARGGNWDWYFDV	7wb5_HL_agR_m0
9kvt_HL_agG_m0	VRHSGNYDVSVMDY	8iv4_HL_agG_m0
9kwe_HL_agE_m0	SREDDYDGPTFAMDY	9kwe_HL_agE_m0
9kwg_Hh_agB _ C_m0	VRSIYYYSGSPFDF	6crk_Hh_agA _ B _ G_m0
9kwx_Hh_agB _ C_m0	VRSIYYYSGSPFDF	6crk_Hh_agA _ B _ G_m0
9kwy_CB_agG _ A_m0	ARGGNWDWYFDV	7wb5_HL_agR_m0
9kwz_HL_agE _ B_m0	SREDDYDGPTFAMDY	9kwe_HL_agE_m0
9kx6_Hh_agB _ C_m0	VRSIYYYSGSPFDF	6crk_Hh_agA _ B _ G_m0
9kxs_Hh_agB _ C_m0	VRSIYYYSGSPFDF	6crk_Hh_agA _ B _ G_m0
9ky2_BC_agF _ U_m0	ARSRQFWYSGLDY	4jqi_HL_agA _ V_m0
9ky2_DE_agA _ V_m0	ARSRQFWYSGLDY	4jqi_HL_agA _ V_m0
9kyo_HL_agA_m0	ARGEVRQRGFDY	4m48_HL_agA_m0
9kyu_IM_agA _ U_m0	ARSRQFWYSGLDY	4jqi_HL_agA _ V_m0
9kyu_RQ_agD _ X_m0	ARSRQFWYSGLDY	4jqi_HL_agA _ V_m0
9kyz_AB_agC _ D_m0	ARSQGGSGLARFKWFDP	9kyz_AB_agC _ D_m0
9kz2_Hh_agA _ B_m0	VRSIYYYSGSPFDF	6crk_Hh_agA _ B _ G_m0
9kz8_Hh_agA _ B_m0	VRSIYYYSGSPFDF	6crk_Hh_agA _ B _ G_m0
9kzd_HL_agA_m0	ARGGSGQFWYFDL	9kzd_HL_agA_m0
9kze_HL_agA_m0	ATEGSLTGYYRY	9kze_HL_agA_m0
9kzk_Hh_agA _ B_m0	VRSIYYYSGSPFDF	6crk_Hh_agA _ B _ G_m0
9kzz_HL_agA_m0	ARGGSGQFWYFDL	9kzd_HL_agA_m0
9kzz_IM_agB_m0	ARGGSGQFWYFDL	9kzd_HL_agA_m0
9kzz_JN_agC_m0	ARGGSGQFWYFDL	9kzd_HL_agA_m0
9l05_HL_agA_m0	ARVDVGGTVLSTFDH	9l05_HL_agA_m0
9l07_HL_agA_m0	ARVSVGGRVLSTFDY	9l07_HL_agA_m0
9l15_HL_agA_m0	ARVSVGGRVLSTFDY	9l07_HL_agA_m0
9l15_IM_agB_m0	ARVSVGGRVLSTFDY	9l07_HL_agA_m0
9l15_JN_agC_m0	ARVSVGGRVLSTFDY	9l07_HL_agA_m0
9l1j_ANA_agNA_m0	AQRGSRMDY	9l1j_ANA_agNA_m0
9l1k_ANA_agNA_m0	ARRDRGGMDY	9l1k_ANA_agNA_m0
9l1k_BNA_agNA_m0	ARRDRGGMDY	9l1k_ANA_agNA_m0
9l1k_CNA_agNA_m0	ARRDRGGMDY	9l1k_ANA_agNA_m0
9l1k_DNA_agNA_m0	ARRDRGGMDY	9l1k_ANA_agNA_m0
9l1l_CD_agP _ B _ A_m0	ARAYGSSDYYAMDY	9l1l_CD_agP _ B _ A_m0
9l1o_HL_agE_m0	SREDDYDGPTFAMDY	9kwe_HL_agE_m0
9l1p_HL_agE _ B_m0	SREDDYDGPTFAMDY	9kwe_HL_agE_m0
9l1q_HL_agE _ B_m0	SREDDYDGPTFAMDY	9kwe_HL_agE_m0
9l1q_hl_agF_m0	SREDDYDGPTFAMDY	9kwe_HL_agE_m0
9l1s_CB_agA_m0	ARNLGPSFYFDY	1l7i_HL_ag_m0
9l2k_HL_agA_m0	VGDRDYFSGGFFDH	9l2k_HL_agA_m0
9l2l_GP_agD_m0	ARVDVGGTVLSTFDH	9l05_HL_agA_m0
9l2l_HL_agA_m0	ARVDVGGTVLSTFDH	9l05_HL_agA_m0
9l2l_IM_agB_m0	ARVDVGGTVLSTFDH	9l05_HL_agA_m0
9l2l_JN_agC_m0	ARVDVGGTVLSTFDH	9l05_HL_agA_m0
9l2l_KQ_agE_m0	ARVDVGGTVLSTFDH	9l05_HL_agA_m0
9l2l_OR_agF_m0	ARVDVGGTVLSTFDH	9l05_HL_agA_m0
9l3z_HL_agA_m0	ARWGYWPGEWWPKAFDY	6cbv_HL_agB_m0
9l42_Ee_agB _ C_m0	VRSIYYYSGSPFDF	6crk_Hh_agA _ B _ G_m0
9l6c_AB_agE_m0	ARDGLDLEFLWGLFDY	9l6c_AB_agE_m0
9l6c_DF_agE_m0	ARDLVVYGMDV	7swo_HL_agA_m0
9l6c_HL_agE_m0	ARGDSSGYYYYFDY	7jw0_DC_agB_m0
9l79_NNA_agA _ B _ G_m0	ARCPAPFTRDCSTVDFTTYAY	6oya_NNA_agA _ B_m0
9l79_Ss_agA_m0	VRSIYYYSGSPFDF	6crk_Hh_agA _ B _ G_m0
9l80_NNA_agA _ B_m0	ARCPAPFTRDCSTVDFTTYAY	6oya_NNA_agA _ B_m0
9l80_Ss_agA_m0	VRSIYYYSGSPFDF	6crk_Hh_agA _ B _ G_m0
9l84_NNA_agA _ B_m0	ARCPAPFTRDCSTVDFTTYAY	6oya_NNA_agA _ B_m0
9l8z_CB_agA_m0	ARANFEGGYGWDPYFDS	9l8z_CB_agA_m0
9l8z_FE_agD_m0	ARANFEGGYGWDPYFDS	9l8z_CB_agA_m0
9l9o_BC_agA_m0	ARWGYWPGEWWPKAFDY	6cbv_HL_agB_m0
9l9o_DNA_agNA_m0	AIDSDTFSYGSYDY	6ww2_KNA_agNA_m0
9l9y_AB_agD_m0	TRDYGAY	9l9y_AB_agD_m0
9l9y_HL_agC_m0	TRDYGAY	9l9y_AB_agD_m0
9l9z_HL_agNA_m0	TRDYGAY	9l9y_AB_agD_m0
9lad_BNA_agC_m0	NARAGRYDY	9lad_BNA_agC_m0
9lae_AB_agG_m0	TRDGYPDYYALDY	9lae_AB_agG_m0
9lae_HL_agG_m0	VRHSGNYDVSVMDY	8iv4_HL_agG_m0
9lbs_AB_agF_m0	ARDYTRGAWFILSEGGGFDN	6wps_CD_agB_m0
9lbs_DC_agF_m0	ARSPTPPDGFDI	9lbs_DC_agF_m0
9lbs_HL_agF_m0	ARGDSSGYYYYFDY	7jw0_DC_agB_m0
9lbw_HL_agB _ A_m0	ARGVNSRSSVYNYGFEV	9lbw_HL_agB _ A_m0
9lds_ANA_agB_m0	NARRGATNT	9lds_ANA_agB_m0
9lds_CNA_agD_m0	NARRGATNT	9lds_ANA_agB_m0
9ldx_Ss_agA _ B_m0	VRSIYYYSGSPFDF	6crk_Hh_agA _ B _ G_m0
9le0_Ss_agA _ B_m0	VRSIYYYSGSPFDF	6crk_Hh_agA _ B _ G_m0
9leo_AB_agH_m0	VRKDFGSSHHFDY	9leo_AB_agH_m0
9leo_CD_agH_m0	ARYYDAPYYFDY	9leo_CD_agH_m0
9lf8_DC_agS_m0	AKGDTYPAAMDY	9lf8_DC_agS_m0
9lf8_FE_agR_m0	AKGDTYPAAMDY	9lf8_DC_agS_m0
9lf8_HL_agQ_m0	AKGDTYPAAMDY	9lf8_DC_agS_m0
9lf8_OJ_agT_m0	AKGDTYPAAMDY	9lf8_DC_agS_m0
9lgm_NNA_agA _ B _ C_m0	ARCPAPFTRDCSTVDFTTYAY	6oya_NNA_agA _ B_m0
9lh2_BNA_agA_m0	AKDHHAHEDHFDFGSNRKYDY	9lh2_BNA_agA_m0
9lh2_DNA_agC_m0	AKDHHAHEDHFDFGSNRKYDY	9lh2_BNA_agA_m0
9ljj_MNA_agA_m0	NTGYF	9ljj_MNA_agA_m0
9ljj_NNA_agB_m0	NTGYF	9ljj_MNA_agA_m0
9lle_NNA_agD _ B _ C_m0	ARCPAPFTRDCSTVDFTTYAY	6oya_NNA_agA _ B_m0
9llf_NNA_agA _ C _ B_m0	ARCPAPFTRDCSTVDFTTYAY	6oya_NNA_agA _ B_m0
9llh_NNA_agA _ C _ B_m0	ARCPAPFTRDCSTVDFTTYAY	6oya_NNA_agA _ B_m0
9llj_NNA_agA _ C _ B_m0	ARCPAPFTRDCSTVDFTTYAY	6oya_NNA_agA _ B_m0
9lly_DI_agA_m0	ASHDWFGEPSPTYFDY	9lly_DI_agA_m0
9lly_EK_agB_m0	ASHDWFGEPSPTYFDY	9lly_DI_agA_m0
9lly_FM_agC_m0	ASHDWFGEPSPTYFDY	9lly_DI_agA_m0
9lly_GN_agB_m0	TTKFYDYSSGTYYYPIYGLDV	9lly_GN_agB_m0
9lly_HL_agA_m0	TTKFYDYSSGTYYYPIYGLDV	9lly_GN_agB_m0
9lly_JO_agC_m0	TTKFYDYSSGTYYYPIYGLDV	9lly_GN_agB_m0
9lm5_DNA_agC_m0	AAGNAAWGLVETYYDADFAY	9lm5_DNA_agC_m0
9lm5_ENA_agA_m0	AAGNAAWGLVETYYDADFAY	9lm5_DNA_agC_m0
9lm5_FNA_agB_m0	AAGNAAWGLVETYYDADFAY	9lm5_DNA_agC_m0
9lm6_DNA_agA_m0	KTRLCGEADTYCDGGSCRDSGY	9lm6_DNA_agA_m0
9lm6_ENA_agB_m0	KTRLCGEADTYCDGGSCRDSGY	9lm6_DNA_agA_m0
9lm6_FNA_agC_m0	KTRLCGEADTYCDGGSCRDSGY	9lm6_DNA_agA_m0
9lme_CNA_agB_m0	ALGFRTLTGL	9lme_CNA_agB_m0
9lme_FNA_agA_m0	ALGFRTLTGL	9lme_CNA_agB_m0
9lmo_HL_agR_m0	ARWGYWPGEWWPKAFDY	6cbv_HL_agB_m0
9lmo_KNA_agNA_m0	AIDSDTFSYGSYDY	6ww2_KNA_agNA_m0
9loe_BC_agA_m0	TTDRWEVDYDYTRHYTGWNMGDY	9loe_BC_agA_m0
9lof_BC_agA_m0	AKVGPWYFYDSLLHVSYYFDY	9lof_BC_agA_m0
9log_BC_agA_m0	ARDPGSNWAADRIDGYYFDY	9log_BC_agA_m0
9loy_EF_agC_m0	ARSYGDFYVDF	7xmx_EF_agC_m0
9loy_HI_agA_m0	ARSYGDFYVDF	7xmx_EF_agC_m0
9loz_BC_agA_m0	ARSYGDFYVDF	7xmx_EF_agC_m0
9lp0_DE_agC_m0	ARSYGDFYVDF	7xmx_EF_agC_m0
9lp1_AB_agC_m0	ARSYGDFYVDF	7xmx_EF_agC_m0
9lqu_CNA_agA_m0	AAVPRAGIEYSGMNWKCYAKDSGS	8z74_ANA_agC_m0
9lqu_DNA_agB_m0	AAVPRAGIEYSGMNWKCYAKDSGS	8z74_ANA_agC_m0
9lqw_CNA_agA_m0	AAVPRAGIEYSGMNWKCYAKDSGS	8z74_ANA_agC_m0
9lqw_DNA_agB_m0	AAVPRAGIEYSGMNWKCYAKDSGS	8z74_ANA_agC_m0
9lqx_CNA_agA_m0	AAVPRAGIEYSGMNWKCYAKDSGS	8z74_ANA_agC_m0
9lqx_DNA_agB_m0	AAVPRAGIEYSGMNWKCYAKDSGS	8z74_ANA_agC_m0
9lr1_CNA_agR_m0	AAVPRAGIEYSGMNWKCYAKDSGS	8z74_ANA_agC_m0
9lr1_Ss_agA _ B_m0	VRSIYYYSGSPFDF	6crk_Hh_agA _ B _ G_m0
9lr2_CNA_agR_m0	AAVPRAGIEYSGMNWKCYAKDSGS	8z74_ANA_agC_m0
9lr2_DNA_agQ_m0	AAVPRAGIEYSGMNWKCYAKDSGS	8z74_ANA_agC_m0
9lr2_Ss_agA _ B_m0	VRSIYYYSGSPFDF	6crk_Hh_agA _ B _ G_m0
9lra_HL_agK_m0	SRPTTATSRSAMDY	9lra_HL_agK_m0
9lrb_NNA_agA _ B_m0	ARCPAPFTRDCSTVDFTTYAY	6oya_NNA_agA _ B_m0
9lrd_Ee_agA _ B_m0	VRSIYYYSGSPFDF	6crk_Hh_agA _ B _ G_m0
9lre_Ee_agB _ A_m0	VRSIYYYSGSPFDF	6crk_Hh_agA _ B _ G_m0
9lrf_HL_agK_m0	ARVSGTTGYYGYGMDV	9lrf_HL_agK_m0
9ls3_DE_agA_m0	ARDGDYGDEYETFDY	9ls3_DE_agA_m0
9ls3_FG_agB_m0	ARDGDYGDEYETFDY	9ls3_DE_agA_m0
9ls3_HI_agC_m0	ARDGDYGDEYETFDY	9ls3_DE_agA_m0
9lsy_EC_agD_m0	ARETTASFAY	9lsy_EC_agD_m0
9lsy_HF_agA_m0	ARETTASFAY	9lsy_EC_agD_m0
9lsz_HL_agA_m0	ARFYYSYNYDEYALDY	9lsz_HL_agA_m0
9lu3_DE_agB_m0	TRDPDSSGLYAWFAY	9lu3_DE_agB_m0
9lu3_HL_agA_m0	TRDPDSSGLYAWFAY	9lu3_DE_agB_m0
9lue_AB_agG_m0	ARSGANWDWFAY	9lue_AB_agG_m0
9lue_CD_agG_m0	ARDYGSYYYPMDY	9lue_CD_agG_m0
9lue_HL_agG_m0	TRGDYPYWVFEV	9lue_HL_agG_m0
9luk_HL_agNA_m0	TSSTSVGGS	5x5x_HL_ag_m0
9lux_Aa_agNA_m0	QQSREDLT	9lux_Aa_agNA_m0
9lux_Bb_agNA_m0	QQSREDLT	9lux_Aa_agNA_m0
9lux_Cc_agNA_m0	QQSREDLT	9lux_Aa_agNA_m0
9lux_Dd_agNA_m0	QQSREDLT	9lux_Aa_agNA_m0
9lux_Ee_agNA_m0	QQSREDLT	9lux_Aa_agNA_m0
9lux_Ff_agNA_m0	QQSREDLT	9lux_Aa_agNA_m0
9luy_Aa_agNA_m0	QQSREDLT	9lux_Aa_agNA_m0
9lvb_HL_agA_m0	ARWGYWPGEWWPKAFDY	6cbv_HL_agB_m0
9lvb_NNA_agNA_m0	AIDSDTFSYGSYDY	6ww2_KNA_agNA_m0
9lw5_NNA_agA _ B_m0	ARCPAPFTRDCSTVDFTTYAY	6oya_NNA_agA _ B_m0
9lw5_Ss_agA_m0	VRSIYYYSGSPFDF	6crk_Hh_agA _ B _ G_m0
9lwc_NNA_agA _ B_m0	RDCFDVTSTTYAY	9lwc_NNA_agA _ B_m0
9lxp_CE_agB _ R_m0	ARSRQFWYSGLDY	4jqi_HL_agA _ V_m0
9lxr_CE_agB _ R_m0	ARSRQFWYSGLDY	4jqi_HL_agA _ V_m0
9ly2_CE_agB _ R_m0	ARSRQFWYSGLDY	4jqi_HL_agA _ V_m0
9ly3_CE_agB _ R_m0	ARSRQFWYSGLDY	4jqi_HL_agA _ V_m0
9ly5_AB_agC_m0	TRRTPPWHFAV	9ly5_AB_agC_m0
9ly6_BC_agA_m0	TRRTPPWHFAV	9ly5_AB_agC_m0
9ly6_DE_agA_m0	TRRTWHFAV	9ly6_DE_agA_m0
9lyb_NNA_agA _ B_m0	ARCPAPFTRDCSTVDFTTYAY	6oya_NNA_agA _ B_m0
9lyc_NNA_agC _ B _ G_m0	ARCPAPFTRDCSTVDFTTYAY	6oya_NNA_agA _ B_m0
9lyo_hg_agC_m0	ASGSDYGDYLLVY	6xdg_CA_agE_m0
9lyo_ji_agB_m0	ASGSDYGDYLLVY	6xdg_CA_agE_m0
9lyo_nl_agA_m0	ASGSDYGDYLLVY	6xdg_CA_agE_m0
9lyp_ji_agB_m0	ASGSDYGDYLLVY	6xdg_CA_agE_m0
9lz0_HL_agA _ R_m0	ARSRQFWYSGLDY	4jqi_HL_agA _ V_m0
9lz1_HL_agA _ R_m0	ARSRQFWYSGLDY	4jqi_HL_agA _ V_m0
9lz2_HL_agA _ R_m0	ARSRQFWYSGLDY	4jqi_HL_agA _ V_m0
9m0j_NNA_agA _ B_m0	ARCPAPFTRDCSTVDFTTYAY	6oya_NNA_agA _ B_m0
9m0r_Ss_agA _ B_m0	VRSIYYYSGSPFDF	6crk_Hh_agA _ B _ G_m0
9m0x_NNA_agA _ C _ B_m0	ARCPAPFTRDCSTVDFTTYAY	6oya_NNA_agA _ B_m0
9m0z_NNA_agA _ C _ B_m0	ARCPAPFTRDCSTVDFTTYAY	6oya_NNA_agA _ B_m0
9m1o_Ss_agA _ B_m0	VRSIYYYSGSPFDF	6crk_Hh_agA _ B _ G_m0
9m1p_NNA_agA _ C _ B_m0	ARCPAPFTRDCSTVDFTTYAY	6oya_NNA_agA _ B_m0
9m2f_Ss_agA _ B_m0	VRSIYYYSGSPFDF	6crk_Hh_agA _ B _ G_m0
9m2o_NNA_agA _ C _ B_m0	ARCPAPFTRDCSTVDFTTYAY	6oya_NNA_agA _ B_m0
9m2s_NNA_agA _ C _ B_m0	ARCPAPFTRDCSTVDFTTYAY	6oya_NNA_agA _ B_m0
9m3q_NNA_agA _ C _ B_m0	ARCPAPFTRDCSTVDFTTYAY	6oya_NNA_agA _ B_m0
9m3s_NNA_agA _ B_m0	ARCPAPFTRDCSTVDFTTYAY	6oya_NNA_agA _ B_m0
9m40_NNA_agA _ C _ B_m0	ARCPAPFTRDCSTVDFTTYAY	6oya_NNA_agA _ B_m0
9m54_Ss_agA _ G _ B_m0	VRSIYYYSGSPFDF	6crk_Hh_agA _ B _ G_m0
9m57_Ss_agA _ B _ G_m0	VRSIYYYSGSPFDF	6crk_Hh_agA _ B _ G_m0
9m5b_AB_agC_m0	VREFYDAFDI	9m5b_AB_agC_m0
9m5d_ANA_agNA_m0	ARLRDGFNNGFDY	9m5d_ANA_agNA_m0
9m5d_DNA_agH_m0	ARLRDGFNNGFDY	9m5d_ANA_agNA_m0
9m6j_ANA_agH_m0	AARDGIPTSVTRGSYNY	9m6j_ANA_agH_m0
9m6o_BNA_agA_m0	AARDGIPTSVTRGSYNY	9m6j_ANA_agH_m0
9m6o_CNA_agH_m0	AARDGIPTSVTRGSYNY	9m6j_ANA_agH_m0
9m72_AB_agC_m0	ARSGGTYYYAMDS	9m72_AB_agC_m0
9m72_DF_agH_m0	ARSGGTYYYAMDS	9m72_AB_agC_m0
9m72_EG_agI_m0	ARSGGTYYYAMDS	9m72_AB_agC_m0
9m7v_HL_agC _ B _ A_m0	ARGGYYDYDGDY	9m7v_HL_agC _ B _ A_m0
9m8k_Nn_agA _ B_m0	VRSIYYYSGSPFDF	6crk_Hh_agA _ B _ G_m0
9m8l_Nn_agA _ B_m0	VRSIYYYSGSPFDF	6crk_Hh_agA _ B _ G_m0
9ma0_BC_agA_m0	AKDPRYSSSHRWNWFDP	9ma0_BC_agA_m0
9ma7_BC_agA_m0	ARGPSSGNYYYNYGMDV	9ma7_BC_agA_m0
9ma7_DE_agA_m0	ARDATYSTSPSFRWFDP	9ma7_DE_agA_m0
9ma7_FG_agA_m0	ARDSIMIYGRGLDY	9ma7_FG_agA_m0
9md2_EI_agB_m0	ARGGYYGSYSWYFDV	9md2_EI_agB_m0
9md2_FJ_agC_m0	ARGGYYGSYSWYFDV	9md2_EI_agB_m0
9md2_GK_agD_m0	ARGGYYGSYSWYFDV	9md2_EI_agB_m0
9md2_HL_agA_m0	ARGGYYGSYSWYFDV	9md2_EI_agB_m0
9md3_EI_agB_m0	ARSDDGDYFDY	9md3_EI_agB_m0
9md3_FJ_agC_m0	ARSDDGDYFDY	9md3_EI_agB_m0
9md3_GK_agD_m0	ARSDDGDYFDY	9md3_EI_agB_m0
9md3_HL_agA_m0	ARSDDGDYFDY	9md3_EI_agB_m0
9md4_EI_agB_m0	ARAGYYYGYSSWYFDV	9md4_EI_agB_m0
9md4_FJ_agC_m0	ARAGYYYGYSSWYFDV	9md4_EI_agB_m0
9md4_GK_agD_m0	ARAGYYYGYSSWYFDV	9md4_EI_agB_m0
9md4_HL_agA_m0	ARAGYYYGYSSWYFDV	9md4_EI_agB_m0
9md5_EI_agB_m0	ARAHYVDEYSRWYFDV	9md5_EI_agB_m0
9md5_FJ_agC_m0	ARAHYVDEYSRWYFDV	9md5_EI_agB_m0
9md5_GK_agD_m0	ARAHYVDEYSRWYFDV	9md5_EI_agB_m0
9md5_HL_agA_m0	ARAHYVDEYSRWYFDV	9md5_EI_agB_m0
9md6_EI_agB_m0	SQSGNYDYDDYAMDY	9md6_EI_agB_m0
9md6_FJ_agC_m0	SQSGNYDYDDYAMDY	9md6_EI_agB_m0
9md6_GK_agD_m0	SQSGNYDYDDYAMDY	9md6_EI_agB_m0
9md6_HL_agA_m0	SQSGNYDYDDYAMDY	9md6_EI_agB_m0
9mdz_ENA_agNA_m0	AAKRPDAWGQTYDY	9mdz_ENA_agNA_m0
9me4_HL_agA_m0	EVGRGFYGMDY	9me4_HL_agA_m0
9me4_IM_agA_m0	ARSYYGSLDY	9me4_IM_agA_m0
9me5_HL_agA_m0	ARGVIRDF	9me5_HL_agA_m0
9me5_IM_agA_m0	ARSYYGSLDY	9me4_IM_agA_m0
9me6_HL_agA_m0	EVGRGFYGMDY	9me4_HL_agA_m0
9me6_IM_agA_m0	ARSYYGSLDY	9me4_IM_agA_m0
9me6_JN_agA_m0	ARSTMGVYRYGDSYAMDY	9me6_JN_agA_m0
9me7_IM_agA_m0	ARSYYGSLDY	9me4_IM_agA_m0
9me7_JN_agA_m0	ARSTMGVYRYGDSYAMDY	9me6_JN_agA_m0
9mer_HL_agB_m0	ARGTEDLGYGSSCSCPNH	6obz_AB_ag_m0
9mev_HL_agB_m0	ARGTEDLGYGSSCSCPNH	6obz_AB_ag_m0
9mew_ED_agB_m0	ATDKTYVSGYWTSTYYFNY	5w1k_BA_agP_m0
9mew_JI_agG_m0	ATDKTYVSGYWTSTYYFNY	5w1k_BA_agP_m0
9mew_ON_agL_m0	ATDKTYVSGYWTSTYYFNY	5w1k_BA_agP_m0
9mfg_ENA_agD_m0	AAKRPDAWGQTYDY	9mdz_ENA_agNA_m0
9mfg_FNA_agC_m0	AAKRPDAWGQTYDY	9mdz_ENA_agNA_m0
9mfg_GNA_agA_m0	AAKRPDAWGQTYDY	9mdz_ENA_agNA_m0
9mfg_HNA_agB_m0	AAKRPDAWGQTYDY	9mdz_ENA_agNA_m0
9mfn_HL_agNA_m0	VRDRVTGAFDI	5sx4_HL_agN_m0
9mgb_Aa_agQ _ D_m0	LDEWGIAGAREVY	9mgb_Aa_agQ _ D_m0
9mgb_Cc_agF _ B_m0	LDEWGIAGAREVY	9mgb_Aa_agQ _ D_m0
9mgb_Gg_agF_m0	LEDRCLNGLKETY	9mgb_Gg_agF_m0
9mgb_Ii_agM _ J_m0	LDEWGIAGAREVY	9mgb_Aa_agQ _ D_m0
9mi0_GI_agF_m0	ATGGMSSALKSSQYYFDF	6nf5_GI_agD_m0
9mi0_HL_agA_m0	ARPMHDYDDHDWYFDL	9mi0_HL_agA_m0
9mi0_JM_agB_m0	ATGGMSSALKSSQYYFDF	6nf5_GI_agD_m0
9mi0_KN_agC_m0	ARPMHDYDDHDWYFDL	9mi0_HL_agA_m0
9mi0_OQ_agD_m0	ATGGMSSALKSSQYYFDF	6nf5_GI_agD_m0
9mi0_PR_agE_m0	ARPMHDYDDHDWYFDL	9mi0_HL_agA_m0
9mi3_BD_agA_m0	ATAGAITGTPRYYYFNYGMDV	9ecx_CD_agNA_m0
9mi3_EF_agC_m0	ATAGAITGTPRYYYFNYGMDV	9ecx_CD_agNA_m0
9mi3_HL_agK_m0	ATAGAITGTPRYYYFNYGMDV	9ecx_CD_agNA_m0
9mi6_HL_agA _ B_m0	ARLAIGDSY	5whj_HL_ag_m0
9mi7_HL_agNA_m0	VRDRVTGAFDI	5sx4_HL_agN_m0
9mib_GI_agF_m0	ATGGMSSALKSSQYYFDF	6nf5_GI_agD_m0
9mib_HL_agA_m0	ARPKDCSGCSGYDFDY	9mib_HL_agA_m0
9mib_JM_agB_m0	ATGGMSSALKSSQYYFDF	6nf5_GI_agD_m0
9mib_KN_agC_m0	ARPKDCSGCSGYDFDY	9mib_HL_agA_m0
9mib_OQ_agD_m0	ATGGMSSALKSSQYYFDF	6nf5_GI_agD_m0
9mib_PR_agE_m0	ARPKDCSGCSGYDFDY	9mib_HL_agA_m0
9mic_HL_agC_m0	ARSPARELLPLDY	9mic_HL_agC_m0
9mid_HL_agC_m0	ARAPDYGRDWDFDY	9mid_HL_agC_m0
9mif_HL_agC_m0	ARPKDCSGCSGYDFDY	9mib_HL_agA_m0
9mih_GI_agD_m0	ATGGMSSALKSSQYYFDF	6nf5_GI_agD_m0
9mih_HL_agA_m0	ARSPARELLPLDY	9mic_HL_agC_m0
9mih_JK_agF _ C_m0	ATGGMSSALKSSQYYFDF	6nf5_GI_agD_m0
9mih_MN_agB _ E_m0	ATGGMSSALKSSQYYFDF	6nf5_GI_agD_m0
9miv_DE_agB_m0	ARGYSYGFAYNPWHYLDV	8ejh_HL_agA_m0
9miv_FG_agC_m0	ARGYSYGFAYNPWHYLDV	8ejh_HL_agA_m0
9miv_HL_agA_m0	ARGYSYGFAYNPWHYLDV	8ejh_HL_agA_m0
9mj1_DE_agB_m0	ARGYSYGFAYNPWHYLDV	8ejh_HL_agA_m0
9mj1_FG_agC_m0	ARGYSYGFAYNPWHYLDV	8ejh_HL_agA_m0
9mj1_HL_agA_m0	ARGYSYGFAYNPWHYLDV	8ejh_HL_agA_m0
9mj3_HL_agC_m0	ARPMHDYDDHDWYFDL	9mi0_HL_agA_m0
9mj6_EF_agNA_m0	ARDYGGGYPLDF	9mj6_EF_agNA_m0
9mj6_HL_agNA_m0	ARDYGGGYPLDF	9mj6_EF_agNA_m0
9mjc_EF_agNA_m0	ARSPARELLPLDY	9mic_HL_agC_m0
9mjc_HL_agNA_m0	ARSPARELLPLDY	9mic_HL_agC_m0
9mjd_EF_agNA_m0	ARAPDYGRDWDFDY	9mid_HL_agC_m0
9mjd_IJ_agNA_m0	ARAPDYGRDWDFDY	9mid_HL_agC_m0
9mjd_MN_agNA_m0	ARAPDYGRDWDFDY	9mid_HL_agC_m0
9mjd_PR_agNA_m0	ARAPDYGRDWDFDY	9mid_HL_agC_m0
9mji_CD_agNA_m0	ARPKDCSGCSGYDFDY	9mib_HL_agA_m0
9mji_HL_agNA_m0	ARPKDCSGCSGYDFDY	9mib_HL_agA_m0
9mk4_CD_agNA_m0	ARPMHDYDDHDWYFDL	9mi0_HL_agA_m0
9mk4_HL_agNA_m0	ARPMHDYDDHDWYFDL	9mi0_HL_agA_m0
9mkn_HL_agB_m0	ARDPPASAAAMFDY	9mkn_HL_agB_m0
9mkn_IM_agD_m0	ARDPPASAAAMFDY	9mkn_HL_agB_m0
9mkn_JN_agF_m0	ARDPPASAAAMFDY	9mkn_HL_agB_m0
9mkn_OP_agB _ A_m0	VHSDLYDRGLYYGYYFDY	9mkn_OP_agB _ A_m0
9mkn_QR_agD _ C_m0	VHSDLYDRGLYYGYYFDY	9mkn_OP_agB _ A_m0
9mkn_ST_agF _ E_m0	VHSDLYDRGLYYGYYFDY	9mkn_OP_agB _ A_m0
9ml1_HL_agC_m0	ARTRCTSNGWYYFDS	7mu4_HL_agNA_m0
9ml1_MN_agD_m0	ARTRCTSNGWYYFDS	7mu4_HL_agNA_m0
9ml1_OP_agE_m0	ARTRCTSNGWYYFDS	7mu4_HL_agNA_m0
9ml1_QR_agA_m0	ARTRCTSNGWYYFDS	7mu4_HL_agNA_m0
9ml1_ST_agB_m0	ARTRCTSNGWYYFDS	7mu4_HL_agNA_m0
9ml4_HL_agA_m0	ARGPSTYYGMDL	9ml4_HL_agA_m0
9ml4_MN_agB_m0	ARGPSTYYGMDL	9ml4_HL_agA_m0
9ml4_PQ_agC_m0	ARGPSTYYGMDL	9ml4_HL_agA_m0
9ml5_HL_agA_m0	TREGGWYDLNL	9ml5_HL_agA_m0
9ml5_MN_agB_m0	TREGGWYDLNL	9ml5_HL_agA_m0
9ml6_HL_agA_m0	ARALGYYIYGDAAIYIDGDYFKL	9ml6_HL_agA_m0
9ml6_MN_agB_m0	ARALGYYIYGDAAIYIDGDYFKL	9ml6_HL_agA_m0
9ml6_PQ_agC_m0	ARALGYYIYGDAAIYIDGDYFKL	9ml6_HL_agA_m0
9ml7_HL_agA _ C_m0	ARGMVVVDL	9ml7_HL_agA _ C_m0
9ml8_EF_agB_m0	ARGVYFYAGHMIVFRYFVL	9ml8_EF_agB_m0
9ml8_HL_agA_m0	ARGVYFYAGHMIVFRYFVL	9ml8_EF_agB_m0
9ml8_MN_agC_m0	ARGVYFYAGHMIVFRYFVL	9ml8_EF_agB_m0
9ml8_PQ_agD_m0	ARGVYFYAGHMIVFRYFVL	9ml8_EF_agB_m0
9ml9_HL_agA_m0	ARALGYYIYGDAAIYIDGDYFKL	9ml6_HL_agA_m0
9mla_GJ_agA_m0	AKYYDGYGYWYFDV	9mla_GJ_agA_m0
9mla_HK_agB_m0	AKYYDGYGYWYFDV	9mla_GJ_agA_m0
9mla_IL_agC_m0	AKYYDGYGYWYFDV	9mla_GJ_agA_m0
9mlk_HL_agC_m0	ARSVILGAWFAY	9mlk_HL_agC_m0
9mlk_IM_agB_m0	ARSVILGAWFAY	9mlk_HL_agC_m0
9mlk_JN_agA_m0	ARSVILGAWFAY	9mlk_HL_agC_m0
9mmj_BA_agD_m0	VRGVFDL	9mmj_BA_agD_m0
9mml_HL_agNA_m0	ARFHTHGGYFDI	9mml_HL_agNA_m0
9mml_MN_agNA_m0	TRGAPYGGNYYDSYGLDV	6ous_MN_agB _ A_m0
9mmv_HL_agNA_m0	ARYYFDV	9mmv_HL_agNA_m0
9mmv_MN_agNA_m0	TRGAPYGGNYYDSYGLDV	6ous_MN_agB _ A_m0
9mnq_HL_agE_m0	ARGQAEGSLRLRWFDV	9mnq_HL_agE_m0
9mns_HL_agE_m0	VRGPRYSEYARYSSWFDV	9mns_HL_agE_m0
9mns_hl_agB_m0	VRGPRYSEYARYSSWFDV	9mns_HL_agE_m0
9mnt_HL_agE_m0	ARGDSKLQSVAAGGETGGNGLDS	9mnt_HL_agE_m0
9mnu_HL_agE_m0	ARGVTRIAAGTGANWFDV	9mnu_HL_agE_m0
9mnu_hl_age_m0	ARGVTRIAAGTGANWFDV	9mnu_HL_agE_m0
9mnx_CNA_agA_m0	AVKSGLIYAHRY	9mnx_CNA_agA_m0
9mnx_DE_agF_m0	ARRPLYDGGYDYPMDY	7r9d_HL_agNA_m0
9mny_CNA_agA_m0	AVKSGLIYAHRY	9mnx_CNA_agA_m0
9mny_DE_agF_m0	ARRPLYDGGYDYPMDY	7r9d_HL_agNA_m0
9mnz_CNA_agA_m0	AVKSGLIYAHRY	9mnx_CNA_agA_m0
9mnz_DE_agF_m0	ARRPLYDGGYDYPMDY	7r9d_HL_agNA_m0
9mpb_HL_agNA_m0	ARGGRGGYEDDGYRGGIFYFRSLDV	9mpb_HL_agNA_m0
9mpc_HL_agNA_m0	SRGLGPSIETEDDYESTYSDNLLHV	9mpc_HL_agNA_m0
9mpw_HL_agS_m0	ARGFDS	9mpw_HL_agS_m0
9mpx_HL_agNA_m0	ARGYLDI	9mpx_HL_agNA_m0
9mpz_HL_agB _ A _ C_m0	ARGLSVGYCGEYCRMNL	9mpz_HL_agB _ A _ C_m0
9mq1_HL_agA _ B_m0	ARELASTGPYYYLYGMDV	9mq1_HL_agA _ B_m0
9mq2_HL_agB _ C_m0	ARTTMSRGPSYYYLYGLDV	9mq2_HL_agB _ C_m0
9mq3_HL_agA _ B_m0	ARDLREWSGAYYNLYGMDV	9mq3_HL_agA _ B_m0
9mq7_HL_agA_m0	ARGLGWEQYGGRAFDM	9mq7_HL_agA_m0
9mq7_IM_agC_m0	ARGLGWEQYGGRAFDM	9mq7_HL_agA_m0
9mq7_JN_agE_m0	ARGLGWEQYGGRAFDM	9mq7_HL_agA_m0
9mq8_HL_agA_m0	TTLYCAITCTFSPRY	9mq8_HL_agA_m0
9mq8_IM_agC_m0	TTLYCAITCTFSPRY	9mq8_HL_agA_m0
9mq8_JN_agE_m0	TTLYCAITCTFSPRY	9mq8_HL_agA_m0
9mq9_HL_agA_m0	ARDPYSNFYYGLDV	9mq9_HL_agA_m0
9mq9_IM_agC_m0	ARDPYSNFYYGLDV	9mq9_HL_agA_m0
9mq9_JN_agE_m0	ARDPYSNFYYGLDV	9mq9_HL_agA_m0
9mqa_HL_agA_m0	ARDGFPNCISGCTAYAMDV	9mqa_HL_agA_m0
9mqa_IM_agC_m0	ARDGFPNCISGCTAYAMDV	9mqa_HL_agA_m0
9mqa_JN_agE_m0	ARDGFPNCISGCTAYAMDV	9mqa_HL_agA_m0
9mqd_HL_agA_m0	ATSYITGIQGVDY	9mqd_HL_agA_m0
9mqd_IM_agC_m0	ATSYITGIQGVDY	9mqd_HL_agA_m0
9mqd_JN_agE_m0	ATSYITGIQGVDY	9mqd_HL_agA_m0
9mqo_BC_agA_m0	ARDQQYCSSCSDTWFDP	9mqo_BC_agA_m0
9mqo_EF_agD_m0	ARDQQYCSSCSDTWFDP	9mqo_BC_agA_m0
9mqo_HI_agG_m0	ARDQQYCSSCSDTWFDP	9mqo_BC_agA_m0
9mqo_KL_agJ_m0	ARDQQYCSSCSDTWFDP	9mqo_BC_agA_m0
9mqo_NO_agM_m0	ARDQQYCSSCSDTWFDP	9mqo_BC_agA_m0
9mqo_QR_agP_m0	ARDQQYCSSCSDTWFDP	9mqo_BC_agA_m0
9mqr_DE_agA_m0	ARSWYYYEQNPYEEKQYWQALDY	9mqr_DE_agA_m0
9mqv_HL_agA_m0	VRDLSHYNEVGYYARDHYGMDI	9mqv_HL_agA_m0
9mr1_AB_agC_m0	ARETAHNWIDT	9mr1_AB_agC_m0
9mr2_AB_agC_m0	AREATMIRPGSDFDY	9mr2_AB_agC_m0
9mrz_HL_agNA_m0	ARGDSKLQSVAAGGETGGNGLDS	9mnt_HL_agE_m0
9mrz_hl_agNA_m0	ARGDSKLQSVAAGGETGGNGLDS	9mnt_HL_agE_m0
9ms8_HL_agA_m0	GRNYGMDY	9ms8_HL_agA_m0
9ms9_HL_agNA_m0	ARYPGSHEWNSLDV	9ms9_HL_agNA_m0
9msc_AB_agE_m0	ARASQIRGVDY	6meg_HL_ag_m0
9msc_HL_agE_m0	ARYPGSHEWNSLDV	9ms9_HL_agNA_m0
9msn_AB_agJ _ K_m0	AKIYCRGDYCSYFDY	9msn_AB_agJ _ K_m0
9msn_HL_agE _ F_m0	AKIYCRGDYCSYFDY	9msn_AB_agJ _ K_m0
9mso_AB_agF _ E_m0	ARVGGYYYGWPKKGHWFDP	9mso_AB_agF _ E_m0
9mso_HL_agI _ G_m0	ARVGGYYYGWPKKGHWFDP	9mso_AB_agF _ E_m0
9msp_CD_agB _ A_m0	ARQDCGGDFCSRFDS	9msp_CD_agB _ A_m0
9msp_HL_agF _ E_m0	ARQDCGGDFCSRFDS	9msp_CD_agB _ A_m0
9msy_GI_agA_m0	ARNAIRIYGVVAHFWEGLYGMDV	5ud9_HL_ag_m0
9msy_HL_agA_m0	ARGNFLRVTYDWDFQH	9msy_HL_agA_m0
9msy_JM_agB_m0	ARNAIRIYGVVAHFWEGLYGMDV	5ud9_HL_ag_m0
9msy_KN_agB_m0	ARGNFLRVTYDWDFQH	9msy_HL_agA_m0
9msy_OQ_agC_m0	ARNAIRIYGVVAHFWEGLYGMDV	5ud9_HL_ag_m0
9msy_PR_agC_m0	ARGNFLRVTYDWDFQH	9msy_HL_agA_m0
9mte_ANA_agC_m0	WDVNGDI	9mte_ANA_agC_m0
9mte_BNA_agC_m0	YMDQRLDGSTLAY	9mte_BNA_agC_m0
9mtf_HL_agB _ A_m0	AAGAMTMVVAYQFFSYAMDL	9mtf_HL_agB _ A_m0
9mtf_IJ_agD _ C_m0	AAGAMTMVVAYQFFSYAMDL	9mtf_HL_agB _ A_m0
9mtf_MN_agF _ E_m0	AAGAMTMVVAYQFFSYAMDL	9mtf_HL_agB _ A_m0
9mth_HL_agB _ A_m0	ARYKVCHRYGYYCSLYGMDR	9mth_HL_agB _ A_m0
9mth_IJ_agD _ C_m0	ARYKVCHRYGYYCSLYGMDR	9mth_HL_agB _ A_m0
9mth_MN_agF _ E_m0	ARYKVCHRYGYYCSLYGMDR	9mth_HL_agB _ A_m0
9mtj_HL_agB _ A_m0	ARGRAALVATFFTDPMDL	9mtj_HL_agB _ A_m0
9mtj_IJ_agF _ E_m0	ARGRAALVATFFTDPMDL	9mtj_HL_agB _ A_m0
9mtj_MN_agD _ C_m0	ARGRAALVATFFTDPMDL	9mtj_HL_agB _ A_m0
9mtk_HL_agB _ A_m0	ATHAVRLAVAVFFSDPMDL	9mtk_HL_agB _ A_m0
9mtk_IJ_agD _ C_m0	ATHAVRLAVAVFFSDPMDL	9mtk_HL_agB _ A_m0
9mtk_MN_agF _ E_m0	ATHAVRLAVAVFFSDPMDL	9mtk_HL_agB _ A_m0
9mtl_HL_agB _ A_m0	ATGRFFGITVVYAMNL	9mtl_HL_agB _ A_m0
9mtl_IJ_agD _ C_m0	ATGRFFGITVVYAMNL	9mtl_HL_agB _ A_m0
9mtl_MN_agF _ E_m0	ATGRFFGITVVYAMNL	9mtl_HL_agB _ A_m0
9mtm_HL_agB _ A_m0	VRGVSVFGMLVMAMDL	9mtm_HL_agB _ A_m0
9mtm_IJ_agD _ C_m0	VRGVSVFGMLVMAMDL	9mtm_HL_agB _ A_m0
9mtm_MN_agF _ E_m0	VRGVSVFGMLVMAMDL	9mtm_HL_agB _ A_m0
9mtx_ANA_agB_m0	RDVNGDY	9mtx_ANA_agB_m0
9mvu_DNA_agA_m0	LFDRRLGTTVVGPEGY	9mvu_DNA_agA_m0
9mvu_ENA_agC_m0	LFDRRLGTTVVGPEGY	9mvu_DNA_agA_m0
9mvu_FNA_agB_m0	LFDRRLGTTVVGPEGY	9mvu_DNA_agA_m0
9mw5_DNA_agA_m0	AAVGPKTWDALGYSEYDY	9mw5_DNA_agA_m0
9mw5_ENA_agB_m0	AAVGPKTWDALGYSEYDY	9mw5_DNA_agA_m0
9mw5_FNA_agC_m0	AAVGPKTWDALGYSEYDY	9mw5_DNA_agA_m0
9mx1_BC_agA_m0	ARQYGFYAPSGYYFDY	9mx1_BC_agA_m0
9mxi_AB_agNA_m0	ARYWSWYNSSYIYHSALDY	7tdm_HL_agB_m0
9mxi_CD_agNA_m0	ARYWSWYNSSYIYHSALDY	7tdm_HL_agB_m0
9mxi_EF_agG_m0	ARYWSWYNSSYIYHSALDY	7tdm_HL_agB_m0
9my8_ANA_agB_m0	NLDVTLGPSRGAY	9my8_ANA_agB_m0
9my8_HL_agNA_m0	ARGYQYWQYHANWYWSGGLDY	7php_HL_agNA_m0
9myl_AB_agD_m0	ARWDYGVY	9myl_AB_agD_m0
9myl_HL_agC_m0	ARWDYGVY	9myl_AB_agD_m0
9mz6_BA_agD_m0	VRGVFDL	9mmj_BA_agD_m0
9mz7_BA_agD_m0	VRGVFDL	9mmj_BA_agD_m0
9mz8_BA_agD_m0	VRGVFDL	9mmj_BA_agD_m0
9mz9_BA_agNA_m0	VRGVFDL	9mmj_BA_agD_m0
9n09_NNA_agA _ G _ B_m0	ARCPAPFTRDCSTVDFTTYAY	6oya_NNA_agA _ B_m0
9n0d_ED_agB_m0	AREDYYGLFYYVMDY	9n0d_ED_agB_m0
9n0d_JI_agG_m0	AREDYYGLFYYVMDY	9n0d_ED_agB_m0
9n0d_ON_agL_m0	AREDYYGLFYYVMDY	9n0d_ED_agB_m0
9n2v_AB_agNA_m0	ARSLLRYFLWDSAFDI	9n2v_AB_agNA_m0
9n2v_HL_agNA_m0	ARSLLRYFLWDSAFDI	9n2v_AB_agNA_m0
9n38_HL_agA_m0	VKVGWTLGVDGVDM	9n38_HL_agA_m0
9n4e_KM_agB _ A_m0	ARGYDFWLGSGARYGWFDP	9n4e_KM_agB _ A_m0
9n4e_OR_agF _ E_m0	ARGYDFWLGSGARYGWFDP	9n4e_KM_agB _ A_m0
9n4e_QP_agD _ C_m0	ARGYDFWLGSGARYGWFDP	9n4e_KM_agB _ A_m0
9n4f_HL_agB _ E_m0	AKEGGDFWSAYYGNWFDP	9n4f_HL_agB _ E_m0
9n4f_MN_agD _ A_m0	AKEGGDFWSAYYGNWFDP	9n4f_HL_agB _ E_m0
9n4f_OP_agF _ C_m0	AKEGGDFWSAYYGNWFDP	9n4f_HL_agB _ E_m0
9n5h_BC_agA_m0	ARSTLYGNSAMDC	9n5h_BC_agA_m0
9n5h_DE_agA_m0	AKESGRAVADR	7jum_Hh_agA_m0
9n5h_HL_agA_m0	ARAPEPGLTGFWEWGDY	7uvq_DE_agA_m0
9n5i_FE_agD_m0	ARHGGSTGMKIVVVAPPDY	7unb_FE_agR_m0
9n5i_HL_agD_m0	TRNGLRWYDSGRPGSWAFDI	9n5i_HL_agD_m0
9n5o_HL_agB_m0	ARSLYLGAMDY	9n5o_HL_agB_m0
9n5y_IL_agB _ A_m0	AKDSQLRSLLYQSLWDFGYFDH	9n5y_IL_agB _ A_m0
9n5y_JM_agF _ E_m0	AKDSQLRSLLYQSLWDFGYFDH	9n5y_IL_agB _ A_m0
9n5y_PO_agD _ C_m0	AKDSQLRSLLYQSLWDFGYFDH	9n5y_IL_agB _ A_m0
9n5z_AB_agC_m0	AKVSPGMVDDGLHPGAFHI	9n5z_AB_agC_m0
9n6e_AB_agI_m0	HRNFYDGSGPFDY	7rqp_AB_agNA_m0
9n6e_CD_agI_m0	HRNFYDGSGPFDY	7rqp_AB_agNA_m0
9n6e_HL_agI_m0	HRNFYDGSGPFDY	7rqp_AB_agNA_m0
9n6u_HL_agNA_m0	ARSLYLGAMDY	9n5o_HL_agB_m0
9n7k_AB_agNA_m0	TRNGLRWYDSGRPGSWAFDI	9n5i_HL_agD_m0
9n7k_HL_agNA_m0	TRNGLRWYDSGRPGSWAFDI	9n5i_HL_agD_m0
9n7m_AB_agNA_m0	ARSGLRYFLWDSYFDI	9n7o_HL_agNA_m0
9n7m_HL_agNA_m0	ARSGLRYFLWDSYFDI	9n7o_HL_agNA_m0
9n7o_HL_agNA_m0	ARSSLRYFLWDSYFDY	9n7o_HL_agNA_m0
9n7q_DF_agc _ C_m0	AKGGRDYQFYPYSMDV	9n7q_DF_agc _ C_m0
9n7q_EG_agb _ B_m0	AKGGRDYQFYPYSMDV	9n7q_DF_agc _ C_m0
9n7q_HL_aga _ A_m0	AKGGRDYQFYPYSMDV	9n7q_DF_agc _ C_m0
9n7s_HL_aga _ B _ A_m0	ARLQQIMIYGGRILGAMDV	9n7s_HL_aga _ B _ A_m0
9n7t_DF_agI _ B_m0	ARGNTIFGIGRVWYFDL	9n7t_DF_agI _ B_m0
9n7t_EG_agJ _ C_m0	ARGNTIFGIGRVWYFDL	9n7t_DF_agI _ B_m0
9n7t_HL_aga _ A_m0	ARGNTIFGIGRVWYFDL	9n7t_DF_agI _ B_m0
9n7v_HL_aga _ A_m0	ARGGWLRFLFVWHFDL	9n7v_HL_aga _ A_m0
9n89_HL_agNA_m0	ARSTLYGNSAMDC	9n5h_BC_agA_m0
9n8f_HL_agD _ A_m0	ARDPGFTIFGVWSTIVSGLDS	6eay_HL_agA _ B_m0
9n8f_IM_agE _ B_m0	ARDPGFTIFGVWSTIVSGLDS	6eay_HL_agA _ B_m0
9n8f_JN_agF _ C_m0	ARDPGFTIFGVWSTIVSGLDS	6eay_HL_agA _ B_m0
9n8i_AB_agE_m0	ATIAGPLSLDGKFYFDS	9n8i_AB_agE_m0
9n8i_FNA_agNA_m0	AIDSDTFSYGSYDY	6ww2_KNA_agNA_m0
9n8j_BC_agX_m0	ARAPEPGLTGFWEWGDY	7uvq_DE_agA_m0
9n8j_DE_agX_m0	ARHGGSTGMKIVVVAPPDY	7unb_FE_agR_m0
9n8j_FG_agX_m0	TRDLRMSDYFDY	6e62_BC_agA_m0
9n8j_HI_agX_m0	AKESGRAVADR	7jum_Hh_agA_m0
9n8n_AB_agI_m0	ATIAGPLSLDGKFYFDS	9n8i_AB_agE_m0
9n8n_FE_agI_m0	ARHGGSTGMKIVVVAPPDY	7unb_FE_agR_m0
9n8q_HL_agNA_m0	SRWGGDGFYAMDY	3b9v_ANA_ag_m0
9nab_DC_agA_m0	TRYYDGYRYRWFAY	9nab_DC_agA_m0
9naq_HL_agA_m0	ARNGNATVSGLGMDV	9naq_HL_agA_m0
9ncd_HL_agA_m0	VRDSGAGFFASLDN	9ncd_HL_agA_m0
9ncd_KNA_agB_m0	AIDSDTFSYGSYDY	6ww2_KNA_agNA_m0
9ncy_HL_agA_m0	ARARDYYDFLTNRYTRFYFDY	9ncy_HL_agA_m0
9nfu_Cc_agA_m0	SRQLDPYLNYGNDV	9nfu_Cc_agA_m0
9nh7_ENA_agH _ B_m0	AASVVDSLVGGFYSY	9nh7_ENA_agH _ B_m0
9nh7_FNA_agG _ A_m0	AASVVDSLVGGFYSY	9nh7_ENA_agH _ B_m0
9nj2_HL_agA_m0	ARAGSDYFNRDNEWGLYYFAS	8g3m_AD_agJ_m0
9nj2_IM_agB_m0	ARAGSDYFNRDNEWGLYYFAS	8g3m_AD_agJ_m0
9nj2_JN_agC_m0	ARAGSDYFNRDNEWGLYYFAS	8g3m_AD_agJ_m0
9nj2_KO_agD_m0	ARAGSDYFNRDNEWGLYYFAS	8g3m_AD_agJ_m0
9nj3_HL_agA_m0	AKDMREGCSGTNCFYYYYSYYAMDV	9nj3_HL_agA_m0
9nj3_JK_agC _ B_m0	AKDMREGCSGTNCFYYYYSYYAMDV	9nj3_HL_agA_m0
9nj3_QP_agA_m0	ARELGSWPNDGAGVKYFDP	9nj3_QP_agA_m0
9nj6_HL_agA_m0	AKDMREGCSGTNCFYYYYSYYAMDV	9nj3_HL_agA_m0
9nj6_JK_agB_m0	AKDMREGCSGTNCFYYYYSYYAMDV	9nj3_HL_agA_m0
9nj6_QP_agC_m0	AKDMREGCSGTNCFYYYYSYYAMDV	9nj3_HL_agA_m0
9nj9_HL_agA _ C_m0	AKDMREGCSGTNCFYYYYSYYAMDV	9nj3_HL_agA_m0
9nj9_JK_agB_m0	ARELGSWPNDGAGVKYFDP	9nj3_QP_agA_m0
9nj9_QP_agA_m0	ARELGSWPNDGAGVKYFDP	9nj3_QP_agA_m0
9nja_HL_agA_m0	ARELGSWPNDGAGVKYFDP	9nj3_QP_agA_m0
9nja_JK_agB_m0	ARELGSWPNDGAGVKYFDP	9nj3_QP_agA_m0
9nja_QP_agC_m0	ARELGSWPNDGAGVKYFDP	9nj3_QP_agA_m0
9njl_HL_agB _ A_m0	VRRDNWNYDTLDI	9njl_HL_agB _ A_m0
9njl_IN_agD _ C_m0	VRRDNWNYDTLDI	9njl_HL_agB _ A_m0
9njl_JP_agF _ E_m0	VRRDNWNYDTLDI	9njl_HL_agB _ A_m0
9njy_HL_agA_m0	ARTHLGGFHGGGYFWFDP	9njy_HL_agA_m0
9nk9_ANA_agB_m0	KVNIRGQDY	9nk9_ANA_agB_m0
9nky_HL_agNA_m0	ARVQLQYYGMDV	9nky_HL_agNA_m0
9nkz_HL_agA_m0	ARVQLDYGPYQYGYGMDV	9nkz_HL_agA_m0
9nl0_HL_agA_m0	ARVQLDYGPYQYGYGMDV	9nkz_HL_agA_m0
9nl1_HL_agA_m0	ARVQLDYGPYQYGYGMDV	9nkz_HL_agA_m0
9nln_AB_agC_m0	ARQGYRRRGSRGFDY	3ivk_AB_agC_m0
9nln_HL_agR_m0	ARQGYRRRGSRGFDY	3ivk_AB_agC_m0
9nn9_BNA_agA_m0	HASTLWPEKHQDY	9nn9_BNA_agA_m0
9nn9_DNA_agC_m0	HASTLWPEKHQDY	9nn9_BNA_agA_m0
9nn9_FNA_agE_m0	HASTLWPEKHQDY	9nn9_BNA_agA_m0
9nnz_ANA_agB_m0	SKY	9nnz_ANA_agB_m0
9noa_AB_agNA_m0	VRVRFSVGGHSAFDL	9noa_AB_agNA_m0
9noa_CD_agNA_m0	VRVRFSVGGHPSAFDL	9noa_AB_agNA_m0
9nob_HL_agNA_m0	TRVQLDYGPYQYGYGMDV	9nkz_HL_agA_m0
9nox_ENA_agB _ C_m0	ARCPAPFTRDCSTVDFTTYAY	6oya_NNA_agA _ B_m0
9npg_AB_agC_m0	ARLDTYEIGLYGTDV	9npg_AB_agC_m0
9npg_DE_agF_m0	ARLDTYEIGLYGTDV	9npg_AB_agC_m0
9npg_GH_agI_m0	ARLDTYEIGLYGTDV	9npg_AB_agC_m0
9npg_KJ_agL_m0	ARLDTYEIGLYGTDV	9npg_AB_agC_m0
9nph_BA_agC_m0	VRDFNQFVKRGDVFPAFDL	8vqf_BA_agC_m0
9npi_CB_agA_m0	ARLDTYEIGLYGTDV	9npg_AB_agC_m0
9npt_GNA_agA_m0	AASTEWASESLQYSEHGWNGSKYAN	9npt_GNA_agA_m0
9npt_HNA_agC_m0	AASTEWASESLQYSEHGWNGSKYAN	9npt_GNA_agA_m0
9npt_INA_agE_m0	AASTEWASESLQYSEHGWNGSKYAN	9npt_GNA_agA_m0
9nq3_AB_agNA_m0	ARDGYCPKGYTCVYGMDV	9nq3_AB_agNA_m0
9nq3_HL_agNA_m0	ARDGYCPKGYTCVYGMDV	9nq3_AB_agNA_m0
9nqz_ED_agC_m0	ARDGYCPKGYTCVYGMDV	9nq3_AB_agNA_m0
9nqz_GF_agB_m0	ARDGYCPKGYTCVYGMDV	9nq3_AB_agNA_m0
9nqz_HL_agA_m0	ARDGYCPKGYTCVYGMDV	9nq3_AB_agNA_m0
9nr8_Ee_agC_m0	ARPRGNYVVMDY	6njl_Ii_agC_m0
9nr8_Ff_agA_m0	ARPRGNYVVMDY	6njl_Ii_agC_m0
9nrc_CB_agA_m0	VKSGFYYRVSYFDN	9nrc_CB_agA_m0
9nrc_HL_agA_m0	AKHQDYDFSYYYSAMDV	9nrc_HL_agA_m0
9nry_XNA_agB _ Q_m0	RAFGPADY	9nry_XNA_agB _ Q_m0
9nry_YNA_agO _ N_m0	RAFGPADY	9nry_XNA_agB _ Q_m0
9nry_ZNA_agG _ J_m0	RAFGPADY	9nry_XNA_agB _ Q_m0
9nrz_XNA_agQ _ B_m0	VAAVMAQTTTWGQTDYDL	9nrz_XNA_agQ _ B_m0
9nrz_YNA_agJ _ G_m0	VAAVMAQTTTWGQTDYDL	9nrz_XNA_agQ _ B_m0
9nrz_ZNA_agN _ O_m0	VAAVMAQTTTWGQTDYDL	9nrz_XNA_agQ _ B_m0
9nsd_CNA_agB_m0	AKPQAFGYREYDY	9nsd_CNA_agB_m0
9nsd_ENA_agA_m0	AKPQAFGYREYDY	9nsd_CNA_agB_m0
9nsd_FNA_agD_m0	AKPQAFGYREYDY	9nsd_CNA_agB_m0
9ntt_BNA_agNA_m0	ANARRTGPRTPADIGSY	9ntt_BNA_agNA_m0
9nvg_HL_agA_m0	AHIGTDLLTTWFGDAFEI	9nvg_HL_agA_m0
9nw4_AB_agC_m0	KTDWDLRS	9nw4_AB_agC_m0
9nw4_HL_agP_m0	KTDWDLRS	9nw4_AB_agC_m0
9nw5_HL_agNA_m0	ARPDSAQYNWRWYFDV	9nw5_HL_agNA_m0
9nw6_EI_agC _ F_m0	AKSSVWDYYYYGMDV	9nw6_EI_agC _ F_m0
9nw6_GH_agA _ P_m0	AKSSVWDYYYYGMDV	9nw6_EI_agC _ F_m0
9nw7_HL_agA _ P_m0	AIRDSSGYFAHDY	9nw7_HL_agA _ P_m0
9nw8_HL_agA _ P_m0	AIRDSSGYFAHDY	9nw7_HL_agA _ P_m0
9nw9_HL_agA _ P_m0	AIRDSSGYFAHDY	9nw7_HL_agA _ P_m0
9nww_DC_agB_m0	ASGNFSSWWGHSWYALY	9nww_DC_agB_m0
9nz4_DC_agA_m0	EVINTY	7vgs_DC_agA_m0
9nz4_FE_agB_m0	EVINTY	7vgs_DC_agA_m0
9nz5_BC_agA_m0	EVINTY	7vgs_DC_agA_m0
9nz5_FE_agD_m0	EVINTY	7vgs_DC_agA_m0
9o38_ENA_agB _ C_m0	ARCPAPFTRDCSTVDFTTYAY	6oya_NNA_agA _ B_m0
9o3d_AB_agD_m0	ARASIVNISRVFGFRFDS	9o3d_AB_agD_m0
9o3d_EF_agG_m0	ARASIVNISRVFGFRFDS	9o3d_AB_agD_m0
9o3d_HL_agC_m0	ARASIVNISRVFGFRFDS	9o3d_AB_agD_m0
9o3d_IJ_agK_m0	ARASIVNISRVFGFRFDS	9o3d_AB_agD_m0
9o4n_EI_agB_m0	ARGPDNHSDYFYRYGMDV	9o4n_EI_agB_m0
9o4n_FJ_agC_m0	ARGPDNHSDYFYRYGMDV	9o4n_EI_agB_m0
9o4n_GK_agD_m0	ARGPDNHSDYFYRYGMDV	9o4n_EI_agB_m0
9o4n_HL_agA_m0	ARGPDNHSDYFYRYGMDV	9o4n_EI_agB_m0
9o4o_EI_agB_m0	ATDYGGNSDRSYSGLFAFDV	9o4o_EI_agB_m0
9o4o_FJ_agC_m0	ATDYGGNSDRSYSGLFAFDV	9o4o_EI_agB_m0
9o4o_GK_agD_m0	ATDYGGNSDRSYSGLFAFDV	9o4o_EI_agB_m0
9o4o_HL_agA_m0	ATDYGGNSDRSYSGLFAFDV	9o4o_EI_agB_m0
9o4p_EI_agB_m0	ARDLAPYGDRHFYFYGMDV	9o4p_EI_agB_m0
9o4p_FJ_agC_m0	ARDLAPYGDRHFYFYGMDV	9o4p_EI_agB_m0
9o4p_GK_agD_m0	ARDLAPYGDRHFYFYGMDV	9o4p_EI_agB_m0
9o4p_HL_agA_m0	ARDLAPYGDRHFYFYGMDV	9o4p_EI_agB_m0
9o4q_EI_agB_m0	ARNSYYYDTDYYPRNGMDV	9o4q_EI_agB_m0
9o4q_FJ_agC_m0	ARNSYYYDTDYYPRNGMDV	9o4q_EI_agB_m0
9o4q_GK_agD_m0	ARNSYYYDTDYYPRNGMDV	9o4q_EI_agB_m0
9o4q_HL_agA_m0	ARNSYYYDTDYYPRNGMDV	9o4q_EI_agB_m0
9o54_DC_agA_m0	ARDAMRGAEVDY	9o54_DC_agA_m0
9o58_DC_agA_m0	ARDAMRGAEVDY	9o54_DC_agA_m0
9o8m_AB_agK_m0	ARKDPYSGSWTPDY	9o8m_AB_agK_m0
9o8m_CD_agE_m0	ARKDPYSGSWTPDY	9o8m_AB_agK_m0
9o8q_GJ_agE _ D_m0	AKDGQWLRVGAFDF	9o8q_GJ_agE _ D_m0
9o8q_HL_agB _ C_m0	AKDGQWLRVGAFDF	9o8q_GJ_agE _ D_m0
9o8q_IK_agF _ A_m0	AKDGQWLRVGAFDF	9o8q_GJ_agE _ D_m0
9o8r_GJ_agE _ C_m0	AKDGQWLRVGAFDF	9o8q_GJ_agE _ D_m0
9o8r_HL_agB _ A_m0	AKDGQWLRVGAFDF	9o8q_GJ_agE _ D_m0
9o8r_IK_agF _ D_m0	AKDGQWLRVGAFDF	9o8q_GJ_agE _ D_m0
9o8s_GJ_agE _ D_m0	AKDRGCRSSNCYYYYGVIYGMDV	9o8s_GJ_agE _ D_m0
9o8s_HL_agB _ C_m0	AKDRGCRSSNCYYYYGVIYGMDV	9o8s_GJ_agE _ D_m0
9o8s_IK_agF _ A_m0	AKDRGCRSSNCYYYYGVIYGMDV	9o8s_GJ_agE _ D_m0
9o8t_GJ_agE _ C_m0	AKDRGCRSSNCYYYYGVIYGMDV	9o8s_GJ_agE _ D_m0
9o8t_HL_agB _ A_m0	AKDRGCRSSNCYYYYGVIYGMDV	9o8s_GJ_agE _ D_m0
9o8t_IK_agF _ D_m0	AKDRGCRSSNCYYYYGVIYGMDV	9o8s_GJ_agE _ D_m0
9o99_ANA_agNA_m0	TKGYGDGTPA	9o99_ANA_agNA_m0
9o9a_ANA_agNA_m0	NAAGNRLYP	9o9a_ANA_agNA_m0
9o9a_BNA_agNA_m0	AADFMRSSTLARYSRAYEH	9o9a_BNA_agNA_m0
9o9b_ANA_agNA_m0	NAARSD	9o9b_ANA_agNA_m0
9o9b_BNA_agNA_m0	NLYP	9o9b_BNA_agNA_m0
9o9c_ANA_agNA_m0	NAAKSGRLYP	9o9c_ANA_agNA_m0
9o9c_BNA_agNA_m0	NAAKSGNRLYP	9o9c_BNA_agNA_m0
9o9v_HL_agD_m0	ARVGFSLETDYYPRLGLDV	9ejf_HL_agD_m0
9o9v_IM_agE_m0	ARVGFSLETDYYPRLGLDV	9ejf_HL_agD_m0
9o9v_JN_agF_m0	ARVGFSLETDYYPRLGLDV	9ejf_HL_agD_m0
9o9v_OP_agK_m0	ARVGFSLETDYYPRLGLDV	9ejf_HL_agD_m0
9oao_HL_agC_m0	ARGLWQWEFRY	9oao_HL_agC_m0
9oap_HL_agC_m0	ARGVVHSGFEFGY	9oap_HL_agC_m0
9oaq_HL_agC_m0	ARSDYISSWYFGY	9oaq_HL_agC_m0
9oar_BD_agA_m0	ARIKLCNGGNCSWSLGY	9oar_BD_agA_m0
9oar_HL_agC_m0	ARIKLCNGGNCSWSLGY	9oar_BD_agA_m0
9oas_EF_agP_m0	ARVSQYSGSWYFGY	9oas_EF_agP_m0
9oas_HL_agC_m0	ARVSQYSGSWYFGY	9oas_EF_agP_m0
9oas_JK_agM_m0	ARVSQYSGSWYFGY	9oas_EF_agP_m0
9oas_QR_agD_m0	ARVSQYSGSWYFGY	9oas_EF_agP_m0
9obn_ENA_agB_m0	AQTGSTGWPTRGAYTYDY	9obn_ENA_agB_m0
9obn_FNA_agC_m0	AQTGSTGWPTRGAYTYDY	9obn_ENA_agB_m0
9obn_GNA_agA_m0	AQTGSTGWPTRGAYTYDY	9obn_ENA_agB_m0
9obn_HNA_agD_m0	AQTGSTGWPTRGAYTYDY	9obn_ENA_agB_m0
9ocl_HL_ag1 _ 2_m0	TRASPSAYTHGYYSGYWYGMDV	9ocl_HL_ag1 _ 2_m0
9oco_HL_ag1 _ 2_m0	ARHGGFASSLFSSSYRPPDY	9oco_HL_ag1 _ 2_m0
9od3_HL_ag1 _ 2_m0	AKDMSYYGSGGYYYHLVYGMDV	9od3_HL_ag1 _ 2_m0
9oea_HL_ag1 _ 2_m0	ARDRSRYCSNRSCSIFIFDY	9oea_HL_ag1 _ 2_m0
9ofo_HL_agA_m0	AKDTTPRPLYYWGSSGSFDY	9ofo_HL_agA_m0
9ofo_MN_agB_m0	AKDTTPRPLYYWGSSGSFDY	9ofo_HL_agA_m0
9ofo_OP_agC_m0	AKDTTPRPLYYWGSSGSFDY	9ofo_HL_agA_m0
9ofp_HL_agA_m0	AKDTTPRPLYYWGSSGSFDY	9ofo_HL_agA_m0
9ofp_MN_agB_m0	AKDTTPRPLYYWGSSGSFDY	9ofo_HL_agA_m0
9ofq_HL_agA_m0	AKDTTPRPLYYWGSSGSFDY	9ofo_HL_agA_m0
9og1_BC_agA_m0	ARGWRYSLYDCFDP	9og1_BC_agA_m0
9og2_BC_agA_m0	ARHTDSRWAYYFDY	9og2_BC_agA_m0
9og2_DE_agA_m0	ARPFSYGGAYYFDS	9og2_DE_agA_m0
9ogt_GI_agA_m0	ATTKHGRRIYGVVYTFWEKFAFYMDV	3jcb_CB_agA_m0
9ogt_HL_agA_m0	ARQRSDYWDFDV	4jpv_HL_agG_m0
9ogt_JM_agC_m0	ATTKHGRRIYGVVYTFWEKFAFYMDV	3jcb_CB_agA_m0
9ogt_KN_agC_m0	ARQRSDYWDFDV	4jpv_HL_agG_m0
9ogt_OQ_agE_m0	ATTKHGRRIYGVVYTFWEKFAFYMDV	3jcb_CB_agA_m0
9ogt_PR_agE_m0	ARQRSDYWDFDV	4jpv_HL_agG_m0
9ogu_HI_agA_m0	ARQRSDYWDFDV	4jpv_HL_agG_m0
9ogu_JK_agA_m0	ATTKHGRRIYGVVYTFWEKFAFYMDV	3jcb_CB_agA_m0
9ogu_ML_agE_m0	ARQRSDYWDFDV	4jpv_HL_agG_m0
9ogu_NO_agE_m0	ATTKHGRRIYGVVYTFWEKFAFYMDV	3jcb_CB_agA_m0
9ogu_PQ_agC_m0	ARQRSDYWDFDV	4jpv_HL_agG_m0
9ogu_RS_agC_m0	ATTKHGRRIYGVVYTFWEKFAFYMDV	3jcb_CB_agA_m0
9oi2_HL_agB _ A_m0	TTPPEIAVVAAYYDRMAYGLDV	9oi2_HL_agB _ A_m0
9oi2_IJ_agF _ E_m0	TTPPEIAVVAAYYDRMAYGLDV	9oi2_HL_agB _ A_m0
9oi3_HL_agB _ A_m0	ARGGGVRNLLGSVFRLDYMDV	9oi3_HL_agB _ A_m0
9oi3_IJ_agF _ E_m0	ARGGGVRNLLGSVFRLDYMDV	9oi3_HL_agB _ A_m0
9oi3_MN_agD _ C_m0	ARGGGVRNLLGSVFRLDYMDV	9oi3_HL_agB _ A_m0
9ojv_AB_agE_m0	ARGGNPAWFAY	9ojv_AB_agE_m0
9ojv_CD_agF_m0	ARGGNPAWFAY	9ojv_AB_agE_m0
9omg_HL_agA_m0	AKVDEDDYGYYYTKKLDGPVYYFDY	9omg_HL_agA_m0
9oog_HL_agb_m0	AKVDEDDYGYFSIKKLDGPVYYFKY	9oog_HL_agb_m0
9oog_IM_agd_m0	AKVDEDDYGYFSIKKLDGPVYYFKY	9oog_HL_agb_m0
9oog_JN_agf_m0	AKVDEDDYGYFSIKKLDGPVYYFKY	9oog_HL_agb_m0
9ook_HL_agh_m0	AKVDADDYGYFSTNKLDGPVYYFDY	9ook_HL_agh_m0
9ook_IM_agj_m0	AKVDADDYGYFSTNKLDGPVYYFDY	9ook_HL_agh_m0
9ook_JN_agf_m0	AKVDADDYGYFSTNKLDGPVYYFDY	9ook_HL_agh_m0
9oom_HL_agb_m0	AKVDDDDYGYFDTKKLDGPVYYLKY	9oom_HL_agb_m0
9oom_IM_agd_m0	AKVDDDDYGYFDTKKLDGPVYYLKY	9oom_HL_agb_m0
9oom_JN_agf_m0	AKVDDDDYGYFDTKKLDGPVYYLKY	9oom_HL_agb_m0
9op1_AB_agC_m0	ARTGKYYDFWSEGPPYGEYFQD	7mfa_CD_agNA_m0
9ore_HL_agA _ B_m0	ARCYDFWSQYGFGMDV	9ore_HL_agA _ B_m0
9osr_HL_agA_m0	ARDSLPYGDYYNQYGMHV	9osr_HL_agA_m0
9osr_IM_agB_m0	ARDSLPYGDYYNQYGMHV	9osr_HL_agA_m0
9osr_JN_agC_m0	ARDSLPYGDYYNQYGMHV	9osr_HL_agA_m0
9osr_KR_agD_m0	ARDSLPYGDYYNQYGMHV	9osr_HL_agA_m0
9osx_BC_agA_m0	TKSADDGGHYSFDSGEIDA	7phw_BC_agA_m0
9ot6_CNA_agF _ E_m0	AVDWILARFNYVIHYY	9ot6_CNA_agF _ E_m0
9ot6_HNA_agD _ G_m0	AVDWILARFNYVIHYY	9ot6_CNA_agF _ E_m0
9oup_HL_agA_m0	ARKRNNFYFDY	8foi_HL_agA_m0
9owe_CD_agB_m0	ARGWGGNYRSWLDAIYFDL	9owe_CD_agB_m0
9owe_HL_agA_m0	ARGWGGNYRSWLDAIYFDL	9owe_CD_agB_m0
9owf_CD_agB_m0	ARGWGGNYRSWLDAIYFDL	9owe_CD_agB_m0
9owf_HL_agA_m0	ARGWGGNYRSWLDAIYFDL	9owe_CD_agB_m0
9p0x_HL_agT _ X_m0	ARSGYYGNSGFAY	4m7k_HL_ag_m0
9p1m_DC_agA_m0	AKDKSGSPYYYYGMDV	9p1m_DC_agA_m0
9p1m_FE_agB_m0	AKDKSGSPYYYYGMDV	9p1m_DC_agA_m0
9p4c_HL_agM_m0	VRGVGGGL	9p4c_HL_agM_m0
9p6x_DNA_agB_m0	NARLLVAPPPYEYDY	9bsu_DNA_agC_m0
9p6x_ENA_agA_m0	NARLLVAPPPYEYDY	9bsu_DNA_agC_m0
9p6x_FNA_agC_m0	NARLLVAPPPYEYDY	9bsu_DNA_agC_m0
9p6x_GNA_agC_m0	AARPWSIAALNYTYDS	9bsv_DNA_agA_m0
9p6x_HNA_agA_m0	AARPWSIAALNYTYDS	9bsv_DNA_agA_m0
9p6x_INA_agB_m0	AARPWSIAALNYTYDS	9bsv_DNA_agA_m0
9p8x_HL_agA_m0	VRWSTTSPGFGYFDV	9p8x_HL_agA_m0
9p92_NNA_agA _ B_m0	ARCPAPFTRDCSTVDFTTYAY	6oya_NNA_agA _ B_m0
9p93_NNA_agA _ B_m0	ARCPAPFTRDCSTVDFTTYAY	6oya_NNA_agA _ B_m0
9p94_NNA_agA _ B_m0	ARCPAPFTRDCSTVDFTTYAY	6oya_NNA_agA _ B_m0
9p97_HL_agA_m0	GWERSVGRATFAY	9p97_HL_agA_m0
9p98_HL_agA_m0	GWERSVGRATFAY	9p97_HL_agA_m0
9pat_GI_agA_m0	TRGGTLFDY	6c9u_HL_agA_m0
9pat_HL_agB_m0	TRGGTLFDY	6c9u_HL_agA_m0
9pav_GI_agA_m0	TRGGTLFDY	6c9u_HL_agA_m0
9pav_HL_agB_m0	TRGGTLFDY	6c9u_HL_agA_m0
9pd2_HL_agA_m0	ATTIRGTVFAF	9pd2_HL_agA_m0
9pdy_DG_agC_m0	AREGNYGWDYFDY	9pdy_DG_agC_m0
9pdy_EH_agA_m0	AREGNYGWDYFDY	9pdy_DG_agC_m0
9pdy_FI_agB_m0	AREGNYGWDYFDY	9pdy_DG_agC_m0
9pf9_HL_agG_m0	AHRYSSRYWWYFDL	9pf9_HL_agG_m0
9pi9_AB_agE_m0	ARGGFGSYSWYFDV	9pi9_AB_agE_m0
9pi9_CD_agF_m0	ARGGFGSYSWYFDV	9pi9_AB_agE_m0
9pit_HL_agB_m0	ARDSFGETFRPQDHGYQMDV	9pit_HL_agB_m0
9pit_JG_agB _ D_m0	AFFWSTYYKRFDV	6vkn_GJ_agC _ F_m0
9pit_MQ_agE_m0	ARDSFGETFRPQDHGYQMDV	9pit_HL_agB_m0
9pit_NR_agF_m0	ARDSFGETFRPQDHGYQMDV	9pit_HL_agB_m0
9pit_OI_agE _ A_m0	AFFWSTYYKRFDV	6vkn_GJ_agC _ F_m0
9pit_PK_agF _ C_m0	AFFWSTYYKRFDV	6vkn_GJ_agC _ F_m0
9piv_HL_agB_m0	ARDSFGETFRHPQDGSYQMDV	9piv_HL_agB_m0
9piv_JG_agB _ D_m0	AFFWSTYYKRFDV	6vkn_GJ_agC _ F_m0
9piv_MQ_agE_m0	ARDSFGETFRHPQDGSYQMDV	9piv_HL_agB_m0
9piv_NR_agF_m0	ARDSFGETFRHPQDGSYQMDV	9piv_HL_agB_m0
9piv_OI_agE _ A_m0	AFFWSTYYKRFDV	6vkn_GJ_agC _ F_m0
9piv_PK_agF _ C_m0	AFFWSTYYKRFDV	6vkn_GJ_agC _ F_m0
9pix_HL_agA _ P_m0	ARGLYDGYYVGFAY	9pix_HL_agA _ P_m0
9pkc_HL_agA _ P_m0	ARRGYYGSFDY	9pkc_HL_agA _ P_m0
9pkf_HL_agA _ P_m0	ARRGYYGSFDY	9pkc_HL_agA _ P_m0
9pkv_HL_agA _ P_m0	ARITEIHDAFEI	9pkv_HL_agA _ P_m0
9pkv_KNA_agNA_m0	AIDSDTFSYGSYDY	6ww2_KNA_agNA_m0
9pni_DE_agF _ I_m0	SSTYSWNNVWFDQ	9pni_DE_agF _ I_m0
9pni_HL_agA _ C_m0	SSTYSWNNVWFDQ	9pni_DE_agF _ I_m0
9pni_JK_agB _ G_m0	SSTYSWNNVWFDQ	9pni_DE_agF _ I_m0
9pnn_DE_agA _ C_m0	SSTYSWNNVWFDQ	9pni_DE_agF _ I_m0
9pnn_HL_agB _ G_m0	SSTYSWNNVWFDQ	9pni_DE_agF _ I_m0
9pnn_JK_agF _ I_m0	SSTYSWNNVWFDQ	9pni_DE_agF _ I_m0
9ppw_Ee_agB _ C_m0	VRSIYYYSGSPFDF	6crk_Hh_agA _ B _ G_m0
9ppy_Ee_agB _ C_m0	VRSIYYYSGSPFDF	6crk_Hh_agA _ B _ G_m0
9pru_BA_agW_m0	AQINPAWFAY	9pru_BA_agW_m0
9pru_DC_agX_m0	AQINPAWFAY	9pru_BA_agW_m0
9pru_FE_agY_m0	AQINPAWFAY	9pru_BA_agW_m0
9pru_HG_agZ_m0	AQINPAWFAY	9pru_BA_agW_m0
9psn_JK_agE_m0	ARDFGDFYFDY	7d0c_GF_agC_m0
9psn_MN_agT_m0	ARDFGDFYFDY	7d0c_GF_agC_m0
9psn_OP_agE_m0	AGSSGSSTPMDV	9psp_AB_agU_m0
9psn_QR_agT_m0	AGSSGSSTPMDV	9psp_AB_agU_m0
9pso_FG_agE_m0	ARDFGDFYFDY	7d0c_GF_agC_m0
9pso_HL_agE_m0	AGGSGFSTPLDV	9pso_HL_agE_m0
9psp_AB_agU_m0	AGSSGTSTPMDV	9psp_AB_agU_m0
9psp_HL_agT_m0	AGSSGTSTPMDV	9psp_AB_agU_m0
9psp_KW_agT_m0	ARDFGDFYFDY	7d0c_GF_agC_m0
9psp_MN_agU_m0	ARDFGDFYFDY	7d0c_GF_agC_m0
9ptm_IM_agA_m0	ARSYYGSLDY	9me4_IM_agA_m0
9puk_AB_agNA_m0	ARSQVGMDV	9puk_AB_agNA_m0
9puk_CD_agNA_m0	ARSQYYGMDV	9puk_CD_agNA_m0
9puo_AB_agC_m0	ARSQVPSSYYYGMDV	9puo_AB_agC_m0
9puo_DE_agF_m0	ARSQVPSSYYYGMDV	9puo_AB_agC_m0
9pv3_BC_agD_m0	ARIGEDYFLDV	8sx3_AB_agC_m0
9pv3_HL_agD_m0	ARAPPYYDFWSYYYSYGYYMDV	9pv3_HL_agD_m0
9pv4_AB_agC_m0	ARIGEDYFLDV	8sx3_AB_agC_m0
9pv4_HL_agC_m0	ARTGKYYDFWSEGPPYGEYFQD	7mfa_CD_agNA_m0
9pv5_AB_agC_m0	ARDLGRYNFWSQSYFGNRFDV	9pv5_AB_agC_m0
9pv5_HL_agC_m0	AREGPYYDFWAYYGSYYMDV	9pv5_HL_agC_m0
9pw4_CD_agA_m0	ARDLFEAGATDY	9pw4_CD_agA_m0
9pw4_EF_agA_m0	ARDRVLYGRGFSWYFDV	7upw_DE_agA_m0
9pwn_HL_agA_m0	AKTPSPKYGVSVFDL	9pwn_HL_agA_m0
9px5_HL_agA_m0	ARGGSYYGHLYPAAPDI	9px5_HL_agA_m0
9pxb_HL_agA_m0	TRYNDYDAFYFDY	7lkf_HL_agA_m0
9py6_HL_agA_m0	TRYNDYDAFYFDY	7lkf_HL_agA_m0
9py7_HL_agA_m0	TRYNDYDAFYFDY	7lkf_HL_agA_m0
9pyf_DA_agNA_m0	IRGANWN	9pyf_DA_agNA_m0
9pyf_HI_agNA_m0	IRGANWN	9pyf_DA_agNA_m0
9pym_BNA_agA_m0	AVWARYPSTYGRGLYYDYLY	9pym_BNA_agA_m0
9pz5_HL_agNA_m0	TRVQLDYGPYQYGYGMDV	9nkz_HL_agA_m0
9pz6_HL_agNA_m0	TRVQLDYGPYQYGYGMDV	9nkz_HL_agA_m0
9pzi_BA_agNA_m0	ARYWSWYNSSYIYHSALDY	7tdm_HL_agB_m0
9pzi_DC_agNA_m0	ARYWSWYNSSYIYHSALDY	7tdm_HL_agB_m0
9pzi_FE_agG_m0	ARYWSWYNSSYIYHSALDY	7tdm_HL_agB_m0
9pzs_FG_agA_m0	AREGIYYGYNAGFTY	9pzs_FG_agA_m0
9pzs_HI_agC_m0	AREGIYYGYNAGFTY	9pzs_FG_agA_m0
9pzs_JK_agB_m0	TRSRGTMTIREFTY	9pzs_JK_agB_m0
9pzt_FG_agA_m0	AREGIYYGYNAGFTY	9pzs_FG_agA_m0
9pzt_HI_agC_m0	AREGIYYGYNAGFTY	9pzs_FG_agA_m0
9pzt_JK_agB_m0	TRSRGTMTIREFTY	9pzs_JK_agB_m0
9pzt_LM_agD_m0	TRSRGTMTIREFTY	9pzs_JK_agB_m0
9pzu_FG_agA_m0	AREGIYYGYNAGFTY	9pzs_FG_agA_m0
9pzu_HI_agC_m0	AREGIYYGYNAGFTY	9pzs_FG_agA_m0
9pzv_HI_agA_m0	AREGIYYGYNAGFTY	9pzs_FG_agA_m0
9pzv_JK_agB_m0	TRSRGTMTIREFTY	9pzs_JK_agB_m0
9pzw_JK_agB_m0	TRSRGTMTIREFTY	9pzs_JK_agB_m0
9pzw_LM_agD_m0	TRSRGTMTIREFTY	9pzs_JK_agB_m0
9pzx_JK_agB_m0	TRSRGTMTIREFTY	9pzs_JK_agB_m0
9q0p_AB_agNA_m0	ARALEMGHGSRFPFDY	6bla_HL_ag_m0
9q1l_AB_agC_m0	ARADCSTTCSYTYHI	9q1l_AB_agC_m0
9q1l_DE_agF_m0	ARADCSTTCSYTYHI	9q1l_AB_agC_m0
9q6h_BNA_agA_m0	AAAEGLASGSYDSKLPPAYSWYDY	9q6h_BNA_agA_m0
9q6h_CNA_agA_m0	AAAPGVGNYTYRRQYDY	9q6h_CNA_agA_m0
9q6h_DNA_agA_m0	TADQYASTRLLAAGEY	9q6h_DNA_agA_m0
9q6h_ENA_agA_m0	AADATHSWSYGDYWRSRNYNY	9q6h_ENA_agA_m0
9q6n_BNA_agA_m0	AATSYLNPDSDDSRAYRSYGY	9q6n_BNA_agA_m0
9q6n_CNA_agA_m0	AATSGGYYSAYRYDYYY	9q6n_CNA_agA_m0
9q6n_DNA_agA_m0	VAGVSDYGCTRYSGIKY	9q6n_DNA_agA_m0
9q6n_ENA_agA_m0	AARRGEDPEYDY	9q6n_ENA_agA_m0
9q6y_BNA_agA_m0	AASLYLPVRTASTDLRYGGDRPQY	9q6y_BNA_agA_m0
9q6y_CNA_agA_m0	AAAYGAGYYEHVRQYDY	9q6y_CNA_agA_m0
9q6y_ENA_agA_m0	GAGVSDYGCTRYSGYNS	9q6y_ENA_agA_m0
9q6z_BNA_agA_m0	AASLYLPVRTASTDLRYGGDRPQY	9q6y_BNA_agA_m0
9q6z_CNA_agA_m0	AAAYGAGYYEHVRQYDY	9q6y_CNA_agA_m0
9q6z_DNA_agA_m0	AAETSGWGSVVKPNYDY	9q6z_DNA_agA_m0
9q6z_ENA_agA_m0	GAGVSDYGCTRYSGYNS	9q6y_ENA_agA_m0
9q8l_HL_agA_m0	AKEVYGDY	9q8l_HL_agA_m0
9q9n_dNA_agB_m0	NARWRGMNV	9q9n_dNA_agB_m0
9q9n_eNA_agC_m0	NARWRGMNV	9q9n_dNA_agB_m0
9q9n_fNA_agA_m0	NARWRGMNV	9q9n_dNA_agB_m0
9q9s_dNA_agA_m0	NARWRGMNV	9q9n_dNA_agB_m0
9q9s_eNA_agC_m0	NARWRGMNV	9q9n_dNA_agB_m0
9q9s_fNA_agB_m0	NARWRGMNV	9q9n_dNA_agB_m0
9qbj_CNA_agI_m0	HVLEDRVDSFHDY	6i2g_ANA_agB_m0
9qbj_DNA_agJ_m0	HVLEDRVDSFHDY	6i2g_ANA_agB_m0
9qbj_EF_agI_m0	ARRPLYDGGYDYPMDY	7r9d_HL_agNA_m0
9qbj_GH_agJ_m0	ARRPLYDGGYDYPMDY	7r9d_HL_agNA_m0
9qk2_DNA_agC _ B_m0	AADLRQRFGVRETEYDY	7b2q_DNA_agC _ B_m0
9qpy_DNA_agC _ B_m0	AADLRQRFGVRETEYDY	7b2q_DNA_agC _ B_m0
9qqn_DC_agA_m0	SRSGIYDGAYYYAMDY	7qu2_AB_agC_m0
9qrv_HL_agD_m0	ARDQGESSGWYIAYEGMDV	9qrv_HL_agD_m0
9qt3_BC_agA_m0	ARLRYDFWSGRGKSYYMDV	9qt3_BC_agA_m0
9qt3_DNA_agE_m0	AIDSDTFSYGSYDY	6ww2_KNA_agNA_m0
9qt3_FG_agE_m0	ARLRYDFWSGRGKSYYMDV	9qt3_BC_agA_m0
9qt3_HNA_agA_m0	AIDSDTFSYGSYDY	6ww2_KNA_agNA_m0
9qt3_JK_agI_m0	ARLRYDFWSGRGKSYYMDV	9qt3_BC_agA_m0
9qt3_LNA_agE_m0	AIDSDTFSYGSYDY	6ww2_KNA_agNA_m0
9qt3_NO_agM_m0	ARLRYDFWSGRGKSYYMDV	9qt3_BC_agA_m0
9qt3_PNA_agNA_m0	AIDSDTFSYGSYDY	6ww2_KNA_agNA_m0
9qtn_FNA_agA_m0	AADGDRFYPEDDVVPNAYKF	9qtn_FNA_agA_m0
9qtn_GNA_agB_m0	AADGDRFYPEDDVVPNAYKF	9qtn_FNA_agA_m0
9qtn_HNA_agC_m0	AADGDRFYPEDDVVPNAYKF	9qtn_FNA_agA_m0
9qtn_INA_agD_m0	AADGDRFYPEDDVVPNAYKF	9qtn_FNA_agA_m0
9qtn_JNA_agE_m0	AADGDRFYPEDDVVPNAYKF	9qtn_FNA_agA_m0
9qto_FNA_agA_m0	AADFLSTCSYGALRYEEV	9qto_FNA_agA_m0
9qto_GNA_agB_m0	AADFLSTCSYGALRYEEV	9qto_FNA_agA_m0
9qto_HNA_agC_m0	AADFLSTCSYGALRYEEV	9qto_FNA_agA_m0
9qto_INA_agD_m0	AADFLSTCSYGALRYEEV	9qto_FNA_agA_m0
9qto_JNA_agE_m0	AADFLSTCSYGALRYEEV	9qto_FNA_agA_m0
9qub_DC_agA_m0	ARCDGYYYRYAMDY	9qub_DC_agA_m0
9qub_FE_agB_m0	ARCDGYYYRYAMDY	9qub_DC_agA_m0
9quw_DC_agA_m0	ARCDGYYYRYAMDY	9qub_DC_agA_m0
9quw_FE_agB_m0	ARCDGYYYRYAMDY	9qub_DC_agA_m0
9qzq_HL_agNA_m0	ARGYQYWQYHANWYWSGGLDY	7php_HL_agNA_m0
9qzq_NNA_agA_m0	AAAYRPWGLIDFNGGFSGAY	9qzq_NNA_agA_m0
9r10_HL_agA_m0	ARWANTSSYGSWFRWNGLDY	9r10_HL_agA_m0
9r19_DNA_agA_m0	ARAKGFSTIYEDQNGRYDY	9r19_DNA_agA_m0
9r19_ENA_agB_m0	ARAKGFSTIYEDQNGRYDY	9r19_DNA_agA_m0
9r19_FNA_agC_m0	ARAKGFSTIYEDQNGRYDY	9r19_DNA_agA_m0
9r19_GNA_agA_m0	NTPSRRISNF	9r19_GNA_agA_m0
9r19_HNA_agB_m0	NTPSRRISNF	9r19_GNA_agA_m0
9r19_INA_agC_m0	NTPSRRISNF	9r19_GNA_agA_m0
9r1e_HL_agA_m0	ARWANTSSYGSWFRWNGLDY	9r10_HL_agA_m0
9r1f_HL_agA_m0	ARWANTSSYGSWFRWNGLDY	9r10_HL_agA_m0
9r1g_HL_agA_m0	ARWANTSSYGSWFRWNGLDY	9r10_HL_agA_m0
9r2e_AB_agQ_m0	AKVDSAYDFGS	9r2e_AB_agQ_m0
9r2e_HL_agP_m0	AKVDSAYDFGS	9r2e_AB_agQ_m0
9r6h_ANA_agNA_m0	NVNVGFEY	3k1k_CNA_agA_m0
9r6h_BNA_agNA_m0	NVNVGFEY	3k1k_CNA_agA_m0
9rit_ANA_agC_m0	NTEDEGSGTYYE	9rit_ANA_agC_m0
9rit_BNA_agD_m0	NTEDEGSGTYYE	9rit_ANA_agC_m0
9riu_ANA_agB_m0	AAAIGPGDNYIY	9riu_ANA_agB_m0
9riu_CNA_agD_m0	AAAIGPGDNYIY	9riu_ANA_agB_m0
9rl5_PNA_agC _ B_m0	AAKGRYSGGPYYLTNYDY	5o8f_KNA_agA_m0
9rm2_AB_agC_m0	ATLRSTSGHWDYFDY	9rm2_AB_agC_m0
9rm2_DE_agF_m0	ATLRSTSGHWDYFDY	9rm2_AB_agC_m0
9rm2_GJ_agK_m0	ATLRSTSGHWDYFDY	9rm2_AB_agC_m0
9rm2_HL_agP_m0	ATLRSTSGHWDYFDY	9rm2_AB_agC_m0
9rm2_MN_agO_m0	ATLRSTSGHWDYFDY	9rm2_AB_agC_m0
9rn6_BNA_agA_m0	HTYGDSPERGY	9rn6_BNA_agA_m0
9rn6_CNA_agA_m0	AARSPGGILYDY	9rn6_CNA_agA_m0
9rpb_PNA_agC _ B_m0	AAKGRYSGGPYYLTNYDY	5o8f_KNA_agA_m0
9rsj_HL_agNA_m0	ARGYQYWQYHANWYWSGGLDY	7php_HL_agNA_m0
9rsj_KNA_agNA_m0	AIDSDTFSYGSYDY	6ww2_KNA_agNA_m0
9rsj_NNA_agA_m0	KSDGLISYSAAQLSTY	7php_NNA_agA_m0
9rxi_ENA_agNA_m0	AARYVGEGPRSELDSYLLMTVDY	9rxi_ENA_agNA_m0
9rxi_HNA_agB_m0	AARYVGEGPRSELDSYLLMTVDY	9rxi_ENA_agNA_m0
9s35_BNA_agA_m0	NAHRRVVMEPGWLGYDY	9s35_BNA_agA_m0
9s36_BNA_agA_m0	AARSLSTVIAPIEPGWPYNS	9s36_BNA_agA_m0
9s37_ANA_agD_m0	ASRTRAGVTCWNLGAIFSY	8xfp_ENA_agA_m0
9s37_BNA_agD_m0	AASRLSCSAAFDKFDRNFVY	9s37_BNA_agD_m0
9s38_ANA_agD_m0	ASRTRAGVTCWNLGAIFSY	8xfp_ENA_agA_m0
9s38_BNA_agD_m0	AASRLSCSAAFDKFDRNFVY	9s37_BNA_agD_m0
9s8w_HL_agA_m0	ARGGAGYDYDEDYAMDY	9s8w_HL_agA_m0
9sat_HL_agR_m0	AREEPLYCSCSGGYEFQH	9sat_HL_agR_m0
9sbb_HL_agR_m0	AKGAAPYYYYYYGMDV	9sbb_HL_agR_m0
9sfx_BA_agC_m0	VRDYYDILTDYHIYYWYFDL	6wio_AB_agC_m0
9sfx_HL_agC_m0	ARDRGSLYY	9sfx_HL_agC_m0
9sg0_HL_agA_m0	ARDRGSLYY	9sfx_HL_agC_m0
9sg2_HL_agA_m0	ARYDYFTGTGVY	6nou_Aa_ag_m0
9sgh_AB_agI_m0	ASPPQYYEGRYISLWFAH	8ruu_BC_agX_m0
9sgh_HL_agJ_m0	ASPPQYYEGRYISLWFAH	8ruu_BC_agX_m0
9ssm_HK_agR_m0	AKDHPSWGSSFLN	9ssm_HK_agR_m0
9t3r_HL_agA_m0	ARDFSSQVTAAAVDY	9t3r_HL_agA_m0
9t3s_HL_agA_m0	ARDFSSQVTAAAVDY	9t3r_HL_agA_m0
9t5z_HL_agB_m0	ARERDYAFDF	9t5z_HL_agB_m0
9t9m_HL_agNA_m0	ARRGLYYAMDY	9t9m_HL_agNA_m0
9t9m_KNA_agNA_m0	AIDSDTFSYGSYDY	6ww2_KNA_agNA_m0
9tgn_BA_agM_m0	VRGYVNYYYVMDY	9tgn_BA_agM_m0
9tgn_DC_agP_m0	VRGYVNYYYVMDY	9tgn_BA_agM_m0
9tgn_FE_agN_m0	VRGYVNYYYVMDY	9tgn_BA_agM_m0
9tgn_HG_agM_m0	VRGYVNYYYVMDY	9tgn_BA_agM_m0
9tgn_JI_agO_m0	VRGYVNYYYVMDY	9tgn_BA_agM_m0
9tgn_LK_agO_m0	VRGYVNYYYVMDY	9tgn_BA_agM_m0
9tgo_AB_agP_m0	VRQAYSNYGAMDY	9tgo_AB_agP_m0
9tgo_CE_agP_m0	VRQAYSNYGAMDY	9tgo_AB_agP_m0
9tgo_DF_agO_m0	VRQAYSNYGAMDY	9tgo_AB_agP_m0
9tgo_IJ_agT_m0	VRQAYSNYGAMDY	9tgo_AB_agP_m0
9tgo_KM_agT_m0	VRQAYSNYGAMDY	9tgo_AB_agP_m0
9tgo_LN_agS_m0	VRQAYSNYGAMDY	9tgo_AB_agP_m0
9tgw_AB_agP_m0	VRQAYSNYGAMDY	9tgo_AB_agP_m0
9tgw_CE_agP_m0	VRQAYSNYGAMDY	9tgo_AB_agP_m0
9tgw_DF_agO_m0	VRQAYSNYGAMDY	9tgo_AB_agP_m0
9th6_BNA_agA_m0	AATRRSLTTATTDADA	9h01_BNA_agA_m0
9tmp_HL_agA_m0	ARWGYWPGEWWPKAFDY	6cbv_HL_agB_m0
9u4w_Ss_agA _ B_m0	VRSIYYYSGSPFDF	6crk_Hh_agA _ B _ G_m0
9u4y_Ss_agA _ B_m0	VRSIYYYSGSPFDF	6crk_Hh_agA _ B _ G_m0
9u5p_BC_agA _ R_m0	ARVGKGGYDFSGSWGYMDV	6kyz_BC_agA_m0
9u5p_PQ_agO_m0	ARVGKGGYDFSGSWGYMDV	6kyz_BC_agA_m0
9u5q_BC_agA _ R_m0	ARVGKGGYDFSGSWGYMDV	6kyz_BC_agA_m0
9u5r_PQ_agO_m0	ARVGKGGYDFSGSWGYMDV	6kyz_BC_agA_m0
9u8g_ENA_agB_m0	ATPQMWVRQDRDDR	9u8g_ENA_agB_m0
9u8g_FNA_agD_m0	ATPQMWVRQDRDDR	9u8g_ENA_agB_m0
9u9b_HL_agB _ A_m0	AAWSGNSGGMDV	9jt1_HL_agB_m0
9u9v_NNA_agA _ B_m0	ARCPAPFTRDCSTVDFTTYAY	6oya_NNA_agA _ B_m0
9ua5_GK_agC_m0	ARQGGDGYNVLFDY	9ua5_GK_agC_m0
9ua5_HD_agC_m0	ARRLRRNYYSMDY	9ua5_HD_agC_m0
9ua9_GE_agC_m0	ARAPRGYSYSGFVYHRFDV	8xn9_GE_agC_m0
9ua9_HD_agA_m0	ARAPRGYSYSGFVYHRFDV	8xn9_GE_agC_m0
9ua9_IF_agB_m0	ARAPRGYSYSGFVYHRFDV	8xn9_GE_agC_m0
9uaa_GF_agB_m0	VRVVQYLEWFVVEILDNWFDV	8xnh_GF_agB_m0
9uaa_HE_agA_m0	VRVVQYLEWFVVEILDNWFDV	8xnh_GF_agB_m0
9uaa_ID_agC_m0	VRVVQYLEWFVVEILDNWFDV	8xnh_GF_agB_m0
9uam_Ee_agB _ C_m0	VRSIYYYSGSPFDF	6crk_Hh_agA _ B _ G_m0
9uan_Ee_agB _ C_m0	VRSIYYYSGSPFDF	6crk_Hh_agA _ B _ G_m0
9uaq_DNA_agG _ A_m0	NVNVGFEY	3k1k_CNA_agA_m0
9uaq_ENA_agH _ B_m0	NVNVGFEY	3k1k_CNA_agA_m0
9uaq_FNA_agI _ C_m0	NVNVGFEY	3k1k_CNA_agA_m0
9ub6_BNA_agA_m0	NVRWTDY	9ub6_BNA_agA_m0
9ubq_CD_agA_m0	ARHLYRYGRYNYFDY	9ubq_CD_agA_m0
9ubq_EF_agB_m0	ARHLYRYGRYNYFDY	9ubq_CD_agA_m0
9ubr_GNA_agM _ A_m0	AAGSAFSLPSGRFPY	9ubr_GNA_agM _ A_m0
9ubr_HNA_agN _ B_m0	AAGSAFSLPSGRFPY	9ubr_GNA_agM _ A_m0
9ubr_INA_agO _ C_m0	AAGSAFSLPSGRFPY	9ubr_GNA_agM _ A_m0
9ubr_JNA_agP _ D_m0	AAGSAFSLPSGRFPY	9ubr_GNA_agM _ A_m0
9ubr_KNA_agQ _ E_m0	AAGSAFSLPSGRFPY	9ubr_GNA_agM _ A_m0
9ubr_LNA_agR _ F_m0	AAGSAFSLPSGRFPY	9ubr_GNA_agM _ A_m0
9ucl_DNA_agG _ A_m0	AASWHWNPPSHDWDAGY	9ucl_DNA_agG _ A_m0
9ucl_ENA_agH _ B_m0	AASWHWNPPSHDWDAGY	9ucl_DNA_agG _ A_m0
9ucl_FNA_agI _ C_m0	AASWHWNPPSHDWDAGY	9ucl_DNA_agG _ A_m0
9ucp_CNA_agA_m0	AVRRVYVYRQVYYHYY	9ucp_CNA_agA_m0
9uev_BNA_agA_m0	NVRWTDY	9ub6_BNA_agA_m0
9uev_CNA_agA_m0	NSGGIATMMLKDQYEY	9uev_CNA_agA_m0
9ugo_BA_agC_m0	VRGGAVAGAGEGASGIFDY	9ugo_BA_agC_m0
9ugo_FD_agE_m0	VRGGAVAGAGEGASGIFDY	9ugo_BA_agC_m0
9uk5_HL_agA_m0	TRQTTMIAWFAY	9uk5_HL_agA_m0
9ulp_CNA_agA_m0	NVRGHPPLTYDY	9ulp_CNA_agA_m0
9ulp_DNA_agB_m0	NVRGHPPLTYDY	9ulp_CNA_agA_m0
9umj_Hh_agA _ B_m0	VRSIYYYSGSPFDF	6crk_Hh_agA _ B _ G_m0
9umr_Hh_agB _ C_m0	VRSIYYYSGSPFDF	6crk_Hh_agA _ B _ G_m0
9umx_Hh_agB _ C_m0	VRSIYYYSGSPFDF	6crk_Hh_agA _ B _ G_m0
9uok_ANA_agC_m0	ASRTRAGVTCWNLGAIFSY	8xfp_ENA_agA_m0
9up7_AB_agNA_m0	ARASGLD	9up7_AB_agNA_m0
9up7_HL_agNA_m0	ARASGLD	9up7_AB_agNA_m0
9uv4_IM_agA_m0	TRGGYRYDSDY	8yy6_DF_agA_m0
9uv4_JN_agB_m0	TRGGYRYDSDY	8yy6_DF_agA_m0
9uv4_KO_agC_m0	TRGGYRYDSDY	8yy6_DF_agA_m0
9uvi_BA_agC_m0	ARWFGDYGAMNY	9uvi_BA_agC_m0
9uxd_DE_agA_m0	VREATTFGVIEPMIWYFDL	9uxd_DE_agA_m0
9uxd_HL_agB_m0	VREATTFGVIEPMIWYFDL	9uxd_DE_agA_m0
9uxd_JK_agC_m0	VREATTFGVIEPMIWYFDL	9uxd_DE_agA_m0
9uxe_DE_agA_m0	VREATTFGVIEPMIWYFDL	9uxd_DE_agA_m0
9uxe_HL_agB_m0	VREATTFGVIEPMIWYFDL	9uxd_DE_agA_m0
9uxe_JK_agC_m0	VREATTFGVIEPMIWYFDL	9uxd_DE_agA_m0
9uy9_HL_agC_m0	TRGGYRYDSDY	8yy6_DF_agA_m0
9uy9_IM_agB_m0	TRGGYRYDSDY	8yy6_DF_agA_m0
9uy9_JN_agA_m0	TRGGYRYDSDY	8yy6_DF_agA_m0
9uyh_BNA_agA_m0	NTFVRSLS	6ni2_ANA_agB _ V_m0
9uyh_Cc_agA _ R_m0	ARSRQFWYSGLDY	4jqi_HL_agA _ V_m0
9uyi_BNA_agA _ R_m0	NTFVRSLS	6ni2_ANA_agB _ V_m0
9uyi_Cc_agA_m0	ARSRQFWYSGLDY	4jqi_HL_agA _ V_m0
9uyj_BNA_agA_m0	NTFVRSLS	6ni2_ANA_agB _ V_m0
9uyj_Cc_agA _ R_m0	ARSRQFWYSGLDY	4jqi_HL_agA _ V_m0
9uyl_BNA_agA_m0	NTFVRSLS	6ni2_ANA_agB _ V_m0
9uyl_Cc_agA _ R_m0	ARSRQFWYSGLDY	4jqi_HL_agA _ V_m0
9uym_BNA_agA _ R_m0	NTFVRSLS	6ni2_ANA_agB _ V_m0
9uyn_BNA_agA _ R_m0	NTFVRSLS	6ni2_ANA_agB _ V_m0
9uyn_Cc_agA_m0	ARSRQFWYSGLDY	4jqi_HL_agA _ V_m0
9uza_CD_agB_m0	VRDVNYLDY	9uza_CD_agB_m0
9uza_HL_agA_m0	VRDVNYLDY	9uza_CD_agB_m0
9uzb_HL_agA_m0	ATGYGGTWFAY	9uzb_HL_agA_m0
9uzc_HL_agA_m0	ATGYGGTWFAY	9uzb_HL_agA_m0
9uzd_HL_agA_m0	ATGYGGTWFAY	9uzb_HL_agA_m0
9uze_HL_agA_m0	ATGYGGTWFAY	9uzb_HL_agA_m0
9uzf_HL_agA_m0	ATGYGGTWFAY	9uzb_HL_agA_m0
9uzg_HL_agA_m0	ATGYGGTWFAY	9uzb_HL_agA_m0
9uzh_HL_agA_m0	ATGYGGTWFAY	9uzb_HL_agA_m0
9uzi_HL_agA_m0	ATGYGGTWFAY	9uzb_HL_agA_m0
9v0n_CB_agA_m0	VRESYFGSGLSGNWFDP	9v0n_CB_agA_m0
9v0n_HF_agD_m0	VRESYFGSGLSGNWFDP	9v0n_CB_agA_m0
9v0n_IG_agE_m0	VRESYFGSGLSGNWFDP	9v0n_CB_agA_m0
9v0p_DF_agB_m0	VAYDRVTTSTGAGATDI	9v0p_DF_agB_m0
9v0p_EG_agC_m0	VAYDRVTTSTGAGATDI	9v0p_DF_agB_m0
9v0p_HL_agA_m0	VAYDRVTTSTGAGATDI	9v0p_DF_agB_m0
9v0q_AC_agB_m0	ARGGEGSFSWLYGLQYMDV	9v0q_AC_agB_m0
9v0q_DH_agF_m0	ARGGEGSFSWLYGLQYMDV	9v0q_AC_agB_m0
9v0q_EI_agG_m0	ARGGEGSFSWLYGLQYMDV	9v0q_AC_agB_m0
9v0s_DE_agB_m0	VRGLSGVMVGTWFDS	9v0s_DE_agB_m0
9v0s_FH_agA_m0	VRGLSGVMVGTWFDS	9v0s_DE_agB_m0
9v0s_GI_agC_m0	VRGLSGVMVGTWFDS	9v0s_DE_agB_m0
9v0x_Ee_agA _ B_m0	VRSIYYYSGSPFDF	6crk_Hh_agA _ B _ G_m0
9v1h_Ee_agA _ G _ B_m0	VRSIYYYSGSPFDF	6crk_Hh_agA _ B _ G_m0
9v2o_AC_agB_m0	ARGGEGSFSWLYGLQYMDV	9v0q_AC_agB_m0
9v2o_DE_agB_m0	VRGLSGVMVGTWFDS	9v0s_DE_agB_m0
9v2q_AC_agB_m0	ARGGEGSFSWLYGLQYMDV	9v0q_AC_agB_m0
9v2q_DE_agB_m0	VRGLSGVMVGTWFDS	9v0s_DE_agB_m0
9v2q_FH_agG_m0	ARGGEGSFSWLYGLQYMDV	9v0q_AC_agB_m0
9v2q_IJ_agG_m0	VRGLSGVMVGTWFDS	9v0s_DE_agB_m0
9v2r_AC_agB_m0	ARGGEGSFSWLYGLQYMDV	9v0q_AC_agB_m0
9v2r_DE_agB_m0	VRGLSGVMVGTWFDS	9v0s_DE_agB_m0
9v2r_FJ_agH_m0	ARGGEGSFSWLYGLQYMDV	9v0q_AC_agB_m0
9v2r_GK_agI_m0	ARGGEGSFSWLYGLQYMDV	9v0q_AC_agB_m0
9v2r_LN_agH_m0	VRGLSGVMVGTWFDS	9v0s_DE_agB_m0
9v2r_MO_agI_m0	VRGLSGVMVGTWFDS	9v0s_DE_agB_m0
9v6o_Ss_agA _ B_m0	VRSIYYYSGSPFDF	6crk_Hh_agA _ B _ G_m0
9v6r_ED_agA_m0	HDFGDLYWYFDLW	9v6r_ED_agA_m0
9v6r_GF_agC_m0	HDFGDLYWYFDLW	9v6r_ED_agA_m0
9v6r_KJ_agI_m0	HDFGDLYWYFDLW	9v6r_ED_agA_m0
9v6r_ON_agM_m0	HDFGDLYWYFDLW	9v6r_ED_agA_m0
9v6r_SR_agQ_m0	HDFGDLYWYFDLW	9v6r_ED_agA_m0
9v6r_XW_agV_m0	HDFGDLYWYFDLW	9v6r_ED_agA_m0
9vca_HL_agE_m0	ARSHYLSWDFDV	9vca_HL_agE_m0
9vdy_CD_agA_m0	AREDYYGSRAMDY	8xk6_HL_agA_m0
9vdy_HL_agB_m0	AREDYYGSRAMDY	8xk6_HL_agA_m0
9vdz_AB_agC_m0	AREDYYGSRAMDY	8xk6_HL_agA_m0
9vdz_HL_agD_m0	AREDYYGSRAMDY	8xk6_HL_agA_m0
9ve0_HL_agA_m0	AREDYYGSRAMDY	8xk6_HL_agA_m0
9vft_FE_agC _ B _ A_m0	ARGGPYDYDFSGYTMDY	9vft_FE_agC _ B _ A_m0
9vfu_EF_agA _ B _ C_m0	TRYGNYAY	9vfu_EF_agA _ B _ C_m0
9vg1_ED_agB _ C _ A_m0	ARGGPYDYDFSGYTMDY	9vft_FE_agC _ B _ A_m0
9vhz_AB_agQ_m0	ARSDYTNYVFEY	9vhz_AB_agQ_m0
9vi9_Ss_agB _ C_m0	VRSIYYYSGSPFDF	6crk_Hh_agA _ B _ G_m0
9vif_Ss_agB _ C_m0	VRSIYYYSGSPFDF	6crk_Hh_agA _ B _ G_m0
9vje_Ee_agB _ C_m0	VRSIYYYSGSPFDF	6crk_Hh_agA _ B _ G_m0
9vjf_Ee_agB _ C_m0	VRSIYYYSGSPFDF	6crk_Hh_agA _ B _ G_m0
9vjj_HL_agB_m0	ARGTGIYDYYYWVMDL	9vjj_HL_agB_m0
9vjj_IM_agA_m0	ARGTGIYDYYYWVMDL	9vjj_HL_agB_m0
9vmn_Ss_agA _ B_m0	VRSIYYYSGSPFDF	6crk_Hh_agA _ B _ G_m0
9vmo_Ss_agA _ B_m0	VRSIYYYSGSPFDF	6crk_Hh_agA _ B _ G_m0
9vnp_CA_agL_m0	GRDSSVYITGLQH	9vnp_CA_agL_m0
9vo2_Ss_agA _ B_m0	VRSIYYYSGSPFDF	6crk_Hh_agA _ B _ G_m0
9vor_CNA_agB_m0	NYKDYNAPSDGY	9vor_CNA_agB_m0
9vor_ENA_agA_m0	NYKDYNAPSDGY	9vor_CNA_agB_m0
9vp0_HL_agA_m0	TRQTTMIAWFAY	9uk5_HL_agA_m0
9vq6_ANA_agNA_m0	ANRMGDY	9vq6_ANA_agNA_m0
9vq6_BNA_agNA_m0	ANRAGWGMGDY	4o9h_HL_agA_m0
9vq6_CNA_agNA_m0	ANRAGWGMGDY	4o9h_HL_agA_m0
9vq6_HNA_agNA_m0	ANRA	9vq6_HNA_agNA_m0
9vx2_AB_agNA_m0	ARDGAYAMDH	9vx2_AB_agNA_m0
9vx2_CD_agNA_m0	ARDGAYAMDH	9vx2_AB_agNA_m0
9vx3_AB_agC_m0	ARDGAYAMDH	9vx2_AB_agNA_m0
9vx3_DE_agF_m0	ARDGAYAMDH	9vx2_AB_agNA_m0
9vz8_HL_agE _ D _ C_m0	ARFYGTNYYAMDY	9vz8_HL_agE _ D _ C_m0
9w14_CB_agG_m0	ARGGNWDWYFDV	7wb5_HL_agR_m0
9w6w_Ee_agA _ B_m0	VRSIYYYSGSPFDF	6crk_Hh_agA _ B _ G_m0
9wai_EF_agD _ B_m0	VRDRGYDYDYYSVNVMDY	9wai_EF_agD _ B_m0
9wb3_BC_agA _ R_m0	ARVGKGGYDFSGSWGYMDV	6kyz_BC_agA_m0
9wb4_BC_agA _ R_m0	ARVGKGGYDFSGSWGYMDV	6kyz_BC_agA_m0
9wey_NNA_agA _ B_m0	ARCPAPFTRDCSTVDFTTYAY	6oya_NNA_agA _ B_m0
9wp9_Cc_agA_m0	VRSIYYYSGSPFDF	6crk_Hh_agA _ B _ G_m0
9wp9_NNA_agA _ B_m0	ARCPAPFTRDCSTVDFTTYAY	6oya_NNA_agA _ B_m0
9wpm_NNA_agB_m0	ARCPAPFTRDCSTVDFTTYAY	6oya_NNA_agA _ B_m0
9wpm_Ss_agC_m0	VRSIYYYSGSPFDF	6crk_Hh_agA _ B _ G_m0
9wrn_HL_agNA_m0	VRQAYSNYGAMDY	9tgo_AB_agP_m0
9wrn_IM_agNA_m0	VRQAYSNYGAMDY	9tgo_AB_agP_m0
9wrn_JN_agNA_m0	VRQAYSNYGAMDY	9tgo_AB_agP_m0
9wrn_KO_agNA_m0	VRQAYSNYGAMDY	9tgo_AB_agP_m0
9ws0_AB_agN_m0	VRQAYSNYGAMDY	9tgo_AB_agP_m0
9ws0_HL_agN_m0	VRQAYSNYGAMDY	9tgo_AB_agP_m0
9wsv_HL_agC _ R_m0	ARSRQFWYSGLDY	4jqi_HL_agA _ V_m0
9wsx_HL_agC _ R_m0	ARSRQFWYSGLDY	4jqi_HL_agA _ V_m0
9wu2_AB_agF_m0	VRQAYSNYGAMDY	9tgo_AB_agP_m0
9wu2_CD_agE_m0	VRQAYSNYGAMDY	9tgo_AB_agP_m0
9wu2_GH_agL_m0	VRQAYSNYGAMDY	9tgo_AB_agP_m0
9wu2_IJ_agK_m0	VRQAYSNYGAMDY	9tgo_AB_agP_m0
9wu2_MN_agR_m0	VRQAYSNYGAMDY	9tgo_AB_agP_m0
9wu2_OP_agQ_m0	VRQAYSNYGAMDY	9tgo_AB_agP_m0
9wwh_AB_agC_m0	ARQKFMQLWGRLGGYPFGY	9wwh_AB_agC_m0
9wwh_HL_agD_m0	ARQKFMQLWGRLGGYPFGY	9wwh_AB_agC_m0
9wxm_Dd_agA _ B_m0	VRSIYYYSGSPFDF	6crk_Hh_agA _ B _ G_m0
9x05_BE_agA_m0	AKDSYTTSYWGGMDV	9x05_BE_agA_m0
9x05_DC_agA_m0	ARQKFMQLWGRLGGYPFGY	9wwh_AB_agC_m0
9x0j_EB_agA_m0	ARPLYYYLSTPPTLF	9x0j_EB_agA_m0
9x0j_FC_agA_m0	ARQKFMQLWGRLGGYPFGY	9wwh_AB_agC_m0
9x1h_HL_agA_m0	ARGRSKNNYSDFHL	9x1h_HL_agA_m0
9x1h_IM_agB_m0	ARGRSKNNYSDFHL	9x1h_HL_agA_m0
9xgo_HL_agN_m0	ARDIARGIEGYYFDY	9xgo_HL_agN_m0
9xou_DNA_agG _ A_m0	AAAARPSYSGDAETYGYLRYDY	5gxb_BNA_agA_m0
9xou_ENA_agH _ B_m0	AAAARPSYSGDAETYGYLRYDY	5gxb_BNA_agA_m0
9xou_FNA_agI _ C_m0	AAAARPSYSGDAETYGYLRYDY	5gxb_BNA_agA_m0
9xqb_AB_agC_m0	SRRGAYYRYFYGDYTMDF	9xqb_AB_agC_m0
9xqc_Ee_agA _ C_m0	VRSIYYYSGSPFDF	6crk_Hh_agA _ B _ G_m0
9xqn_CB_agA_m0	ARWGYWPGEWWPKAFDY	6cbv_HL_agB_m0
9xsx_BC_agA_m0	ARANFEGGYGWDPYFDS	9l8z_CB_agA_m0
9xth_BC_agA_m0	ARTSLTAFDTYHSYHGMDV	9jno_DB_agA_m0
9y0a_AB_agC_m0	ARHGANWEVVGGWFDP	9y0a_AB_agC_m0
9y0d_AB_agNA_m0	ARHGANWEVVGGWFDP	9y0a_AB_agC_m0
9y0e_AB_agC_m0	ARHGANWEVVGGWFDP	9y0a_AB_agC_m0
9yc3_ANA_agB_m0	AALSQKQMTTVVACMAQPIANY	9yc3_ANA_agB_m0
9yc5_HL_agA_m0	SPIYSGDYGFAD	9yc5_HL_agA_m0
9yda_Hh_agA _ B_m0	VRSIYYYSGSPFDF	6crk_Hh_agA _ B _ G_m0
9ydp_NNA_agA _ G _ B_m0	ARCPAPFTRDCSTVDFTTYAY	6oya_NNA_agA _ B_m0
9ydu_Ee_agB _ C_m0	VRSIYYYSGSPFDF	6crk_Hh_agA _ B _ G_m0
9yio_DC_agB_m0	ARSYYYGSSDAMDN	9yio_DC_agB_m0
9yka_DE_agA_m0	ARDRVLGAHGANHHGNLPYGMDV	9yka_DE_agA_m0
9yka_FG_agB_m0	ARDRVLGAHGANHHGNLPYGMDV	9yka_DE_agA_m0
9yka_HI_agC_m0	ARDRVLGAHGANHHGNLPYGMDV	9yka_DE_agA_m0
9ynr_DE_agB _ C_m0	AREEQQLVHYYYDYGMDV	7wpv_HL_agNA_m0
9ynx_DE_agB_m0	AREEQQLVHYYYDYGMDV	7wpv_HL_agNA_m0
9ynx_FG_agA_m0	AREEQQLVHYYYDYGMDV	7wpv_HL_agNA_m0
9yok_DE_agB _ C_m0	AREEQQLVHYYYDYGMDV	7wpv_HL_agNA_m0
9ypb_DE_agA_m0	AREEQQLVHYYYDYGMDV	7wpv_HL_agNA_m0
9ypb_FG_agB_m0	AREEQQLVHYYYDYGMDV	7wpv_HL_agNA_m0
9ypr_DE_agB_m0	AREEQQLVHYYYDYGMDV	7wpv_HL_agNA_m0
9ypr_GF_agA_m0	AREEQQLVHYYYDYGMDV	7wpv_HL_agNA_m0
9yq2_BNA_agA_m0	AARRYGGTDTTTYGSYDY	7sp6_BNA_agA_m0
9yq2_CNA_agA_m0	ALRTARDSYYPNRTYTGYDY	7sp6_CNA_agA_m0
9yq4_BNA_agA_m0	AARRYGGTDTTTYGSYDY	7sp6_BNA_agA_m0
9yq4_CNA_agA_m0	ALRTARDSYYPNRTYTGYDY	7sp6_CNA_agA_m0
9yq5_BNA_agA_m0	AARRYGGTDTTTYGSYDY	7sp6_BNA_agA_m0
9yq5_CNA_agA_m0	ALRTARDSYYPNRTYTGYDY	7sp6_CNA_agA_m0
9ytd_DNA_agB_m0	YGLSYSNDDY	7sqp_BNA_agA_m0
9ytd_HL_agA _ C_m0	ARYDGVVLYP	9ytd_HL_agA _ C_m0
9ytf_DNA_agB_m0	YGLSYSNDDY	7sqp_BNA_agA_m0
9ytf_FG_agA _ C_m0	ARSPTATAAALKI	9ytf_FG_agA _ C_m0
9yxd_DC_agA _ B_m0	ARRYGNSFDY	1qfw_HL_agA_m0
9yxd_KNA_agNA_m0	AIDSDTFSYGSYDY	6ww2_KNA_agNA_m0
9yy0_HL_agNA_m0	ARGREWPSNFDY	9yy0_HL_agNA_m0
9z3b_BA_agI_m0	ARRDYSSGGFDY	9z3b_BA_agI_m0
9z3b_DC_agJ_m0	ARRDYSSGGFDY	9z3b_BA_agI_m0
9z3b_FE_agK_m0	ARRDYSSGGFDY	9z3b_BA_agI_m0
9z3b_HG_agL_m0	ARRDYSSGGFDY	9z3b_BA_agI_m0
9z3q_BA_agE_m0	ARVQGSGYSNNFDY	9z3q_BA_agE_m0
9z3q_DC_agE_m0	AISEGGYTDYSGSYI	9z3q_DC_agE_m0
9z5q_ANA_agB_m0	AVIITRFVPYSRQHTY	9z5q_ANA_agB_m0
9zen_KNA_agH _ G_m0	HVQEYGRVWSDH	9zen_KNA_agH _ G_m0
9zen_LNA_agD _ C_m0	HVQEYGRVWSDH	9zen_KNA_agH _ G_m0
9zeo_KNA_agH _ G_m0	AVRSRGSDYIQGDSYGY	9zeo_KNA_agH _ G_m0
9zt7_AB_agC_m0	ARPRGGSQYTCFDY	9zt7_AB_agC_m0
9zwe_CD_agA_m0	ARDVWLLPASITYAFDF	8kfa_DF_agB_m0
9zwe_EF_agA_m0	ARIYYGYPRYAMDY	8rgz_DE_agA_m0
9zwe_HI_agB_m0	ARDVWLLPASITYAFDF	8kfa_DF_agB_m0
9zwe_JK_agB_m0	ARIYYGYPRYAMDY	8rgz_DE_agA_m0
9zwe_LM_agG_m0	ARDVWLLPASITYAFDF	8kfa_DF_agB_m0
9zwe_NO_agG_m0	ARIYYGYPRYAMDY	8rgz_DE_agA_m0
9zz6_KNA_agH _ C _ E _ B_m0	YILIRAKVY	9zz6_KNA_agH _ C _ E _ B_m0
9zz6_LNA_agA_m0	NARSREY	9zz6_LNA_agA_m0
